user_name,star,comment_time,vote,short
岛上的夏奈,5,2012-03-05 14:35:17,115,其实这个时候的ADELE比现在更好。
做人呆呆,2,2011-03-11 06:03:12,40,blues不是未经世事的十多岁小女孩唱点小情小爱就能够表达出来的，何况blues只是幌子本质唱得还是流行。内容幼稚，声音却一味地装成熟，这只会让人觉得奇怪，不如老老实实唱点符合她年纪的东西
PabloHoney,3,2008-05-30 16:17:14,32,比AmyWinehouse差了点桀骜劲
丶,4,2011-12-09 12:41:31,32,这张19不失为一张制作精良，别具型格的亮相之作，尤其是几首小品之作，为整张唱片奠定了无糖可乐一般的基调：色泽深沉，口感清爽。这般女声，不唱歌真是暴敛天物。
齊克斯尼力佐飛,4,2011-04-12 23:22:51,14,现场版似乎更棒。
颜良辰,5,2009-10-18 19:30:23,2,这也是很棒啊~开场第一首就把我抓住。
Bill,4,2009-03-30 14:27:44,0,胖胖的很强悍
JulyChan,5,2008-04-11 10:36:16,2,好听是王道。像一杯午后研磨起泡沫的咖啡。
UrthónaD'Mors,4,2009-06-09 11:43:33,0,jazz的味道还不是那么浓
Song³,5,2009-02-19 13:02:05,1,Adele之于“格莱美”和达菲之于“全英音乐奖”，两个人的获奖都是情理之中，“格莱美”看中音乐品质，“全英音乐奖”看中销量和流行度，达菲的专辑《Rockferry》是2008年的销量冠军，“全英音乐奖”的评委们对于专辑销量向来格外看重，因此她对Adele的胜名正言顺。个人喜好：
吴嘎嘎,5,2009-03-01 21:53:14,0,MySameRightAsRain
L I M O,5,2008-04-26 20:05:18,0,洗腳。
光年‖影视歌三栖民工,5,2010-03-07 21:07:40,1,HometownGlory很出名
Mignon松弛地,3,2008-02-03 20:12:02,0,不是我的菜……
锐利修蕊,5,2014-10-19 14:58:20,1,HometownGlory最喜欢这首。
icier,3,2013-01-16 12:06:24,0,有几首还不错。
倉鼠,5,2011-06-05 09:09:26,1,慢热极其耐听
zard砸得王大崩,5,2008-02-26 22:47:44,1,ever19。19岁就能到这感觉，太牛了。所以加一星。
人淡如菊。无奈,4,2008-02-08 12:47:50,1,19岁成熟的声音daydreamer
virgin,5,2013-09-29 01:05:57,0,120925已收星外星版CD--有个平常听的就行吧:)。。但其实能听出来Adele在这张里比在21里更多的渴望和简单化的创作动机赞!:)。。
凹凸代餐,4,2012-01-08 23:39:15,0,http://u.115.com/file/t9c8e1a41c
夏日扬帆,5,2009-12-03 10:01:44,0,和DUFFY相似的女伶
十六。,5,2012-04-28 21:49:25,0,声音超嗲。
易召,5,2011-07-17 21:18:44,1,小妮子也太大气早早早早早成了吧
banana*🌈,5,2008-05-10 11:50:16,1,恍恍忽忽就听完了..<tired>大贊~
尉迟,4,2008-07-03 10:04:27,1,想起FIEST，声音非常有力量
DeerColin,4,2013-05-17 08:11:36,0,"Adele声音的撕裂感真是令这些描写情爱的歌更触动人，心都碎了。""CP""必然是最值得力荐的一首，鲜明的层次，情感的爆发，这首歌将逐爱的艰难道路展现得血淋淋啊。""Tired""的编曲值得注意一下，层次感很好。""HG""是专辑里的最佳词作"
eveilebi,2,2012-02-16 14:15:58,1,我想不明白她红的原因。
P_Unicorn,5,2009-02-11 13:30:48,0,声音好骚啊!
影志,4,2011-08-03 12:04:13,3,ShouldIgiveup.OrshouldIjustkeepchasingpavements.Evenifitleadsnowhere...
小M,3,2008-04-04 17:13:52,0,谁相信她19啊
KILLsailplane,5,2008-04-06 02:25:39,0,shouldigiveup?http://www.myspace.com/adelelondon
凉,3,2009-11-06 23:56:21,0,JAZZ不是我的菜。19岁的苍老声音。
Dublin苍穹下,5,2009-01-16 14:05:14,0,纯粹是因为专辑名为19才这么强烈想听GREY第四季收录了HometownGlory
莊小壞,3,2012-08-06 00:41:02,0,3.5－－－只能說不太是我好的那口。
神秘金针菇,5,2011-05-22 09:25:04,1,与年龄不相称的成熟，往往引人注目。
mee,4,2008-03-01 22:35:06,0,呃，应该得四颗星的。但是按照我的欣赏习惯只有三星半。。。囧
iriselite,NaN,2012-02-13 22:23:10,0,19，21，以此类推，下一张叫23
Miss Lucky,NaN,2008-09-12 14:31:32,0,mysame很有amywinehouse风格
tavico,4,2015-10-25 11:53:36,1,7.3/10Adele有一把适合唱Jazz的vocal，却无奈缺少Jazz的灵动和韵律，所以在21里干脆就唱适合自己的室内乐就好。
不擅长,4,2010-08-11 09:38:38,0,http://www.xiami.com/album/168849
essence.c,4,2014-07-14 03:13:13,0,【ChasingPavements】
蹦床,5,2009-03-01 02:14:07,0,hao
Wander-Lust,4,2011-05-12 19:37:01,0,更喜欢21。这张专辑勉强给个四星吧。不是我喜欢的类型。
薇羅尼卡,4,2008-03-13 14:46:49,0,有力的女声
胸毛,5,2012-02-29 00:11:57,0,竟然没标注过…
j u n,5,2008-09-15 13:30:03,0,喜欢daydreams
安东妮,4,2008-05-31 13:28:38,0,灵的
妄想代理7,5,2009-10-04 23:26:09,0,潜力妞
骨朵,4,2010-11-11 21:49:52,0,在奔二的年纪听。
mon babe,4,2011-09-22 14:59:58,0,原来chasingpavement那首歌我早就听过，也许是王迪那里的，记不清了。上午在bonesseason6最后一集里听到makeyoufeelmylove，十分伤感。可能是煽情的表演加上adele的演绎，使得这一天都仿佛阴雨霏霏。我是那么那么想爱，想让他感觉我的爱，可是都没机会。我只能反复听着这首歌，在没人的时候掩面痛哭。
谦客骚人雷倒夫,5,2011-12-25 23:20:34,0,大一时，抓住了整个耳朵的好碟。
汤之问棘🌈,5,2009-04-04 12:09:42,0,爽~~~~~~~~~~~~~~~~~~~
Белка,4,2008-03-19 19:21:06,0,喜欢的专辑封面，难以置信的声音。不知道为什么我听的版本第一首是daydreams，非常喜欢
铎奇,5,2009-11-12 21:52:58,0,shouldigiveuporshouldikeepchasingpavements?
老夏天___,3,2010-08-14 14:43:50,0,沒覺得有多好聽。
godeau,5,2010-03-14 12:24:01,0,办四！
Ziggy 🇵🇸,3,2010-03-12 21:06:38,0,3.5@2010-03-1221:06:38
大米,4,2009-04-03 11:23:47,0,绝对的佳作，能触动灵魂的嗓音。
LORENZO 洛伦佐,5,2011-07-05 23:56:32,0,条目真是多
千寻｜Scorpio,5,2012-03-04 11:05:16,0,这张专辑的豆瓣条目太多了，最终选择了和虾米同步。ps，waa的一些歌曲风格会不会受到她的影响？
α,4,2009-04-03 13:04:34,0,人小嗓音大，实力不容小觑。
飞翔的赫尔梅斯,4,2010-11-27 21:49:33,0,漂亮的声音
绵羊头,5,2013-07-21 13:45:56,0,为什么大家都没觉得chasingpavements好听？
Lemon,5,2010-01-30 07:56:44,0,AdeleJoannaNoraJoan
小岩菽,5,2008-10-02 17:08:31,0,感谢你陪伴我的高三。
娘口三三,5,2008-12-29 20:01:40,0,好歌啊。。
zk,NaN,2009-11-29 06:30:54,0,好听
五月微蓝,4,2008-05-15 13:51:19,0,的确很灵魂乐。。一点不像19岁。很美国黑人的声音。
到此一游,3,2010-05-10 15:45:02,0,声音真好，旋律嘛凑合。。我品位乡土。
Icilian,4,2014-05-02 13:48:48,0,随机到这张，才想起来#冲上云霄2#用的Adele大部分是这张专辑的。说不清楚两张里更喜欢哪张，但我觉得这张风格更纯粹些。
踢小石子儿,5,2011-09-19 19:56:55,0,这是一个19岁女娃的声音吗啊啊啊！！
爱罗武勇,NaN,2011-05-09 11:44:52,0,<Daydreams>，<ChasingPavements>，<FirstLove>，<MakeYouFeelMyLove>，<HometownGlory>究竟要不要买要不要买啊。。
Happy Wiggin,5,2012-02-17 16:51:09,0,卧槽劳资居然标错了之前？？？
夏树,4,2009-01-21 14:19:50,0,喜欢她的唱腔
息为,3,2009-02-07 20:13:35,0,跟winehouse比差到哪去了。
TristanShen,3,2009-06-05 18:10:08,0,3.5
Jamie,4,2009-09-01 10:24:29,0,ChasingPavements，MakeYouFeelMyLove，HometownGlory
≌菩提风花,5,2008-06-01 15:34:53,0,恩~~
直布罗陀岩石,4,2012-04-07 12:54:24,0,非常有力量的声音，初听不习惯，但是听惯了才会慢慢爱上，需要细细品……
[已注销],3,2008-08-30 16:29:20,0,……厄
柴犬的柴,4,2010-10-09 18:46:19,0,这张专辑一直听了好长时间，女声算是很特别吧
笪笪,5,2011-11-22 22:21:21,0,这是百听不厌的专辑
XA™,3,2012-06-01 10:46:26,0,chasingpavement~
小信.,4,2009-12-08 02:38:46,0,ChasingPavements好听
林喜喜喜喜。,5,2008-07-06 18:58:54,0,个人还比较喜欢这风格。
一切归零,3,2008-10-19 17:45:20,0,不是喜欢的类型。
Layla,5,2009-02-18 10:55:34,0,http://m.mop.com/artists/4836462/albums/9688036
十个斗的眼窝浅,5,2011-07-07 23:06:05,0,她的嗓音太迷人了《MakeYouFeelMyLove》百听不厌啊！！！！
波波sue。,5,2015-04-27 17:21:45,1,的确不像19岁的样子。
Paprika,4,2008-04-06 02:39:46,0,四星只为makeyoufeelmylove一首歌
Miya.,NaN,2010-05-08 23:50:46,0,好好聽週六清晨早晨jazz陽光牛奶美好的開始
家常辣酱,4,2009-03-19 19:51:02,0,我还以为是个四五十岁大妈唱的。。。
豆腐脑敢死队,4,2008-05-22 16:16:32,0,ChasingPavementshttp://www.xiami.com/album/168849?ref=ac-album
Joamyjin,4,2009-03-07 03:16:44,0,惊艳与不是她的高亢而是一种平淡的感人，直到你心窝
玛那 Mana ：）,3,2008-10-28 12:19:43,0,我害怕老成的声音如果歌者有张过分漂亮年轻的脸。
Spidy,4,2012-02-24 14:07:30,0,我还是更喜欢21的苦逼
伐要安利坏人呀,2,2009-09-04 09:14:17,0,把钱还给我
A-Mian,4,2009-03-10 12:01:28,0,很难得
蕉,4,2009-08-05 01:43:34,0,小妮子声音好老
