user_name,star,comment_time,vote,short
韧勉,4,2008-09-10 20:54:52,7,虽然SameMistake在名气上没有You'reBeautiful大，但是整张专辑的质量、流畅性上都比前一张有质的飞跃，非常棒的一张专辑
UrthónaD'Mors,4,2008-05-30 14:56:05,4,原来一听他的我就会换到别的音乐，现在回过头来也不是那么难以接受
Bill,4,2008-07-19 20:34:11,4,声音很喜欢唱法很自如听上去比较舒服封面设计很花功夫值得关注的一位艺人
锐利修蕊,5,2010-01-18 21:40:34,2,极爱
KinG羽,4,2009-08-26 16:17:29,0,上尉诗人～
光年‖影视歌三栖民工,4,2011-07-20 17:13:54,0,好听，想了一下，还是不给5星了。
tlmgt,3,2013-05-25 19:35:13,0,可听，比《BackToBedlam》好。
令糊葱,NaN,2007-12-14 00:57:20,0,新砖，节目里做过的砖。
饥饿艺术家,NaN,2007-11-18 17:51:14,0,1般
丶,4,2011-12-05 15:22:27,0,一贯的风格。英伦男声。
BlackScholes,4,2014-02-23 06:08:11,1,shineon
zard砸得王大崩,4,2007-09-13 13:51:31,0,poetinthemetro
Samuca,5,2010-05-26 23:02:09,0,somemistake
Hao,5,2007-10-05 15:09:09,0,专辑质量不减。
ladybird,4,2007-10-27 15:21:01,0,samemistake
DeerColin,5,2013-10-23 13:03:53,0,"JamesBlunt的""1973""当年真是超爱！！！这张专辑和首张呈现给人不同的感觉，首张浪漫得令人窒息，这张则温暖迷人。"
张兮兮,4,2010-05-14 22:22:13,0,我听这张专辑的感觉有点像听Maroon5的《Shewillbeloved》，感觉他会为了每一个疲惫的人停下来，带每个迷路的人回家。
狮子人,5,2007-09-21 17:37:45,0,我爱你，亲爱的大兵。
莊小壞,3,2009-03-21 23:02:48,0,3－－－这张极其一般，滥满大街。
Valkyria,5,2013-01-26 21:35:02,0,热泪盈眶
明明就,4,2010-02-07 13:15:22,0,迷幻声音
抑郁小兔李邦妮,5,2007-10-11 21:06:25,0,我居然给感动了……感觉比上一张还好，很喜欢。作为流行歌曲，已经很不错了。
大海边的憨豆豆,5,2010-02-23 23:16:07,0,1973
席德,4,2009-05-15 23:41:31,1,GiveMeSomeLove
不擅长,5,2007-11-09 18:11:43,0,http://www.xiami.com/album/168667
韬,5,2012-02-24 00:12:19,0,伤感的嗓音。
神秘金针菇,5,2010-10-25 10:17:21,0,依然执著于那些，只是更加温和，更加积极了。
薇羅尼卡,4,2007-10-26 12:18:46,0,还是那把声音～
Lance,4,2011-07-12 01:53:05,0,好听。
Белка,5,2007-10-04 17:46:22,0,好喜欢，好喜欢！JamesBlunt在You'rebeautiful就电死我了。。。
Seamoon,5,2011-05-16 22:56:52,0,重点关注。
逅宝,5,2008-02-02 21:18:23,0,从未letmedown
挂拉,5,2007-10-11 22:51:11,0,他还是有好纵的口音也...
Wanderin',4,2010-04-15 23:51:36,0,GiveMeSomeLove，Darling
日烟火,4,2009-01-07 13:01:09,0,有爱啊有爱。
yum,NaN,2007-09-25 09:17:44,0,JB自己特有的假声...我爱，专辑到中段开始进入状况
纯子,5,2008-05-01 22:41:41,0,痴迷这声音
小猪de世界,4,2007-09-15 11:58:39,0,大牌哈哈
小岩菽,4,2008-02-11 21:41:40,0,万千人像我是真的只需要你。
Vince♫,NaN,2009-07-31 17:45:22,0,不感冒。。。
Ancora*山妮,4,2009-10-23 22:15:03,0,justshone。闪闪，你要shineon
Leoooo,4,2008-02-14 09:39:00,0,上尉詩人
ヽ 丶詸゜,5,2008-07-11 13:16:58,0,嘿～
Theo Lee,5,2007-11-08 22:49:08,0,妖嬈男聲
0926根本没有,NaN,2007-11-11 19:16:58,0,Allthelostsouls
午后的缪斯,5,2009-07-25 21:06:07,0,JamesBlunt的声音总会让人感动
≌菩提风花,5,2007-10-11 18:34:59,0,依然美好~
给我个电话亭，我要拯救地球！,5,2007-10-15 20:18:09,0,上尉！
捡垃圾的提莫,3,2008-02-09 20:06:20,0,一般般，不知道这唱片怎么会那么好卖
痴人,5,2007-12-01 12:24:18,0,很适合秋天的阳光哦
Mr. White,4,2012-08-02 19:47:13,0,无以复制的磁感声线，但是歌词太屌~~~~丝了，俨然男版的adele
Illusion·L,5,2014-02-01 23:06:06,0,还是一如既往的好。
战国客,4,2009-12-29 22:26:20,0,GiveMeSomeLove&IReallyWantYou&1973
得我艳与天齐,NaN,2009-02-20 18:27:25,0,carryuhome
OnJel.,4,2007-10-01 10:11:48,0,退步==
Augenstern,5,2011-10-19 17:40:48,0,拿出来再回味下
抽屉的烦恼,NaN,2008-06-09 09:28:32,0,我觉得没有上张专辑好
豆友3079484,4,2013-02-14 22:53:42,0,[2007]
伐要安利坏人呀,2,2007-09-14 23:44:47,0,其实也不是很差，就是封面太恶心了
Echo,5,2010-03-01 14:47:18,0,GiveMeSomeLove。
tavico,4,2008-10-25 14:57:11,0,后半部分稍显闷
Meteora,5,2009-04-19 18:09:52,0,AlltheLostSouls
Jasper,4,2012-01-28 20:54:25,0,嗓子有点像simplyred的主唱mickhucknall，有些沙哑，极富磁性。据说是参加过科索沃战争的，以前也在英国女王身边当过卫兵。传奇了
我在思考人生,5,2012-06-05 12:33:43,0,上尉回不去的声音
prost,3,2009-03-21 10:54:19,0,漏了第一首1973....
蕉,5,2010-02-13 03:10:41,0,虽然越来越pop了。但是字里行间的露骨复古伴我走过了高三。
Lolali,4,2010-08-19 10:40:37,0,躺在ipod里不大乐意去听...这男人声音听多了发腻和起鸡皮疙瘩...记得当年在Skype社区一个长得像胡歌的老乡放了伊一首wiseman给我听，后来他说他在澳大利亚，是同性恋...
夏空,5,2011-11-29 18:58:29,0,大叔！
アホ,2,2007-12-18 11:37:29,0,闷啊闷啊，没什么意思..
夜国,4,2009-06-05 18:27:27,0,1973，OneOfTheBrightestStars
小鹿e^x,5,2008-11-10 18:39:38,0,1973
0405|Love&Life,5,2008-08-13 09:40:25,0,再次被触动
昵称已被占用,4,2008-03-15 17:29:37,0,才发现jamesblunt的专辑被我压箱底了..
Zen.L,4,2007-11-12 11:26:23,0,他不再高亢，變得溫暖動人。
翔樹。,5,2011-08-07 03:08:05,0,‘在听’了那么久自己都厌了，就时不时翻出来听一下还是很喜欢。
Arepennis,NaN,2008-05-29 03:14:52,0,看过很多碟评，都说很好听，在北京的演唱会也很火爆～
徐蔻依,4,2014-05-21 21:13:09,0,叔的脆弱温柔太有蛊惑性
Mthen.,5,2007-10-29 11:52:40,0,1973
Mr.LSD&DDA,5,2012-08-28 21:51:35,0,以前真是脑残粉
Yoo,4,2008-10-07 00:25:00,0,ＯＮ
cheevo,NaN,2010-09-04 18:51:12,0,givemereason，butdon’tgivemechoice，cosi’lljustmakethesamemistakeagain.麽名心碎的傍晚，samemistake差点就接住我的心
结球,4,2007-10-07 15:57:44,0,爱这个军官。
平湖·秋月,5,2008-12-13 20:20:42,0,恩，听他唱，觉得是在听歌，正经的听歌~~不得不说，英伦摇滚实在讨人喜欢
绿眼怪兽,3,2007-10-30 19:04:17,0,1973他在制作这首歌的时候，一定特别放松。bass把整首歌提起来了。
思捷,NaN,2007-12-17 18:24:23,0,AlltheLostSouls
Felix,4,2007-11-23 15:30:43,0,JamesBluntallthelostsouls英伦brit-pop
安乔,5,2012-04-08 21:19:38,0,ireallywantyou
Chimney,4,2009-09-10 10:53:14,0,2007年度、OneOfTheBrightestStars、CarryYouHome
俞晓之,4,2007-11-09 12:50:32,0,伤情却不煽情温暖
可风,5,2008-03-18 23:31:36,0,就是好听。相见恨晚。
静流,4,2009-08-20 13:12:41,0,对我来说你是第二眼惊艳的
文小二,3,2010-07-08 19:04:22,0,无惊喜。Ireallywantyou。
2999圣诞老人,4,2010-06-22 09:55:09,0,1973一首歌让我的脑海里浮现出无数的画面，有属于自己的，有电影里的，有幻想中的。I'llcallyouupeverySaturdaynight.
凯丽要一夜暴富,5,2009-01-30 18:03:03,0,不愧是诗人太有才了danielpowter滚一边去
"Go | 屋内饮酒,门外劝水",4,2007-09-23 18:08:30,0,OneOfTheBrightestStars
朱大侠。,4,2011-10-01 19:48:58,0,他不再高亢。變得溫暖迷人。時隔數年，他的聲音中那種清冷的撕裂感逐漸淡去，變得親切。JamesBlunt。
🐳,3,2008-11-19 13:10:47,0,CarryYouHome~当年的yellow~小小心心变了strong~
zhizhong,4,2009-11-23 15:17:27,0,可以
饭稀希♫,4,2010-12-16 12:02:02,0,06年时候觉得很好听，07年听的人多了，我就不听了，10年嘛，呵呵！
猪头小丸子,5,2012-12-27 11:28:57,0,1973
