user_name,star,comment_time,vote,short
文泽尔,4,2010-08-30 06:09:39,101,主要喜欢其中三首：HolidayBoulevardOfBrokenDreams以及WakeMeUpWhenSeptemberEnds
阿朽,NaN,2010-06-01 17:53:35,44,豆瓣电台老给我放。。。烦死了
潜意识,5,2008-06-07 17:41:05,73,很多人从这张专辑才知道绿洲，我ri
Arthur,5,2012-12-10 21:21:45,46,朋克的巅峰与最后的辉煌，首创乐章式朋克，曲调流行精彩，三大件既有硬核又能婉转，且前人后作cliche并包，朋克真的仅次一专足矣。之后野心随篇幅胀大，质量效果随之缩水，朋克不谈政治那是鉴婊专家
徐达多,5,2007-10-04 21:17:08,18,最曼妙大气的一张。
夏日扬帆,5,2014-04-03 18:50:07,7,好多大热金曲啊[wakemeup，boulevardofbrokendreams]
潋 | Béatrice,5,2013-04-12 11:37:21,2,里程碑
UrthónaD'Mors,5,2007-08-25 14:41:21,0,不错的专集
离净语,4,2006-10-11 18:58:02,1,punk里还不错
L I M O,5,2007-04-28 12:04:08,1,白癡嗎你。
令糊葱,5,2008-03-04 03:14:07,1,有点儿喜欢。
Μουσαι,5,2012-02-27 17:16:48,2,AmericanIdiot|Holiday|BoulevardOfBrokenDreams
瓜。相信这个世界很变态。,4,2008-08-10 01:40:28,2,我以前是听流行朋克的~羞~
Mignon松弛地,4,2006-11-19 14:34:33,1,其实他们早前一张更好，但这张让老绿日又红了一把
wangzhy,5,2010-01-03 22:47:46,4,Thissongwassendabigfuckyoutoallthepoliticians
英恩,5,2010-05-08 23:11:02,2,Iwalkalone
Lola,NaN,2009-07-05 20:51:04,3,还是有偏见，不就破朋么
icier,NaN,2006-01-16 19:22:54,1,没想到还蛮柔的
zard砸得王大崩,4,2006-12-20 15:00:34,1,AmericanIdiot
丶,5,2011-12-06 00:07:46,2,我更喜欢She'sARebel。
seren,4,2006-04-28 02:38:04,0,muchgentle，butnice
龙三,5,2007-03-19 06:35:31,0,朋克三十，比利.乔而立~！
Augenstern,4,2011-12-12 18:20:48,2,果然沒錯偽搖和搖滾是一聽就能聽出來的對於我這種入門白癡也是如此
肥匪廢·老🐰,5,2013-08-24 09:45:42,1,Shakeyourbody！
小魔@优雅穿梭,5,2009-12-31 15:41:58,0,walkingontheboulevardofbrokendreams
Topfun,5,2012-02-04 07:02:20,0,一觉睡到国庆节
阿萌今天也很饿,5,2011-10-08 13:15:23,0,赞！！！
小狐狸BOBO,NaN,2005-12-08 21:45:39,0,青葱岁月的翻译多少有些做作的嫌疑，多年终于修成的正果，谁能相信这样振奋人心的肯定，哈哈!
莊小壞,4,2009-01-30 23:37:51,0,4.3－－－想要这个炸弹。
dorothy,5,2008-10-11 19:33:01,2,Irealize，thisismyfaverockrecordafterall.
Ridden,5,2007-12-04 13:54:19,0,AmericanIdiot。Holiday。JesusOfSuburbia。BoulevardOfBrokenDreams。不举例了。全爱！
陈永仁,4,2012-09-23 09:27:17,0,室友推荐的，为什么我下的只有9首歌。
齐鲁矿业李德友,3,2019-02-24 20:25:11,0,JesusOfSuburbia的钢琴加得好。
椒图,4,2011-01-16 19:41:22,0,手写。
Luffyjun,5,2011-07-14 22:12:00,0,wakemeup……
Miss Lucky,4,2006-12-23 00:51:26,1,AmericanIdiot
息为,5,2008-01-05 12:39:50,2,超棒概念专辑，敏感政治内容.旋律又好听好听.
品客,4,2007-08-09 05:02:25,0,cool
囧之女神daisy,5,2008-08-15 17:05:22,0,亲爱的greenday
不擅长,5,2010-06-09 17:05:37,0,http://www.xiami.com/album/304564
韬,5,2012-02-23 16:58:25,1,为什么这几天主管总喜欢到我工位上当面找我，平时不都是QQ联系吗！！！每次来找我的时候，我不是在听歌就是在下歌，要不就是在看歌词。。。。我压力很大的好吗。。。。[答应了10天不能改状态，想说的话只能靠这样的方式说。。]
Tiff,5,2010-04-01 21:27:27,0,在夏天完结之前，唤醒我。
薇羅尼卡,5,2006-05-27 18:49:35,1,很棒！没想到朋克也能做成这样，很喜欢BoulevardOfBrokenDreams与WakeMeUpWhenSeptemberEnds
必要幻觉,5,2007-06-16 21:20:15,1,很棒流畅好听的旋律
帕布利卡醬,4,2008-07-27 15:01:13,1,喜欢里面的那首，makemeupwhenSeptemberends。
亞麻君,3,2009-09-28 23:14:22,0,為了WakeMeUpWhenSeptemberEnds這首歌~~~其他歌曲貌似沒有是沒印象~~
和风莫吉托,5,2010-09-03 00:02:39,0,启蒙，入门
你好代号君!,3,2008-04-19 15:56:06,0,好吧。我决定重温。
謝爾·愛睡覺,5,2007-06-29 16:37:23,0,WakeMeUpWhenSeptemberEnds
猫不然,5,2011-07-12 23:58:21,0,大爱。尤其爱他们在英国那场豪华演出。
RoJay,5,2007-07-03 23:24:44,1,15岁听到老。。。
Alto,NaN,2007-03-21 10:17:54,1,WakeMeUpWhenSeptemberEnds
Белка,5,2009-01-11 22:19:36,1,好听的特别是WakeMeUpWhenSeptemberEnds听了多年
Seamoon,5,2011-02-05 15:00:50,1,考虑要不要把这张专辑加到我的Top10list。
鱼秋刀刀刀,5,2012-05-10 10:37:50,0,thxforthememorywithLC
铎奇,4,2009-11-03 18:15:41,1,neverwakeup，ontheboulevard.
Memento Mori,3,2010-02-02 00:37:57,0,我是有多不喜欢Greenday啊。
chaaaaad。,5,2010-04-11 21:12:12,0,百听不厌才是好证据。
biiru_u✨,NaN,2007-05-28 11:02:25,0,wakemeupwhen...
驎樨,5,2010-06-04 13:34:13,0,这是最喜欢的GreenDay的一张专辑
≌菩提风花,5,2007-03-28 18:03:47,0,WALKALONE...ANDBRINGIT>.<
荼,5,2010-08-06 17:46:52,0,在豆瓣电台上都陆陆续续听完了@_@?
给我个电话亭，我要拯救地球！,5,2007-10-24 16:30:55,0,GREAT!
[已注销],5,2009-06-20 20:06:59,0,……说真的和我听的朋克差别很大……好吧我也没听过几个朋克==
🌟亚树🌟,4,2006-05-07 19:27:48,0,WakeMeUpWhenSeptemberEnds
給料泥棒,4,2010-08-04 22:24:15,0,She'sARebel
痴人,4,2007-11-19 19:57:50,0,wakemeupwhenseptcomes
Bill,5,2013-02-18 16:18:50,0,是..这张之后再也没有靠谱的了，怪不得说这张是最好的一张呢..21guns那种...唉...还是holiday靠谱!高中支柱之一...
太空少年孙轩宇,NaN,2008-06-26 10:57:30,0,哦，流朋！
许玉玉,4,2006-03-18 12:13:11,0,封面吓人了点，我买的时候老板在那边狂看我，因为MS一个比较文静的女生么
暝明,5,2008-06-21 12:37:30,0,Wakemeupwhenseptemberends.
猛汉世雄,5,2008-06-18 21:08:02,0,=V=哟~
豆腐脑敢死队,4,2007-07-19 22:54:16,0,GiveMeNovacaine
Augenstern,5,2012-04-14 11:13:47,0,good~
Nosferatu,5,2007-02-28 09:57:48,0,很不错的一张专辑！但是终于听完了！
阿随向前冲,NaN,2011-09-18 16:19:31,0,真不让人失望high
Gloria|╋━|嵐,5,2007-03-31 18:38:03,0,greenday
抽屉的烦恼,4,2008-06-10 07:53:03,0,有些讽刺美国选秀活动的成分但整体很不错很多歌我都是超喜欢
电池,4,2007-06-17 14:24:53,0,朋克歌剧？还只是销量的催化剂
Kyri,5,2009-02-25 20:31:20,0,巅峰不装逼的帅
豆友3079484,5,2012-07-14 20:56:46,0,【补2009档】GD=Ellen，肿么办现在是我的联想等式
四二,5,2007-08-23 19:50:37,0,Kuso王道。
北北,NaN,2008-08-13 21:34:59,0,2006年的冬天，就那样中毒了……
方東美,5,2015-05-26 19:25:34,0,我在2010-02-13标记为想听。2010年3月在#豆瓣音乐#下载到MP3专辑。
大恬,4,2014-08-14 20:15:38,1,我第一次听的时候，读初二。我不知道什么是摇滚也不知道什么是朋克，我只是觉得好听。
伐要安利坏人呀,2,2006-02-08 20:47:27,0,这主唱和Pete长得有点像，眼圈都像被人揍过一样
12 bunny,5,2007-04-16 13:15:19,0,Punk
tavico,4,2010-01-31 10:47:09,0,7.9/10从可听性来说，这张还不错
雨人,5,2011-03-19 03:47:02,0,有生命的朋克摇滚一直在循环
Meteora,5,2010-08-12 13:57:52,0,AmericanIdiot
JoKe8,4,2007-11-23 13:42:29,0,weakmeupwhenseptemperends
苦杏仁的气味,5,2009-11-11 17:16:48,0,我想哭……
饭夫斯基,5,2009-09-27 21:23:20,0,万岁哦万碎！！
一山同学,5,2009-07-27 10:27:11,0,经典的经典
Gavin|江湖骗子,5,2009-11-11 10:48:23,0,沙哑不等于不纯净激情不等于没有柔情
狂躁 C-137,5,2010-02-14 11:05:21,0,好吧...我承认是个故人送我的CD
预习,5,2009-01-20 15:40:03,0,昂滴2005啊啊啊要命!
5in5,4,2012-06-20 06:16:23,0,有两首还不错。高中买了引进版。
考上厦大再改名,5,2013-03-13 14:17:30,0,好！听！
忏悔的仪表盘,5,2011-06-09 08:13:12,0,实体收藏品。
神气女侠,4,2009-05-15 17:45:45,0,绿日老跟美国过不去，哈哈
mikaholic,2,2009-04-12 14:00:16,0,我對gd的討厭大于oasis..我的感覺是他們真不值得那麼紅
洛一,4,2008-03-30 13:03:34,0,买到了。唱片封面上翻译成“青葱岁月”，很不错。因为B介绍的“wakemeupwhenseptemberends”。有些歌听得会心一笑呀。
#以猩,NaN,2009-10-10 18:51:46,0,最开始喜欢听的碎梦大道后面怎么也不喜欢听了..WakeMeUpWhenSeptemberEnds和holiday听的比较久.
Amik的女朋友,4,2010-11-16 06:03:08,0,GreenDay还是以前的歌给力啊。
看到你的文艺我就浑身抽搐,5,2015-03-31 16:46:59,0,太棒了！！
狷介有乌青,5,2008-12-05 01:04:39,0,是超超……超级力荐，如果有10颗星
Yiklui Cheung,NaN,2007-01-08 00:37:03,0,Americanidiot
Cambrian,5,2012-05-25 00:44:17,0,还是给五星吧
兔子已死,NaN,2008-02-29 10:36:51,0,初中~
五月之星,5,2007-09-30 07:53:54,0,叫醒我在九月
阿措,4,2010-09-28 23:30:17,0,wakemeupwhenseptemberends.....
托克逊,4,2007-08-21 23:51:17,0,She'sARebel
Yoo,5,2010-08-14 16:39:20,0,ＷＤＹＯＹ
Mighty III,5,2012-03-11 09:27:12,2,随着时间的沉淀逐渐变成难得一见的传世经典杰作！小学六年级被封面吸引，在完全不知道音乐风格的情况下于王府井FAB购入引进版，从此一发不可收拾，那个暑假天天听。真的首首好听，一点都不痿，因为这是独一无二的GreenDay曲风！这么多年还是最喜欢JesusofSuburbia，无法复制的辉煌(2016.12.29更新)
cheevo,5,2006-05-24 11:06:33,0,莫名其妙被感动
结球,4,2010-03-03 16:01:12,0,U.S.A.BC^_^
久美子,1,2009-05-29 10:58:16,0,朋克的走狗
游坦,4,2009-12-07 14:22:20,0,BoulevardOfBrokenDreams
不存在的盒子,4,2010-05-28 19:58:26,0,最喜欢WakemeupwhenSeptemberends
望仔放弃减肥了,4,2009-10-24 22:58:15,0,明明初三的时候你们都不听的！TAT！
疯子痕。,3,2011-07-19 00:01:45,0,还不错
良酱,5,2010-04-01 14:55:42,0,WakeMeUpWhenSeptemberEnds就为这首歌，给五颗星。
7是Z的-,4,2010-05-04 16:52:39,0,NB，这么多热门单曲出自一张专辑
Echor,5,2007-10-16 17:54:55,0,最愛Greenday!強烈推薦wakemeupwhensep.ends，BoulevardOfBrokenDreams和whatsername。
兔不知,4,2009-05-03 22:30:35,0,朋克听听蛮好多了会厌..
Viola,3,2008-03-19 18:16:34,0,现在觉得不错。。。
陳３,4,2011-10-15 01:12:19,0,我记得是在巴士上
Hylas,5,2010-08-20 20:06:28,0,完美摇滚朋克！Bravo！
heidiai,4,2006-07-08 13:35:50,0,wakemeupwhenseptemberend
ciné-avril,5,2012-12-26 10:34:59,0,最经典的一款
馬刀※你怎麼看,5,2012-05-12 21:36:43,0,卧槽我弟弟也听……我都忘了这乐队了……今天看到我弟弟在人人上的一条状态：发现greenday的holiday（神圣的日子）歌词好有内涵。越来越喜欢greenday了。
凯丽要一夜暴富,5,2009-09-11 16:17:21,0,真的不错
豆友1485565,5,2008-12-27 13:52:36,0,终于下到了！
光光侠,5,2007-06-19 12:37:35,0,七年后发现这专辑真不错啊，我是说，名副其实
susu/苏酱,4,2006-01-19 12:36:56,0,脱胎换骨的一张。从臭小子变成了愤青和摇滚男人的过渡。
韩朴寒树™,5,2006-12-03 14:11:37,0,GreenDay
熊生海海蔫蔫地,5,2012-12-13 10:27:38,0,重新看了歌词才发现这其实是个完整的故事，五星已经不够打了
朱大侠。,4,2011-05-31 13:28:00,0,在此之前，从未发现朋克也可以这样清澈大气，沁人心脾。GreenDay让我感动，BillieJoe让我感动。
清胧,5,2009-07-16 18:35:09,0,WakeMeUpWhenSeptemberEnds，holiday，boulevardofbrokendreams，givemenovoaine
饭稀希♫,4,2009-06-18 13:48:25,0,WakeMeUpWhenSeptemberEnds05年的歌啊！
W.史密斯,5,2012-12-22 18:20:19,0,硬派的风格。。。男主唱永不老的样子啊！
宇宙塑胶魔怪,4,2010-01-28 17:04:43,0,http://www.xiami.com/song/play?ids=/song/playlist/id/304564/type/1
巧巧,4,2007-08-10 18:09:23,0,喜欢的第一支朋克乐队
Samuel,5,2010-03-20 09:49:05,0,一怒就听。一听就爽
甜,NaN,2010-08-09 01:08:15,0,总算找到你了……靠那一句话：封面是一只手握着一只心脏。
F–A♭–F,5,2010-08-12 23:48:09,0,eloquent
K酱要活在当下,4,2011-12-22 23:37:15,0,挺美好的回忆
礼拜文,5,2007-08-29 22:52:40,1,从他开始接触朋克
果木,5,2009-11-03 19:44:44,0,我的高中，听不厌啊听不厌
甄猪,5,2010-08-23 00:09:55,0,很爱很爱的一张
小盛,NaN,2011-09-09 00:10:15,0,WakeMeUpWhenSeptemberEnds
Elvis,5,2011-09-23 20:26:19,0,初二
.y.,5,2012-12-26 12:58:20,0,Holiday	/BoulevardOfBrokenDreams/WakeMeUpWhenSeptemberEnds
Melodylover♩♪♫♬,5,2006-04-02 18:19:38,0,厉害
小明灯仁波切,3,2015-06-04 17:56:44,0,《WakeMeUpWhenSeptemberEnds》
响白黑,5,2011-09-19 12:03:01,0,启蒙教育
橡皮,5,2013-12-20 15:10:30,0,高中的回忆
正正子,4,2010-07-08 22:18:20,0,终于听了
In K,5,2008-06-25 11:05:05,0,果然是經典。。
Dita,5,2008-08-16 20:24:11,0,朋克的启蒙专辑啊。=O=
im_weak,5,2013-07-13 20:39:42,0,彻彻底底唤醒了睡了许久的我。
renascence,5,2008-09-12 15:07:52,0,经典
毛栗老弟弟,5,2010-12-05 15:40:41,0,谢谢某姐的推荐，为刚高考完的土鳖我打开了更广阔的视听空间。听着九月末请唤醒我，那个暑假仿如昨日。HOWTIMEFLIES!这都一个世界杯轮回了
福豆,5,2010-06-19 23:45:39,0,還是英式搖滾聽起來舒服~~
啼幽,5,2010-11-05 13:14:38,0,突然超爱~
boooooby,5,2011-10-27 17:01:14,0,四星半。
独行侠杀手阿何,5,2010-08-21 22:43:49,0,屌政府！
PhakePunk,5,2007-03-28 21:50:36,0,前无古，后无来
Silence🌸🌸,5,2015-10-02 13:25:16,0,居然没马克么...
Rachel睿球,5,2012-01-01 23:30:00,0,很好的一张摇滚专辑，很对味！！
樱之桃,4,2011-03-03 22:02:52,0,从MS认识他们的~
索斐锡夕,5,2010-02-12 19:20:19,0,GD无需多言
小烈,5,2008-08-09 21:48:26,0,陪伴寂寞的我
林大火,4,2011-10-23 18:41:43,0,为什么我觉得很奶油。。。。
Manchild,5,2009-08-12 13:27:19,0,【Holiday】【GiveMeNovoaine】【ShesARebel】【JesusOfSuburbia】【WakeMeUpWhenSeptemberEnds】【Homecoming】
上行的黑色,NaN,2012-10-02 02:20:58,0,青春无敌啊。。。
yourstepmom,4,2012-02-21 17:52:35,0,高二！！
小呀嘛小宠虫,4,2011-08-04 16:53:56,0,很多摇滚记忆都是和邓邓坐同桌的日子留下的高中平淡日子之中几抹亮色啊
噜噜叫夏天,5,2012-03-04 19:54:03,0,百听不腻
阿蛮.,5,2010-08-03 23:30:34,0,绿啊！日啊！
丽红饭店,4,2007-09-03 02:34:08,0,乐队的人都很喜欢。
小艾,5,2010-02-07 21:06:42,0,LOVE
Jude秘密仙神,5,2011-04-23 09:26:21,0,BoulevardOfBrokenDreams
马来可,3,2007-01-15 20:37:47,0,讲述美国小愤青儿自己的故事...
Gla,5,2008-02-01 17:38:50,0,smart
药十六||匪鉴,4,2011-06-14 15:09:06,0,嗯。
呆呆以呆以呆呆,5,2013-01-03 11:17:59,0,哎呦喂！！！
岛,5,2008-04-30 10:45:22,0,虽然它是流朋。可...你知道的。
SunsetJesus,5,2010-07-13 20:10:24,0,早起听punk的启蒙==
骗神,3,2010-11-21 18:15:56,0,<BoulevardofBrokenDreams>
[己注销],4,2014-09-02 22:11:23,1,（8/10）好多熟悉的歌曲………………………………
Claymore™,5,2009-07-01 12:14:11,0,WakeMeUpWhenSeptemberEnds
[已注销],5,2010-11-26 23:12:42,0,最红的那首wakemeupwhensetemberends最不punk。。有点儿搞但不妨碍它成为一张好专辑。punk最高~
musagetes,4,2008-08-12 18:08:59,0,可以与RS相提并论的年轻力量
豆友4543417,5,2012-04-15 12:02:24,0,初二还是初一的时候听的来着。。。从此对摇滚一发不可收拾。。。不过他们也太主流了><
不舒服斯基,NaN,2007-12-20 11:33:28,0,听过《wakemeupwhenseptemberends》后买了一张这个美国傻瓜的盗版碟很不错《辛普森一家》电影中的绿日就这形象
董小长,5,2006-11-26 03:52:57,0,美式朋克
唐错刀,4,2007-08-27 16:14:44,0,绿日的颠峰
Cary C,4,2012-01-21 14:17:29,0,我不仅仅是来刷共同的喜好的
