user_name,star,comment_time,vote,short
丶,5,2011-12-09 22:55:00,49,即使是悲伤，气场也很强大。
UrthónaD'Mors,4,2008-02-21 23:30:33,26,对onerepublic太不公平了
果酱☮,5,2009-02-17 00:52:15,11,apologize!!!
tlmgt,4,2012-09-12 01:32:40,10,我可以说喜欢这首歌只是因为李霄云翻唱过么？
莊小壞,4,2009-09-29 13:22:21,8,4－－－编曲还行。朗朗上口的曲子，但听多两次就有点腻了。
Enhui,4,2010-01-28 02:58:07,0,4星全給Apologize~~
笪笪,3,2015-11-02 23:39:02,1,我一直不是很喜欢这首歌。
三四,5,2008-05-02 12:53:59,1,apologize
不擅长,4,2011-10-16 16:49:43,0,哎哟，这首烂大街的…
ANNXXNA,4,2010-11-20 18:58:08,0,GG
Белка,5,2008-10-30 22:08:22,0,GG里的当时听到就惊艳了！
Seamoon,5,2012-09-16 16:03:07,0,到底是谁写的歌。。。
时以星,4,2008-03-31 20:56:28,0,It'stoolatetoapologize，it'stoolate
poiuny,4,2012-12-06 20:13:27,0,就这样听了timbaland的live...
原獸god,5,2013-12-13 23:59:32,1,Iloveyouwithafirerednowisturningblue.
社畜弄弄子,1,2012-09-15 23:13:28,2,和《一觉睡到国庆节》有异曲同工之妙用，催吐
星尘战场,5,2011-05-08 22:19:21,0,ApologizeByTimbaland杯具的现在有点烂大街了这歌
陌聆,5,2009-12-08 21:08:56,0,你叫我听我当然会说好啦～
洛洛,5,2009-09-21 22:52:06,0,是越听越耐听的那种……
黛二小姐。,5,2009-06-07 18:37:58,0,both。
我在思考人生,3,2012-08-12 20:39:39,0,老子偏要给三分
丢丢,5,2013-02-12 00:33:27,0,老年痴呆的扶墙表示这不过去一直听的么
夏至线,5,2009-03-21 22:15:45,0,抒情的极致~
RIC,1,2010-04-04 08:58:38,0,越听越不耐听
翔樹。,5,2010-04-20 11:38:54,0,最好听之一。
TJ,4,2008-12-09 00:41:05,0,toolate...
小檠的罗宾熊,5,2011-05-16 15:25:54,0,两版MV都十分米粒>w<这首歌迷过好一阵子~
宋阿慕,4,2008-03-04 22:59:11,0,我喜欢这个声音，尤其是apologize
20个小明≯,4,2009-12-29 20:03:20,0,这版也不错，但更喜欢提琴版的
游坦,NaN,2010-03-04 16:08:04,0,倘若无缘，只能向往
啊尘,5,2011-01-27 23:23:57,0,五星给我评完全不够!!!100星啊!!!100星啊!!!好听到死啊!!!特别是看了GG之后听着更有感觉啊!!!!!!!!!爱死这首歌了
AsuraHu,5,2011-06-05 23:41:53,0,真正的中毒性不是纠缠你的大脑“阴魂不散”。收放自如的唱腔，嗓音的厚度恰到好处。
Esther*,5,2010-03-29 03:11:11,0,gossipgirl..........那一幕。
Jyn Erso,5,2010-01-21 15:19:15,0,Isaidit's2late2apologize.......
K酱要活在当下,5,2011-11-18 21:19:58,0,TIMBALAND~~~~同样是贾斯丁为毛差别那么大~
黎众生,5,2010-03-30 21:49:02,0,那个假音转的漂亮也难唱
全能小海龟,5,2009-12-01 18:29:29,0,大爱！
❤ Chemical,5,2010-06-13 01:57:16,0,avfun的直譯，請問老師，你能給滿分麼？『哎喲，屁股疼』。。。
Elvis,4,2011-09-23 19:03:53,0,K歌必备
sansfromage,5,2013-07-19 22:09:32,0,从前奏到主歌最后一句到副歌全部.太喜欢这首歌!!!!
FiΙTн,1,2009-11-01 08:58:24,0,9.1WTF??
王小千千千千千,5,2011-05-07 14:13:43,0,破音之歌。结果还是喜欢onerepublic的版本。╮(╯_╰)╭
Felidae,4,2011-06-28 10:26:05,0,豆瓣电台每天必给我放这首歌==为什么？我没有点红心啊……我都要崩溃了。
Enoch酱,5,2011-04-24 22:22:45,0,和三年前一样还是那么喜欢这首歌经典就是经典
Nina,5,2009-07-31 23:43:26,0,apologize
酚酞,5,2010-10-24 19:38:38,1,it'stoolatetoapologize
夜衣三三。从前有位姓章的年轻人,5,2008-04-27 13:35:00,0,好。。。
.,NaN,2010-09-30 21:12:52,0,mv美
CodeName.A™,3,2008-03-25 18:09:49,0,就愛這首Apologize。R&B其實我有愛.Isaidittoolatetoapologize.
.ミドリ 六 子.,4,2014-11-15 11:06:39,0,forgive?
Melody.,5,2010-01-22 17:18:59,0,09格莱美。
Figure 8,3,2009-09-15 21:54:31,0,不耐听，典型。
azurebleu,5,2010-04-11 23:10:16,0,MV很不错
野次馬,5,2010-07-17 21:12:09,0,好棒！
喂，有人在吗？,5,2008-04-09 23:19:34,0,aplolgize
冰糖木耳,5,2010-02-28 15:38:32,0,很长一段时间内，听了很多遍的歌~~
Yuzu,5,2011-04-24 20:50:33,0,以前周妈说他听到这歌就会想到我！
豆豆,5,2011-08-12 18:30:24,0,好想学这首歌啊！！！
蒋得好,NaN,2009-12-28 15:08:14,0,.....妈的原来是这首烂大街
愤怒的小鸡8,5,2009-09-30 00:01:36,0,非常爽
pan.,5,2013-08-21 21:40:15,0,这个版本的apologize是最喜欢的
19431818,5,2010-03-09 14:08:31,0,Apologize百听不厌呐
大笨象騎士,5,2011-10-24 00:46:06,0,Iwasmoved;)
MinR_,5,2010-11-29 23:12:37,0,07年第一次听到到现在才知道叫这个歌名。我lag很大o(╯□╰)o
♡  FreyaM,NaN,2011-11-23 01:12:10,0,很爱Apologize
大星,5,2011-02-05 19:47:52,0,听的第一首他们的歌
盛夏光年,5,2013-05-22 15:26:35,0,gossip-girl?
阳台.漫時光,4,2010-06-10 10:39:40,0,街歌了都
法号庙平,5,2012-08-01 00:43:01,0,当时很想骂人，Timbaland真无耻，混个音，其实就是在里面啊了两声，就收到自己专辑里面去了。但是也得感谢他，不然07年就会少了这么动人的旋律……
Kamyu反射弧长,4,2010-06-14 00:56:34,0,it'stoolate
飞飞,5,2010-09-11 17:31:05,0,It'stoolatetoapologize
PoMonkey,5,2009-12-04 22:01:21,0,每个版本都很喜欢
角质紧猫,4,2009-11-28 00:14:37,0,挺好地
七七|Raulista,5,2009-12-01 15:24:04,0,that'ssuchagreatsong
#阿芙佳朵凊#,3,2009-02-12 11:03:15,0,我是真没觉得觉得这首歌有什么特别...==
游媛惊梦,5,2014-02-14 21:19:04,0,听了5年也不腻
咕噜嘟,3,2013-08-24 19:24:17,0,绯闻女孩的主题曲
九亿少男的梦,4,2011-11-20 00:22:53,0,比起OneRepublic的单独版本，我更喜欢这个版本
冻柠茶,5,2013-10-08 05:08:49,0,it'stoooooooolatetoapologize
Eunjin,5,2013-07-02 19:20:11,1,这apologize唱的~
Di-Dar,5,2009-10-20 18:00:43,0,忒俗了..俗的我都说不出来话了..不过我喜欢timbaland...没有他..哪来的这首这么红的俗歌!!
黯黠,4,2011-08-31 00:17:39,0,GossipGirlSeason1Episode10
白日梦想家阿左,4,2011-05-27 18:39:10,0,it'stoolatetosay~~
狮m.,NaN,2010-04-04 13:05:02,0,高二时候既冲凉房哈哈.missu.~~~~~~~~~~~~~~
milvaro,4,2009-02-07 20:13:54,0,就俩字：好听！
TONG,5,2009-05-10 22:57:09,0,apologize。。。多好听啊，难以忘怀啊。
快乐胡仔,3,2011-09-12 20:51:31,0,为什么评价这么高！！我觉得它一点都不好听！！真讨厌美国流行乐！！越听越烦啊啊啊！！！
MmmmMegan　★,4,2009-11-06 19:49:41,0,Apologize
葬小葬小葬小葬,5,2011-03-30 20:39:32,0,ButI'mafraid...
Miss.Yorkshire,5,2010-04-09 18:20:13,0,正！
Gone。,5,2010-04-23 21:17:55,0,我爱的声线。
棒棒der~,5,2011-07-24 20:48:02,0,真心好听爆了
弗朗索瓦张。,NaN,2008-03-16 14:05:15,0,在夜店散场时放的好歌
Christy,5,2013-03-11 22:40:50,0,neverbetoolate~
asoholic,5,2010-10-11 23:29:48,0,高一美好的回忆。
Foooooo,5,2013-04-09 16:55:39,0,那年，我们在大学校园
葱爆羊肉,NaN,2011-06-14 18:44:21,0,刷专辑~
樹君,5,2010-02-17 16:39:26,0,好听到我无语……当初天天听听到自己都听得想死了为止……
NeW,3,2012-03-24 20:27:42,0,後知後覺...remix版更好
照乘,5,2010-07-16 23:33:34,0,toolate
