user_name,star,comment_time,vote,short
神威太太,5,2008-05-17 12:23:42,92,一想到JamesBlunt的成名曲是他窝在坦克里写下的就觉得即唯美浪漫又悲怆激情
文泽尔,4,2007-10-24 17:27:44,40,这张几乎每首都爱，最喜欢的是GoodbyeMyLover
韧勉,2,2008-09-10 20:52:33,13,其实除了那两首大俗，其余都是一堆糟泔！
Bill,5,2008-07-14 00:03:47,20,You'reBeautiful一曲惊艳全球很喜欢GoodbyeMyLover每首歌都值得一品
BlackScholes,5,2014-01-06 12:24:56,9,youarebeautiful，goodbyemylover，tearsandrain，billy，cry专辑循环一次哭一次
英恩,5,2010-11-10 10:15:39,2,JamesBlunt可以告诉你，什么是这个世界真实的样子，它不安，动荡，还有恶意。可是我们听着歌的人都会安于自己内心的爱和温暖。这个世界如果因为自己的存在而多一份爱，是一件多么舒坦的事情。
果酱☮,5,2008-12-10 02:38:03,1,虽然You'reBeautilful已经烂大街了，但是看James唱现场还是感觉很不错的。
tlmgt,1,2013-05-25 19:23:07,1,磨磨叽叽
ζωήιδ,4,2008-06-11 10:23:28,3,简直太流行了，流行到婚礼和葬礼用曲都能从他的专辑里解决掉。Urbeautiful=婚礼。Goodbyemylover=葬礼。
TakeItEasyTed,2,2012-11-20 14:08:59,2,来啊继续造，看英国垃圾乐评还能造几个神出来
L I M O,5,2007-01-12 13:27:34,0,再見，我的愛人。
DeerColin,5,2013-10-23 09:32:27,1,JamesBlunt大概也是极少能让我感到颤抖的欧美男歌手了。第一张专辑很经典，为他带来无上光荣，他也值得歌迷去歌颂！
令糊葱,5,2007-12-14 00:54:43,0,还是算英伦好了……
丶,4,2011-12-10 11:26:32,0,其实除了urbeautiful，他还有很多好听的歌。
zard砸得王大崩,5,2006-12-26 00:25:58,0,一夜成名。
猫打喷嚏,5,2010-04-24 20:48:28,0,很棒的！沙哑的声音总是能吸引我
Samuca,5,2010-05-26 23:02:53,0,那一年的goodbyemylover
meiiii,5,2010-11-14 01:33:50,0,youarebeautiful
夏日扬帆,4,2010-08-12 06:41:46,0,独特的嗓音和演唱方式[you'rebeautiful]
火龙果不耐受者,5,2013-11-25 13:10:17,0,非常耐听！
小魔@优雅穿梭,4,2009-12-31 15:58:55,0,这个城市流行歌
Summer孙夏天,5,2011-06-10 17:28:48,0,You'reBeautiful
{ 少爺° },4,2007-09-16 06:39:48,0,2005，goodbyemylover陪我贺岁。
莊小壞,4,2009-03-21 23:02:12,0,3.7－－－泛滥的流行。
Luffyjun,5,2011-05-29 10:53:53,0,《Youarebeautiful》好听啊
大头绿豆,5,2006-03-03 01:44:18,0,打动。
落羽杉,4,2010-05-27 09:08:02,0,很有力量
mosquito惟,5,2010-09-27 13:02:40,0,!!!
娅,1,2010-07-18 13:09:39,0,可以死了
不非否,4,2015-08-29 02:55:43,0,一半很好听一半差一点
神秘金针菇,5,2010-10-25 10:14:55,0,作为军人出身，生活给了他全部的素材，而他运用的实在出色。
和风莫吉托,4,2011-03-10 00:01:34,0,我睡前听人家葬礼上听的音乐
薇羅尼卡,4,2006-06-18 01:11:46,0,还不错，词很好~~
幸福超市总经理,4,2017-12-09 03:24:21,0,听完了英伦新流行天王的卖座专辑，已经3点多，夜色里，猫守护在我旁边，而音乐不止，人生不熄，夜与昼的交替，写满感慨与悲哀……
林里安,5,2006-03-24 20:47:51,0,youarebeautiful，我最喜欢的歌
Syc,5,2009-11-26 13:10:48,0,1、You'reBeautiful2、GoodbyeMyLover3、TearsAndRain
Tatiana,NaN,2008-09-02 13:22:23,0,GoodbyeMyLover
你今日飲咗未,5,2011-01-10 00:01:21,0,他的歌咋都一个调调。。。。。
Белка,5,2009-05-12 12:50:45,1,前两首就决定5星了><Isawyoufaceinacrowdedplace，AndIdon'tknowwhattodo，'CauseI'llneverbewithyou.多年前就爱的一段，终于听完了这整张
Pumpkinhead,3,2011-02-01 02:31:16,0,3.5好声音顺耳太多了就俗
IVAN,5,2009-11-03 18:07:34,1,You'reBeautiful被一汽大众做为新宝来广告曲You'reBeautiful个人鉴赏　　　　这无疑是一首伤感的歌。歌者遇见一个美丽的女孩，但他却无能为力拥有她，只有眼睁睁的看着她与旁人而去。　　然而令人震惊的是，在歌曲尚未开始之时，当前奏仍未结束之时，歌者竟脱口而出“Mylifeisbrilliant”。这种摆脱内心无限孤苦的大无畏精神几乎要令人落泪。　　随着音乐的渐渐进行，歌者也向听者讲述了具体的故事。在人海中偶遇的一个女孩，她那美丽的微笑，她那貌似不经意的对视，令歌者怦然心动。无奈的是，她身边已经有人。歌者用了一句诡异的“I'vegotaplan”，将我们带入了他的内心世界。她的美丽是歌者无法抵挡的，在看见她的瞬间，歌者感觉世界都停了下来。但众人的脚步却没有停。在擦肩而过的几秒钟内，歌者内心世界经历了人生中也许最大的苦痛，与美丽就此告别，心中的无限遐想也在瞬间成为了泡影。一个高昂的“flyinghigh”，在冥冥之中透露了作者心中巨大的起伏。　　众人继续擦肩，眼看就要分离。歌者回过头来，他知道，自己永远不会个这个美丽女子在一起。但他心中并不是完完全全的懊恼与焦躁。于实于虚之中，歌者仿佛看见了一个纯洁的天使，一个象征了美好的天使，和自己别过。基督教文化中，看见天使即为幸事，无须拥有天使。　　歌者坚强的朝前走着，他知道回头看身后的女子也无济于事，因为自己迟早要面对现实——I'llneverbewithyou.　　在我们的生活里，又何尝没有过这样的经历呢？茫茫人海中，无意中抬头的一瞥，很可能让我们为之心动。但我们只能选择错过，因为无数的理由。　　用这首歌来代表我们所希望的但却不能拥有的，无比美好。
··不联络··,5,2011-09-13 22:19:06,0,You'reBeautiful...isture!
海孩等pk14,4,2011-12-08 07:39:15,0,童年
Blues Bill,5,2011-07-02 20:11:49,0,是挺不错的，但是我讨厌那些把他吹上天的言论。
中世纪福音工人,5,2012-10-27 14:20:03,0,经典
Seamoon,5,2011-05-16 15:26:26,0,值得下载的一张。
逅宝,4,2007-08-30 13:16:08,0,goodbyemylover
小隐隐于浆糊,5,2010-03-05 21:19:12,0,youarebeautiful
小岩菽,5,2011-12-16 21:54:38,1,我竟然隔了七年才完整地来听这张专辑。之前全世界都在放you'rebeautiful到最后也只会唱那么两句，却在听了goodbyemylover之后感动得要死要活地学会唱了。JamesBlunt的怪声音唱失恋最合适了。
日烟火,5,2009-01-07 13:01:34,0,我被URbeautiful秒杀了。
BiuBiu,3,2010-06-25 22:05:23,0,后知后觉
北,5,2008-03-18 17:02:47,0,很多年以后，我还记得那天我到摩纳哥的那天下午，空荡荡的候车室里放着他的歌，GOODBYEMYLOVER
α,5,2006-06-27 07:59:55,0,喜欢。足矣。
某线,NaN,2008-01-02 20:16:04,0,爱死
不要焦虑浣熊妹,5,2010-10-16 14:12:15,0,妖孽类的
昏睡的哦莫纳,3,2009-10-15 08:22:23,0,不变的风格==
wwei,4,2006-03-12 16:13:22,0,我知道我打了4星可能有人会晕倒
忘年,NaN,2008-04-27 00:23:37,0,完美
半吊子社畜阿九,3,2007-08-08 01:01:16,0,听来不错，最喜欢You'reBeatiful
五月微蓝,5,2007-10-27 17:47:30,0,这么好听的声音虽然有点晚还好没有错过
水果君,4,2011-07-08 22:43:04,0,既能当POP歌手！又能当皇家士兵！！
蕉,5,2010-03-01 17:34:41,2,当你经历过了战争。你就看过了世界。高三强心针
掩杀,3,2006-06-22 13:36:32,0,英伦
丹,4,2006-05-30 23:06:28,0,感觉对了，就是他，以后呢？他会过时的。
BluerElephant,NaN,2009-10-07 16:48:44,0,好多黑人喜欢唱这张专辑的歌
ｅｍｏｌａ,3,2013-04-25 21:28:16,0,想起这个段子——Onlytwopeoplethinkyou'rebeautiful.YourMumandJamesBlunt.
Happy Wiggin,5,2012-10-21 21:50:31,0,太奇怪了居然没标过【。
做人呆呆,3,2009-09-24 01:15:28,0,英国烂大街的pop碟，jamesblunt的声音太容易使人生厌了
≌菩提风花,5,2007-03-31 18:03:54,0,我之大爱
Yazawa,5,2011-08-26 10:14:56,0,竟然没有标记过.听的第一张CaptainBlunt的专辑，经典的婚礼之歌和葬礼之歌都出自这张专辑.但最喜欢的还是SolongJimmy...
ipis,5,2005-08-29 11:49:29,0,其中You'rebeautiful属于慢热型的歌曲，越听越好听
[已注销],3,2009-08-30 12:22:16,0,歌词啊调子啊都不错但是这嗓子总让我觉得别扭……
kingfish,4,2006-07-05 15:55:08,0,cry，hi，TearsAndRain
痴人,5,2007-10-28 19:54:28,0,高三时迷恋的沙哑嗓音。。
靠谱青年™🌈,4,2008-04-23 18:57:51,0,上尉，呵呵
Ying,5,2010-10-12 06:51:06,0,goodbyemylover
战国客,5,2009-03-04 13:53:05,0,You'reBeautiful&NoBravery&GoodbyeMyLover
许玉玉,5,2006-03-17 15:53:36,0,爱上JAMESBLUNT
chaton,NaN,2007-10-03 23:52:57,0,小诺，满满的小诺。
豆腐脑敢死队,4,2013-03-10 23:50:54,0,http://www.xiami.com/album/168660?ref=ac-index
抽屉的烦恼,NaN,2008-06-10 07:51:47,0,觉得比第二张好
学姐金角,3,2010-12-26 20:49:17,0,真不知道为什么在中国这么受到追捧
卡羚,4,2007-08-18 10:37:54,0,可能是我体会得还不够深吧……
黛二小姐。,5,2009-09-27 22:40:50,0,nomorethanword
煮蓝,5,2009-06-06 10:09:12,0,是的我也觉得他的声音像是Maroon5的主唱，是的我也觉得他留起来胡子还是显得天真，是的我也会留意Goodmylover的歌词，是的我也把U'rebeautiful单曲循环了一百遍。对于JamesBlunt这样的男人，怎么爱都未够。
Meteora,5,2009-04-19 18:09:28,0,BackToBedlam
JoKe8,4,2007-08-28 12:02:05,0,JamesBlunt到目前最经典的一张，声线嗓音确实很独特
彰,NaN,2011-08-08 14:05:27,0,Damien~~诗人
饭夫斯基,4,2009-08-12 01:24:10,0,哪那么多逼大深沉的感受。也就一般，有几首不错
器官坏死,NaN,2008-04-13 18:12:35,0,非常经典
再见小狐狸,4,2014-02-19 14:50:23,0,在一首<You'rebeautiful>之后，JB红遍全国。如今细细听来这张名为<BacktoBedlam>的专辑，“重返疯人院”的含义让人有点摸不着头脑，可能在他的心中还住着另一个如疯子般的自己。超爱<Goodbyemylover><Tearsandrain>.
菲以,3,2008-08-20 14:39:26,0,其实我真没听出好在哪里。
大兒童,NaN,2008-11-18 22:05:51,0,goodbyemylover收服了我
Ziyue,5,2012-04-29 15:17:06,0,高中的最爱之一
TRUTH CN,5,2010-08-26 23:31:31,0,忽然想翻出来重听，发现当时下的居然才是128K的版本==于是重下~
夜国,4,2010-03-14 05:12:48,0,High，You'reBeautiful，Wisemen，GoodbyeMyLover，Cry
Amik的女朋友,5,2014-09-23 10:57:49,0,哀而不伤。
Sign,5,2009-08-14 12:28:10,0,【4.2】
六月天蝎,5,2012-02-20 17:58:37,0,TearsandRain，You'reBeautiful，百听不厌的两首。
moon酱,4,2012-09-18 21:46:38,0,作为一个在欧美内不听男歌的人..难得有个男声可以让我推一下..记得第一次听他的时候给我惊艳得呦..
