user_name,star,comment_time,vote,short
tlmgt,4,2012-11-29 18:37:57,45,神曲效应····觉得全碟没那么神。突然觉得好多以前喜欢的歌手一下子就没那么喜欢了·····好凌乱感觉不会再累了············一直喜欢不起来《空白格》
北漠,5,2008-10-15 12:15:29,48,才女蔡健雅从友善的狗跳到华纳完成了完美转身她是一种代表，代表着石头森林中芸芸白领的那些淡淡的喜悦分离哀愁
香水瓶,5,2008-11-22 14:51:48,34,最喜欢那首当你离开的时候
光年‖影视歌三栖民工,4,2011-08-24 03:35:17,38,达尔文好听
Bill,5,2007-12-04 13:35:49,16,完美诠释了什么叫做『唱作俱佳』略微少了一些上一张碟的惊喜与震撼但仍是体现实力的作品反反复复仔细听下来可以感受到蔡健雅正在不断散发出的独特魅力
停用豆瓣勿cue,4,2016-07-23 23:42:40,4,刚刚找回08年在个人贴吧留下的记录，当年引进时当当网推出了两千套限量版，包括复刻台版DemoCD+海报+《达尔文》吉他弹奏谱+拨片，现在找不到实体图了。当当网的宣传页面居然还没失效→http://static.dangdang.com/music/topic/847_8401.shtml
颜良辰,5,2008-04-14 17:47:53,4,失恋的人，热恋的人，还没有恋爱的人……都可以听的一张专辑。在Demo的时候就很喜欢的三首，经过重新编曲之后，更新打动人心。整个世界开始崩塌了，当你离开的时候。
锐利修蕊,4,2009-10-18 14:42:30,3,当你离开的时候，如果你爱我。
沉默电话,5,2011-08-09 10:05:05,3,Goodbye&Hello、达尔文
Song³,4,2008-09-16 18:18:50,5,第19届金曲奖最佳国语女歌手
L I M O,5,2008-01-01 00:59:13,0,再見。
神探夏洛特二世,NaN,2008-12-13 11:27:53,0,除了达尔文和晨间新闻都不是非常喜欢，一般般吧
李风,4,2012-02-18 02:49:35,0,其实在这一张专辑里蔡健雅的模仿倾向还没有完全表现出来，但是也钻了一些小空子，但是毕竟从制作风格上来讲在华语女声中仍算难得，也相对比较耐听。
猫打喷嚏,5,2010-04-27 19:46:08,1,这妞超有味道，喜欢
Ding,5,2012-08-10 22:02:20,0,空白格
zard砸得王大崩,5,2007-12-21 10:24:29,2,我珍惜的人和歌
ztlpoppy,4,2009-04-18 13:52:35,0,正版碟，买来了之后听了几个晚上哼了几天的达尔文
Claire,4,2007-10-28 19:53:29,0,【空白格】
要早睡啊minami,NaN,2008-04-02 10:33:49,1,只要是她，我便关注
令糊葱,5,2008-03-01 01:19:40,0,大爱。
眼角的花朵,4,2007-12-15 10:31:26,0,喜欢越来越不懂　就是突破不够　还是一直以来的都市调调
不良生,4,2008-06-08 00:09:10,0,城市的伤口。
Rebecca,NaN,2007-10-23 01:20:50,0,好听啊
凹凸代餐,5,2008-07-27 11:38:12,0,Goodbye&Hello
MochaTong,5,2007-12-30 23:47:42,0,近年来少有的首首精良。
英恩,5,2010-12-24 09:26:53,0,非常非常推荐
夏日扬帆,4,2014-06-09 21:53:15,1,这张属于耐听型。高中时候听的TANYA的歌，很多并不来自这张，但是后续被众多歌手翻唱选秀唱过后，发现真的挺耐听的[当你离开的时候，空白格]
YoyoRan,5,2010-04-28 22:29:16,0,空白格达尔文
DeerColin,5,2012-11-17 22:19:13,0,依旧优质好专辑，歌词很有意思，《达尔文》两个版本都很喜欢，《越来越不懂》很有共鸣，最感动《空白格》，《晨间新闻》歌词很有趣！
肥匪廢·老🐰,3,2014-08-08 10:26:20,0,一张没引起太多关注的专辑。
thundercat,5,2007-12-01 12:50:33,0,原来你的青春也不是没伤痕
易召,5,2008-08-12 21:56:20,0,每年都有一张都会女性代言人专辑。前年是SANDY，去年是她。完美如初，所以好评如潮。溢美之辞详见豆瓣所有评论。
Summer孙夏天,4,2011-01-26 10:31:28,0,当你离开的时候
小M,4,2007-10-29 15:51:19,0,喜欢她的嗓音
狮子人,4,2007-11-16 15:01:15,0,悄悄喜欢你。
纨卿,NaN,2007-12-11 11:17:15,1,听她时一定是T-time
伊豆,4,2008-01-17 00:46:07,0,也是以声音征服大家的女歌手，有几首歌听到死都不会腻。
Ridden,4,2008-10-21 10:42:18,0,越来越不懂。
飞老湿,4,2013-11-04 15:35:17,0,【听过补遗】这张之后的蔡健雅都一个样，还都超越不过这张。但光说这张四星是绝对的。
石小po,5,2009-12-28 03:39:48,0,这张算很经典了
大海边的憨豆豆,5,2011-01-29 13:47:17,0,达尔文，下次唱K要试试
BlackScholes,5,2013-12-12 09:04:49,0,歌詞旋律曲子都對胃口空白格
KeneL裤头,4,2007-11-23 00:07:29,0,<达尔文>原来是写给阿臣的~难怪我这么喜欢
谁亲爱的偏执狂,5,2010-09-04 13:32:39,0,我嫉妒这女人的声音
花伦,5,2012-01-29 01:13:17,0,首首经典
Karonen,4,2010-04-03 14:40:30,0,虽然我被Tanya对TWP的连续两次模仿搞的十分无语，不过还是喜欢这张的晨间新闻。
韬,5,2014-03-17 20:58:06,0,我觉得这张专辑可以和陌生人并列为蔡健雅最好听的专辑。
薇羅尼卡,4,2007-10-26 11:55:53,0,EP里的比较好听～
XB,5,2007-12-13 10:20:39,0,Tanya是不同的，声音里带着男子的强烈，用不失女子的温婉
Ir,4,2008-09-29 21:12:06,0,蔡健雅是越来越有味道了！
RoJay,5,2013-05-29 16:49:58,1,听着听着外面就打雷下雨了……
徐大阳,NaN,2011-01-29 13:28:25,0,越来越不懂，达尔文.空白格.
Tatiana,5,2008-04-05 17:10:33,0,达尔文
Illusion,4,2007-10-29 08:10:42,0,0908，我听到的只是一片灰蒙蒙
沉歌,5,2007-11-15 13:37:52,0,越来越不懂
牙3牙,5,2007-11-13 20:06:01,0,如果全世界只剩一首歌
明法™抗议豆瓣删组,5,2008-02-04 12:46:19,0,让人有落泪的感觉
煮蓝,5,2011-01-08 00:08:10,1,我是如此不爱蔡健雅小姐的声音，但是这张专辑还是彻底地征服了我，在关怀和冷静之间的完美平衡，我觉得这是她最棒的作品，要超越实在是太难了。
M,5,2011-08-07 10:49:07,0,这张唱片帮我撑过了人生中最冷的一个冬天。
日烟火,NaN,2008-09-07 18:48:15,0,第一次听，想尝试
千寻｜Scorpio,5,2010-03-06 10:33:42,0,我听过关于她的歌并不多，最着迷于这张专辑。
三言,5,2010-02-11 13:24:19,0,寂寞城市之歌
momo,5,2009-07-18 18:03:58,0,最爱的那个你的最爱的一张专辑
秋熙,5,2013-04-15 16:15:35,0,反复去听，感触依然。
脫繮的蛇肉堡,3,2008-08-07 21:11:49,0,进化论还可以。化学实验太让我失望了。==
賴床不起。,5,2008-03-25 09:09:12,0,喜欢你简单的感觉
五月微蓝,4,2008-02-03 10:56:21,0,Tanya总是可以打动人。
程萬萬金,2,2008-01-13 13:50:04,0,相比之前。略微遜色。
你是桌子我是布,5,2014-07-08 09:56:24,0,唱着自己的步调和生活的蔡健雅在这张专辑中呈献了城市男女的孤独和烦恼难得的一张上下班公交地铁专辑
ヽ 丶詸゜,NaN,2007-11-24 18:57:13,0,喜欢～＜～
一又,3,2007-11-23 22:56:27,0,我庆幸这种距离.
TristanShen,4,2009-01-23 11:05:36,0,4.2
NeonBible,5,2013-04-30 18:03:43,3,蔡健雅第六张国语专辑。目前为止最喜欢的一张蔡健雅的专辑。专辑名用了GOODBYE&HELLO，这首歌并不是说有多好听，但是却表达了一种很棒的人生态度。达尔文，当你离开的时候，空白格，越来越不懂，这么多好歌，真是棒。
KAVA,4,2012-03-09 22:13:48,0,科学家蔡健雅。。
baichi0038,4,2010-03-27 12:00:37,0,无论如何~爱情疗伤故事系的女声必定有她~上一张是感怀~下一张永远是期待~
靠谱青年™🌈,5,2007-12-20 00:47:51,0,越来越不懂
某水,5,2010-07-06 11:20:52,0,百听不厌
Jesse,5,2010-03-21 16:35:55,0,越来越不懂
许玉玉,4,2007-10-24 12:55:56,0,原来你还在~
贾郑婧,4,2007-12-25 22:36:13,0,不错，有水准
金拾壹,NaN,2008-06-17 11:50:56,0,超级喜欢
得我艳与天齐,3,2009-01-18 15:46:57,0,歌还好我实在不喜欢这种声音
斯 琰 🌈 🍭,5,2011-06-25 16:47:53,1,凭这张从静茹的崇拜手上抢下最佳女歌手，没有令人失望
辣碗痞丝,4,2014-09-18 19:38:24,0,那时候真是
叭卦我最懂,3,2014-09-26 15:30:58,0,听多了有点腻
熊仔有些扛不住,5,2009-01-16 21:50:23,0,得不到的就更加爱，太容易来的就不理睬
tavico,5,2008-07-07 12:03:13,0,创作的全面化和整体化
ナマグサボウズ,3,2015-11-11 15:44:52,0,如果不是那首抄袭的歌曲我可以给5星
小小,3,2010-09-15 13:50:20,0,收两首。走过的路和越来越不懂。也许我过得不够认真。读进化论，我赞成达尔文，没实力的就有淘汰的可能。
器官坏死,NaN,2008-03-26 15:50:15,0,喜欢她的声音平时朴素的去诠释每个感情的故事，让我在悲伤中疗伤～
Bio,5,2012-03-27 17:07:31,0,老孙，还我专辑！
大兒童,5,2008-12-12 20:12:23,0,怎么都喜欢。
mikaholic,2,2009-01-04 11:18:51,0,那麼繁復..太都市啦..
洛一,NaN,2011-11-28 09:25:27,0,当你离开的时候。
麦小麦,NaN,2008-03-12 11:48:38,0,一如既往，看见一个不同的世界
六月天蝎,4,2007-11-15 12:10:22,0,蔡健雅的声音越来越有质感了
Submarine,5,2015-04-25 16:03:05,0,8年啦
巴  士,4,2010-04-23 17:54:38,0,每K必点晨间新闻
0405|Love&Life,5,2008-10-04 18:35:12,0,音乐疗伤.喜欢那声音
dooling,3,2007-10-21 08:39:11,0,没有陌生人那张那样让我觉得不妄等五年的慰足
