user_name,star,comment_time,vote,short
Bill,5,2009-05-02 13:03:53,172,整体质量超一流上乘沙龙于心有愧
潋 | Béatrice,4,2013-04-16 11:55:46,157,音乐性高，流行性低。
莫呼洛迦-屁股上的青春在歌唱,4,2009-04-13 00:18:12,33,很TVB，但是很好听。
光年‖影视歌三栖民工,4,2010-04-22 14:25:29,42,不喜欢盲从。但是静静听了之后，我真的觉得好。
Song³,5,2009-03-27 20:48:32,14,新艺宝。//喜欢《今天只做一件事》，《沙龙》以照相来比喻爱情快来的爱情不靠谱快去也难免一句即影即有售罄菲林都已拆走但是冲动用完又再有每一次感情来得快去得也快我以为感情已经耗尽但是冲动用完又再有
饥饿艺术家,4,2009-03-29 16:35:43,2,同之前都差唔多。。
tlmgt,3,2013-08-02 21:46:34,6,没怎么认真听过这张。唱得真好，封面真好，可惜大部分歌我都不喜欢。有些喜欢也只是喜欢一首歌的一部分，比如《今天只做一件事》《一个旅人》《七百年后》。《沙龙》原来是他自己作曲的，厉害。
停用豆瓣勿cue,4,2012-02-12 02:47:21,4,「今天只做一件事」「太阳照常升起」「于心有愧」
锐利修蕊,4,2010-12-11 14:03:58,4,对你有愧，愧对于你。
zard砸得王大崩,5,2009-05-04 23:12:57,5,音乐有点看开了的感觉。算是在商业和喜好上找到了平衡。爱于心有愧和沙龙。分属林sir和y生的气质
PabloHoney,4,2009-03-28 00:02:29,1,最喜欢第一首歌了！
三层保暖,4,2009-11-22 19:34:50,1,沙龙
吴嘎嘎,3,2009-03-28 20:08:53,0,没感觉
33迟来_小小岛,3,2013-12-24 15:55:04,1,我算是发现我不怎么喜欢陈奕迅
L I M O,5,2009-06-02 17:12:47,0,今天只送給你。
半袖,2,2009-10-07 14:39:24,3,《一个旅人》
L+,4,2009-03-23 19:31:37,0,额
瓜。相信这个世界很变态。,4,2009-03-27 00:16:06,0,渐入佳境。
長閑,5,2009-05-31 17:58:21,4,蔷薇将春光，如一的给了最细致的味。茫茫人海，或有几多漂泊与淹盖。
StevenTong,3,2009-04-09 18:48:33,0,自己鬥自己，贏咗情義，輸咗内涵。
Hao,5,2009-04-27 13:10:26,1,封面和风格至今想不到一起。
Margo,5,2009-03-25 22:17:29,1,因為你是陳奕迅...這一張在如今流行音樂界不只是够了，而且是太超過了
猫打喷嚏,3,2010-04-27 19:44:20,0,流行天王我咋就喜欢不起来。。
香水瓶,5,2009-03-26 14:01:51,0,于心有愧
苏格,4,2009-03-23 12:19:04,0,柳重言，周耀辉，C.Y.kong，林夕，黄伟文……依旧和eason一起做着可信赖的流行乐
Nuage☁,5,2009-03-23 19:18:34,0,于心有愧
何小刀,5,2011-10-27 13:47:42,0,陈奕迅后期最均衡无缺的一张专辑，周耀辉《还有什么可以送给你》《今天只做一件事》，举重若轻。七百年后情怀满满，《不来也不去》，痛如骊歌，乐如儿歌。陈奕迅作曲的《沙龙》，“其实人生，并非虚耗。”《于心有愧》苦大仇深了一点。
英恩,4,2010-08-12 21:56:44,0,於心有愧
易召,4,2009-09-12 22:09:02,1,其实人生并非虚耗何来尘埃飞舞
YoyoRan,3,2009-03-26 23:20:37,0,看到这个封面给个三星！
ladybird,5,2009-03-23 14:22:15,0,封面够帅
with,5,2009-03-23 13:38:05,0,好吧我是時候說「聽過」了
P_Unicorn,5,2009-03-23 13:26:40,1,每首歌都好听
李念河重出江湖,5,2009-04-10 18:35:25,0,话说陈奕迅一直是我喜欢的呢。
eloise暖,4,2009-10-30 23:37:36,0,胖子佳作一堆太偏爱了吧。。
Seamoon,5,2009-09-09 20:41:06,1,能够让我在看樱桃小丸子看到一半的时候按下暂停键，不会是一般的音乐。记得从前听7，不知是精选集，前三首过后变开始不满，回顾一看才发现原来都是经典。而这张专辑简直优秀过精选集。遗憾自己下载后隔了半年才听，虽然周杰伦还没有发片，还是选这张专辑为今年最心水专辑吧。
伊豆,4,2009-10-26 13:40:26,0,我喜欢于心有愧、沙龙、还有什么可以送给你。
莊小壞,3,2009-03-27 23:06:20,0,3.5－－－声线依旧，只是音乐少了些东西。封面好像萨达姆。
DeerColin,5,2015-02-08 18:49:08,0,从头至尾，Eason又认认真真做回了陈医生，真的非常舒服，非常非常舒服！
雷貝卡,5,2009-05-20 20:20:27,0,真守時。
zitsunari,4,2009-03-23 19:16:03,0,不来也不去今天只做一件事沙龙于心有愧
深津奈留,4,2011-06-05 16:07:54,0,下午豆瓣电台一直丢华语给我。词很好。
○Ⅴ○,5,2011-01-06 19:31:02,0,用情极深
后后崩,2,2009-05-20 02:58:49,0,看作词作曲。
A L E X,5,2010-12-24 19:24:19,1,还有什麽可以送给你
JUN,NaN,2010-06-05 03:05:35,0,阿臣新专辑，都系甘正。虽然只得一首wyman
Ariel .Fly,5,2009-03-29 14:07:18,0,五星是给我自己的。喜欢是自己的事情。
逆风飞扬,4,2009-03-24 23:32:34,0,暂时没有惊喜的地方
研磨_Lynette,5,2009-05-12 13:02:58,0,怎么那么有画面感。。。
槿落,5,2014-05-22 14:26:21,0,每首都赞爆
Pandy,5,2009-03-31 09:46:18,0,听了整整一个月...用来抵抗各种病痛噩耗现实当下，正好
Bartholomew,NaN,2009-03-23 18:24:03,0,耐听
神秘金针菇,4,2010-11-26 11:08:46,0,七百年后
塘坑一姐小渡边,3,2019-01-18 09:15:21,0,陈奕迅最帅最sexy的封面造型，一姐对着封面打过好几十次plane。虽然音乐不咋地，全是特么的温吞水半死不活，‘耐人寻味’其实白开水一样乏味。跟萧亚轩《爱上爱》《三面夏娃》一个德兴，就当买了写真集，附送了一些歌。
安东妮,3,2009-03-25 22:00:25,1,一片叫好声，真不觉得好听，扯着嗓子唱的太多了。。七百年后去去去，于心有愧去去去。林夕你的歌词写得真悲惨。就《今天只做一件事》小爱。我喜欢你低低的温柔的唱诶，Eason
Yome,4,2009-05-01 13:49:58,0,還是粵語大碟贊!
走走走走一,4,2009-03-27 14:45:45,0,听完五遍之后，给四星。但我多么多么希望，医生能再出一张让我心悦诚服亮五星的专辑来啊。嗯。
夜川直心,5,2009-03-25 01:01:24,0,我的最爱
怀山鹿,5,2010-01-30 11:55:37,0,越听越有味！加分！沙龙，于心有愧，七百年后~~~~~！！
你好代号君!,3,2010-01-21 21:22:59,0,一个旅人。
yupei,4,2009-05-09 02:23:17,0,有些熟悉又有些陌生
滋滋,3,2014-04-19 20:04:42,0,其实我挺喜欢医生自己写的曲子，可惜都是比较鸡肋的位置
流空破刃,5,2011-02-02 15:21:25,0,其实我很喜欢这张的概念的，movingon一年天天对着那几张脸对到生厌的一帮bandsound，一人一曲地做了一个纪念品。有新人，有早过了创作全盛期的乐手，有从没有大热作品的音乐人，甚至还有一个难得写歌更难得写hit歌的死胖子，概念有效果有整体性也有，玩bandsound，他用戒烟后复吸的早期声音加了分。
嗷拜拜,5,2009-05-18 13:52:54,0,我爱你
米粒,5,2010-10-22 00:49:58,3,这张也太好听了
挂拉,5,2009-04-03 18:51:12,0,听到第一首就可以给五星了。
小隐隐于浆糊,5,2009-05-11 12:56:13,0,耐听
kokki@靠模子,5,2009-03-29 09:34:02,0,还有甚么可以送给你
时以星,4,2009-03-24 14:38:37,0,陈爸爸开始清淡、温和。陈爸爸封面很型。黄叔叔的词仍然最有心。今天只做一件事，这不是我吗。
Wanderin',5,2010-08-30 23:08:57,0,我才发现九首里有五首我点了红心。医生，Savemysoulplease…
撒野,4,2009-03-28 21:55:40,0,爱你没商量
孟小红,NaN,2009-05-18 21:52:21,0,我好喜欢这个look
一絲不掛,4,2009-03-23 18:39:31,0,好多歌的编曲都太相似了，听多了疲劳，单调。陈EASON地声音状态很好，很松弛。WYMAN才得一首词！！！！
雪翎,4,2010-07-19 01:05:03,0,依舊EASON。
Vince♫,3,2009-04-03 18:03:15,2,一般般。。。。
复活节彩蛋,4,2009-03-24 09:49:18,0,因为是EASON。。。
拾叁空城,5,2009-11-21 11:54:16,0,尽待
jj73浅之,5,2009-03-24 09:34:19,0,这封面简直是另一个浅爷啊！！！！！！！！
momo,5,2009-03-29 12:24:18,0,没有失望。
娘口三三,5,2009-04-01 13:03:58,0,绝对好歌
拔草非非,3,2014-04-20 22:43:53,0,每周打扫卫生都要放一张没听过的专辑做背景音乐
低調小姐 - VG,4,2009-03-25 00:21:09,0,沙龙，七百年后
Soda兰,4,2009-05-05 23:03:52,0,我也难得认同弱智李一次——沙龙的收尾的确挺成功~
破产君,4,2009-03-23 19:51:33,0,LifeGoesOn/沙龙
五月微蓝,5,2010-05-22 19:29:02,0,其实完全没听懂在唱什么，但又有什么关系呢？
旺美酱,5,2009-03-28 19:45:04,0,真呀嘛真好听
小宇宙,3,2009-04-05 21:47:17,1,就是对eason没feel我真奇怪
宇文宙,3,2009-04-08 22:57:34,0,喜欢七百年后，其他尚可。
原獸god,4,2009-11-24 15:18:10,0,誰給加的好好好賣……
Vianjane.,5,2009-05-26 10:14:59,0,因为有那首沙龙.所以给你五颗星=)
恶魔的步调,4,2009-03-24 11:12:55,0,沙龙不错
安小安,5,2013-05-26 13:34:41,0,好好好卖。
TristanShen,4,2009-03-27 18:47:04,0,3.9
partisan seed&,4,2010-01-16 14:42:01,0,700年后~
魚樂無窮xD.,5,2009-04-12 19:05:12,0,我的阅历不足以去完全鉴赏><.但触动我的地方.我还是感受到的
琴酒,4,2009-04-18 12:36:06,5,有一种人，他本身的存在就是最好的事。
[已注销],3,2009-04-06 11:48:43,0,没感（摊手
打破,4,2009-04-25 19:42:36,0,晕被吓到了，一开始完全没看出来是EASON!
stranger17🎐,NaN,2009-03-24 17:40:36,0,哦！新造型~
上野千驴子,4,2009-05-23 00:41:19,0,医生的粤语碟总是这么那啥=。=
