user_name,star,comment_time,vote,short
Bill,5,2011-04-20 04:21:23,9,谢谢陪伴。
psycho DC,5,2011-10-07 17:25:26,8,男巫！！
夏日扬帆,5,2010-02-16 09:07:12,4,完美的
1806,5,2011-05-06 17:24:57,8,打二星的是傻X
tlmgt,5,2012-04-07 02:16:16,4,~~~~^^
鸭酱,4,2010-05-02 18:53:51,4,我发现我英语听力真是差的可以。。。看歌词儿才发现跟我听得不是一玩意儿。。
Song³,5,2010-07-14 09:59:15,0,http://v.youku.com/v_show/id_XMTY2MDAzNjY0.html
○Ⅴ○,3,2010-04-27 19:50:03,2,作为高分EP..对这张挺无感的
丶,5,2011-12-21 22:41:22,0,如果你喜欢这种害羞大男孩嘻嘻呵呵对你唱着情歌的感觉，一定不要做过这首歌。
猫打喷嚏,4,2010-04-26 13:54:28,0,民谣，耐听
Samuca,NaN,2010-05-26 23:04:05,0,封面是我的屏保。
mosquito惟,3,2010-07-11 20:17:41,1,都快满分了，这叫个什么儿事儿啊
肥匪廢·老🐰,5,2009-12-08 09:57:32,0,男巫……
刘小黛,5,2009-11-25 17:46:10,0,之前巨爱阿~
莊小壞,5,2010-01-17 18:38:54,0,5－－－超级好听。
眠去,NaN,2009-10-23 11:31:45,0,d@thailand
Luffyjun,5,2013-09-15 20:32:22,0,single。有人用吉他清唱，有人翻唱成爵士，总之是JM的神曲
大头绿豆,4,2011-06-12 13:52:38,0,简单。清楚。
Hey Johnny,NaN,2012-01-14 11:10:16,0,唱歌的嘴还真不是一般的歪
不擅长,5,2011-03-01 20:01:33,0,http://www.xiami.com/album/427606
Bartholomew,2,2011-06-09 20:43:27,0,好听个鸡毛
亞麻君,5,2009-08-26 21:14:37,0,很喜欢这首歌...
Yome,5,2010-03-28 20:31:47,0,最喜欢JASON的一首
Tatiana,5,2009-08-20 23:41:06,0,i'myours
就叫我陳先生,NaN,2010-04-27 20:14:54,0,en...
米粒,5,2010-03-26 14:07:01,2,太好听
莉莉🦁,5,2011-06-25 12:20:12,0,Thisisourfate，I’myours
zk,3,2012-04-04 09:52:20,0,吟唱
兜里个兜,5,2011-08-10 13:44:39,0,favorite~
喷农药,5,2010-10-22 09:24:46,0,<I'mYours>.
pulp croc,5,2011-05-08 09:33:30,0,太好听啦！
某水,5,2010-05-17 09:07:37,0,alltimefavorite!!
拦.....拦住Ta,5,2011-03-04 14:03:59,0,更爱radio版
猛汉世雄,3,2010-02-06 13:34:04,0,民谣食屎吧
aluuuuuuuuuuuu,5,2009-07-30 00:41:43,0,oneofmyfavouite
黛二小姐。,3,2009-05-25 17:03:35,0,难道我是另类？
菲以,5,2009-06-16 15:55:33,0,JASON又出现啦！这首歌还被PCHY翻唱，真是满足我一颗花痴的小心啊~
Gavin|江湖骗子,5,2010-02-20 21:37:57,0,Wooooooooooonderful~
凛,5,2009-08-04 21:59:49,0,I'myours，butyou'renotmine.
大兒童,NaN,2008-11-18 22:19:18,0,又是我喜欢的
0405|Love&Life,5,2010-08-29 20:10:25,0,就是这个版本，我最爱的这个版本。
711|湯不餓,NaN,2011-05-31 22:36:07,0,听了心情就好了起来~\(≧▽≦)/
Grace 2.0,5,2012-05-22 09:10:53,0,那年那个5岁小男孩抱吉他唱这歌含糊的发音的视频，至今也记得。好到让人想哭呢。
后端开发鸭先知,4,2009-02-25 17:06:02,0,……呃看见leefans有收藏然后我也就收藏了。。MV有点gay，我喜欢
minhe,5,2010-07-17 20:52:36,0,早已内牛满面
靡靡菲斯特,4,2014-07-22 09:26:57,0,原来这首是他唱的我也太后知后觉了。。。
每天一粒茶叶蛋,5,2011-04-04 23:41:24,0,IAMYOURS^^
凌汛,5,2010-01-27 21:03:42,0,去年的美国公告榜亚军啊啊啊
Tetsuling,4,2011-10-28 15:33:53,0,真是小清新
可风,5,2011-01-03 10:07:03,0,吉他开始刷的前几秒就爱上了
Lillian,5,2010-11-07 11:26:02,0,淡淡的
发财葵吉庆有余,4,2012-10-30 11:15:55,0,每当我心情低落的时候，都会听一听
Molly,5,2010-02-07 21:18:41,0,I'myours~好听好听~
HotzenplotzZz,4,2012-08-12 10:09:03,0,说实话这首歌在国内因为湖南卫视的功劳，已经逼近最炫民族风了
W.史密斯,5,2012-12-22 18:19:49,0,最近央视居然用这个歌儿做绿色环保的主题曲。。。。怎么想到的？
猪头小丸子,5,2012-02-17 14:49:46,0,绝对治愈系真想没有停止
F–A♭–F,NaN,2012-08-16 14:47:27,0,他的重拍都好像没有踩在拍点上的，而是慢半拍地踩，感觉很奇妙
全能小海龟,5,2010-03-28 11:21:26,0,jason！！
大赤赤赤赤赤兔,5,2009-12-24 18:28:31,0,这个冬天，如此温暖的男声。
抖抖抖兜,5,2009-08-11 20:47:10,0,延续轻快的曲风心情也会跟着好起来
sansfromage,5,2013-07-19 22:09:26,0,男巫声音太迷人了!现场也好有感觉~
快意恩仇的大象,4,2010-01-06 15:17:59,0,想说清新不想提到小清新。
Dr. ChaLove,5,2009-12-24 08:45:43,0,咱已经感受到你所做的一切~
Dita,NaN,2011-04-19 19:50:15,0,一年后再听真是不一样的感动~I‘myoursWHOCARES!!!BITCH!
韦恩斯坦_李,5,2011-05-15 22:03:13,0,简单，干净。
老姜饼人了,5,2013-03-17 22:05:44,0,（竟然没标记过……）
Rachel睿球,5,2012-01-06 15:22:49,0,Iloveyouguy~
艾瑞克里鳗鱼,3,2010-07-03 17:28:46,0,不耐听。
schizophrenic,5,2013-06-03 09:59:26,0,很喜欢这版~
漂书黄金屋,5,2009-12-12 19:36:23,0,很喜欢这样的旋律
Tango,4,2014-12-06 03:42:19,0,小清新界代表人物……
二號機❀Jean,NaN,2013-03-17 23:44:45,0,http://www.xiami.com/album/427606
宁宁哥智慧多,5,2010-04-29 17:44:18,0,I'mYours
大王叫我来巡山,5,2012-05-16 14:51:59,0,听大叔唱歌心情就是不错啊！！！
芙酪瓦,5,2010-01-13 23:27:46,0,清新~温暖~阳光~充满爱XD
朵小熊,5,2010-11-07 13:36:08,0,你的每首歌我都喜欢！
O,5,2011-09-15 22:04:09,0,纯净，安好。
Moscato,NaN,2013-02-05 23:58:09,0,http://www.xiami.com/album/427606
職業拖後腿,5,2009-03-23 08:52:07,0,我的男巫
哦,NaN,2012-04-02 09:32:48,0,soso
Zack,1,2013-03-10 13:55:02,1,我就是讨厌这首歌
Yuzu,5,2011-03-30 22:31:55,0,第一次听就爱上
aigohyuan,NaN,2009-11-21 11:51:51,0,原來這樣.......
希欧,5,2013-11-17 21:35:57,0,I'mYours~~~~~yes
卷卷儿,5,2010-12-02 10:59:17,0,曾经的你，曾经的我
鹅在我头上,4,2014-04-26 10:15:24,0,就……在特定的情绪下很有感染力。
无耻之徒,4,2012-10-30 16:11:26,0,I'mYours(AlbumVersion)
愤怒的小鸡8,5,2009-09-29 23:50:55,0,开车的时候可以无限次的重复
Lrrr,5,2014-02-17 00:51:57,0,虽然烂大街
咪子,5,2012-11-11 01:34:18,0,castello旁边的太阳光我永远忘不了
19431818,5,2010-04-18 15:36:23,0,有一阵子迷你迷到要死
星,5,2009-07-30 00:44:11,0,你們.
凉夏,5,2011-02-13 18:32:29,0,那种感情一颗一颗蹦出来的感觉好极了
丁果,4,2011-09-21 09:40:23,0,这歌是不是被听烂了
幻影刺客,NaN,2012-05-25 01:55:59,0,That'senough.
王卡,4,2009-06-03 07:00:09,0,就不是特别喜欢这首
[ e c h o ],NaN,2011-03-26 08:59:08,0,West1的厨房记忆
影沫,5,2009-12-06 04:04:10,0,awesome
kikizhu,5,2010-07-15 15:38:46,0,我结婚的时候定会放这首歌！
银古,5,2009-08-04 15:50:04,0,大爱!!
