user_name,star,comment_time,vote,short
Song³,4,2009-12-29 16:54:01,51,“会唱歌的张爱玲”
岛上的夏奈,4,2010-12-02 15:41:54,2,MaybeSomeOtherTime果然是神曲！！！！！
Bill,4,2009-01-29 23:54:39,6,要不是有自己的创作这张只好算是重复自我的一半水准作品了一招鲜吃遍天的时代已经过去了背景音乐专辑也已经数量足够了市场前景不错但也经不起糟蹋和浪费
Dyingpluto,4,2008-12-21 12:42:53,0,比上次成熟大气
颜良辰,5,2008-12-26 17:34:20,2,我不得不说太棒了。
PabloHoney,3,2009-08-27 14:25:49,0,这个声音怎么听起来就别扭呢
齊克斯尼力佐飛,4,2011-08-12 00:33:04,1,你歌再多一点咯，听一张碟要听两个钟才能听完一遍！
三层保暖,5,2009-07-03 22:18:52,0,听说你不唱了……
范困,NaN,2008-12-25 13:54:27,0,太棒了
KREJERK,NaN,2011-01-11 13:09:51,0,这张技巧多多了
L I M O,4,2009-01-18 21:05:41,0,聽歌寫歌。
Kreuzberg,3,2009-06-25 20:41:58,0,不过如此。我喜欢她的态度
瓜。相信这个世界很变态。,3,2009-01-18 23:44:47,0,失望。
Claire,4,2009-01-28 18:10:32,0,【Vincent】【We'veOnlyJustBegun】
筱晗,3,2010-03-20 14:31:18,0,比第一张真的是差远了
锐利修蕊,3,2020-12-04 19:40:18,1,早期真的是碗大量多，曲库小贴士，还好后期有了创作人格，不然真的不好。
Yi,1,2009-01-17 15:58:52,1,真他妈难听侮辱爵士乐么
丶,3,2011-11-08 17:01:17,0,声音有余，其他东风。在一个雨后居然也能听的无感，可见一斑。
香水瓶,4,2009-03-25 14:56:43,1,很适合咖啡馆的午后
zard砸得王大崩,4,2009-02-07 22:49:57,0,jazz的情感散发不均。但并不妨碍这成为好听的专辑
猫打喷嚏,3,2010-04-27 19:53:25,0,觉得怎么有点像norahjones..
Sophie  Z,5,2010-01-06 00:09:37,1,每次听Joanna唱Vincent，心理总是一阵阵地抽痛。
人淡如菊。无奈,NaN,2009-01-17 13:37:07,0,为什么这么多给标签JAZZ明明是POP。如果第三张还这样就歇菜了！
捞,3,2009-04-08 16:13:32,0,喜欢她的live。专辑可以少听则少听。
夏日扬帆,4,2009-11-24 13:36:23,0,JAZZ真的带劲
ladybird,5,2009-01-05 17:32:49,0,We'veonlyjustbegun很赞
usquebaugh,4,2009-02-17 16:33:37,0,保持水准，些些俏皮些些低沉
尉迟,4,2009-02-08 15:07:16,0,Onewholeday，foryou。
banana*🌈,3,2009-03-15 11:21:14,0,還素英文比中文強..
Summer孙夏天,3,2011-08-04 17:27:38,0,Tikiville
小M,4,2009-01-23 15:47:13,0,还是不错的她的文森特别有滋味！
Kiki,3,2008-12-23 17:43:41,0,预购礼还打了四星，因为We'veOnlyJustBegun，但整张专辑出来后只能给三星，中文歌太寒了。
mee,4,2009-03-19 22:44:45,0,其实我觉得也就是还行。这样的歌挺多了容易听觉疲劳。
夏日良人°,2,2009-10-12 15:33:32,0,你们很喜欢，我却不满意。
不擅长,5,2010-05-30 00:41:45,0,http://www.xiami.com/album/315517
M2,3,2009-06-15 19:48:42,0,希望越大失望越大
Halah,4,2009-02-13 12:51:37,0,美偶嗓
走走走走一,4,2009-01-16 15:08:06,0,静静地听完了那首《Vincent》。什么也没有想。彻底地被打动了的那种。
Inevitable,5,2009-03-12 09:31:04,0,好舒服
Luffyjun,4,2015-01-14 18:04:38,0,菇凉~勇气可嘉~~继续努力吧~~确实不要做太多流行乐，久了就都不流行了
怀山鹿,5,2012-10-09 22:57:18,0,她的声音让人无法抗拒，绝。
你好代号君!,NaN,2009-01-23 14:08:42,0,惊喜。
Pumpkinhead,3,2009-01-28 22:01:34,0,实在合不来
放开那个西红柿,4,2010-04-22 11:53:24,0,很少听女的的歌，但是这个还不错。
Белка,4,2009-02-16 06:39:39,0,喜欢的，可还是觉得一点点生一点点装...
Seamoon,4,2011-07-11 20:38:47,0,英文和中文一起唱，难免有点凌乱，玫瑰玫瑰我爱你很棒。
haidb,4,2009-07-20 17:00:58,0,夏天真的很适合听jazz
V,4,2009-02-15 10:59:46,0,8.5/10
小隐隐于浆糊,3,2009-02-02 22:17:19,0,Vincent
铎奇,3,2010-08-22 23:15:43,0,明显没上一张好，听得我都对她无爱了。
不如的我的,3,2009-02-18 22:56:36,0,创作能力很一般
LORENZO 洛伦佐,4,2010-07-13 11:24:24,0,就是喜欢就是喜欢
yum,4,2009-01-21 13:12:31,0,其实在3/4星之间犹豫很久...承认她声音和掌控都很赞，和dianakrall，louisarmstrong之类的比起来，还是会让人浮躁，很难有耐心坚持下来。认同中文歌差些
千寻｜Scorpio,4,2009-12-11 20:21:25,0,慵懒的声音，仿佛身处午后洒满阳光的草地。
地下铁已死,2,2010-02-28 00:43:13,0,做作
雪翎,3,2010-05-28 15:41:21,0,说实话有点失望，和Startfromhere那张的等级差有些悬殊了……
小岩菽,5,2009-02-19 16:47:05,0,Aubrey中的百转千回就够了。为什么总有那么多人关注那么多音乐之外的东西，而不懂得静心去体会声音中的那份真诚。
捌朵,4,2012-02-19 17:15:44,0,声音很性感，唱起vincent格外好听
Soda兰,3,2009-02-25 14:07:02,0,不如上张
JasmineJasmine,4,2009-02-07 21:27:13,0,有Vincent的夜晚怎不泪流满面
dieinnoisewall,NaN,2009-01-24 15:33:23,0,不喜欢
程萬萬金,4,2009-01-17 00:16:58,0,好声音不解释
DG,4,2009-03-21 00:11:30,0,爱她的声音，性感！
TristanShen,3,2009-01-14 10:18:08,0,3
BtKnowhere,3,2010-01-13 22:52:13,0,我现在很反感她。。。
給料泥棒,5,2010-02-12 11:03:53,0,封面控
捡垃圾的提莫,5,2011-09-28 13:55:50,0,金盆洗手之作，声线太棒了
XA™,4,2009-09-19 10:07:19,0,不符年龄的成熟声音~
baichi0038,4,2010-04-01 23:07:00,0,那首文森特比原唱更让偶着迷~
靠谱青年™🌈,5,2009-03-27 23:30:53,0,年底好片真多
c小调的冰蓝,4,2011-01-19 19:31:59,0,肉丝肉丝我爱你
sunevivi,NaN,2009-01-21 00:18:29,0,TimesofYourlife.
Illusion·L,3,2014-02-01 23:07:17,0,不得不说听这样的专辑还是需要时间、机遇和环境的，最近不是这样的好时候。
十个斗的眼窝浅,5,2011-09-26 22:42:38,0,整张专辑都好喜欢，除了那首翻唱的《玫瑰玫瑰我爱你》，怎么听怎么别扭。
Paprika,4,2009-02-28 21:22:52,0,aubrey/longingforromance/evenifwedid
血源2出了吗？,4,2008-12-22 01:30:19,0,曾有幸听过第一首的现场不错。
林亞珍,5,2009-02-25 10:33:15,0,正
风铃子,3,2009-04-12 15:11:25,0,最后一首好听，没有上张好
龙如今,3,2010-10-03 01:01:21,0,好吧，其实爵士真的还不错。
卡羚,4,2009-06-28 18:03:13,0,没有第一砖好。
tavico,5,2009-02-23 11:45:20,0,嗯，就是要这么随性的唱
小小,3,2009-10-30 14:14:04,0,听不惯。然后便没细听。
器官坏死,NaN,2009-03-04 09:07:52,0,很赞
Gavin|江湖骗子,4,2010-02-23 14:16:51,0,过于商业化的模式不适合这个根本没准备好的不那么商业化的产物
Épiméthée,4,2009-02-08 16:03:43,0,除了那首《玫瑰玫瑰我爱你》以外，都还不错。有的甚至唱出了百老汇的味道。
hotdogyer,3,2008-12-31 22:31:08,0,期待越大。。那个越大
林檎班学級委員,4,2010-02-02 20:06:54,0,没有第一张好
Ziyue,4,2012-03-10 17:59:07,0,高中就在听
小雨,3,2010-08-21 19:42:54,0,话说她本人长得真的好*~！！
pipi,4,2010-12-20 18:59:33,0,好像出了let`sstartfromhere就没什么动静了吧。不得不承认声线真的很不错！封面可以换换风格就好了。。
yu,4,2010-12-19 08:57:00,0,很棒的音乐
看到你的文艺我就浑身抽搐,4,2009-03-02 21:18:52,0,真是太喜欢你的味道了
昵称已被占用,4,2009-05-25 12:15:19,0,太爵士了声线
penumbear,4,2010-12-27 15:36:51,0,考虑了一段时间还是买了这张专辑
♣lùlu♣,4,2010-07-29 21:30:57,0,现场烂爆了，真不知道哪个高人给她录的
徐蔻依,3,2012-01-03 20:09:51,0,哎，那声音抖得，喜欢不起来。
DEIRDRA,3,2012-04-30 15:52:44,0,小清新不耐聽
伊林,4,2009-01-16 09:12:53,0,临近圣诞的冬夜听到这样的声音真是享受
满 满,4,2008-12-23 00:00:25,0,送给你
Yoo,4,2009-11-12 00:23:58,0,ＨＹＯＹ
