user_name,star,comment_time,vote,short
影子的影子,5,2010-05-14 19:27:50,39,从封面到音乐，都像一颗糖果，从外到内散发着甜美。Indie-pop做到这份上真是没什么可说的了。
浅,4,2009-03-10 13:06:26,22,在GA第五季听到Troubleisafriend，温暖得想哭。我爱yang。
知识雪豹,2,2012-01-27 23:45:40,12,洗脑
阿朽,3,2008-11-26 22:22:11,8,不明白这样的小清新有什么特别的
with,5,2008-11-22 22:21:47,2,对澳洲的一切没有免疫力
Song³,4,2009-12-29 16:57:15,4,真流行小清新
不流ᝰ,4,2008-10-16 01:09:03,2,可以毫无负担地听歌很不错
[已注销],4,2010-02-22 09:33:05,2,强生！！
Aragaki,5,2008-11-07 18:19:00,2,Lenka像个精灵，拥有甜而不腻的声音。
鸭酱,5,2010-06-05 19:32:41,1,森音不错得。
zard砸得王大崩,4,2008-10-17 19:45:59,1,thisisLenka'stime
光年‖影视歌三栖民工,4,2010-05-29 14:02:42,1,可以
草威,4,2008-10-06 17:29:13,1,很喜欢。还有余地
Dorothy,5,2010-05-17 14:00:32,1,Wewillnotgrowold，butwewillstaytogetherforever
海棠一生,5,2011-01-22 09:09:32,1,挺好
肥匪廢·老🐰,4,2013-08-18 09:53:49,1,可爱节奏
丶,5,2011-12-21 21:04:37,3,有一种小精灵的感觉。
索君,4,2010-06-11 23:43:51,1,清爽清快舒服
L I M O,3,2008-09-21 00:42:22,0,還好吧。
包法利富人,NaN,2010-06-18 10:54:23,0,很POP但是让爷心情好的就是好专辑！！！
猫打喷嚏,3,2010-04-27 19:05:19,2,我不得不说整张专辑我只喜欢troubleisafriend
鱼·无,5,2010-04-25 13:50:08,1,轻盈跳跃
目黑,4,2009-04-23 11:55:49,1,颇有趣~
易召,3,2011-03-06 22:21:21,0,这货怎么可以叫爵士
格林先生,5,2009-12-12 08:27:41,0,萌！！！
尉迟,4,2008-10-16 00:18:43,0,这种水平的indiepop有很多，怎么独独这张这么红。
banana*🌈,3,2008-12-04 05:51:00,0,辨识度不高..
Summer孙夏天,5,2011-01-24 19:32:00,0,整张。
柠檬 -w-,NaN,2011-06-16 17:37:37,0,想要个可心的女生真不容易。明白大家为何爱她，但总觉得和我最喜欢的调子差了一点点
昆不二,4,2009-03-19 17:44:46,1,无论如何，我非常喜欢这种声音质感
小M,4,2008-10-18 16:02:15,0,真清澈有frente的感觉
阿萌今天也很饿,4,2011-03-30 22:43:02,0,轻快甜美的女声~
Dublin苍穹下,5,2009-02-02 13:20:57,0,除了BringMeDown这首的风格不是很喜欢其余的都很耐听
莊小壞,4,2010-04-28 19:19:15,0,4－－－第一張。这长相和声音不太一致。
眠去,4,2008-11-11 08:20:02,0,nobodyknows
Ridden,5,2009-03-13 20:02:33,0,TheShow。TroubleIsAFriend。LikeASong。
○Ⅴ○,4,2009-12-04 19:03:24,0,你是有多喜欢Ahooh
Luffyjun,5,2012-01-29 22:38:05,0,我早就听过了，今天看了点球成金才想起来。。。可是她怎么就这一张专辑，然后没音了啊啊啊
大头绿豆,3,2013-01-24 22:19:53,1,也就theshow
小敏吃掉小敏,5,2010-06-28 16:09:54,0,古灵精怪
夏日良人°,4,2008-11-28 08:09:34,0,LiveLikeYou＇reDying。TroubleIsAFriend。名字很悲伤。
天蓝蓝,3,2012-06-13 10:23:01,0,日日播，好烦啊
blackstar,4,2011-04-10 00:30:50,0,我的豆瓣电台总是喜欢放她的歌。
老楠,5,2012-07-18 17:13:20,0,清新女声的阳光音乐小品。
宽！,5,2012-03-07 20:33:42,0,因为《点球成金》必须五星！
不擅长,5,2010-04-09 15:25:46,0,http://www.xiami.com/album/279740
杜羽,4,2010-09-03 17:44:47,0,虽然甜但是不腻。我喜欢。哈
essence.c,4,2014-07-14 03:07:39,0,【TheShow】【TroubleIsAFriend】
Halah,NaN,2008-10-10 12:50:39,0,甜甜
胤祥,4,2012-02-07 19:09:37,0,小清新。为啥TheShow原唱不如[Moneyball]里那个妹子唱得好听呢……
和风莫吉托,5,2010-12-28 20:17:46,0,TheShow电台放了4，5遍了。这次一定要好好听下
薇羅尼卡,4,2008-10-19 10:57:59,0,很甜很腻。很indie。
Inevitable,5,2008-10-13 23:29:39,0,很容易跟着唱的英文歌
猫语猫寻,5,2013-07-03 10:52:54,0,多么美好的声音……
怀山鹿,5,2009-11-13 00:33:41,0,太爱这把空灵的声音了！~
团小纸,4,2011-02-23 14:22:21,0,豆瓣电台上听到的，LiveLikeYou'reDying
Pumpkinhead,5,2010-11-05 20:39:31,0,精灵型的，跳跃，可爱
土树,4,2010-03-11 23:58:40,0,算是好听了
IVAN,5,2010-10-12 20:39:45,0,:THESHOW被用于各种电视节目里的入场配乐。一些短片也有用到。表现女生天真浪漫萌系的。
影志,4,2011-08-22 11:20:13,0,xx'sthereinthedark，xx'sthereinmyheart
Белка,4,2008-10-28 22:06:30,0,哎...Loli声，，，，封面狠好看，听多了有点腻
中世纪福音工人,3,2012-04-17 20:30:50,0,口水歌
Seamoon,4,2010-04-09 19:41:46,0,有点艾薇儿开始时候给人的感觉呀。
Rouge Rouge,5,2011-07-02 12:48:56,0,歌词都可爱得不得了~
逅宝,4,2008-11-13 15:21:25,0,Goingontheshow
kokki@靠模子,4,2008-12-26 14:45:19,0,跳跃。
杨山魈,3,2011-06-14 22:59:58,0,还行，不过，爵士你妹。
Wanderin',4,2010-04-15 23:38:37,0,TheShow.
迪,4,2010-12-01 13:50:46,0,清甜
BiuBiu,5,2010-04-05 13:39:09,0,我喜欢的小清新啊小清新。。==
yum,5,2010-06-28 23:42:32,1,我居然拖到现在才评，不可思议...上了年纪翻回头来听，觉得小矫情了，虽然图的就是这份儿甜美可人
不眠飞行,4,2009-12-05 23:58:52,0,比预想中的要好听，很可爱的声音，曲子也不差
α,4,2008-10-03 17:08:11,0,我想起了“老爸老妈”囧
竹舞,5,2009-08-01 21:08:53,0,喜欢不需要理由，商场音乐。。。。。。。。。。。
So.,5,2009-01-16 17:04:25,0,小治愈一把TT
Roulette,3,2010-05-03 22:36:11,0,不是我的菜……
小岩菽,4,2008-10-11 12:54:31,0,演出尚未开始，不要落幕。
宇宙宝贝,3,2009-04-30 18:32:05,0,我真覺得湊合
Angeline35,5,2010-08-29 10:17:52,0,妙~
西柚小姐,4,2009-11-04 23:56:48,0,在连云港的路上的时候睡不着时候听的
Soda兰,3,2008-11-24 00:20:55,0,对这种感觉的女声真是难分彼此.
JasmineJasmine,4,2011-04-11 23:23:07,0,小妮子长得不咋地，音乐很适合散步。刚好在热爱糖果色的晚熟时分遇到了。
五月微蓝,5,2009-01-16 23:31:17,0,好听~~
郭小懒,5,2008-10-04 11:30:10,0,最喜欢的是trobleisafriend.超喜欢
Vince♫,5,2009-10-07 14:25:25,1,关于09十一的美好回忆
豆咪,4,2009-09-18 16:40:36,0,跟lilyallen有点像。
迷藏,5,2010-02-03 14:42:21,1,百听不厌
Leoooo,5,2010-01-14 11:40:42,0,好甜美呦
绿毛水怪,2,2008-11-05 17:31:06,1,是我太挑剔了还是什么，流行味好浓，尤其不喜欢这种所谓清新的.
喷农药,4,2010-03-03 19:08:05,0,<TheShow>，<KnockKnock>，<TroubleIsAFriend>，<LikeASong>，<WeWillNotGrowOld>.
Happy Wiggin,5,2008-10-27 21:48:55,0,超可爱的女生嗷嗷！！
TristanShen,3,2009-04-30 18:45:40,0,2.8
锿锂锘,3,2011-05-30 10:30:29,0,"也就一首好听╮(￣▽￣"")╭"
≌菩提风花,4,2008-10-27 13:21:37,0,不错
🍵,5,2010-10-16 17:52:07,0,在最需要的时候你的声音出现openthedoor，newstoriesstart.someonegoodbye.
然,5,2011-03-15 17:47:38,0,whatever，justenjoytheshow!
TinOO,4,2010-01-10 17:33:26,0,越听越有感觉。。。
彌張,3,2012-05-28 19:42:36,0,也没觉得有多好听，听多了觉得声音挺贱的。。
打破,5,2009-05-10 17:19:02,0,很有味道
笪笪,4,2014-04-08 18:23:57,0,神曲TroubleIsAFriend。
痴人,4,2009-04-16 11:06:52,0,kindacute
tgm,NaN,2009-05-17 04:26:57,0,只有一首歌能听
冥王星,3,2009-03-13 11:50:37,0,类似LilyAlen
緑沼,3,2011-07-08 01:35:26,0,缺乏力量。
家常辣酱,4,2008-10-01 12:24:28,0,这是那个唱ICOULDBETHEONE的吗？？声音很像哎。。。。
得我艳与天齐,NaN,2009-11-16 20:45:17,0,哟姑娘我怎么现在才发现你啊
豆腐脑敢死队,4,2011-08-23 13:38:43,0,http://www.xiami.com/album/279740?ref=ac-index专辑类型-爵士？15卖出
齐烟九点,4,2008-10-28 17:14:51,0,声音不错。
蒹葭,5,2012-01-24 17:59:15,0,各种起床歌
Scheherenzade,3,2009-08-27 13:10:17,0,喜欢这个嗓音。
黛二小姐。,2,2009-06-07 18:32:12,0,TroubleIsAFriend？
伐要安利坏人呀,3,2008-11-16 16:22:46,0,很红，和同类差不多
林大火,3,2013-02-26 16:35:15,1,这货应该是国外的正统小清新吧
tavico,5,2008-11-05 11:15:18,0,这才是我的口味，可爱死！
饭夫斯基,4,2009-11-15 13:55:21,0,呦嗬，不错啊姑娘
赫克托尔,3,2011-08-27 17:53:13,0,女声太甜了受不了，别老给我放了
小小,4,2011-10-07 21:43:13,0,Troubleisafriendbuttroubleisafoe，ohoh.AndnomatterwhatIfeedhimhealwaysseemstogrow，ohoh.HeseeswhatIseeandheknowswhatIknow，ohoh.Sodon'tforgetasyoueaseondowntheroad.
shimmer炸牡蛎,5,2010-08-24 08:24:01,0,KNOCK...
蕉,3,2009-08-04 19:07:05,0,就声音好？
J,2,2008-10-17 17:51:56,0,我没觉得有什么好的呀一抓一大把这样的声音这样的歌
首席备胎,5,2009-07-28 23:49:03,0,近年来少有的惊艳处女座，记得在香港和女友逛街的时候恰逢lenka来港搞活动，哈哈，真有缘
狂躁 C-137,5,2010-02-14 11:08:21,0,澳大利亚人能把英语说成那样真不简单，那女的声音很奇妙
预习,4,2008-10-14 13:02:58,0,又是indie==+
徐李夫人,5,2011-10-25 23:36:09,0,很喜欢她的声线
hotdogyer,4,2010-09-11 15:39:18,0,每个人都是从TheShow知道的她。
吃饱了撑着做俯卧撑,4,2009-06-21 13:02:33,0,台湾那边打得好凶哦，还以为都不会怎么宣传……
夏至线,4,2010-07-29 12:29:16,0,colorful~
luna lake,5,2011-08-22 13:07:36,0,wunderbar
元森可乐,4,2010-10-10 15:24:59,0,回味一下了，喜欢她的澳式发音
咪,3,2009-09-07 17:10:41,0,这么俗烂了。。。。还是不能用这个找同好，打个3星
夏空,5,2012-10-24 20:35:07,0,和暖~古靈精怪
アホ,3,2008-11-16 13:10:01,0,好红喔。。
Sylhydro齐予,4,2010-04-29 10:05:05,0,倔强甜美的俏皮小百灵
Samadhi,4,2010-06-19 17:48:57,0,哈哈豆瓣小清新之代表么？，，，每次收音机里一定会播这个
moon酱,4,2012-10-27 23:32:39,0,晚安..醒来又是正能量的我..
0405|Love&Life,4,2010-04-29 19:51:16,0,有几首歌不错，四星。
GrayF,NaN,2011-05-09 13:42:12,0,听多了牙疼。。
Cross,5,2009-05-23 09:16:36,0,真清新。适合晨起的声音。
RIC,4,2012-01-15 17:30:43,0,有种傻的可爱，比大多数“精心包装”的folk-pop强多了
贱草,5,2009-04-15 16:03:23,0,Troubleisafriend.
薄荷茶不凉,5,2010-03-28 09:17:47,0,优质创作甜美女声
Hiro4,5,2011-03-10 22:31:55,0,★★★★★
御手洗街,4,2009-11-22 13:29:46,0,可爱的调调~~一样的调调==
失控芭乐,4,2008-10-20 19:22:45,0,爱情轻喜剧。
嗔痴少女李软软,4,2011-12-17 19:38:34,1,小清新启蒙教材
满 满,5,2008-11-10 23:53:50,0,happyforever
Doggze,5,2011-05-03 12:32:28,0,小清新
小檠的罗宾熊,5,2012-02-11 12:39:24,0,确实好听——【LiveLikeYou'reDying】最爱。
Yoo,3,2008-10-10 13:41:22,0,ＯＹ
chasca,5,2011-10-01 03:15:56,0,轻快甜蜜的小女生~很可爱
每天一粒茶叶蛋,5,2011-04-04 19:21:37,0,theshow
东坡肉肉,4,2011-04-17 11:08:14,0,小清新有木有
米粒,4,2010-09-15 03:44:15,0,还是theshow最好听啦~~
Ren77,4,2012-01-02 00:00:04,0,英伦小清新
aprilapple,3,2008-11-29 12:34:31,0,好indie。只是，如果说她是从前感动我的DecorderRing，我并不相信
Chloooe,4,2011-11-03 01:38:25,0,不能听多，会腻
微安,4,2008-10-09 11:06:48,0,喜欢这女声这风格
安乔,5,2012-02-04 11:02:01,0,治愈系
阿翔需要美少男解毒！,5,2009-01-13 10:50:55,0,正。
M~size,5,2011-07-23 14:41:33,0,反正甜的我都喜欢~
kkkl,5,2010-02-12 18:42:05,0,这封面跟歌的感觉貌似有点不搭
Vicky R,4,2008-10-06 00:02:45,0,甜
psy,4,2008-09-29 15:10:03,0,说不上来还算舒服
仲雪春山,4,2010-02-10 17:30:59,0,姑娘你可爱死了~
等到风景都看透,5,2010-08-06 09:01:48,0,IwanttogetawayfromallthisharshrealityGivemeabreak，alittleescape
t君,NaN,2008-12-09 16:14:56,0,听多了会头晕
阮免了,3,2008-10-29 17:55:33,0,打扫卫生的时候听好欢
Elane,5,2010-07-17 09:16:21,0,这种声音应该属于小女孩和还纯真的人。简单的唱自己的心事，一切情绪都可以安静，平和，娓娓道来。这样的声音，会让人静下来。
E,4,2011-11-18 11:29:22,0,justenjoytheshow.
Carrie,NaN,2008-11-23 13:35:26,0,dontworrybehappy
Fionn,4,2010-12-04 10:03:14,0,风格都太类似了。
我係我一蚊網,5,2010-08-04 20:55:50,0,简单清澈的女声真好听。
凯丽要一夜暴富,5,2009-10-16 10:39:45,0,老娘瞎了眼，当年没下下来听
"Go | 屋内饮酒,门外劝水",NaN,2008-12-27 18:53:08,0,Troubleisafriend
XP大魔王,4,2013-10-09 16:54:12,0,好清脆的声音，听着都觉得夏天到了
朱大侠。,4,2011-05-09 15:15:23,0,轻快的爵士听起来心情好赞的，但我唯独不喜欢王若琳。o(*////▽////*)q
形无阻,4,2008-12-13 00:20:55,0,啊，我听了试听的第一句就准备下了。嘎嘎！
煤桶骑士,2,2011-05-16 19:13:37,0,评论：http://music.douban.com/review/4951077/
朝颜,5,2008-12-30 00:12:24,0,几乎每一首都动听，indie做成这样才不辜负。
Sulm。经年还是要说我爱你,5,2010-01-06 19:47:44,0,也太可爱～
❤  立 夏 。,5,2010-07-01 10:10:31,0,極具幻想的女聲。
猪头小丸子,4,2010-08-29 07:58:30,0,慵懒的可爱只适合电台放
可爱的你,3,2010-05-25 23:17:22,0,除了那一首而已，其实真没那么好听。
nata,5,2009-08-26 03:16:18,0,澳大利亚常出些好姑娘。
阿渣,3,2010-05-15 12:47:18,0,已经渐渐对indiepop失去兴趣时，我晕，听到的这个声音，请问，你时从蜜罐里蹦出来的吗？？？？？！！！！！！16岁的蜜罐女孩的声音~充满讨好的旋律，可是却很自然，也许讨好的旋律原本就是写给蜜罐女孩的~
你的希澈笑嘻嘻,4,2010-08-29 21:15:29,0,好聽~
Kuhn,3,2014-06-08 15:02:19,0,不喜欢这种声音，媚俗
呸，不要脸！,4,2010-01-11 13:04:10,0,清新女音，晚上听
lemonscent,3,2008-09-30 12:03:24,0,跟ＬＩＬＹ是不能比的
夜摩刀,5,2010-05-10 21:59:16,0,喜欢，非常的
榕十三,5,2011-01-07 10:04:03,0,音乐女痞子什么的
Super朱,5,2009-08-05 15:25:44,0,好聽的聲音KnockKnock
o爱米粒o,5,2009-08-05 17:00:35,0,"快乐的声音，""TheShow""""LiveLikeYou'reDying""""ForceofNature""""TroubleIsAFriend"""
你呀,NaN,2012-08-27 04:05:14,0,Lenka，兰卡的歌，明媚中透露着小慵懒，蛮舒服的。
jude,4,2009-10-24 16:16:51,0,theshow
Aragorn,4,2010-11-09 07:45:36,0,听后心情舒畅！
DM 1 9 8 9,5,2010-03-20 14:24:08,0,我听得时候真的会边点头边扭屁股--！
Frankie318,3,2009-04-22 21:06:49,0,闷的时候听才好听
freesia,5,2009-01-22 23:25:54,0,粉红色、翘睫毛、蓬蓬短裙的可爱音乐
Sancruz,5,2009-12-28 19:15:30,0,越听越有味啊~~~
mariewyssa,3,2010-12-25 20:03:18,0,轻是轻快，多了也滥了。
快意恩仇的大象,4,2010-12-17 00:25:33,0,easy
Yuennnnn,4,2010-01-03 18:52:30,0,Troubleisafriend.
kf,5,2011-02-27 23:38:11,0,TroubleIsAFriend，LikeASong
豆友1696570,5,2009-07-29 15:04:31,0,绝对值得一听的专辑。超赞。
mOco,3,2011-12-08 16:36:25,0,多听就是不行啊。
綦,4,2009-03-01 23:11:29,0,Amos'iphoneplaylist
福豆,5,2010-06-10 23:06:44,0,這張專輯真不錯~~
啼幽,5,2010-12-18 15:44:56,0,她的声音可以唤醒你体内的活力细胞，激活你的斗志，催化你的好心情~
jh__liu,4,2011-01-13 13:05:00,0,4+
肆。,4,2011-01-29 09:04:06,0,恍然間讓我覺得甜蜜，來彌補我青春裏的不完滿。
神奇蘑菇🍄,4,2011-06-13 10:32:29,0,好嘛，活泼可爱
boooooby,4,2008-12-11 17:38:25,0,justok
、Typing,4,2009-11-15 17:33:52,0,Ausie
在夏天,NaN,2008-11-04 11:57:40,0,的确挺可爱的哈想把你装起来带回家了封面是否可以解释为一个伪loli想拌御姐啊
一击必杀女刺客,4,2012-04-18 09:52:35,0,很欢快的小女生
Mandy.Y,5,2008-12-19 22:09:23,0,乍一听以为是LILY...囧...
月夜恋風,4,2012-02-13 19:08:52,0,TheShow
张张晶,NaN,2009-06-16 21:13:30,0,enjoyhershow.
88011 7,NaN,2009-11-17 19:35:29,0,很美妙的声音
