user_name,star,comment_time,vote,short
眼角的花朵,5,2008-03-07 11:08:55,30,个人相当喜欢这一首：风中飞舞的风筝，请你别停下，飞往大海飘向高空，一个孩子在望着你呐，在那暴风雨中，你高扬着翅膀，别忘了飞回我身旁。每次一听就会触动我心灵最柔软的部分，童声的力量，更准确的是说是纯净的力量。
FREAK_SYNK,5,2011-05-07 20:09:57,14,还是被感动得一沓糊涂
Luffyjun,4,2012-10-02 05:19:13,13,说实话看电影没有那么大的触动。。。只是想起了死亡诗社。。。好教师真的不多了，真的不多【歌曲还不错，唱诗班这种宗教色彩的，不能解其意，却能懂其情
Showing V1.4.1,5,2013-02-19 18:45:20,9,超越电影的存在
UrthónaD'Mors,5,2007-08-25 17:33:12,2,棒
Amberose,5,2010-03-26 13:36:43,1,没有什么能比童声合唱更美好
高歌,5,2011-05-08 23:03:05,1,我居然靠着电台累积播放听完了一张专辑~~~~
丶,4,2011-12-01 11:03:50,1,ost
小魔@优雅穿梭,5,2007-03-15 17:03:19,0,moving!!!
大头绿豆,5,2005-11-12 10:14:13,1,天籁呗。歌词很棒。
CD,5,2005-07-28 23:45:11,0,天使在唱歌
蹦床,5,2010-06-02 22:43:53,0,真好听
神秘金针菇,5,2010-11-14 18:19:33,0,澄澈
Белка,5,2007-08-21 21:26:26,1,相当不错的音乐不是那么喜欢电影
薇羅尼卡,5,2007-03-06 10:09:56,0,太美了~~
新竹,4,2013-06-12 13:02:13,0,都不記得電影的內容了。雖然旋律好熟悉。
不眠飞行,4,2015-12-02 17:24:05,0,只有纯粹是不够的
69.DDC,5,2012-08-14 01:43:30,0,童声合唱团，听得人想哭。
バカ蓝蓝,5,2010-06-05 11:45:57,0,曾经最喜欢的
伍德与夏洛蒂,5,2011-03-17 13:14:53,0,听了不知道多少遍，拉片次数最多的片子。
小海,5,2012-05-17 21:04:49,0,哭了……
🔥🪵,NaN,2006-07-09 11:54:09,1,非常棒的和声！
小岩菽,5,2007-11-11 13:51:21,0,圣童在他们能够望见苍穹的年纪里。
Dr. Tardis,NaN,2008-06-05 00:53:11,0,这个电影我看过但我都没什么印象了我只好不给星
螺蛳粉兔,5,2013-05-13 21:10:21,0,TT
ｅｍｏｌａ,5,2013-06-18 02:07:42,1,说到Voissurtonchemin，最喜欢的其实是Beyoncé在05年Oscar上的演绎，虽然懂法语的人都对她发音无语，可是阿姨的台风太美><
迷鹿,5,2006-05-01 22:02:10,0,电影和ost都非常不错
五月微蓝,5,2007-10-12 12:26:34,0,太喜欢这个声音了~~~
爱罗武勇,5,2013-07-26 13:06:02,0,我渐渐相信音乐真的有改变人心的力量。
Azeril,5,2013-12-24 11:33:09,0,超级喜欢
≌菩提风花,5,2007-04-28 14:13:45,0,太美的声音
笪笪,5,2010-11-24 11:16:02,0,亮点，亮点啊
Bill,5,2013-06-03 14:08:39,0,没记错的话我有盘
Strelizeia,5,2009-09-07 17:44:09,0,beautifullywipemytear!
李叔（shú）,5,2011-11-20 17:35:10,0,可以热泪盈眶的天籁之音
林||我们谈什么都像谈死！,4,2006-01-20 12:59:12,0,那个令人心无杂念的高音
少年桑将,4,2007-09-15 21:53:17,0,强烈推荐风筝!!可以听很久很久的OST
奕yi,5,2007-02-05 17:14:05,1,天使的声音
卡羚,5,2006-11-07 17:57:00,0,泪奔推荐~！！！！
薄荷茶不凉,5,2010-03-21 13:52:57,2,孩童时代的面孔，连同内心深处的情感对我们是如此珍贵。在日后的人生道路中，幼年时期的记忆永远无法磨灭。飞逝的欢笑和无法抑制的泪水都已成为过去，却永远不能忘怀。
大兒童,NaN,2008-11-18 22:11:59,0,怎么说呢
安然槿 - 露,4,2011-06-14 15:24:20,0,歌词已经忘好多了（惭愧（这辈子不能指望法语了
夏至线,5,2009-02-19 22:31:06,0,天籁~~nodoubt~jeanbaptistemaunier啊~你的声音尊是华丽丽的咩~~
Maria,5,2013-06-01 18:39:36,0,高二时候在教室开班会的时候第一次看到这部电影。因为电影太长占用了课间吃饭的时间，下课比较晚。走出教室看见胡晓旭在等我。我和她一起吃了饭吧。
yu,5,2013-09-21 12:52:06,0,perfect！！
camelye,5,2006-04-11 08:35:58,0,天籁般的童声合唱
Wennie,5,2011-01-30 20:15:01,0,真的很美好的法国合唱
0405|Love&Life,5,2010-06-29 17:33:53,0,我一定要去学法语。
尘埃野马,5,2013-01-13 21:40:30,0,因为电影，因为“池塘之地”……
dooling,3,2006-03-13 21:18:43,0,纸飞机还是纸风筝那首好听
penumbear,5,2010-12-27 20:19:01,0,美好而温暖的童声合唱
每天一粒茶叶蛋,5,2011-05-29 13:33:13,1,我记得我们学校某次合唱节有个班级有唱放牛班的春天！！超赞TVT
米粒,5,2010-12-21 02:45:00,0,让电影住进每一个人心里的原声
量子玫瑰Bonnie,5,2009-08-18 12:41:51,0,圣洁.
九命猫@victor-eyes,4,2011-11-12 01:05:45,0,一起听。
kkkl,5,2010-07-24 08:42:27,0,那么多飞机
不想说话,5,2006-12-22 22:28:19,0,让人心灵温暖
keppel,4,2011-01-02 17:27:50,0,缺了首caressesurl'océan这首怎么能丢呢……
朱大侠。,5,2011-09-17 14:18:27,0,孩童时代的面孔，连同内心深处的情感对我们是如此珍贵。在日后的人生道路中，幼年时期的记忆永远无法磨灭。这部极佳的作品。
放开那个浪味仙,5,2010-09-11 00:55:44,0,天籁。
Molly,5,2009-06-06 13:02:55,0,天籁。
Shining,4,2008-09-13 21:34:16,0,美好童声
繁华的废墟:橘,5,2007-11-07 20:44:45,0,在我的生命中歌唱
全能小海龟,5,2009-05-23 23:24:39,0,超级感人！！大爱大爱！
セシ♪,5,2012-04-01 19:50:02,0,ifthereisonewayexistingthatwillleadtofromhelltoheaven，itmustbemusic
乐小样,5,2009-07-25 00:24:16,0,萌娃子们唱歌令人陶醉~
空海之旅,4,2015-06-17 19:46:44,0,童声唱诗班
麦子麦子酱,NaN,2007-05-06 01:34:36,0,童声真美好~
林 寶兒,5,2009-01-06 13:01:08,0,天籁```````````很美好的法国时候
Lsophia,5,2010-07-12 17:06:24,0,纯净童声交响法语构成了让我。。的要素。之三。
澈黑,5,2011-09-06 11:16:01,0,这张听了n多n多遍....16和4最喜欢了
In K,5,2008-10-17 21:14:52,0,记得电影就不会忘记音乐。。那迷人的多重唱。。
mariewyssa,4,2009-02-04 11:17:05,0,圣诗般的单纯。
快意恩仇的大象,4,2009-09-06 15:07:20,0,╮(╯▽╰)╭
随风而行,4,2007-01-07 06:26:58,0,该是怎样的电影
广志,5,2011-03-01 10:06:18,0,纯朴
樱之桃,5,2014-02-28 01:46:25,0,涤荡灵魂之天籁
肆叔無經,4,2009-05-29 22:25:13,0,...那个童声~那个感动~~
喲嚯嚯嚯~~,5,2012-04-23 00:13:33,0,这次我们唱诗班要唱的就是这首
Jazzy.K在那里,5,2011-01-31 22:34:40,0,不用多说，永恒的经典
马来可,5,2007-04-29 18:13:22,0,小朋友的声音一是用来泡妞二是用来杀人
Gla,5,2008-05-21 16:16:22,0,CHORUS最有愛
药十六||匪鉴,5,2008-11-28 10:06:56,0,不知不觉。。我竟然觉得自己被洗涤了==很心水童声合唱，特别是法语和俄语==
像何首乌一样,NaN,2015-07-23 13:17:38,0,下午听这个希望不要太困
豆友4543417,5,2011-09-18 19:50:45,0,除了震撼还能说熟么!!!!!!!!
树木夕凉,4,2007-12-21 14:34:17,0,天籁．．．
James,5,2009-03-02 16:29:24,0,无邪的童声回荡~
小欢欢,5,2007-11-20 13:39:58,0,LaNuit
猫尒哚 ™,5,2008-01-31 17:54:02,0,太棒了~
Tinnn,4,2010-10-06 19:49:57,0,我擦我擦我擦哥唯一会哼的歌就在这里面
🧈,5,2010-08-23 13:43:30,0,太治癒了！！
Rock Otaku,5,2007-03-22 16:06:04,0,mp3
Lycidas,4,2014-08-06 21:23:07,0,听多了都一个调子
XY,4,2009-06-06 01:35:51,0,这群孩子各个都是好样的。
夜骐,5,2012-06-04 19:58:03,0,这比有些个所谓的新古典好多了。。。
VAIRO,5,2012-09-19 16:20:37,0,难以忘怀
leon,5,2012-06-01 11:56:20,0,歌如音乐般好听
八子,5,2009-02-05 12:38:33,0,经典的音乐往往伴随着经典的电影应运而生
Lavender,5,2011-09-04 22:00:58,0,Pepinot~
aigohyuan,NaN,2009-03-15 01:06:26,0,我喜歡電影原聲
