user_name,star,comment_time,vote,short
tlmgt,4,2012-09-20 08:06:45,104,我就是不希望这张变成她豆瓣上评分最多的专辑里最高分的一张。
倉鼠,5,2012-10-10 21:53:07,54,相比《神的遊戲》，可以感覺此時張懸的青澀，然而那股嫩生生的勇敢已毫無怯意地出現了，整張專輯基本呈現民謠的清新質感，旋律性應該是張懸所有專輯裏最強的，相比後幾張專輯開始往社會議題的外延，這張探索內裏的專輯也許更適合此刻的我吧。
眠去,3,2008-12-31 19:04:15,70,我喜欢Scream
锐利修蕊,5,2012-07-27 20:31:41,22,一直就喜欢张悬，这张专辑最喜欢《信任的样子》听了好久
郁程,5,2010-09-09 11:58:49,5,她的每首歌都很好听～
川总,3,2012-05-05 00:13:40,5,听了《城市》再回过头来听这一张，似乎过于清新了。《宝贝》可以学一学，唱给小孩子听
L I M O,5,2010-02-28 14:50:36,4,怎么過都別給限。
zard砸得王大崩,4,2006-12-14 15:37:55,5,记得她为出这张专辑所付出的努力，最终破茧而出~生活的甜蜜和困惑
夏日扬帆,4,2011-07-10 08:37:45,5,我TM就是喜欢你散漫的唱还有那些深奥的歌词[scream]
Bill,5,2007-09-28 20:28:42,4,我的宝贝宝贝……独立女声特有的感觉
鹿和男,4,2011-12-03 16:56:06,5,有些歌，是要特定的时候有特定的人才能被记忆深刻。
virgin,NaN,2009-12-01 16:21:45,1,我有！。。
毛利,3,2006-11-25 03:30:13,1,和曹芳一个路子的。
Song³,5,2007-09-29 18:50:18,4,第一张就这么有姿态
颜良辰,5,2008-04-14 17:48:42,1,宝贝。真温暖。
齊克斯尼力佐飛,3,2011-02-03 00:28:50,0,宝贝
Claire,4,2006-06-19 13:45:22,2,【Scream】【宝贝】【信任的樣子】【无状态】
Odding,NaN,2006-12-16 20:54:45,0,感动啊……
瓜。相信这个世界很变态。,4,2009-11-26 01:48:31,1,我是anti张悬的。
凹凸代餐,5,2010-08-16 11:42:08,0,http://u.115.com/file/f7a1669a6d
V.Dunham,5,2009-07-24 21:26:37,3,六年的沉淀让张悬在旋律上达到了往后难以企及的流畅性
JulyChan,NaN,2007-03-09 01:02:14,0,喃喃自语，喜欢的调调
捞,3,2009-09-08 01:07:59,1,我在她28岁的时候终以见到她，当年略带浮躁的《无状态》，我觉得现在终于沉淀了。
tripler,4,2006-12-03 20:46:28,0,从宝贝开始喜欢。
MochaTong,4,2006-11-12 21:11:03,0,宝贝宝贝。信任的样子
Hao,5,2008-01-19 20:26:19,0,贝比...
捂住嘴,5,2006-06-22 00:29:34,0,清新恬淡
英恩,4,2010-08-12 22:12:35,0,挺好
kik,5,2006-09-12 21:42:49,0,还是宝贝儿干净好听。
DeerColin,4,2012-11-18 15:04:01,0,《宝贝》的两个版本都很好听，吉他+民谣简单搭配出的小调实在悦耳！
thundercat,5,2008-04-22 17:12:35,0,让你喜欢整个明天
易召,5,2007-06-28 15:42:19,0,通常我爱称他们小独
不万能青年,5,2012-07-08 21:51:59,1,不妥协的幸运很难遇到，我和现实很难勇敢聊聊。
泉の向日葵,5,2006-08-28 20:08:21,0,简单的宝贝
汤之问棘🌈,3,2010-09-03 09:53:42,1,大清新。
赖小敏-🐳🦌,NaN,2007-01-30 15:41:53,0,听过了几首，不是所有
小狐狸BOBO,4,2006-08-13 21:44:57,0,有陈老师继承的封号，销量却也不错，但为什么一定要这样呢？！
91.7,4,2009-11-29 22:26:09,0,覺得這是一部成長日記吧
Angeline35,5,2012-01-02 22:34:10,2,我真的不爱小清新，但我好中意清新。
DFF,4,2008-12-06 18:44:30,0,力荐
Ridden,NaN,2009-08-13 05:31:26,1,宝贝(inADay)。Malaimo。
○Ⅴ○,5,2010-04-11 18:35:04,0,2021.十一年后重新全部回味一遍，太喜欢了。scream，aintmyman+酒馆三百秒！为什么当年火的只有一首宝贝啊不懂！
三四,4,2008-03-09 15:14:18,0,Scream
KennyHaynes,NaN,2010-09-16 09:41:48,0,焦小姐就是优
囧之女神daisy,4,2008-06-23 16:18:40,0,蛮好
不擅长,5,2010-05-09 00:37:50,0,…这就是豆娘无脑倒带子密集处之一噢http://www.xiami.com/album/32527
沉歌,4,2008-05-21 13:36:58,1,喜欢《宝贝》
17950,4,2006-10-13 00:04:57,0,不错，但是没什么惊喜……还是喜欢《遇见我》多些
DrunkFox,5,2007-10-19 14:51:35,0,最喜欢这张
神秘金针菇,4,2010-12-18 22:34:56,0,安安静静得，挺好。
Augenstern,5,2012-08-01 10:16:49,0,等新专辑中来重温一下
薇羅尼卡,5,2006-06-11 14:54:07,1,很棒！很喜欢，最喜欢《宝贝》~~
j u n,NaN,2007-07-16 13:18:29,0,婷婷说我会爱她，结果她中了呢。。
怀山鹿,4,2010-07-22 03:58:41,0,嗯，高质量
安东妮,3,2006-06-10 18:16:42,0,原来这个声音很多年前我在电台里是听过的
Tatiana,4,2008-12-11 22:49:24,0,宝贝
新竹,4,2012-08-06 13:39:05,0,信任的樣子。第一次放心思去聽是因為這首，也就真的一直喜歡著，最喜歡著。有時會想起跟FF在德國嗲聲嗲氣地唱起『寶貝』。好像是偶然聽了馬世芳的三檔訪談突然對她感興趣的。
流空破刃,4,2011-02-02 15:05:46,0,反正我是因为这张才知道她的，嗓子一听就入耳，对我来讲这很难得。
Alto,NaN,2007-03-21 10:32:43,0,正式意义上喜欢的第一张专辑
Yi,4,2008-03-01 09:35:14,1,ain'tmyman
中世纪福音工人,5,2014-04-25 15:29:52,0,女神就是不一般！
Rouge Rouge,5,2009-10-26 15:32:32,0,在纷杂的题库中听到了些许安慰，遥远的像是回声，可是依旧温暖
杜扬Seatory,4,2007-04-18 03:06:52,0,宝贝
十万嬉皮Fz,5,2008-08-23 15:26:06,0,好听不是罪
soloye,5,2008-10-29 13:07:24,0,或者，总是发现一次次的不同，以及忍不住一遍遍地听下去，说不出话
朱朱朱古力♥,5,2009-12-06 13:41:46,0,fav
杨山魈,5,2010-06-26 00:03:26,0,那一刻有种感动
不如的我的,5,2006-08-16 10:55:15,0,舒服的声音和音乐
煮蓝,5,2011-04-27 04:48:39,1,每晚每晚都在听张老板，在上一张专辑里面翻下一张专辑的蛛丝马迹，觉得她一直没怎么变又很惊奇，随时准备破坏自己，把很颓很丧的话放在很快活的表情里面讲出来，还附赠了大大咧咧满不在乎的态度，可爱得要死。
Ziggy 🇵🇸,4,2011-10-17 05:00:01,0,4.5
千寻｜Scorpio,5,2012-01-08 16:21:15,0,知道她是源于百度的打榜歌曲《宝贝》，可那时她的第二盘专辑已经诞生了。可是想多了解她，于是却先买了这盘专辑。喜欢这种跳动的歌曲，ego，做自己。最喜欢的或许是《scream》，一直以来是我的博客音乐。
车车,NaN,2006-10-20 04:24:39,1,只喜欢“信任的样子”
不要焦虑浣熊妹,5,2008-07-05 16:21:23,0,听着宝贝睡觉觉
复活节彩蛋,2,2006-08-08 11:01:50,0,不喜欢的音色和旋律
元宵葫芦仙,4,2012-04-22 10:20:51,1,四星半。还说苏打绿是小清新......明明张悬才是最小清新的吧！青峰那种曲调相比之下才不是啊！哎呀张悬跟青峰到底神马关系啊！
昏睡的哦莫纳,3,2010-09-11 11:13:28,0,完全是豆瓣电台逼我听完的整张专辑==！！！
迷鹿,NaN,2006-07-22 15:10:08,0,喜欢<宝贝>
五月微蓝,4,2007-10-09 17:53:46,0,于我还是更喜欢她后面的一张
掩杀,NaN,2006-12-02 21:05:36,0,低吟浅唱
豆咪,4,2006-11-13 18:14:55,0,有几首歌挺喜欢，对我来说属于慢热。其实我一开始还是挺烦她的。
斯 琰 🌈 🍭,5,2013-09-20 21:04:05,2,这应该是最易消化的一张张悬了~当然，和其他大多数歌手相比，张悬的音乐始终是晦涩难懂。但也正因为她的音乐有这个特点，太多的不确定性，所以每个人都能从中听到自己想得到的东西。她的词曲固然是好的，但是我更爱她唱歌的那种感觉，会让人沉下来。
程萬萬金,5,2011-04-02 05:37:56,0,我喜欢永恒的短暂化主动为被动的昏暗所有公允的景观之中我都不存在我喜欢邂逅的对白。抹有某部电影的光采你要我给的，应该也如此的是这答案。不要把美好的故事留下来不去制约，被制约；没有习惯我喜欢独白胜过众人的彩排
Leoooo,4,2008-02-14 09:47:18,0,孤單時有人把你想念寶貝
你是桌子我是布,5,2010-04-05 17:23:49,0,tillnow，it'sstillinvain...
一又,5,2009-08-28 00:17:36,0,等到我开始爱上你。
A-sun*,NaN,2006-12-31 02:47:34,0,MyLifeWill.Scream
Happy Wiggin,4,2009-08-02 20:55:34,0,偶尔发现的，声音真的不错，mycupoftea
TristanShen,4,2009-01-14 10:17:10,0,4.2
混不吝福音战士,5,2008-11-18 19:40:33,0,高考前反复听的东西
BtKnowhere,5,2009-09-04 09:20:18,0,舒服
对抗拖延,4,2010-11-28 21:14:15,0,偶然发现的感觉，Live，酒馆300秒
≌菩提风花,5,2007-08-09 11:00:47,0,很不错的小声音~
🌟亚树🌟,4,2006-06-10 12:14:18,0,宝贝迷惑无状态scream信任的样子
給料泥棒,5,2010-02-18 14:47:57,0,嗯
baichi0038,4,2010-03-27 12:11:06,0,唉～～偶是那么地喜欢这样的音乐～～
靠谱青年™🌈,5,2007-07-27 01:12:14,0,我的小鬼，小鬼
Illusion·L,4,2014-02-04 21:42:09,0,有态度，有旋律，有一个该有的样子。虽然面对太多INDIE碟子我总不觉得她有那么多wowfactor，但是天时地利人和三个因素在她这里都占尽，红都不是大事儿。我是旋律党，<Ain'tmyman><live酒馆300秒>首推。《宝贝》一般般吧。
暝明,5,2009-06-23 01:08:36,0,i'mscreaming，i'mlosingallofit...
枕枕枕头,4,2012-05-18 17:09:16,0,宝贝宝贝
半辈子,NaN,2007-10-15 14:30:54,0,听so，恍惚间以为在听苏打绿，我太喜欢这种慵懒迷幻的味道了
