user_name,star,comment_time,vote,short
岛上的夏奈,4,2011-09-03 16:45:51,131,陈绮贞的包装、王菲的唱腔、田馥甄的态度。
Kreuzberg,4,2011-09-04 14:27:20,72,基气逼人
齊克斯尼力佐飛,5,2011-08-27 23:13:37,74,现在标记算了，反正无论怎样我都会打五星的。
昏金暗玉,4,2011-09-12 08:35:24,90,郑楠的曲令人惊艳。《MyLove》填什么样的词都不重要，旋律已是呼之欲出的寂寞蜿蜒。
上野千驴子,2,2011-09-03 23:49:34,31,请把这些歌还给张悬，吴青峰，陈老湿，陈珊妮他们唱
何牧歌,3,2011-09-04 10:36:01,26,每首歌都挺不错的，唯一的问题是唱歌的人本身，她的声音衬很多歌都显得有些苍白，特别是当作者自己也唱歌的时候，例如陈珊妮，例如张悬，就高下立判了。当然，能从SHE里走到如今的境地时挺不容易，只是怎么去唱歌，怎么去真正释放自己的感情将之融入到歌喉里，这是HEBE要认真考虑的问题。
锐利修蕊,5,2011-10-01 09:20:01,27,果然质量最优的就是李格弟作词的那三首。和预料的一摸一样，作曲方面，陈绮贞的《影子的影子》绝对是最悦耳的，很适合小女生的私密耳语。张悬《请给我好一点的情敌》舒缓，果然很有她强烈的个人风格，一听就知道。而陈珊妮的《乌托邦》如果我不事先看到，完全听不出来是她的曲，是这三年来第一次为别人谱曲完全不像她风格的一首啊。其余几首之前就试听过。没有想象的那么完美，不过还是不错的。除这三首，重点推荐同名，魔鬼中的天使以及无事生非。
潋 | Béatrice,5,2011-08-18 00:50:06,29,喜碧，我爱极了你的声音往高音飘上去时候，那种舒展自在的感觉。期待你的声音制造出一卷精致的风情画。
鸭酱,3,2011-09-03 23:42:47,9,阵容够强大，可是起不到加分的作用，1+1＜2.。我不知道是华研的问题还是HEBE的问题。。。豆瓣首页乐评都是高端黑，别瞎矫情了成么。。。。
莫呼洛迦-屁股上的青春在歌唱,4,2011-09-15 12:15:14,12,这张真的很棒！
内陆飞鱼,5,2011-09-04 00:34:21,16,真好听，HEBE终于越来越有女人味，成为SHE最强的一个了。
木火火,4,2011-09-02 13:11:14,12,没有之前的历练，怎么会有现在的蜕变！她已经是田馥甄，不是Hebe了。最喜欢《乌托邦》《花花世界》。
少年夏不安,4,2011-09-06 17:32:32,10,很好听。hebe童鞋还是很灵得，花腔耍得还真的有点王菲的神韵。
dirtyme,2,2011-09-06 13:13:44,4,要不是吹嘘的那么神，我也不会去听，也懒得发这个牢骚。且不谈主角还是组合时期那副拖泥带水的唱调，歌曲本身质量都很难说得过去
redhousepainter,1,2011-09-06 19:45:11,6,又是一张没有作曲的华语专辑，夏宇的词也只是发挥平平，歌声基本上也就是白开水。歌曲，歌曲，可以连曲子都没有，不管你信还是不信，反正这早就成常态了，这早就不是奇迹了。
第十个缪斯,4,2011-09-02 15:42:52,7,真的surprise了，声音控制的好好啊
停用豆瓣勿cue,3,2011-09-07 18:08:58,2,对你没有Love
狠狠红,2,2011-09-06 22:31:25,4,很一般很一般。唱得很一般，夏宇的词也写得很一般。
Dyingpluto,3,2011-09-05 11:35:01,2,除了同名主打，其他没感觉。。真的。。
L I M O,4,2011-09-02 22:33:10,5,MYLOVE...
叶酱,4,2011-09-02 23:42:31,4,冲着焦小姐青峰珊妮公主夏宇，还有《魔鬼的天使》打四星。这叫人情何以堪啊。
▲BOYBOWIE,1,2012-11-21 14:00:45,8,音樂本身，11首歌，沒有任何一首抓耳也沒有任何一首高級，連無病呻吟的資格都沒有，滾回去那惡俗的女子天團吧。還文藝青年歌手呢，張懸陳綺貞吳青峰加上首磚的製作班底救不了你。
邹小樱,NaN,2011-08-24 16:30:51,1,johnlennon内牛满面。
川总,3,2011-09-02 21:26:24,4,声音太乏太薄，只能唱这种懒洋洋的小清新民谣了。
KinG羽,4,2011-09-04 12:53:13,2,好听的，不过一直觉得Hebe这宣传什么的也太···是不是过了点啊
Autorun,3,2012-07-25 16:42:44,1,不错～
要早睡啊minami,5,2011-09-18 13:34:00,5,怎么说呢，可以理解为我对她的声音以及她的歌甚至是她本人有偏爱，但是不可否认的是，她现在的歌很好听，何况还有陈珊妮的作品~~~~一星偏爱四星品质~~~
加州站街男孩,5,2011-09-07 13:01:49,1,曲风略微有点单一。。MyLove有种听过的感觉
六翼在天堂,2,2011-09-23 13:14:32,3,还没之前那好
1806,4,2011-09-03 01:03:40,2,确实有味，每首都很精良
Claire,4,2011-11-20 00:36:30,0,有我喜欢的诗人填的词。【MyLove】【请你给我好一点的情敌】【还是要幸福】【花花世界】【影子的影子】
bookbug,4,2012-06-06 13:18:00,2,hebe的第二张，让我感觉越来越想多年前的小美了。。。
亵渎电影,4,2011-09-02 19:31:18,0,u.115.xxx/file/aq7t3wn8com替换xxx
tlmgt,4,2011-09-02 20:18:57,2,好感下降。无事生非和花花世界是里面最好的两首，3.5
Marvin,5,2011-09-02 17:31:36,3,标准台湾文艺女青年范儿。
五摆五折,3,2011-09-03 22:43:58,1,无感；http://www.xiami.com/album/459960；6.5分
齐鲁矿业李德友,4,2017-02-24 13:07:10,0,田馥甄是SHE里最棒的！
StevenTong,5,2011-10-14 17:27:35,0,是真的好聽。幾乎每首都大愛。
丶,3,2011-11-09 16:23:49,0,尝试了新唱腔，但是某些歌明显歌词写的太矫情太弱智了，比如《魔鬼中的天使》，典型的婊子立牌坊。
zard砸得王大崩,4,2011-09-03 17:09:42,0,3+制作班底莫名可怕。但可惜并未因此加持什么，有些反倒减分。二专比一专感觉更圆滑~还是要幸福~魔鬼中的天使~你~psHebe发音怎么总觉得舌头一直卷呢
MeetMeinaMaze,4,2011-09-02 13:29:52,0,这是《ToHebe》的B-side歌曲集吧~
#鼠宝#,1,2011-12-11 00:43:51,2,啊擦！！抄袭冻玩的Gravity好么！！！
Samuca,5,2011-08-21 22:12:20,0,本人非常喜欢
sorrento,4,2011-09-02 10:47:07,0,听完第一遍总体比较完整但相对收歌质量来说田小姐的演绎还不能很好的完全驾驭所有的歌基本都是一个唱法听完很容易让人疲倦P.S.1、田小姐准备走颓废路线了么？2、真心觉得田小姐的嗓子不适合唱英式摇滚啊听得我昏昏欲睡
了了,4,2012-09-13 23:36:09,1,成功进化成蕾丝边女神，加油
小鱼,4,2015-01-16 03:22:01,1,请给我好一点的情敌.还是要幸福.无事生非.
凹凸代餐,5,2011-09-03 14:10:14,0,256AAC提取码aq77vabb比第一张进步的不是一点半点
李桃杏子,4,2011-09-28 13:24:25,0,不知是听习惯了还是她进步了，没有第一张那么的违和了，但hebe还是太单薄了，声音也好唱功也好
乐旻,3,2011-10-09 18:09:14,2,她终究不适合文艺范儿，每个创作人都太自我，就没了她的自我。唯有一首陈小霞姚若龙的歌是好听的。太刻意终究是不好的。
LORENZO 洛伦佐,4,2011-09-23 19:23:10,2,请给我好一点的情敌，创新元素加入，还是要幸福，老式感人情歌，魔鬼中的天使，歌词美。总而言之，算是质量上乘的一张砖，就缺主打一首超赞的歌。
叶叶叶小丝,2,2011-09-02 21:12:14,1,众月捧星！
口袋_肥力士,4,2011-09-03 09:54:51,0,感觉第一张还是昨天听的一样，这一年也太快了==最近真的不能再听这种风格了
Hao,3,2011-09-11 13:13:45,0,单薄，以及请不要乱用“天后”这个词好吗？★★☆
肖申克的舅叔,5,2011-09-18 11:34:23,0,白开水但是脑残粉给五星。
Enhui,2,2011-09-07 05:59:54,0,无趣~~
♬ CaR,3,2011-12-22 08:48:04,0,军训回来听的第一张专辑真好听。
A,4,2011-09-03 18:03:44,0,客观。很难。
夏日扬帆,4,2011-09-04 20:46:39,0,一直这么叼，我真的服了...[你一定要幸福]
with,2,2011-09-03 18:56:29,1,她搞毛啊……
長閑,4,2011-09-06 16:42:45,0,MyLove的MV这张真不错
DeerColin,5,2012-11-16 14:06:22,0,很难说清楚田小姐相较第一张个人专辑是进步了还是退步了，是更文艺了还是更装逼了？但《MyLove》依旧悦耳，尤其是《魔鬼中的天使》一直是我非常喜欢听的歌曲，当然，仅仅是喜欢听！
不宁,3,2011-09-04 22:14:03,0,还请加油阿！听到了各种大牌的风格，却不忍让人想要是原创作唱一定更赞的感觉。
i'd,3,2012-04-08 01:58:21,0,真的太吵了，制作可以多给一颗星
肥匪廢·老🐰,4,2011-09-11 08:34:27,0,跟第一张比起来，制作阵容还是那么强大，但是感觉表现力略显单薄，而且没有林一峰。。
易召,3,2011-09-03 22:01:26,0,魔鬼中的天使
起名困难户,4,2011-09-19 21:03:10,0,创作团队强大得哟~~
李念河重出江湖,3,2011-09-21 16:57:21,0,不知道8.1分怎麼來的。
汤阿春,3,2011-09-30 23:20:58,0,幕后阵容确实相当强大但整张专辑听下来唯一留下深刻印象的只有“魔鬼中的天使”一看词曲作者又是姚若龙和陈小霞的组合我的最爱怪不得那么顺耳不是说Hebe唱得不好只是她的声音总是感动不了我……
banana*🌈,4,2011-09-25 01:53:28,0,比第一张好太多。
月山行,5,2011-10-25 10:57:47,2,听第一遍，听不下去　　第二遍，没听完　　第三遍，有些喜欢了　　四遍往后，发现真的太棒了　　由最初的不想打星到四星这样……　　　　　　听她的歌真的需要静下来听。需要耐心。然后才理解了为什么她的歌能够8.0了
Summer孙夏天,3,2011-08-19 13:53:15,0,就一般伐。
𝙎𝙥𝙖𝙧𝙠𝙮 | ✟,4,2012-05-25 00:13:01,0,请你给我好一点的情敌魔鬼中的天使。。
佐罗大王🌸,5,2011-09-03 14:01:35,0,比上张好点，只值三星，友情给五星。
凉,4,2012-01-16 17:18:07,0,很陈珊妮，很张悬，很陈绮贞，很吴青峰，唯独少了点田馥甄的影子。虽然没有一听命中的冲击度，却有种缓慢渗透的致命感，大概这就是我喜欢的样子。
Augenstern,5,2011-09-02 20:54:20,1,沒有一首不喜歡的所以下載的時候就果斷下載了整張專輯要不是沒有CD-ROM還真想買張CD回來囤著——噯其實也不是不可以沒想到還有可以同時駕馭陳珊妮張懸陳綺貞黃淑惠吳青峰的歌手這張專輯比上一張更成熟了你的下一場演唱會我還會去的~
乌龟@ 王小嗔,3,2013-01-07 17:36:11,0,哇～好快！
铲铲,5,2011-11-07 21:52:04,0,我总觉得她有淡淡的悲伤。她的气质其实和SHE团队的早就格格不入了。
Karonen,3,2011-12-27 13:39:52,1,平的过头了，催眠砖。留下来的只有《花花世界》。
TsingSea就是,4,2011-11-10 22:45:52,0,三星半，团队强大，但是Hebe唱歌是真的普通，尽管我觉得她人挺好的~
陈永仁,3,2011-09-03 00:56:47,0,还是要幸福
○Ⅴ○,4,2011-09-02 20:32:55,0,曲风简约但单调了，有力求精致的势头在但是差了一口气，反而不时给人诡谲的不适。>>>Mylove+影子的影子+还是要幸福
Ray,3,2011-12-14 03:11:47,0,7.1
草猫想作读书人.我爱胡媚娘,3,2011-10-05 08:41:05,0,只有《还是要幸福》好听制作班底太强某首歌都有创作人自己的味道完全不适合
石小po,4,2011-09-10 09:39:40,0,魔鬼中的天使
宇文宙,2,2011-09-01 00:01:28,1,台湾文艺少女太多，总是老调重弹就没多大意思了。
不良少女劉蘭蒂,3,2011-10-28 15:59:30,0,还不错啊~花花花花花腔那个很有意思>，<
evan是幻想家,3,2011-09-05 00:22:22,0,不喜欢这样所谓的小清新
KeneL裤头,5,2011-11-09 10:45:41,0,MYLOVE请你给我好一点的情敌魔鬼中的天使还是要幸福无事生非
unfoldway,2,2011-09-04 23:37:52,0,告诉我哪里好听啊亲
小敏吃掉小敏,4,2012-11-08 19:33:45,0,很不错的pop
乐化天,5,2011-12-06 16:55:53,0,尼瑪，好聽到髮指啊！！我還以為是王菲的新歌！
團團是個團|囧囧是個囧。,5,2011-09-27 00:15:42,0,太好听了TAT
天蓝蓝,3,2011-10-01 10:38:37,0,不耐听
Miss Lucky,5,2012-08-25 16:08:38,0,如果你被他伤得很痛'请感谢他好心折磨'如果你对他感到愧疚'请感谢他慷慨磊落MYLOVE
花伦,5,2011-09-15 17:00:12,0,耐听的辑子。只是风格还是不大统一。有些歌儿感觉换个人会更有味道。但还是给你五星哦~
不眠飞行,4,2011-10-17 04:31:34,1,影子的影子果然是陈绮贞作曲，和太阳那张专辑的风格好像。最喜欢魔鬼中的天使。
mosquito惟,3,2011-09-06 13:17:59,0,连普普通通都不能形容它的普通了
不擅长,3,2012-01-20 12:24:38,0,http://www.xiami.com/album/459960
雪  叁更,4,2011-09-02 13:39:54,0,期望越大，失望越大……
Heyu.|电波洞,3,2011-09-04 15:58:45,0,所有曲目都没亮点，偶尔嚎一两嗓子也顶不住那种撒比西的旋律大部分歌词一塌糊涂比上一张退步给下面的酸乐评跪了，球别说了好吗
