user_name,star,comment_time,vote,short
潜意识,5,2008-12-01 23:55:07,903,我相信上豆瓣的没人没听过这张专辑
yum,5,2007-03-07 10:51:59,246,年少轻狂的救赎专辑，每次情绪不可控，只要从头到尾听下来，肯定好
jellybaby,5,2016-08-16 00:20:43,102,现在再听nirvana的nevermind，是能感觉到80年代的朋克在英国和美国的地下是如何扎根，扩大影响力，最后在恰当的时机遇到kurtcobain这个天才并一举掀翻乐坛的。其实这张专辑现在听起来并没有那么新鲜，它能听到很多前人的影子，kurt只不过把旋律和bass写得比启发过他的所有乐队都要漂亮和忧郁罢了，加上完美的录音的助力，歌喉和歌手与歌曲完全融为一体的独特的气质，造就了这张不朽之作。
尉迟,5,2008-05-25 01:45:37,113,什么叫摇滚？！
小魔@优雅穿梭,5,2010-06-23 08:59:43,19,Comeasyouare
大头绿豆,4,2005-11-25 14:34:56,14,心都被Cobain撕碎了
Song³,5,2007-09-14 16:00:09,27,阴茎乐
Wander-Lust,3,2011-05-17 18:08:54,16,除了重金属外什么都没听出来。。。这样一张神碟真是被我侮辱了。
Luffyjun,4,2013-10-26 22:28:46,22,涅槃应时代而生。在这个年代听来，不喜欢的会一首也听不下去，喜欢的会把首首奉为珍宝。不太适合我【专辑封面太经典了
tlmgt,5,2014-12-22 19:37:57,16,92年那张选集更好
亞麻君,1,2010-08-18 19:47:08,9,啊！！！！我不喜欢啊~~~
豆友36396401,4,2011-10-21 23:40:33,8,TerritorialPissings当年真给我听哭了
果酱☮,5,2008-12-10 20:47:08,6,中学时代买过打口CD，怎么也想不到就此会对我产生影响。
光年‖影视歌三栖民工,4,2008-10-30 00:15:18,7,喜欢SmellsLikeTeenSpirit
Memento Mori,5,2009-10-04 15:29:51,4,五星是因为你们叫Nirvana。
Odding,4,2006-03-26 00:07:51,0,好。
ttya,5,2012-03-04 06:07:41,4,有次看电视台采访过已经长大了的露JJ的小孩
BlackScholes,4,2013-11-24 01:59:56,3,不是那个年代的人，没经历过那些事情，是不会理解的。就是觉得slts真的没什么共鸣。
赤潮▪夯,5,2006-12-12 11:11:15,1,我的最爱之一。
人淡如菊。无奈,5,2007-09-16 10:42:41,0,超赞
Jr.Pimp,5,2010-07-26 17:46:19,1,SmellsLikeTeenSpirit!!!
Enjoy🌈Rachel,5,2011-08-18 00:41:20,0,涅槃还是最爱这张的感觉~~
KeneL裤头,5,2006-08-13 16:22:28,2,接触Nirvana还是因为梁Sir，这应该是他最爱的乐队.在初三这个比较浮躁的时期，听着这张唱片，有说不出的释放感
小本,4,2010-10-13 16:25:46,0,代表作昂
DLL@baidu,5,2021-06-27 17:08:36,15,虽然可能是最大众化的摇滚专辑之一，但如果你不喜欢这张专辑你就不喜欢摇滚乐。摇滚乐不是你的流派。从头到尾没有一首不好的歌，也没有无聊的瞬间，也没有一直硬核lit造成的审美疲劳，因为基本上每首硬核lit摇滚中间都会自带zoneout的solo或者“抒情”瞬间。制作光鲜亮丽，Cobainvocal能力在所有白人男性摇滚歌手里自成一个等级
Samwellllll,5,2010-01-29 20:23:16,0,涅磐
六壁坂,5,2014-06-17 20:36:33,3,作业用BGM……
Summer孙夏天,4,2011-06-10 19:34:47,0,SmellsLikeTeenSpirit
莊小壞,5,2009-03-07 18:56:23,3,5－－－因为过于坦白，无处躲藏。
椒图,5,2011-04-08 01:06:32,1,Well，whatever，nevermind...每次听到前奏，都觉得全身有电流穿过，瞬间亢奋起来。
涒灘,5,2006-11-16 20:10:36,0,震撼！
Gwen Cooper,5,2011-08-01 14:53:39,4,涅槃在前奏上有着行云流水般不找痕迹的处理，神
blackstar,5,2011-04-11 20:02:43,1,另类摇滚的基座
和风莫吉托,5,2011-03-10 00:00:17,0,！
冰山的阴影,5,2013-11-01 22:50:37,5,91年最为经典的Grunge-Rock暴烈作品，将美妙旋律和狂暴情绪完美结合的作品，率先90年代杀出6、70年代重围的代表，拥有西雅图的垃圾热浪攻陷主流唱片排行榜的光辉战史。“涅槃”队名的完美诠释。
掩杀,NaN,2006-04-15 03:27:43,2,喜欢《TerritorialPissings》
新竹,5,2012-01-22 08:02:23,0,好吧，有人沒聽過麼？！LOL
爱罗武勇,NaN,2013-07-13 11:49:50,4,太适合心情躁郁的时候听了
时以星,5,2014-11-24 20:12:36,3,本以为我的躁郁期在初中时已终止，没想到20年后又来找我。所以，需要听Nirvana，againandagain。SmellsLikeTeenSpirit、ComeAsYouAre、SomethingInTheWay
Белка,5,2008-04-05 13:56:36,0,终于终于听了。毕竟我还是少一点摇滚敏感。
Aki,5,2008-05-17 21:07:55,3,Lithium
Seamoon,5,2012-02-27 23:19:09,0,最近豆瓣收藏数超过了4000，因为属于书影音齐头并进型，没有在单方面的专工，有分散的爱好，也比没有要好。这专辑第一首歌超级带劲，后面的一些就显得有点黯淡了。
Fantasy,5,2009-05-25 12:15:49,0,神作
失控的蘑菇,3,2010-01-04 11:30:24,0,okay...
朱朱朱古力♥,4,2011-04-14 20:55:19,1,Lithium
艾桑,4,2006-10-23 13:39:33,0,好好好偶尔听听爽快地的，牛B！
biiru_u✨,NaN,2007-05-28 11:01:34,0,嗯，没什么好说的
大D,4,2007-02-12 18:40:36,0,最朋克！
Shudoku,3,2012-07-24 07:36:08,0,总之不是俺的菜
草原上的咩咩羊,3,2013-12-21 17:42:26,0,最早听的涅槃专辑，但是我对这个乐队感觉一般。
mumu,4,2010-02-13 14:33:09,0,有点心不在焉的感觉。
kylegun,5,2010-05-05 12:06:54,0,居然忘了这张?
听临,3,2010-02-05 13:25:54,1,据说是NB到极点的专辑.不试听直接下...
脫繮的蛇肉堡,2,2008-03-08 08:09:09,0,我觉得我对不起好多同学==
西柚小姐,NaN,2007-05-06 14:56:17,1,没有异议的一张??!!
迷鹿,5,2011-03-08 11:08:41,0,好听！！最喜欢SmellsLikeTeenSpirit。。ComeAsYouAre。。SomethingInTheWay。。
一又,5,2007-10-13 23:37:05,1,无语唯有叹息。
JasmineJasmine,5,2012-12-10 14:05:10,0,听了好久的SmellLikeTeenSpirit，居然不知道是Nirvana
Parachute.cpp,5,2011-01-24 18:34:40,0,4.5这是Nirvana最符合我口味的一张。
五月微蓝,5,2008-02-03 16:00:47,0,怀念。
半吊子社畜阿九,5,2007-08-07 13:37:49,0,不予评价了
elimu,4,2009-11-03 20:09:30,0,没太大爱==~
爱咋咋地,5,2010-03-07 02:57:42,2,突然想起Kurt……想起当年街头辨认是不是文艺小青年就看是不是穿Kurt头像T的日子……那时候我还自认是个文艺小青年，后来……就一门心思向金融专业人才飞驰而去了=-=
阿科,5,2012-01-13 11:39:46,4,Nirvana的全部喜欢，毫不考虑，一半的青春都在里面了。
索总，,5,2019-02-03 18:54:39,0,Nirvana☞1991
At7antic,5,2009-11-15 20:50:37,0,远东花了140大洋
ｅｍｏｌａ,4,2013-01-16 14:22:56,0,影响力，SmellsLikeTeenSpirit，SomethingInTheWay
donger,5,2011-06-07 18:51:29,0,noIdon'thaveagun
息为,5,2010-11-30 20:16:55,0,comeasyouare
Happy Wiggin,5,2015-03-25 19:33:34,0,我居然没标过【手动再见
TristanShen,5,2011-12-24 22:55:26,0,4.8
做人呆呆,5,2009-04-20 05:39:53,1,nirvana的经典是无法复制的，如果kurt还活着或许再也无法超越这张的经典
放开那个浪味仙,5,2008-05-10 00:15:29,1,我只想说……经典！
≌菩提风花,4,2007-03-29 14:14:13,0,hiahiahia~~
[已注销],5,2014-04-10 20:00:56,0,4.5
～tulipj～,5,2007-09-17 09:46:44,1,不哈摇滚，但这张例外
柴犬的柴,NaN,2010-12-20 22:32:06,0,欧美摇滚
苏苏,5,2013-03-28 14:53:12,0,对不起啊一直忘记给您打5星了，罪过罪过！
梁 宗,5,2012-02-09 10:22:03,0,没得说
慕容狐仙,5,2006-12-17 17:14:11,1,APE自刻。网摘：1991年四月，Nirvana正式和Geffen唱片公司签约。同年九月，专集《Nevermind》发行，刚推出5周销量就已达到50万张，并且在排行榜上势如破竹，节节上升，1992年1月11日成为美国销量第一的唱片，全球的销量超过一千万大关。
Seahorse,4,2012-12-04 11:58:44,0,柯本，集感性与性感于一身的男人。
Nosferatu,5,2009-11-28 17:04:09,0,GRUNGE浪潮带来的经典!KURT死了，留下了一张张百听不厌唱片
马不停蹄,5,2009-06-06 19:13:38,0,别介意，嘿嘿.
齐烟九点,5,2010-10-23 21:53:17,0,KurtCobain
Papaya,3,2012-06-14 20:37:04,0,没有一听倾心
抽屉的烦恼,NaN,2008-06-10 07:57:51,0,没话说经典中的经典
五朵云,NaN,2007-12-24 01:58:14,0,谨以此纪念科本和高中时候的阿毛
豆友3079484,NaN,2014-03-06 22:48:30,0,SoundCity的余波，我毕竟过了TeenSpirit的年龄，但还是很喜欢那部片子的两个概念：performance和connection--让别人身上的能量带出最好的自己。之类的。
柴犬妹妹,4,2011-03-22 00:11:44,0,超棒！
Meteora,NaN,2008-01-31 16:08:53,0,NeverMind--Nirvana
JoKe8,5,2007-08-28 12:11:34,0,这专辑不想多说了，太经典了很多是到现在这专辑所有歌曲我每年都会听至少一遍的坚持10年的专辑
看到你的文艺我就浑身抽搐,4,2011-08-29 20:15:05,1,听Nirvana让我呼吸急促。最好听的还是《comeasyouare》，没得说了。
饭夫斯基,3,2009-11-30 21:58:12,0,我暂时给这张专辑打3星，因为我他妈不知道哪好听，也可能是出于对枪花的无比热爱，我对涅槃始终攒不起兴趣来，这专辑前前后后听了不下10遍，好听在他妈的哪？
遲,4,2007-07-25 17:36:34,0,虽是最商业，也是最正常的一张。
蕉,5,2010-02-12 23:36:09,0,疯狂的轰炸
J,4,2009-09-30 20:55:14,0,longtimeago
菲以,5,2009-09-09 23:35:57,0,不得不顶？
预习,5,2008-06-30 18:53:14,0,grunge时代结束，涅槃本不需要重生
小怡,3,2012-03-13 16:22:29,1,亲，我真心耳朵疼。。。
方東美,5,2009-10-16 17:56:31,0,Nirvana！！！
