user_name,star,comment_time,vote,short
冷猫,4,2006-10-01 21:31:49,20,某种小动物的淡薄的梦。
zard砸得王大崩,4,2006-12-15 00:15:04,22,总觉得她的英文没有法文的歌曲有感觉
贾不许,3,2008-12-30 13:15:18,6,迷幻的靡靡之乐从低沉而吟唱我开始发热僵冻放空白目
撒旦的表妹,4,2010-02-19 13:35:51,5,还不错，听多了困的不行不行
L I M O,5,2007-06-25 10:45:06,1,無處可去。
齊克斯尼力佐飛,4,2011-02-02 09:34:53,0,notgoinganywhere
Μουσαι,4,2012-03-04 16:40:36,0,Seventeen|ByTheCathedral
浮生若梦,5,2006-10-14 21:59:30,0,最爱
女巫,NaN,2008-01-04 14:15:16,0,keren只要静静地唱就可以了
Mignon松弛地,5,2008-03-04 18:47:16,0,低调~好听的曲子很多
Song³,5,2007-09-23 13:21:50,0,NotGoingAnywhere
tlmgt,4,2012-07-03 02:32:44,0,Polly
徐达多,4,2009-02-12 00:36:16,0,懒散的酥了骨头。
丶,5,2011-12-06 18:35:58,0,这个民谣只有两个字形容：惊艳。就这么安安静静的，直到凋零。
猫打喷嚏,4,2010-04-26 14:12:35,1,很安静的音乐啊，我听了总是容易睡着。。惭愧
凹凸代餐,4,2009-04-21 12:31:41,0,【NotGoingAnywhere】
丝绒陨,5,2008-07-06 15:13:48,0,绝世女伶的一次优雅唱游
寂多蔓生,5,2013-10-27 05:01:18,1,日鱼月天秤温柔的女声
cristine,5,2006-09-05 14:34:50,0,好舒服的音乐，适合晚上听～～
狮子人,5,2007-04-14 21:17:34,0,还用多说吗。
小狐狸BOBO,5,2006-01-06 22:07:17,0,缥缈的吟唱，天籁的简约，她是她，仅此而已！
Ridden,5,2008-12-28 17:18:29,0,NotGoingAnywhere。EndOfMay。ByTheCathedral。
客心未央,NaN,2008-10-19 17:10:13,0,干净的声音
○Ⅴ○,5,2010-03-20 09:59:02,0,很早听的。有几首的调子忘不了。
Luffyjun,5,2012-05-07 21:36:25,0,哪儿也不去~哈哈
艾桑,3,2008-03-08 16:23:57,1,现在听这些觉得有点太白平平无奇的一张
涒灘,4,2007-12-13 16:47:59,0,适合世界上任何一个咖啡馆做背景音乐
静@Einfühlung,NaN,2006-04-24 22:08:22,0,很安静......
鹿鹿子(>^ω^<),5,2006-09-03 11:12:13,0,kerenAnn
Elika,NaN,2007-09-22 11:54:45,0,bythecathedral
evan是幻想家,3,2010-02-27 23:44:15,0,法语版更好听些
大头绿豆,5,2006-01-12 21:45:17,0,ann的英语含含糊糊的，很有意思。
谁亲爱的偏执狂,5,2010-04-27 15:14:27,0,喜欢她的声音
團團是個團|囧囧是個囧。,3,2010-11-17 18:38:42,0,最近太浮躁。。。
品客,4,2007-05-20 15:02:04,0,很久以前听的了，还可以.
阿猫小姐,4,2006-10-05 12:34:32,0,清新民谣．
Miss Lucky,4,2006-12-28 19:24:25,0,endofmay
乡愁,4,2011-01-25 21:10:52,0,ThisiswhyIalwayswonder，I'mapondfullofregrets.Ialwaystrytonotrememberratherthanforget.
blackstar,5,2010-07-03 12:03:09,0,bruissement，Jet'aime
不擅长,5,2009-10-25 18:25:52,0,http://www.xiami.com/album/167537
趙叔,4,2010-09-08 20:10:12,0,小清新下
DrunkFox,5,2008-11-14 01:03:29,0,2008春夏之际
亞麻君,4,2009-04-06 13:15:34,0,有些另類，不過有些歌很不錯
和风莫吉托,5,2011-03-09 23:47:32,0,当初听了一个月都没腻味
薇羅尼卡,5,2006-09-07 13:52:15,0,太棒了，让心灵沉醉~~
mibo lost,NaN,2013-04-12 11:52:43,0,又名:宅
evonne||芝士命,4,2009-07-08 16:26:39,0,宁静悠然
小晨,4,2010-01-01 10:40:26,0,拿到这张CD就不觉得兴奋听完了依然不兴奋不错跟喜欢和推荐是两码事
帕布利卡醬,5,2008-07-27 15:05:13,0,不用多说什么了。不是么。
怀山鹿,5,2010-11-27 21:20:34,0,第100张~~那个仰望的角度。。←这就是小清新~~
ANNXXNA,5,2010-11-02 08:52:20,0,iloveusooooomuch
夏树森林,NaN,2008-03-02 14:31:59,0,高三。
半个柿子,4,2011-05-18 15:18:45,0,小姑娘
Illusion,4,2007-09-10 01:53:16,0,Peoplecomeandgoaway，butIamnotgoinganywhere...想要的就是这样
Pumpkinhead,4,2011-02-12 18:50:06,0,悦耳的女声貌似已经成为小清新的代名词了
我爱阳光,5,2007-09-30 19:53:42,0,太精致的声音~
放开那个西红柿,4,2011-05-13 11:24:46,0,大学的记忆。
江央又被晒黑了,5,2011-10-04 01:50:54,0,我还是听过很多小清新的嘛
拎北闲闲没代志,NaN,2010-04-24 14:52:38,0,不舒服。
Белка,5,2007-08-21 21:32:21,0,KA，还有什么能说的呢
ヽ 丶詸゜,5,2007-11-24 18:35:53,0,美女加才女~~
踢小石子儿,5,2011-01-22 14:47:42,0,还是挺喜欢她的
ｅｍｏｌａ,5,2013-01-08 12:35:11,0,哪儿也去不了；EndOfMay，ByTheCathedral
原獸god,5,2009-11-23 15:44:44,0,惆悵圓舞曲。
滚石,4,2012-03-01 15:10:37,0,推薦曲目1、2、5、9
DG,3,2008-10-20 00:21:03,0,NotGoingAnywhere
斜晖脉脉,5,2010-07-13 09:59:51,0,很喜欢她那低缓的声音，还有那抒情的调子
痴人,4,2007-09-06 22:09:36,1,高二暑假min的推荐。比较适合在阳光浓烈的秋天听~最喜欢bythecathedral
TristanShen,4,2009-01-21 20:06:12,0,4.2
独孤树,5,2012-04-09 16:22:12,0,爱呀！
Theo Lee,5,2007-08-08 19:15:35,0,最喜欢的KerenAnn专辑
everythinbagel,5,2013-02-24 15:11:49,0,很难得每一首都很好听
0926根本没有,NaN,2007-11-04 07:27:45,0,Thanks.Dear
≌菩提风花,5,2007-03-28 18:09:06,0,I'MNOTGOINGANYWHERE
寻找哥本哈根,3,2011-03-04 20:50:36,1,在错误的时间里听，就会心生反感
碧心,4,2011-11-04 09:40:52,0,温柔，清新，贴心，安宁
然,5,2011-03-15 17:52:07,0,很喜欢的音乐那么轻灵清丽悠远适合一个人静静听
給料泥棒,2,2010-06-23 12:06:22,0,我很烦你很烦你很烦你
兰 希,5,2012-01-28 14:27:30,0,kerenAnn小姊的側臉。:)
kingfish,5,2006-03-23 15:38:51,0,还是感动......
笪笪,4,2014-04-04 13:42:03,0,经典的一张民谣专辑。
Fornever,3,2009-11-24 19:38:18,0,容易腻
姚墨芳,4,2008-12-25 21:55:51,0,是很好听，平淡的那种好听吧。腻了。
靠谱青年™🌈,NaN,2007-11-01 19:10:29,0,朋友推荐
Bigdumbface,5,2007-06-27 18:41:04,0,永远的爱
Mr. White,5,2011-03-11 17:51:32,0,1，4，7，11
Yii,4,2010-05-23 00:53:04,0,这封面如此陈绮贞。
Michelle,NaN,2006-04-18 13:17:41,0,我在每条声音的缝隙看到光
姽嫿ღ,5,2009-10-02 22:57:20,0,endofmay&endingsong
冥王星,4,2006-12-28 01:39:51,0,很通俗的民谣
southstarj,5,2012-03-21 21:45:48,0,最代表这种音乐风格的，听这一张就够了
麦心,5,2012-06-14 09:46:02,0,不错
金拾壹,NaN,2008-05-26 19:11:41,0,纯净
石白,4,2007-06-01 23:39:38,0,好听。淳净的感觉。
北北,4,2009-12-23 13:55:54,0,稍有些甜腻，大概是一张精选塞了太多的风格了……很多首很经典
琴酒,3,2008-08-17 14:12:43,2,2006年。我从小贩子手上买过她们的碟。放在好朋友的CD机里听。碟子最后给了她。而她也不见了。
叶藏.!!张寄奴,5,2010-04-04 22:20:40,0,塞壬一般
黛二小姐。,5,2009-03-25 13:34:08,0,EndOfMay
fake,5,2010-05-31 22:55:52,0,懒散的愉快。
Rocinante,4,2008-01-17 18:36:53,0,高质量的催眠曲
白牙尖,4,2013-05-28 15:35:23,0,民谣入门
◆鱼阿白@白◆,NaN,2007-11-05 16:16:42,0,NotGoingAnywhere一个人的音乐
薄荷茶不凉,5,2008-05-29 15:55:51,0,很干净的女生，适合在任何想听的时候听，即使在喧闹的大街上，也会感觉时间慢下来。
福鹿,5,2009-02-25 16:35:01,0,最爱的一盘。
紫漠,5,2006-05-15 10:42:31,0,朋友送了一张。
劉咳暝,NaN,2008-05-18 10:45:50,0,你好。
朵杜,5,2010-07-10 12:39:28,0,算是最喜欢的一张凯伦安的专辑之一，初时觉得安静纯粹，舒服到休息时只想听这个，不过听多了难免还是觉得有点靡靡之音。
米粒,4,2010-06-04 02:07:09,0,声音销魂呀。。。。。挺催眠
小仙草@_@兔兔孩西奈小仙草,5,2012-05-30 08:50:59,0,绝赞忧郁小清新。法式阴郁的喃喃倾诉雨天的咖啡馆，久不见面的恋人异乡人的疏离朦胧与故作情调的一作
结球,5,2006-12-26 20:25:48,0,凯伦安，最美的封面。
Spheniscidae,NaN,2010-05-10 21:30:50,0,从有豆瓣电台开始，就一直给我放这个……到底是为毛
熊野爷(老年版,4,2012-05-09 05:27:31,0,大一的时候很喜欢
夏一慕,5,2008-08-22 10:16:41,0,每次听，感觉都不一样……
Levi Wern,NaN,2007-06-29 20:00:39,0,低调的女声，舒服
kkkl,5,2009-12-01 15:47:13,0,哪里也不去即是四处旅行
若ε❤з水,3,2012-02-18 22:30:48,0,听这样的音乐真是要死。。。忧郁成这样要干嘛~
c😑f',5,2007-08-11 21:53:00,0,安静的音乐
psy,5,2008-07-14 16:21:29,0,所有自恋小女生都喜欢
阮免了,4,2010-07-27 13:01:12,0,温软的像小兔子的毛。
倒长的树,5,2011-06-04 00:55:19,0,NotGoingAnywhere
馬刀※你怎麼看,4,2011-09-28 10:44:36,0,猿粪啊！那是俺初三的记忆啊~——你好，俺喜欢你
熊生海海蔫蔫地,4,2012-05-14 18:50:09,0,歌没觉得咋样，不过倒是每次听这专辑时都要把IPOD音量上调几格。。。
朱大侠。,4,2011-09-03 19:47:03,0,民謠才女。撒花！*★，°*:.☆\(￣▽￣)/$:*.°★*。
放开那个浪味仙,5,2008-04-05 23:11:40,0,wonderful!
baker,NaN,2007-09-30 12:25:25,0,I'mnotgoinganywhere
清胧,4,2009-11-12 19:39:39,0,RightNow&RightHere，Seventeen
鲨鱼曾给海唱歌,5,2006-02-12 11:25:30,0,notgoinganywhere从此走进这个世界
WWrenLiiiiiii,4,2006-12-09 02:03:10,0,I'mnotgoinganywhere
豆友1365263,NaN,2008-01-22 11:02:26,0,啊，KERENANN，那个唱民谣的KERENANN，那个又性感的KERENANN
babyiJc,4,2012-05-31 11:31:45,0,穿过心的小清新
阮,3,2010-01-24 01:26:50,0,有的歌实在欣赏不了
秋豆麻袋,NaN,2013-11-05 23:50:54,0,http://www.xiami.com/album/167537
风某人,NaN,2010-08-06 16:44:25,0,http://www.xiami.com/album/167537
Amy,4,2010-07-26 08:25:09,0,有点过于甜美了啊
猫丢了的莫教授,5,2014-04-06 22:32:27,0,我居然也小清新过啊。
不归鸿,5,2007-10-06 15:09:47,0,超喜欢
michi,5,2011-08-07 17:12:46,0,好不容易听得懂的一张英文CD……还是法国人唱的--||
请 宰了我。,5,2007-09-15 14:55:14,0,听吧.
庄5,5,2006-04-12 11:59:51,0,好听
十万错,5,2010-04-08 23:00:37,0,以一种守候的姿态
IGNATIVS,NaN,2007-03-28 16:44:51,0,KerenAnn的东西适合作为全世界任何一家咖啡馆的背景音乐
Psychocandy,4,2011-06-28 12:17:28,0,notgoinganywhere，i'mnotgoinganywhere~
林里,5,2008-07-08 13:44:14,0,多谢一个朋友.让我完成收藏这张碟的心愿.
芥末蘸酱,2,2010-08-25 01:10:38,0,我实在不喜欢.原谅我是个粗人.
So Magic,4,2010-04-03 13:14:44,0,总之又是不错的催眠专辑
zooeyyyyyy,4,2008-06-29 22:06:56,0,舒缓的旋律，动人的声音....
有块石头,5,2010-03-19 21:46:02,0,让我很安静
大赤赤赤赤赤兔,5,2009-09-07 13:24:19,0,没有哪可以去那就留下来
格几。,5,2010-02-25 22:13:44,0,朋友送的生日礼物。
花事,5,2008-06-27 02:17:43,0,一切关于这个女人的开始……我那也不去%守候……
s.uki,5,2007-05-28 17:04:50,0,好。非常
自娱者小五,5,2010-07-21 15:51:27,0,要相信天分
三蝶纪,NaN,2007-10-29 18:34:24,0,忧郁沉静的声音，令人迷恋。。。
雀斑枪正在忏悔,3,2010-08-04 18:05:19,0,绝佳背景音乐
麦秸朵朵∩_べo,5,2009-05-17 19:10:02,0,午后，端着一杯奶茶，想想周围一片花海
鸭蛋超人,5,2009-01-31 18:48:34,0,这个版本没人听...
野象小姐,NaN,2007-07-16 12:56:55,0,植入內心。
雨哈☮追明天,4,2009-07-19 10:26:46,0,适合在夜里静静地听
正正子,5,2012-06-28 13:30:29,0,宁静的一种？
freesia,4,2011-08-21 15:48:00,0,夏日最后一朵玫瑰
