user_name,star,comment_time,vote,short
meiiii,5,2011-03-19 00:31:52,5,夜晚突然听到，一阵感动
UrthónaD'Mors,5,2008-02-01 18:32:50,3,如梦境中传来的天籁，所有世间烦嚣，此时此刻，都遁入虚无之中了。同样耳熟能详的曲调，却多了一份清新、温柔
♬ CaR,5,2011-02-17 17:38:29,1,我的入睡曲
文泽尔,4,2009-09-18 21:31:38,1,一直在电台上听的，宛如唱诗班在做弥撒时咏唱的天堂般的回响之声，耳熟能详的曲调和感人的谱词，令人感动的干净利落。
果酱☮,4,2008-11-25 09:46:26,0,封面
徐达多,4,2009-02-11 19:30:51,0,心静
StevenTong,4,2009-09-01 07:15:42,0,溫柔的夢。
丶,4,2011-12-05 20:20:06,0,跟专辑封面一样，适合睡前慢慢催眠的民谣专辑。
香水瓶,4,2009-03-25 15:05:10,0,Everydayisanotherday
BlackScholes,4,2012-12-16 09:02:16,1,大叔版会更催眠
sevear,4,2007-02-04 11:10:59,0,跟封面一样……就是一张摇篮曲
人淡如菊。无奈,4,2008-02-10 15:42:34,0,SonataNo.8WhatAWonderfulWorld
鹿依尘,5,2009-10-27 11:58:34,0,十分温暖美好
哈默林騎士,NaN,2006-04-24 18:39:06,0,甜美清澈
Summer孙夏天,3,2011-06-26 15:12:29,0,3.5
小M,4,2008-04-03 20:16:47,0,清澈的催眠曲
Ridden,5,2007-12-16 11:06:19,0,听上去很安静。
isomer。妖。,NaN,2011-01-28 11:07:38,0,豆瓣电台差一首就给我播完了。
谁亲爱的偏执狂,5,2010-06-07 18:35:21,0,我靠这封面太可爱了！
Yurikhan,4,2011-11-17 15:36:11,0,催眠曲
Sophie  Z,4,2010-12-06 02:41:54,0,KarenPeris
Miss Lucky,NaN,2007-01-11 19:46:22,0,moonriver
席德,4,2008-06-12 00:49:35,0,安眠曲，一如封面。
冬至,4,2009-12-22 15:14:41,0,好温馨!
madmozart,5,2012-11-26 12:46:08,0,动人。
泠风,3,2008-02-15 18:50:26,0,听多了后摇听民谣有益身心健康。
蹦床,3,2010-04-29 17:59:36,0,难听，too清新to接受
薇羅尼卡,4,2007-12-25 13:53:02,0,睡觉的时候～～
猫语猫寻,4,2012-11-01 10:28:23,0,我觉得小时候要是每天都能听着这张专睡觉的孩子，长大了一定都是好孩子
⸜( ˙-˙ )⸝,2,2015-03-03 00:35:57,0,对经典老歌无感弃。。。
怀山鹿,5,2010-11-08 23:24:25,0,overtherainbow萦绕的旋律，就像封面给人的感觉一样如此平静美好
你今日飲咗未,5,2011-01-10 17:03:16,0,嘿嘿~小盆友小兔几神马的~
元気一杯咪噶酱,5,2010-11-07 10:58:44,0,睡前有人唱歌。
Illusion,3,2007-10-28 23:44:34,0,有些沙哑，有些奇怪的英文唱腔
新竹,4,2014-06-17 01:02:49,0,Covers。陪伴sleeplessandsentimental的好幾夜，把偶暴躁的毛順得很好。
明法™抗议豆瓣删组,3,2008-06-24 08:51:01,0,很好的催眠曲，让人平静放松
Белка,5,2007-09-03 20:36:39,0,好干净的感动
Seamoon,4,2010-12-22 21:16:41,0,还有两天，就可以放假啦。这个封面画风蛮不错。这是一张轻爵士的圣诞专辑。
许仙,4,2007-04-06 22:57:31,0,...
杜扬Seatory,5,2007-04-07 23:08:38,0,考试/XX好伴侣
kokki@靠模子,5,2008-12-09 11:13:17,0,吟唱。
朱朱朱古力♥,4,2010-12-02 12:55:18,0,请治疗我的失眠症
卢儿,3,2009-10-05 15:19:50,0,催眠......
艾桑,5,2006-10-17 19:44:23,0,都是我喜欢的歌，唱得这么好听……
biiru_u✨,NaN,2007-05-30 13:24:30,0,受不了了...
leduo,5,2012-09-15 16:21:22,0,催眠
yum,3,2010-04-13 11:33:33,0,成军20年的夫妻团，依旧温婉清秀、灵动流转，悠扬抒情路线的民谣颂歌
绵羊头,5,2013-04-03 23:51:42,0,可以枕着入睡
菜泡饭,4,2011-09-07 21:11:27,0,各种小清新小民谣啊~
五月微蓝,NaN,2007-09-24 13:09:29,0,简单的，干净的，纯真的，就是这样的音乐，没有任何杂质。
baobaodu,4,2009-07-07 17:41:11,0,催眠曲。。
课代表,3,2011-11-01 15:19:31,0,我有一个收藏夹，里面的那些旋律，它们全部是翻唱。似曾相识却又很遥远.....其实很多年以前，我想有个咖啡馆，雨后的清晨，或者温暖的冬日午后，让收藏夹里的那些旋律，循环低唱。
Lethe。,5,2007-09-28 23:08:23,0,喜欢。
Ancora*山妮,4,2009-12-01 10:22:00,0,比较舒缓，有些翻唱，但是不算最好的版本。小清新里面，这张专辑一般
大象用鼻子洗澡,5,2008-05-20 20:51:22,0,像另一个世界的声音
痕。,4,2007-11-21 20:09:01,0,东风J的推荐终于在早上找到:)
Travis,4,2007-03-25 10:27:48,0,最佳安眠曲
At7antic,3,2009-09-02 23:28:06,0,是这样，其实TIM这乐队吧，挺好一配置，就是声音纯，虽然纯的多了去了，没有多大值钱，还不如整一个性路线，再有就是会写歌，会谱曲啊，听听他们第一张album，那一首首小曲子，真上口。还没到江郞才尽的时候吧。整这一张不伦不类的，想靠嗓音吃饭？那日子真常不了了
爱罗武勇,4,2011-04-05 13:26:59,0,<WhatAWonderfulWorld>，<OnceUponASummertime>，<SonataNo.8>，<MyLoveGoesWithYou>，<NowTheDayIsOver>
喷农药,4,2010-08-08 23:13:41,0,<OverTheRainbow>，<WhatAWonderfulWorld>，<MoonRiver>，<SonataNo.8>，<NowTheDayIsOver>.
斜晖脉脉,5,2010-08-14 19:28:49,0,安眠曲般的很舒缓感觉回到婴儿时代
Caligari,NaN,2010-05-18 10:39:19,0,pure
然小蝎,NaN,2008-09-10 22:06:04,0,nowthedayisover
ピーち.,4,2007-12-25 00:21:30,0,蛮嗲的
姽嫿ღ,3,2007-03-27 17:55:04,0,懒洋洋。
富态的浣熊,3,2010-07-10 01:40:09,0,娘亲啊它太催眠了！！！！！！！！！！！！！！！
Nosferatu,4,2014-10-22 20:48:03,0,千篇一律的曲风和唱腔，简直就是催眠神曲。还是专辑封面好啊
林||我们谈什么都像谈死！,3,2006-03-31 22:45:43,0,床头歌。清新的翻唱版本。
大佑,3,2010-07-16 19:19:48,0,隸屬小清新的老歌范兒吧....
豆腐脑敢死队,4,2008-01-06 03:46:01,0,Edelweiss/OverTheRainbow
Eve|Classified,1,2012-02-14 15:50:19,0,难听死了，一点强弱没有。念经都比她唱得好！浪费这么多经典优美的旋律。怎么想着居然敢出。
Papaya,3,2012-07-28 13:00:11,0,确实很催眠曲，就是给幼童听的吧，大人听太矫揉造作了。
导演罗娜娜,4,2012-10-14 14:43:37,0,摇篮曲
Wolfgang,5,2012-04-23 16:06:17,0,浅呤轻唱，清新的歌曲
蒹葭,2,2012-05-07 05:03:06,0,歌是好歌，但她的声音嘶哑到让我睡不着觉
～tulipj～,4,2007-11-27 16:15:50,0,WhatAWonderfulWorld
北北,4,2011-11-03 10:09:33,0,一张翻唱专辑，加几首自己的曲子。简简单单，一点也不矫情。从第一次听她们到现在2年了。独立民谣也好，小清新也好，不会因为贴了标签就可以否定自己喜欢的调调的。
卡羚,3,2006-12-07 17:12:43,0,睡不着的孩子们可以试试这张碟==+
A-Mian,5,2008-06-15 11:45:24,0,最佳翻唱唱片
小费FIFI,5,2009-04-03 18:24:02,0,我的床头歌
莫沫。,3,2011-03-14 15:14:24,0,小清新神马的最不讨人爱了。
qweerew,5,2012-12-21 05:57:53,0,MoonRiver
42|o●ö,4,2010-09-07 15:15:51,0,翻唱得不错啊可以当睡前音乐。。。
蕉,3,2010-04-03 00:19:56,0,幼儿催眠曲....
水,5,2010-11-09 21:27:06,0,好喜欢这个~~温暖的很~
愤怒的面面酱,4,2011-04-15 23:11:03,0,适合催眠
可风,5,2010-05-18 19:43:05,0,刚刚好
塞腮,4,2007-10-14 02:51:04,0,很清新很催眠
蓝蝴蝶,4,2012-04-16 07:37:52,0,一张常常在夜里让我舒眠的旧唱片……
0405|Love&Life,5,2009-10-14 18:01:32,0,平和。
dooling,4,2006-08-23 08:23:25,0,小民谣代表～
Mefaker,4,2008-07-31 21:57:09,0,T_T
白牙尖,4,2012-08-18 21:10:08,0,PreludeInA/SonataNo.8/Whatawonderfulworld
趙臟藏,NaN,2011-03-31 00:01:47,0,摇篮曲睡吧
DEIRDRA,4,2011-10-23 02:12:48,0,睡眠佳曲
薄荷茶不凉,5,2010-03-28 17:23:39,0,玻璃般玲瓏剔透的鋼琴、弦樂與吉他悠然響起，女主唱清澈靈透的嗓音
Hiro4,5,2012-06-03 16:22:51,0,睡前床前哼给你听的歌儿哦，亲～温馨宁和哦亲～
御手洗街,3,2010-11-06 00:33:52,0,又见治愈系……将来我也会抱着一个小孩给它唱daddywillloveyoumummywillloveyou
失控芭乐,4,2007-11-13 15:46:52,0,摇篮曲。
Doggze,5,2011-03-13 11:48:12,0,我喜欢这种干净的声音
