user_name,star,comment_time,vote,short
tlmgt,1,2016-01-24 21:40:32,39,最虚“神专”
psycho DC,5,2012-02-27 14:02:49,82,光是凭ColdWater我就想给10星！
文泽尔,5,2010-07-09 23:55:23,31,豆瓣电台反反复复终于将这张治愈的爱尔兰民谣播完了.喜欢的是DelicateblowersDaughterCannonballOlderChests这四首
Song³,4,2010-01-02 22:43:47,22,TheBlower'sDaughter
Claire,4,2008-01-21 13:06:34,29,因为偷心，爱上DamienRice的歌。
安东妮,5,2005-11-11 20:33:32,18,我说什么好。2003年还在我记忆里，还有痕迹。但也已零落班驳。在遇见之前，DamienRice在这个星球的哪个角落写下了[O]，素白纸面，孤单小人。告诉我你最爱的是哪首歌。我听你拉一曲大提琴。比失恋还愉悦。比死亡更性感。爱尔兰，爱尔兰，请陪我去爱尔兰。为什么会有这样的国度。为什么你是这样的爱人。Amie锋利的呼唤。CheersDarling迟缓的悲伤。IRemember泪如雨下。秋天听完所有哀愁低回的歌声，我终于肯相信一种命运。请让我们分离至死，永不再见。
旗旗,3,2006-11-10 11:07:32,4,justsoso
L I M O,5,2007-06-25 10:45:19,5,我不是零我不是零。
川总,5,2011-11-05 22:27:15,5,Can`ttakeeyesoffyou....wannabefuckedinsideout........
Bill,5,2011-01-29 05:26:07,1,舒服的声音
K洛,1,2008-11-22 10:22:19,5,一个星给多了
眠去,5,2007-08-01 18:25:11,4,CheersDarlin
DeerColin,5,2013-04-23 12:45:56,3,经典的东西只能在绝望的时候用来涤荡心灵！
三层保暖,3,2009-06-11 13:36:59,1,看来我是不适合再听民谣嘞
鸭酱,4,2010-06-21 11:20:14,3,真是音乐湿人啊
令糊葱,5,2009-08-28 11:54:25,1,soitis
果酱☮,4,2008-12-09 22:33:41,2,Ican'ttakemyeyesoffyou
和风莫吉托,5,2010-11-10 19:26:52,4,请拉上窗帘好吗？因为他要开始唱歌了
鹿依尘,5,2010-08-17 18:31:14,2,优美。哀伤。
椒图,3,2013-02-21 01:36:34,3,过了这个劲了。
🍀again 😸,5,2012-09-27 17:36:16,2,TheBlower'sDaughter自从2006年听过就忘不掉的歌，而且每年听的时候感受都不太相同。
Luffyjun,5,2013-01-03 19:12:26,3,我听赖斯的第一首确也是《TheBlower'sDaughter》，声线很像《曾经》的男主，这首在《偷心》确实吸引了大众的眼球…声如其人，个性十足，喜欢！
洛野,5,2008-04-21 20:05:47,2,平静中聆听起伏的情绪
Luu,4,2008-11-09 21:01:09,0,fresh~
Aragaki,4,2008-09-12 19:00:12,1,DamienRice
瓜。相信这个世界很变态。,4,2007-03-17 15:40:44,0,大米。
徐达多,5,2007-10-04 21:09:30,0,0
夏日扬帆,5,2013-07-15 23:22:05,1,第一次听倪安东现场唱theblower'sdaughter的时候，说实话，呼吸都被带走了，大米通过录音室版本带来了更加的震撼，晚上一个人听的时候，呼吸都真的会缓慢下来[theblower'sdaughter，amie]
zard砸得王大崩,5,2006-12-15 00:33:01,0,那一年在我CD呆最久的专集
猫打喷嚏,4,2010-04-26 14:04:04,0,看bones在剧里听到的，特地搜了专辑来听。但说实在的我只喜欢里面一首
Samuca,NaN,2010-06-03 21:39:40,0,爱尔兰的音乐是王道！
龙三,NaN,2008-09-10 22:26:54,0,伤花怒放
倉鼠,5,2012-04-06 10:45:22,0,断肠人的歌
苏格,NaN,2007-03-18 14:08:55,0,白先生送的第一份礼物。我当时还自作多情的翻歌词里有没夹告白的小纸条~掩面，羞奔
李念河重出江湖,5,2011-10-23 22:03:37,1,这个真的超好听超级超级超级超级超级好听。。。小氯哥我借你听吧保证你喜欢
周不時,5,2011-06-27 11:27:48,1,好~好~听~！
莊小壞,4,2011-11-12 22:10:11,1,4－－－第一張。我喜歡第二張多過這張。
明明就,5,2010-12-11 22:31:56,1,好好听啊！！！！！
Ridden,5,2008-02-04 19:47:03,1,很赞很赞的一张。
○Ⅴ○,5,2010-06-16 11:41:16,1,CANNONBALL挚爱
易召,5,2008-12-09 19:53:55,0,素描所有残存的冬天
索君,5,2010-09-30 09:27:28,0,清淨專用麼。
小M,4,2008-12-31 12:42:35,0,大叔太煽情了
KID A🌈,5,2009-12-30 11:38:12,1,给我听这张唱片的人已经不在身边了
七和,5,2011-11-22 21:54:58,0,喜欢
姚大傻咖咖,5,2008-12-21 15:20:30,1,听过前几首不觉得怎样，听了Cannonball就不行了，非要给5分不可。
大海边的憨豆豆,5,2010-04-04 09:26:58,0,原来是你
静@Einfühlung,5,2006-04-24 22:00:34,0,CLOSER
小小玛丽奥,4,2010-08-13 21:17:30,0,今天真是太惊喜了，《偷心》的主题曲也来了
KeneL裤头,5,2006-08-13 16:21:10,0,初三毕业后的暑假一直在听这张.因为[Closer]一开始就是Blower'sDaughter，我就因为这首歌对这部电影也产生好感.后来还发现Cannonball和这首歌分别是TheLWord第一集和最后一集的片尾曲，很是惊喜
大头绿豆,5,2005-10-07 12:10:51,0,看Lost的时候知道Delicate.
Miss Lucky,5,2007-10-18 11:23:46,0,onesongonestory，sadsadsad
肉汤拌饭吃八碗,5,2011-01-21 15:16:51,0,哦哦首首经典。
半截龙女,4,2007-09-26 12:53:39,1,Amie锋利的呼唤。CheersDarling迟缓的悲伤。IRemember泪如雨下。秋天听完所有哀愁低回的歌声，我终于肯相信一种命运。
Tiff,5,2010-04-06 00:17:42,0,幻觉
钟,5,2006-11-19 11:03:54,0,震撼灵魂的声响.
Skyhorsebook,5,2006-05-06 04:00:54,0,干净
大漁,5,2010-11-10 18:31:23,0,很安静，很安静很安静
Yome,5,2009-02-02 02:39:29,0,就是這張啊，不知道俘獲了多少顆心。
SilentTyler,5,2010-07-08 00:03:02,0,太好听了
j u n,5,2008-07-03 18:01:55,0,么么好好听呀
必要幻觉,5,2010-11-19 22:23:25,0,慢慢品
ANNXXNA,5,2010-11-02 08:49:56,0,将你的心梳洗干净。
Doyle Frenger,5,2007-11-03 00:04:24,0,好听啊好听
mon babe,5,2011-01-24 09:13:31,0,实在太美了
VV O O D,5,2012-05-24 18:40:03,0,隐藏曲目简直就是100+20的典范！！！
Tatiana,4,2009-08-20 19:21:15,0,TheBlower'sDaughter
Illusion,5,2008-01-04 09:50:21,0,难以形容的一张，把人心听老；好在杀伤力虽强大但准头偏差了
汤之问棘🌈,3,2009-11-16 20:37:05,0,評價過高
鱼秋刀刀刀,5,2012-06-01 08:35:50,0,ican'ttakemyeyesoffyou...
木木龙,5,2007-10-29 17:26:39,0,这个封面太诱惑~
Lance,5,2010-05-30 00:25:07,0,爱与忧伤的冥流。
LORENZO 洛伦佐,5,2011-11-08 18:14:11,1,对味太棒了
顶楼^秋天的海,5,2012-08-03 13:01:28,0,四年前的在听，一直忘了改成听过。今天重新邂逅，大米叔的声音依旧纯净而迷人。
拎北闲闲没代志,5,2010-12-23 22:18:56,0,很惊喜
Белка,5,2007-08-22 20:15:53,0,太好听了每一首泪奔TT
中世纪福音工人,5,2012-05-25 19:50:33,0,天籁啊
Fantasy,4,2011-01-16 01:36:40,0,淡淡的深情
星泛长河,5,2008-05-24 04:59:28,0,是欧不是零
逅宝,4,2008-07-10 02:09:42,0,closer
药命的悲‖挨,5,2009-04-21 19:30:14,0,在弦乐中升华，在沉静中爆发
奈斯,5,2013-02-02 04:07:22,2,我爱这男人的声音，适合夜深一个人听
朱朱朱古力♥,4,2009-09-01 23:05:20,0,不能轻易听特别是在阴雨天整个人会颓的
不如的我的,5,2006-08-21 14:16:07,0,使人沉浸其中的音乐
godeau,5,2010-03-14 12:26:23,0,DamienRice！
艾桑,4,2006-10-21 12:59:38,0,开始觉得是流行的小忧伤，有些排斥。还好多听了几遍……其实……动人，就够了。125买的
Anubis,5,2009-12-06 23:01:07,0,多年不听小清新。。。今天意外了
biiru_u✨,NaN,2007-05-28 18:06:07,0,我觉得很一般
yum,3,2010-07-25 06:17:49,0,很扎实的内种温暖抒情
α,5,2006-09-24 08:52:50,0,首首经典，上次还做了RICE的专题：独自在黑夜潜行的歌者http://ts.hjenglish.com/page/14379/
不要焦虑浣熊妹,4,2009-02-08 22:11:33,0,哀伤……
秋熙,5,2008-03-05 18:39:56,0,一个忧伤的男人，和过不去的冬寒。
沉默,3,2010-04-27 22:55:50,0,忒温和，其实声音还是很不错
脫繮的蛇肉堡,3,2011-01-15 09:37:47,0,风格太软……
Zeyao,5,2014-10-25 10:51:16,0,在充满雾霾的北京的室内听这么一张专辑
低調小姐 - VG,5,2010-03-25 12:11:52,0,Volcano，Amie
西柚小姐,4,2008-03-23 08:03:47,0,舒心
半·糖®,5,2008-01-21 14:30:28,0,无论懒散的阳光午后，还是阴沉的雨夜，都可以听这张《O》，因为它的效果只有一个，将你的心梳洗干净。
五月微蓝,5,2007-08-14 19:04:35,0,爱尔兰，一个神奇的音乐国度......
🔥🪵,5,2006-08-21 23:39:07,0,这张绝对经典！百听不厌！
