user_name,star,comment_time,vote,short
锐利修蕊,5,2011-06-27 23:02:04,70,这首歌是我觉得她满分都不够给的一首！！！
1806,4,2012-01-01 14:57:22,46,打一星的估计被那部剧虐惨了。。。
皮卡丘Casper,5,2014-08-03 10:18:21,11,最好听的日语歌
L I M O,5,2008-04-29 20:28:51,5,最愛的囚徒。
tlmgt,5,2014-01-19 03:38:38,5,这个条目原来这么多人评价啊？25045人听过。http://www.xiami.com/song/3381625
范困,NaN,2008-07-02 18:24:14,1,这几天听了不下百遍了。
o0工藤波波0o,5,2010-07-03 11:57:06,2,LastFriends主题曲…………@2010-07-0311:57:06
Kreuzberg,4,2013-01-11 09:57:53,0,编曲日系，甚无新意
zard砸得王大崩,4,2008-05-29 20:15:29,1,我喜欢这次的QuietVersion
Claire,4,2008-06-28 18:54:54,0,日剧《LastFriend》的主题曲。
固力果guriko,5,2011-12-05 13:57:38,0,爱情洗牌（说错了…………）
猫打喷嚏,4,2010-04-24 21:13:57,0,光姐当年迷倒了我们一群人。。
苏格,4,2008-05-24 00:15:07,0,hikki神曲之一
banana*🌈,5,2008-09-22 03:20:25,1,明明知道是騙錢來的，但還是很好听！！
♬ CaR,5,2011-06-15 12:56:40,0,有魔力的歌
🍀again 😸,5,2012-01-04 06:10:40,0,大神曲
三四,4,2008-12-22 22:50:31,1,喜欢封面
○Ⅴ○,5,2010-04-18 20:44:12,0,因为最后的朋友的主题曲。开始爱上光小姐。作词作曲编曲全是她一个人，天才。
大海边的憨豆豆,4,2009-07-02 12:33:44,0,foreverlove
大大大S君★,5,2010-02-11 00:54:38,0,lastfriend的主题曲～
unfoldway,4,2011-06-05 11:23:00,0,树里树里树里！！！
阿镇,5,2011-05-21 21:59:24,0,PrisonerOfLove
连短亭。,5,2009-07-11 16:14:22,0,突然被APH版的《POL》震撼到==
不擅长,5,2010-07-09 18:45:12,0,http://www.xiami.com/album/305957
神山樹,5,2011-03-04 23:43:00,1,宇多田光才是平成三大歌姬之首。
书庭,5,2010-09-13 20:05:01,0,MV也简单，却极具气场啊~
✟✰ナギサ✰✟,5,2009-12-13 01:06:09,0,这歌是多揪心
薇羅尼卡,5,2009-03-17 17:57:46,0,唱到了你的心里去
FREAK_SYNK,5,2010-08-16 01:55:11,0,『電眼王子』『theturquoisemorning』BGM♪宇多田ヒカル-『PrisonerofLove』
放开那个西红柿,3,2010-05-07 16:24:31,0,还行吧。
沉歌,5,2008-06-04 18:48:54,1,宇多田ヒカル——日剧《LastFriends》主题歌pv，
Белка,4,2008-10-02 22:16:51,0,没看过剧光听的确没感觉的
chaaaaad。,5,2009-02-20 10:49:52,0,决定好歌.
不眠飞行,5,2008-10-27 22:16:47,2,staywithme..staywithme..mybaby..sayyouloveme
♫欧德伯裔,4,2008-07-14 12:46:48,0,又一首经典日剧主题曲诞生
阿嘉妮,5,2009-08-16 22:56:49,0,《最后的朋友》
cincin,5,2009-01-15 17:04:41,0,百听不厌
momo,5,2010-01-12 15:35:04,0,承载太多感情的歌。。
流深,4,2008-10-05 16:31:13,1,PrisonerOfLove我们心里都珍藏着禁忌的爱
脫繮的蛇肉堡,3,2009-05-08 22:28:20,0,==为什么那么多5星……
你是桌子我是布,3,2010-07-31 22:35:28,1,为什么那么受欢迎？
五月微蓝,4,2008-05-27 12:43:15,0,好吧。其实。。。真的很棒的歌！
水果君,5,2009-08-08 14:39:05,0,典型的好歌没用在好片上。
左様姬.bot,4,2011-03-07 14:04:41,0,缺点是放太多了
痕。,5,2011-03-20 09:40:51,0,可惜她不再唱歌了：）
Lola,5,2010-09-12 23:14:37,0,好喜欢lastfriends的片头=。=
甜m i l k 。,4,2011-08-18 15:53:56,0,PrisonerOfLove讓我與你相識。
Nigredo,5,2011-05-13 09:28:54,0,头痛药
Illusion·L,5,2014-05-25 14:51:43,0,宿舍长的私藏！
向晚,5,2012-10-26 23:58:16,0,是爱的囚禁还是自由的放逐#让我真正记住了宇多田光这个名字#
叭卦我最懂,5,2011-11-14 18:45:54,0,永遠5星，不解釋！
Mr.喵,5,2013-01-18 18:09:30,0,原来那年她才15岁。。。
琦殿,3,2011-08-23 20:49:34,0,我无法欣赏她的歌啊。。
😲,5,2008-12-25 11:32:38,0,音乐家
饭夫斯基,5,2009-10-07 13:40:21,0,宇多田光的声音很有质感，收放自如，浅野大妈的俩剧主题都是她唱的，我喜欢的很
捂脸™,5,2011-09-22 15:49:05,0,神曲！
hotdogyer,4,2010-08-21 23:46:30,0,当她要走的时候，就有些舍不得这把好声音了。
元森可乐,5,2013-02-24 17:23:32,0,J-Pop女声中还是喜欢宅光的唱腔。
moon酱,4,2012-10-02 17:19:44,0,听过为数不多的日文歌之一..
翔樹。,5,2009-11-10 09:21:24,0,毒
mono,5,2009-07-30 14:20:27,0,TAT太配剧了！！
Mefaker,5,2008-04-23 00:19:15,0,真适合RUKA的心情
阿丶废,5,2014-02-20 01:05:32,0,Lastfriends
小檠的罗宾熊,4,2009-09-22 12:56:07,0,重新发行美><这首歌真的好好听TATTAT瑠可最高！
Yoo,3,2010-02-17 23:51:09,0,★★★☆
瓦达西瓦又又又桑只爱这巧克力,5,2012-04-01 14:46:20,0,一直循环播放ing，泪目。
落雨天地,4,2011-07-31 14:18:26,0,我为什么一直对宇多田光无感呢
·fwdx·,5,2012-08-09 23:30:16,0,又撸了一遍巨巨就是巨巨我们熊光帽衫剥桔子就能成cover多么本质头三天没洗大妈日常服就能拍PV多么省钱不过歌确实曲调洗脑唱功销魂（live什么的、饶了我熊）歌词也神的不得了不知为什么很喜欢这句：皆安らぎを求めている満ち足りてるのに奪い合う愛の影を追っている
望仔放弃减肥了,5,2010-02-17 16:30:58,0,LF唯一的收获就是这首歌
.,4,2008-06-09 23:13:27,0,08春季档「LastFriends」
フェイク,5,2009-03-29 15:20:08,0,震
MaximWang,5,2009-09-19 14:33:53,0,亲爱的RUKA
Lillian,5,2010-09-23 21:43:23,0,lastfriends主题曲
棍儿,5,2008-05-25 17:05:20,0,I'maprisoneroflove，socanustaywithme?
朱大侠。,4,2011-09-10 22:23:18,0,一向对日文歌抱不起欣赏的态度，因为听不懂个中含义，所以只能从旋律和语言美感出发。
ComicCelia,5,2010-10-06 17:15:45,0,在硬盘里躺了好几年的曲子，因为看了lastfriend翻出来。现在它一响起眼前就浮现出宗佑的忧郁眼神
花糖,5,2014-05-13 19:35:40,0,瑠可瑠可瑠可瑠可瑠可瑠可。
阿飞,4,2011-03-16 10:10:52,1,囧我竟然突然迷上宇多田了。囧囧囧
诶黑~,5,2009-11-22 09:28:42,0,好听，去年最经典的ost
哲雄,4,2011-01-11 21:32:28,0,其实应该是四星半，虽然整体感觉不错，但是歌词和曲调都稍微有点陈旧的意思。
Yuennnnn,5,2009-06-02 19:10:09,0,LastFriends的主题曲，跟电视剧很配，因为大家都是prisoneroflove
ASAHI旭,5,2010-11-01 11:02:54,0,一辈子的爱！！！
Pinkelephant,5,2012-06-15 19:14:42,0,I'mjustaprisoneroflove
Seashell这样啊,4,2009-04-27 18:40:06,0,我喜欢她发音
亲爱的我呀,4,2008-09-08 00:07:04,0,虽然婴儿肥日渐严重，不过音乐却成熟了
裸の王様。,5,2010-10-14 12:33:40,0,爱死了！！！！
Gla,5,2008-05-27 19:21:06,0,封套很岸本
凝眉,5,2013-01-25 00:13:47,0,挚爱！五年后的铃声依旧是你。
彦轩,5,2009-01-17 20:14:11,0,赞！
伪会计,5,2010-10-21 02:32:52,0,第一句一出来我就沦陷了
HUAIHAI,4,2010-03-31 01:28:47,0,cool
莲渊,4,2011-03-01 15:53:01,0,每个版本都喜欢！
keta,NaN,2008-06-06 23:44:38,0,爱的奴隶
🧈,5,2010-02-15 20:38:31,0,LF啊……TAT
Moscato,NaN,2012-06-28 09:42:59,0,http://www.xiami.com/album/305957
/name-?P=0/,NaN,2013-05-10 16:43:29,0,一听到就虐心
周公子,4,2009-01-31 14:18:24,0,LastFriends~
aigohyuan,NaN,2008-08-07 13:35:18,0,搭上lastfriend的情節像在腦子裏放電視劇
李妙生,5,2009-12-17 08:18:51,0,大爱！
阿喵笃悠悠地,3,2009-09-17 23:57:16,0,听得有点滥了。。
