user_name,star,comment_time,vote,short
齊克斯尼力佐飛,4,2012-06-21 13:35:23,124,蔡健雅啊蔡健雅！
Ding,5,2011-05-26 20:48:00,78,GottaHaveYou蔡健雅最不DJ你你就抄吧
岛上的夏奈,5,2010-06-16 00:25:24,20,淡淡的夏天开始的味道
Odding,5,2008-05-03 14:20:14,13,通过封套来选唱片，嗯.真好听啊真好听!
夏日扬帆,3,2011-02-08 10:02:59,7,这就是说TANYA抄袭的那张专辑吧。。。
少年夏不安,4,2009-12-24 12:47:10,8,tanya真的成了weepies的代言人了。
半袖,3,2008-12-13 23:29:38,4,这样的声音听的太多了，没感觉。
颜良辰,5,2008-05-09 15:22:56,2,这是温柔的风。
Μουσαι,3,2011-06-23 23:44:31,1,GottaHaveYou
[已注销],4,2012-12-02 22:41:51,4,女生的唱腔有时候特别周杰伦！
三层保暖,5,2009-06-26 11:37:05,0,拯救我的耳朵
飞老湿,4,2013-11-04 16:15:24,5,【听过补遗】蔡健雅最应该感谢的乐队，听到它的时候才恍然大悟。
KinG羽,5,2009-09-10 15:12:32,0,好听的不得了~~~
瓜。相信这个世界很变态。,4,2010-01-30 01:28:25,0,舒服。
Nuage☁,NaN,2007-09-22 13:21:53,1,GottaHaveYou
要早睡啊minami,4,2009-10-08 02:24:32,0,爱啊爱~
肥匪廢·老🐰,5,2015-07-21 09:51:05,0,簡直欲罷不能。
zard砸得王大崩,5,2008-02-26 22:45:50,0,重温小快乐
Enhui,4,2010-07-01 05:50:58,0,其實偶想給4星半...
usquebaugh,5,2009-03-09 21:13:31,1,陪我跑步。
泠风,3,2008-01-27 11:34:17,1,很pop
蹦床,2,2010-10-13 12:41:26,1,又是捅到豆瓣G点的小清新
小魔@优雅穿梭,5,2010-11-11 16:56:50,1,点了一颗红心进来，发现一排的红心，然后点听过-力荐........谁还需要电台DJ？豆瓣就是电台的未来！
泉の向日葵,5,2013-12-16 16:40:05,1,TakeItFromMe：WhatcanIcompareyouto，Wheneverythinglookslikeyou?
Summer孙夏天,4,2011-01-24 19:54:19,1,GottaHaveYou，NobodyKnowsMeAtAll
一问三不知。,5,2008-02-16 17:25:37,0,好听。
小M,4,2008-05-21 17:00:34,0,英伦风情
Ridden,5,2007-10-31 19:16:30,1,最先听的是Gottahaveyou...超爱这张!
野,5,2007-11-20 08:36:38,1,NobodyKnowsMeAtAll
邪,4,2009-02-07 16:46:57,1,午后窗前折起的纸飞机。
齐鲁矿业李德友,3,2019-01-23 15:28:57,0,明月几时有八九上青天
椒图,3,2011-02-13 15:00:23,0,Gottahaveyou太美了。
Luffyjun,5,2012-02-23 23:51:29,0,基本上听一晚上，我喜欢《GottaHaveYou》和《NobodyKnowsMeAtAll》。。。。扫大四乃。。自己给自己加油！嘿……
三四,3,2008-06-30 11:39:52,0,民谣
夏日良人°,4,2011-04-20 11:16:07,0,是不是TheWeepies的TakeItFromMe超级像蔡健雅的《越来越不懂》
大哥,3,2012-08-04 10:54:52,0,小清新。。。。。。
Sophie  Z,5,2012-11-05 00:10:58,0,"Doyouremembertheanimation""ThoughtofYou""?"
UFO™,NaN,2010-02-20 10:41:54,1,必须拥有你
Karonen,5,2009-06-18 20:42:22,0,最爱的还是GOTTAHAVEU.
不擅长,4,2011-10-18 22:03:40,0,http://www.xiami.com/album/167820
Tiff,NaN,2010-10-27 07:59:00,0,既然是下雨天，就找些阳光来抚慰吧。
Halah,5,2008-09-27 14:32:07,0,RigaGirls哦，我真喜欢这个
宇宙真菌•远远,3,2009-03-04 17:53:40,0,虽然是流行但是能听出来还是用了心的。。
夜川直心,5,2009-04-24 14:06:20,0,whatawonderfulsongthanksforrui
猫语猫寻,5,2013-12-25 15:54:37,1,经典！！
Белка,5,2007-12-02 01:29:31,1,从Gottahaveyou开始。太喜欢
土树,5,2010-09-14 11:22:43,0,太好听了
yum,3,2010-04-13 06:41:17,1,不好意思，扎堆儿听得作品之一...男女组合的小民谣，简单清秀
吴异.nova,3,2008-05-31 08:05:09,0,有几首挺好听的属于我喜欢的风格
时以星,5,2008-05-15 02:44:49,0,温暖的，安静下来的。
迪,4,2014-07-23 14:33:01,0,奇怪。。。这张不是早就应该勾过了么。。。
G,NaN,2011-11-24 18:43:26,1,GottaHaveYou
Shudoku,5,2011-06-28 02:23:13,0,Gottahaveyou——必须搞定你
青屿侬,5,2009-03-23 08:41:28,0,gottahaveyou
zk,4,2011-02-11 18:03:40,0,马马虎虎
破产君,4,2008-09-23 11:17:53,0,GottaHaveYou/NobodyKnowsMeAtAll
五月微蓝,NaN,2007-08-23 17:27:44,0,简单，就是很好。
掩杀,NaN,2010-11-07 02:56:30,0,点心推荐的.TheWeepies.2006
温故知新,4,2010-03-30 14:45:03,0,灰常好听
Vince♫,4,2009-09-22 12:22:23,0,TheWeepies
赛赛,4,2008-05-07 00:38:38,0,我要你.........
痕。,4,2007-11-21 20:08:45,0,在哪里听过呢　想不起来了
息为,4,2010-11-24 13:07:50,0,gottahaveyou
LoVe,4,2014-08-29 11:58:39,1,原来不是蔡健雅的歌好听而是weepies的
≌菩提风花,5,2007-08-06 18:03:46,0,就是喜欢这种感觉!~重叠最能打动我
Caligari,NaN,2010-10-13 20:36:59,0,GottaHaveYou
痴人,4,2008-05-19 21:49:31,0,小民谣小清新
baichi0038,4,2008-12-29 21:37:08,0,依旧是封套印象～然而他们的音乐真的很不错～～
靠谱青年™🌈,5,2008-10-18 21:33:29,1,很喜欢
c小调的冰蓝,5,2011-01-29 22:16:20,1,在最俗的時期聽了這張最俗的專輯
鱼崽要爱要自由,5,2011-05-25 18:09:42,0,妖纸下载好的哈哈
southstarj,5,2012-03-11 20:51:32,0,喜欢女声
筷喜旺,5,2010-05-23 14:24:10,0,gottahaveyou
icicle,3,2008-02-08 11:37:18,0,第二首很好听！！其余没什么印象了
斯 琰 🌈 🍭,5,2013-06-04 12:19:26,1,太好听了！我觉得蔡健雅应该没少从他们的音乐中寻找灵感，《越来越不懂》《红色高跟鞋》之类的歌曲都可以找到这张专辑中一些旋律的影子~循环上几天都不会腻的一张专辑。轻快舒适，让人觉得很放松很愉悦~
西米子,4,2008-08-01 12:22:03,0,gottahaveu
Caramel_Grace,5,2010-07-09 23:15:08,0,onceagain，folk万岁
frodo,4,2010-05-24 13:55:29,0,又拿出来听还是很不错的！
小熊猫,3,2013-10-16 12:17:19,0,gottahaveyou，某人的借鉴功力不俗啊。。。音乐真素清甜可耐，倒退十年我可能会多听几遍。。。
学姐金角,4,2010-03-21 22:15:46,0,只喜欢里面的两首歌
～tulipj～,5,2007-10-23 17:33:43,0,喜欢喜欢
啊葡欸起名费劲,5,2009-03-06 20:45:39,0,gottahaveyou
半,5,2009-11-27 06:30:12,0,咖啡馆音乐。Gottahaveyou
Spidy,4,2011-12-20 09:06:38,0,适合心情好的时候听
maze,5,2010-07-24 00:10:15,0,又是一张我愿意在cd机里循环一天的专辑。仿佛毫不费力就能让你整个人被音乐包围住，然后慢慢融化在两位主唱的声音里。美丽却不张扬，清新却不肤浅，这样有其自在韵味的一张专辑确实值得我们花时间好好听一听。
卡羚,4,2009-04-11 21:16:14,0,大于4星~
小岩井,4,2012-07-19 07:05:36,2,　　如果今天是一个大晴天，那么我们可以做什么？　　可以把棉被拿出来晒晒，把很久没有读的书拿出来看看，把房间整理一下，帮宠物洗澡，去钓鱼，许多许多。　　　　而weepies则是在晴天时让你心情更加好的乐队。
黛二小姐。,3,2009-06-07 18:31:30,0,GottaHaveYou
tavico,4,2009-08-10 14:28:53,0,我以为是谁呢，结果就是蔡健雅抄那个组合
Rosyrain,4,2007-09-11 21:06:15,0,GottaHaveYou，没有比这更好听的了
prost,3,2009-04-04 23:07:16,0,1，2，5，9，13
浅葱,5,2011-05-18 13:22:46,0,乡村音乐的感觉~第二首最好听
首席备胎,5,2009-11-01 17:01:42,0,难得的清新
asako,5,2012-08-17 00:49:38,0,Gottahaveyou
饭团,4,2010-06-14 23:54:59,0,小清新~
小雨,4,2010-08-08 14:26:56,0,❤
咪,5,2009-09-15 10:42:31,0,很俗很好听
洛一,5,2008-02-09 13:54:23,0,从《非音乐》上听到他们的歌。很清新的乡村民谣味道。女声时而稚气时而淡定，很疗伤。喜欢。
二 天,4,2013-04-21 08:41:17,0,白鸽！白鸽！快看！
六月天蝎,5,2007-12-23 15:56:10,0,喜欢，很喜欢。
