user_name,star,comment_time,vote,short
光年‖影视歌三栖民工,5,2012-10-09 18:46:21,113,醉了~
Luffyjun,5,2013-10-02 20:14:49,54,single。听了必须哭好么。。
丶,5,2011-11-30 12:57:15,79,动人歌词。
不良少女劉蘭蒂,2,2011-11-22 16:31:58,35,这首歌到底哪里好听了--搞不懂搞不懂。。。Billboard上神一般的存在啊可我就是欣赏无能。
V.Dunham,3,2015-10-25 01:04:44,24,这个钢琴真的做到了百转千回的故事感。相比下她的演唱其实相当笨拙，完全没有一丝真情实感。
子不語,5,2011-05-20 09:16:57,1,嗷嗷嗷嗷
D K U N,4,2011-10-23 05:05:04,0,咦我是怎么会没标这首的=口=
银谷,5,2011-05-20 14:15:57,5,如诗一样
zard砸得王大崩,5,2012-02-19 17:39:18,6,2011最好听的一首歌
Μουσαι,4,2011-10-02 11:13:32,1,SomeoneLikeYou
影志,5,2011-07-26 15:19:55,9,Sometimesitlastsinlovebutsometimesithurtsinstead.听现场该多爽……
椒图,4,2011-09-14 20:31:14,7,怨妇之歌！
H!karu,5,2011-06-20 22:25:36,0,someonelikeu
土树,5,2011-04-15 08:49:52,3,必须5星
🍀again 😸,NaN,2014-09-22 23:45:09,0,阿呆尔
火龙果不耐受者,5,2011-06-20 21:05:17,0,比第一单更好听！！！
團團是個團|囧囧是個囧。,5,2011-09-14 19:55:23,3,Oldfriend，whyareyousoshy?
莊小壞,4,2012-08-05 23:43:18,0,4.3－－－呢。
石小po,4,2011-05-03 13:55:06,1,4.5adele的声音本身就有一种饱含张力的魔力，一直还觉得她的声音有点像sade阿姨~
May,5,2011-08-29 13:08:03,1,wishyougood
ANNXXNA,5,2011-05-31 21:10:49,1,哭死
不擅长,4,2011-05-03 20:45:06,0,http://www.xiami.com/album/60947
Memento Mori,5,2011-07-17 10:07:14,1,她的这个发型真是太好看了XDD
猪大腿,4,2012-09-26 11:47:47,0,一般，个人觉得阿呆最好听的歌是HeWon'tGo......
No More,4,2011-10-31 09:26:33,1,好吧听着还不错…不过这歌写得也太矫情伤不起了
mibo lost,NaN,2011-08-26 10:19:05,0,http://pitchfork.com/reviews/tracks/12105-someone-like-you/http://www.douban.com/note/177370481/
Gong Shore,5,2011-04-23 11:08:01,1,Nevermind，I’llfindsomeonelikeyou.
越王,5,2011-09-14 17:53:33,2,年度最佳催泪之歌
linn,5,2013-03-14 08:40:24,1,100星
IVAN,5,2013-11-16 20:42:36,0,小提琴版《SomeoneLikeYou-Adele》-安俊成http://www.56.com/u79/v_MTAwNDc1OTE2.html----国外写真用于BGMhttp://v.pps.tv/play_3AVZXV.html----SomeoneLikeY
La Bambola,5,2012-04-14 20:25:24,1,大路歌。唉，屌丝快毁掉这首歌了。
连虎修,5,2011-04-02 01:10:50,1,听完我们学校十大歌手，赶快听听这首洗耳朵！！！
Seamoon,5,2014-02-19 21:48:56,0,确实好听，难怪中国好声音里好多人拿她当模板。
就叫我陳先生,NaN,2011-10-06 00:25:43,0,SOMEONElikeyou
Fantasy,5,2012-02-06 06:14:56,0,我不能悲伤地听到痛哭为止
BiuBiu,4,2011-07-24 20:01:29,0,LADY!
LORENZO 洛伦佐,5,2011-04-04 11:33:01,0,这首的确好听
KAVA,NaN,2012-03-01 12:29:27,1,这女纸不简单啊
沉默,5,2012-01-02 01:26:35,0,听到痛哭
葵花卷,5,2011-11-27 10:42:31,0,太拓麻催泪了~
三木由纪夫,4,2012-06-05 01:25:45,0,听起要呕了。。
Zeyao,3,2013-02-01 16:13:56,0,想起Simon说的求求你不要再提ADELE了
踢小石子儿,5,2011-09-08 22:34:00,0,低低的一声叹息。
小怡,5,2012-03-28 10:55:50,1,这歌不打5星有点说不过过去了。
林喜喜喜喜。,4,2011-10-31 21:53:09,0,最近常因某种奇怪的情绪困扰，于是反复听。
猫叔Mack,5,2012-02-14 12:51:50,1,今年格莱美，最喜欢的三首：IfIDieYoung、MovesLikeJagger、SomeoneLikeYou。
马克兔温,4,2012-02-07 13:45:06,1,听多了就乏了，情感爆破不足，不耽误他是好歌！四星半
可可爱爱郭麒麟,5,2011-09-14 19:21:22,0,哭了。
杨小歪,5,2012-07-15 11:22:12,0,爵士舞课老师放的，才开始知道这个姑娘，然后知道她才比我大一岁。我还以为是个40岁老大姐唱的。。。
Echo,5,2011-08-19 23:19:24,0,Nevermind，I'llfindsomeonelikeyou。
[已注销],5,2011-09-24 20:38:22,0,Iwishnothingbutthebestforyoutoo(two)
小雨,5,2011-09-19 17:01:39,0,Sometimesitlastsinlovebutsometimesithurtsinstead
陌上迁寒,5,2011-09-13 13:25:06,1,沙哑的声音最适合唱深情的歌
夜国,4,2012-03-11 05:19:41,0,SomeoneLikeYou，SomeoneLikeYou(LivefromtheBRITs)
0405|Love&Life,3,2011-10-26 15:16:01,0,Live明显好一些。
米粒,5,2011-10-22 13:48:53,1,歌词真是不错
minhe,4,2011-06-11 12:40:57,0,歌词深入人心
Mika,5,2011-09-05 23:54:38,0,最近的单曲循环。
[已注销],5,2012-03-21 16:23:29,0,==原来其实是这张
残念君是瓜子脸,4,2011-09-02 20:27:42,0,Nevermind，I'llfindsomeonelikeyou.
山之南,5,2012-02-14 16:23:32,0,不仅歌词写的好，而且翻译也各种神，嗷嗷嗷~~
落雨天地,5,2012-01-16 19:34:42,0,她说这首歌改变她一生
Tetsuling,4,2011-12-04 19:46:09,0,超红的这支
煤桶骑士,4,2012-12-01 17:38:06,1,“毋须烦恼，终有弱水替沧海。抛却纠缠，再把相思寄巫山。”
夏树,5,2011-05-10 17:33:40,0,我也想要这样的嗓子TUT
井行,5,2011-10-26 14:59:03,0,soulsong
啊尘,5,2011-05-18 20:58:37,0,感人歌词旋律
Yasmine.L,5,2012-02-23 23:05:13,0,Awesome!
棍儿,5,2011-09-10 14:30:09,0,我想给10星！催泪圣歌！！！
Theo,5,2011-08-12 13:07:45,0,能够把你听哭的歌已经不多了
Shining,5,2012-01-24 17:15:14,0,爱人如你.
瓶子里的爱琴海,5,2011-09-21 19:11:14,0,不止同名曲，整张都很美~
Sunflower,5,2011-10-13 16:55:28,0,favorite
K酱要活在当下,2,2012-02-05 23:41:00,0,Sometimesitlastsinlovebutsometimesithurtsinstead
笨笨的mentoke,4,2012-08-28 10:50:29,1,还是那个标准的烟熏嗓
弥亞,5,2011-08-30 19:23:42,3,Thereisnothingquitelikethefeelingwhenyou'relisteningtoasong，writenbysomeoneyoudon'tknow，andyou'venevermet，butsomehowmanagedtodescribeexactlyhowyoufeelataparticulartimeinyourlife.Adeleisabledothattimeaftertime.......Ifyou'veeverhadabrokenheart，you'llabouttoremeberitnow.
Psychocandy,5,2012-02-16 18:01:07,0,好听。
马达[mǎ dá],5,2011-09-05 11:36:18,0,"Nevermind，I'llfindsomeonelikeyou.Iwishnothingbutthebest，foryoutoo.Don'tforgetme，Ibeg，Irememberyousaid:""Sometimesitlastsinlovebutsometimesithurtsinstead."""
Boris,5,2011-09-12 16:18:21,0,nevermindIllfindsomeonejustlikeu
YUI,5,2012-01-10 22:08:34,0,sometimes...
卷儿，　　♡,5,2012-01-11 20:49:24,0,第一遍没感觉越听越有味道的。
夏小昭,5,2011-07-27 23:04:27,1,nevermind，iwillfindsomeonelikeyou
豆友1696570,5,2012-02-16 16:12:43,0,入坑曲(误)?
jh__liu,5,2011-06-17 22:06:03,0,好听
LOVE&PEACH,4,2012-01-05 00:13:24,0,听歌也是超讲究天时地利人和的啦最近的睡前曲临近元旦各种戳心肝疼
啾,5,2012-01-13 22:57:18,1,Infact，There'snoonelikeyou
xx@百年孤独,5,2013-06-12 22:14:06,0,源于情感而超越情感的一首歌
陈太阳,5,2011-06-30 17:58:00,0,Sometimesitlastsinlovebutsometimesithurtsinstead，yeah.
圈圈圈,5,2011-10-18 20:20:42,0,“Sometimesitlastsinlovebutsometimesithurtsinstead”
Rachel睿球,5,2012-03-01 20:20:08,0,………
凯文怎么了,5,2011-10-20 17:37:21,0,"今晨突然超想听此曲。因为突然想到了那句：""Sometimesitlastsinlovebutsometimesithurtsinstead""。"
这位小孔同学,5,2011-09-24 21:20:09,0,好听啊！
系色望,4,2011-11-26 15:54:43,0,好像可以单曲循环一阵子。。。。
馋了,5,2011-04-27 19:10:30,0,Adele唱功没得说啊
小栗 稲荷,5,2014-07-26 21:31:04,0,能不能别把这歌中文名翻得这么肉麻兮兮的……
小川,5,2011-04-06 15:16:26,0,amazing！！！！！相见恨晚
很A香蕉片,5,2011-05-01 22:23:52,0,我又开始单曲循环的一首歌。
All.Seeing.Eye,5,2011-12-09 11:02:20,0,越听越好听
半斤,5,2011-07-11 03:33:25,0,单循了
澄风,5,2012-09-14 20:25:36,0,SomeoneLikeYou
