user_name,star,comment_time,vote,short
早米庵,NaN,2010-09-20 23:02:50,747,没什么好打分的，很牛逼，但我没事的时候绝对不会听
疯脱,5,2006-02-17 00:31:37,389,五星是给GreatGigInTheSky
Weltschmerz,5,2010-09-16 01:46:05,162,pink实在是太牛逼太牛逼太牛逼了
少年夏不安,5,2010-12-03 10:53:23,166,听的我惴惴的，牛逼的专辑。据说在billboard上呆了735周！！！
Arthur,5,2013-02-09 19:37:47,134,伟大的立体环绕声无缝42分钟，心跳、钟表和提款机的取样，惊心的追逐戏音效，妖艳而凄凉的女声咏叹，重听发现只是配角，映衬蓝调摇滚旋律和妖孽上天的电吉solo，才会在任何一个时代听都心潮澎湃
韧勉,1,2008-11-17 01:53:25,20,一直不适应
crascopy,5,2020-02-29 23:10:07,94,94/100除了刚入门的部分乐迷没人会高估这张，某些“资深前摇迷”别画个靶子自己打了。况且这张哪里差了，专辑整体性整个摇滚史就几乎是无人能敌啊，单曲性也不弱，虽然我确实更爱kc。2021.4.28，依然保持看法，thewall或许被高估，甚至愿你在此都可能被高估，但这张没有。
离净语,NaN,2012-09-26 09:51:20,29,可能是跟见识有点关
潜意识,5,2008-03-26 10:31:13,25,听烂掉的darksideofthemoon，pinkfloyd就是那么神奇的魔力！
🍀again 😸,4,2011-09-18 09:24:41,6,虚度光阴，使理想化为泡影http://www.xiami.com/album/167579?spm=0.0.0.0.50TQJP
做人呆呆,3,2009-11-01 04:17:56,19,完全没有想象中的那般震撼
麦子的颜色,3,2013-05-28 19:35:25,18,Goldandjadeontheoutside，rotanddecayontheinside，whichdefinesexactlytheprogrock.
孤独心俱乐部,5,2013-03-02 19:08:32,20,没有言语彻底震慑了，这应该算是罗杰沃特斯到达的一个巅峰状态，不然不会有那么浑然天成的各种音色和音效编织出的迷幻天空
商狗,5,2013-05-13 15:57:35,21,无解的整体性，浑然天成。每一首都很好，可是你没办法只听那么一首，它逼使你从第一首听到最后一首。PinkFloyd用一张专辑诠释了幻境为何物。
Abe,4,2011-09-29 10:19:44,17,"(﹁""﹁)土鳖不懂这种近乎意识流的东西……"
RIC,5,2010-03-31 17:56:17,15,给迷幻标签的是真没脑子？
光年‖影视歌三栖民工,3,2010-02-25 14:51:00,5,不够抓人
卢十四,5,2015-10-08 12:25:11,3,2006-01-18想听
夏日扬帆,5,2010-07-28 19:56:08,4,这次我肯定我听到了神作
keolapeng,5,2013-03-24 10:33:42,14,有人站在背后凉飕飕地逼着给五星
Song³,5,2010-01-02 23:05:52,1,TheetherealSaxophoneSoloofTrack6“UsandThem”
苏格,4,2006-11-16 18:16:53,3,认识pink的一张
朵云,NaN,2016-05-23 11:48:03,1,对Pink始终不太感冒
龙三,5,2007-03-19 06:16:28,1,不多说了，最爱之一！
Topfun,5,2015-08-19 18:33:24,0,经典三棱镜http://www.xiami.com/album/167579
路边小狗,5,2012-02-03 16:41:34,0,永远的Pinkfloyd
violet hill,5,2010-07-23 12:53:44,2,神谕啊神谕
𝙎𝙥𝙖𝙧𝙠𝙮 | ✟,5,2019-06-20 18:33:22,0,真的很avantgarde了
阿Gin波尔迪,5,2013-11-25 15:40:08,3,评价都是多余的听过的喜欢的都了解【所以我所有的评语都是好听赞不错喜欢哈哈哈等等。
毛毛猫,5,2012-04-19 06:16:48,1,还是觉得SOFTMACHINE甩了他几条大街，还是喜欢软机器的村民爵士摇滚风格，不过这张还满好听的，这张是城里淫。
mmming,5,2011-04-21 08:00:48,3,用把小刀切开你的肌肤，流出来各种汁液和污秽
人淡如菊。无奈,5,2008-12-05 15:51:44,0,牛
大头绿豆,5,2005-12-10 18:09:06,4,上榜700多周，还有什么好说的吗？！
私享史,5,2006-10-17 22:41:18,3,音效！实验！
Nymmmmmmmmeria,5,2012-10-24 12:41:49,1,最爱的一张！
气急败坏女疯子,5,2011-08-26 14:14:10,3,发挥到极致，描绘出一个狂乱不安的世界，创造了一个无尽的想象空间
量子玫瑰Bonnie,5,2010-04-08 21:54:42,3,迷幻摇滚的神作里听出thebeatles的味道.
莊小壞,5,2010-07-04 13:15:31,0,4.8－－－听了幾年忒愛了。
Vince♫,3,2008-04-19 20:55:48,4,这就是家驹最爱的乐队?
小小玛丽奥,5,2011-11-07 21:01:13,0,这种音乐总是会让我想起迷幻药和叶子什么的
劳戈,5,2007-08-07 19:19:07,0,迷乱俺的嫦娥.
不擅长,4,2010-08-19 17:04:15,1,http://www.xiami.com/album/167579
神秘金针菇,5,2014-05-20 14:36:46,1,一言难尽，总之神作。
新竹,4,2012-02-20 16:36:59,3,我還真的難得聽完一張PinkFloyd。這張好像是被某人逼著聽的。還好，也沒有很難熬。
ice cream,5,2011-04-20 08:19:18,0,http://www.mediafire.com/?yizheebmhft
宇宙真菌•远远,5,2010-02-23 16:16:58,0,为毛我总是把以前听的现在来标注起
核桃很睿智,5,2010-02-12 04:39:47,9,距第一次听快十年了~说说感受，这专辑绝对是值满分与好听的，虽然不是（技艺）多牛逼的专辑，虽然是开始偏向商业化了点点，但不能否认好听啊。这张和后来的Animals都有点黑人音乐（Animals更黑人音乐）。给这张专辑打三星以下的人可以分为两类：1.觉得这张专辑在装逼的人（显然，这张即使只跟PF早期作品比都是很接地气的作品，更别说更其他Prog团比了），2.自己在装逼的人；何必呢，即使是KC，每张专辑也有个把接地气，易于上耳，通俗点的作品。承认这张月影好听，为什么这么难？
你好代号君!,5,2011-07-07 09:07:39,0,神碟
No More,5,2012-02-07 14:55:33,0,词什么的有空再研究吧。。。
沉城,5,2011-03-08 21:33:11,0,第一千张送给它，最近最喜欢的专辑。
毘沙門天,5,2011-05-29 12:14:26,0,想买30周年纪念版
Белка,5,2012-03-12 01:36:14,1,相见恨晚
Maurice Moss,5,2011-06-08 00:14:03,0,！
杨山魈,5,2011-10-14 21:38:54,0,真牛逼。
不如的我的,5,2006-08-07 21:20:56,0,经典
迪,5,2013-01-23 08:16:35,0,迷幻剂。
草原上的咩咩羊,3,2011-10-07 23:04:20,1,不太喜欢魔幻电音。
大大大大Q。,4,2014-07-03 05:53:16,1,我有磁带呢。哈哈
迷鹿,5,2006-03-16 16:43:47,1,听了感觉自己要换个好的耳塞才行
redhousepainter,NaN,2006-07-02 11:36:42,3,"当年听到“time""，傻了"
poiuny,5,2011-05-11 22:46:36,0,十颗星怎么样？I‘llseeyouonthedarksideofthemoon
cincin,3,2011-03-26 00:07:36,0,果咩无感
越王,4,2011-05-14 17:30:17,1,在美國買過這張的紀念版Converse
涵宁,5,2013-04-14 05:17:17,2,快到五点的时候大表姐终于熬不住去睡了我想起✈️的那晚于是又听起这张专辑还是不想去睡。2013.4.14
deus,5,2010-06-14 17:33:50,0,这张的录音效果牛B啊
昏睡的哦莫纳,5,2009-10-15 08:25:26,0,经典~~
西柚小姐,4,2007-05-04 21:24:01,0,古怪......
滚石,5,2012-03-08 10:21:06,1,毫无疑问的伟大专辑，SpeakToMe-Breathe。
掩杀,NaN,2012-02-24 00:15:55,0,PinkFloyd.1973.3.1
ThirdGenZBЬ0вк,1,2016-02-11 02:30:02,8,迷幻摇滚呢“迷幻摇滚”嗯果真是最高层次的摇滚歌剧最高层次的哲学思辨结果曲目之间的关系都衔接不上这个歌剧成立在哪了？但这些都不妨碍我挣钱更不妨碍咱待商业榜这么多年呢（是股票专辑了如果能和前文咱意图表达的高端主题要是能有什么关联就更好了反正作为客体的我什么概念什么思辨都听不到）
Minerva,5,2012-10-13 03:48:48,0,这张和thewizardofoz电影合起来真是神效果!同步率高到简直跟soundtrack一点没差!!!有兴趣请点击http://www.youtube.com/watch?v=h6a5DH_ePVQ
绿毛水怪,5,2009-06-11 19:15:36,0,大爱！！！
索总，,4,2019-02-03 22:41:22,0,ClassicOldRock☞1973
At7antic,5,2011-07-12 01:33:37,0,竟然没标。
12 bunny,5,2013-04-12 10:49:19,1,最佳100电音专辑100GreatestElectronicAlbumsList这是世界上最伟大的迷幻摇滚
原獸god,5,2009-11-24 15:18:29,0,Thetimeisgonethesongisneverover.
pulp croc,5,2012-11-16 23:06:12,0,单凭time就能给五星
TristanShen,5,2013-03-09 20:24:16,0,4.9
三狗大将军,5,2014-02-11 23:47:40,0,突然就听懂了一点
≌菩提风花,5,2007-09-16 13:16:43,0,的确是经典之作尤其是那曲TIME
Ten,5,2007-03-16 16:41:05,1,Time，UsandThem，Money
alien,5,2014-07-03 13:20:15,1,无以伦比
Irgendwann,NaN,2011-12-04 14:21:53,0,Ican'tjudgeit.
阿锦,4,2009-04-28 05:50:10,0,前人太伟大了。
尤利西斯的日记,5,2009-04-09 17:54:51,2,这张唱片让我知道摇滚乐真正的意义，让我知道什么才是不朽。在我疯狂爱上这张唱片几年以后，偶然在王府井的FAB见到了2003年的大陆引进版，这可是1973年的唱片啊！在我拿起它感慨万千的时候，旁边的一个老外和我说“Oh!That'sgreat!”是啊，恐怕也只有great这样的词才能形容它
枕枕枕头,3,2012-08-05 18:11:19,0,年代太老啦！
♣阿卡珐♣,NaN,2010-01-08 19:50:08,0,额这个圆盘好贵的
得我艳与天齐,NaN,2009-02-15 01:30:11,0,notbad
言叔,5,2011-06-20 12:02:04,0,好听诶
民谣男,4,2010-07-15 19:40:26,3,3.5声效实验;过于悲观的音乐和主题导致格局实在不高
Mr.LSD&DDA,5,2013-12-17 23:27:00,1,这尼玛是1973年的音乐！！？
阿随向前冲,NaN,2009-05-10 19:47:08,0,睡觉的时候，很舒服
齐烟九点,5,2008-11-12 18:55:17,0,月之阴暗面，经典之经典。
电池,4,2007-06-17 14:37:11,0,大家认为的经典
小能,5,2010-03-30 10:50:32,0,theuniverse，thehell，theheaven.
悟怡,5,2012-08-20 23:55:41,0,time最后段好听，还有那个。。。。哦~哦~哦哦哦啊~~~~噢噢噢噢啊啊啊啊~~~哦哦~~哦哦哦哦哦~~~~啊啊啊啊啊啊~~~~~~啊啊啊啊~~~啊啊~~噢噢噢噢~噢
Parachute.cpp,5,2012-11-11 19:40:29,1,越听越迷
Meteora,4,2007-10-12 00:00:32,0,DarkMoon
爆青,5,2009-11-02 22:37:53,0,经典
我在思考人生,5,2012-05-17 22:05:43,1,有的时候听不懂的就是最好的
