user_name,star,comment_time,vote,short
V.Dunham,5,2013-08-14 23:53:20,270,一张需要拨乱反正，领先时代的专辑。TheFame对于乐坛的意义远比TFM大，廉价浅薄的音效，二逼的歌词，却有着难以归类但流畅悦耳的hook，这大概是她最接近摇滚乐的时刻，以致于现在她非要走出自己构建起来的成果。当然，这些都不影响我对她的爱。
jellybaby,4,2015-12-19 16:01:42,112,"LadyGaga这专用装傻充楞地方式靠近了摇滚的核心MoneyHoney巧借Elvis一首老歌的wordplay；PaperGangsta取样DeBarge；BoysBoysBoys是Shangri-Las的GiveHimAGreatBigKiss式少女摇滚精神；TheFame是直接抄袭DavidBowie80年代廉价新浪潮舞曲最直接的例证……而thefame这个概念“每个人都可以变得有名""（instagram等社媒带来的fame的大爆炸，每个人都可以享受一段15minutesoffame。对比麦当娜扮梦露，演电影的一系列行为，gaga诠释fame的方式明显走在这股变革的潮流的前头，plastic的态度在名气plastic化的时代显得如此摇滚"
丶,5,2011-12-21 22:33:57,80,这是一个时代的产物。现在谁也不好说，但的确值得载入史册。大家都随着她的节奏随着她的夸张，一起疯狂的甩着头扭着身。甚至因为她，全社会的人都开始一窝蜂的听起了电音，High起了夜店。她不仅是女神，还是霹雳，炸开了整个地球。
tlmgt,5,2011-06-04 19:23:39,53,"开启“廉价时代"""
DADA,4,2009-03-19 17:50:24,38,又一个icon诞生了吗？拭目以待
Bill,4,2010-01-30 13:43:28,3,雷
抑郁小兔李邦妮,4,2010-01-05 17:34:06,15,曲子写的还不错，但是怎么说呢…感觉制作得不够好。个人认为电子音乐要出彩是需要强大的硬件和高超的编混水准的，gaga这张里的舞曲表现很一般，完全赶不上麦姐05年《舞池告白》那种水准，差的太多了。倒是几首慢一些、摇滚感觉较强的歌很和我的胃口，实在是很DavidBowie的味道，我甚至有点希望她既然她这么喜欢DB老爷子，干脆去搞摇滚好了……当然，做嗨曲会红得比较快，事实也证明了这一点，不过谁知道没准哪天嘎嘎小姐一转念真的去搞band了也不一定。衷心希望她能成为女版的DB，而不是女版的玛丽莲曼森，要是那样就很杯具了，默。
K洛,5,2010-02-27 14:08:15,5,叫我给什么标啊太好听了
办公室甜心,5,2010-02-04 18:14:41,3,Gaga
肖申克的舅叔,5,2010-06-15 00:42:04,11,一细听发现好听的可怕
D K U N,4,2011-05-10 05:07:04,0,==我居然连这个都没标记
颜良辰,4,2009-06-15 16:37:51,0,癫鸡一个。
齊克斯尼力佐飛,4,2011-02-04 23:50:19,1,paparazzi，eheh，pokerface·······
L I M O,5,2008-11-15 16:20:02,2,雷蒂嘎嘎。
Ding,4,2011-05-18 18:51:47,0,JustDanceFeat.ColbyO'donis
撒旦的表妹,4,2009-11-07 13:30:02,0,偶尔换换口味
Song³,3,2009-09-13 21:56:03,0,PokerFace
zard砸得王大崩,4,2008-08-20 21:37:05,0,3+gaga，let’sdance！！！Beautiful，Dirty，Rich
猫打喷嚏,4,2010-04-24 20:21:43,0,其实人家真的很不错！
DeerColin,5,2013-08-19 18:35:30,2,"比起Britney的""Blackout""，LadyGaGa的""TheFame""还是不够电，但是凭借独树一帜的造型和风格，LadyGaGa能够席卷全球必然也有其实力所在。这张专辑作为为LadyGaGa打开知名度再好不过，专辑里的一首首大Hit确实够份量。"
肥匪廢·老🐰,4,2010-03-20 07:44:16,2,Oh!MyLadyGaga~
朱大侠。,3,2011-10-01 19:19:54,2,25岁的她充斥着大胆前卫和另类，甚至是一个常人眼中衣着暴露的不良少女，然而同时她也是一位钢琴演奏家和词曲创作人。
影子的影子,4,2010-02-12 13:17:50,1,很好听的嘛，Paparazzi旋律超好，嘎嘎姐的声音听得也还顺耳，电音加流行的组合无敌。
旗旗,4,2009-04-28 19:50:11,0,dance～
amiko,5,2009-05-06 19:31:35,0,MyGodness!AndIlovethespecialeditionofPokerFace
Enjoy🌈Rachel,5,2012-07-21 22:27:33,0,嘎嘎脑残粉=v=
煮蓝,5,2010-08-26 18:16:03,4,这个不知道是好是坏的大时代因为嘎嘎女王的出现而变得更热闹了。五颗星献给一个只属于LadyGaga的星球，她是如此慷慨，允许我们肆意浏览大加品评，像真的被刺激到了那样爽到跳脚。
目黑,3,2009-02-21 12:56:56,0,我的问题又不是我的类型
尉迟,NaN,2009-10-06 00:29:28,0,头疼
Soyobell,3,2009-12-19 00:26:46,0,Oh，mygad!LadyGaga!!!Socrazy，sosex!~
banana*🌈,3,2009-08-15 14:23:40,1,SUTUCD选曲大热。
小魔@优雅穿梭,3,2009-10-13 12:36:53,0,HITFM每天轮番轰炸
Summer孙夏天,4,2011-06-08 14:02:53,2,BoysBoysBoys
莊小壞,2,2010-10-07 15:54:08,0,2－－－姐我無法。標籤都無從給起了。
飞老湿,5,2010-01-08 02:14:51,0,一见钟情的舞曲，牛逼！
高歌,5,2013-03-27 13:23:38,0,嘎嘎
椒图,4,2013-03-03 12:56:17,0,典范！
WickedWill,5,2018-07-26 21:33:37,13,A.傻瓜才会觉得这些是，socalled，“口水歌”。
mee,4,2009-03-01 16:49:37,0,在酒店外文电台看到她的mv，这女人看似平常，却有种说不出的魅力。算是我能接受的电音。
Sophie  Z,3,2010-02-22 16:00:29,1,与gossipgirl一样的气场
Miss Lucky,4,2009-03-11 11:56:13,0,justpop，voicenotspecial
Karonen,4,2010-01-26 16:29:41,0,再雷，也赞。
不擅长,3,2010-05-12 13:54:18,0,http://www.xiami.com/album/272329
tavico,5,2009-04-24 14:06:01,2,我要改成五星，我要改成五星！！
essence.c,4,2009-02-25 19:16:34,0,【JustDance】【Lovegame】【Paparazzi】【PokerFace】
AngelaWood,3,2009-07-01 20:30:39,0,paparazzi
六壁坂,4,2010-04-27 17:47:37,0,其实……亮点不多？但是有就行了
FREAK_SYNK,5,2011-03-13 00:55:16,0,第一次听Paparazzi时那个惊艳得哟
安东妮,4,2009-08-15 04:21:51,0,好听哦嘎嘎姐！！
ANNXXNA,4,2010-11-02 08:44:23,0,GAGA想不红都难，何况她那么想红
mon babe,4,2011-02-24 16:05:39,0,嗯，听着挺爽的，有几首还真不错
JO,4,2009-08-15 22:10:16,0,个么我也跟风听一下
Pumpkinhead,3,2010-01-31 15:17:00,0,其实光听唱片觉得还行。。。
土树,4,2010-08-08 17:19:50,0,确实好听
··不联络··,4,2011-09-10 22:14:36,0,今晚去夜店的报名了.........
熊仔俠,4,2010-08-20 17:55:46,0,還不錯。
Charles Rosen,4,2011-01-13 22:11:17,0,听得好累...但是还是觉得她有才的
就叫我陳先生,NaN,2010-04-27 20:14:03,0,ohmyladygaga
V,4,2010-03-30 13:38:23,0,8.5/10
朱朱朱古力♥,3,2009-04-17 15:28:02,0,大爱paparazzi
小岩菽,4,2009-11-14 13:44:14,1,Disco的午后。初识是KTV里同学点PokerFace然后群赏MV。其实旋律不太嗨啦，年轻才是卖点，而且唱腔有浓重模仿痕迹。但扑克脸真是很好听。
yum,3,2009-05-07 22:18:49,0,小电舞曲，风格统一到一个不行，但是曲目顺序安排的还行。适量听，过多过少都腻味
王晓啥,5,2009-12-06 12:00:12,0,Pokerface&Paparazzi~~~
不要焦虑浣熊妹,4,2010-01-31 19:16:41,0,她的声音很棒不是么路线有点GWENSTEFANIE当然是夸张版
一絲不掛,4,2010-02-19 19:21:09,0,不管gaga是哥还是姐，甜的旋律还是轻松不少，制作的压力就少多了。
🍵咖缇,4,2008-12-03 21:18:20,1,JustDance.Eh，Eh(NothingElseICanSay).11BrownEyes
zk,4,2009-12-30 06:09:31,0,彻底...
西柚小姐,4,2010-04-20 21:48:53,0,哎。。。是不错。。
破产君,4,2009-03-15 12:09:28,0,JustDance/PokerFace
玉木大河,4,2010-11-03 17:56:18,0,我开始讨厌那些放LadyGaga歌的服装店了，放完了我再听这挺好的歌都觉得像是促销……
Zeyao,5,2013-01-29 18:27:56,0,给五星.
Icilian,4,2009-12-02 23:35:43,0,这张好多都蛮喜欢~比第一张还有感觉~不过她的风格有些单一喔~
爱罗武勇,4,2011-01-27 20:46:36,0,不红没理==
Lola,3,2010-01-01 21:47:15,0,其实不是不好，只是看不懂她为什么红成这副马相。。。雷帝啊因为
Knight,4,2010-08-25 20:09:51,0,雷帝嘎嘎比较有名的专辑，相当不错的舞曲。
Happy Wiggin,5,2009-12-11 12:54:58,0,越来越喜欢了！！！
光影如画,3,2010-04-13 13:37:35,0,喜欢MV里，舞蹈肢体语言里所蕴含嚣张、挑逗的气焰。
TristanShen,3,2009-02-22 15:12:44,0,3.5
BtKnowhere,4,2009-09-04 09:49:56,0,GAGA小姐的装扮很强大==
Jamie,3,2009-12-02 17:43:41,0,Paparazzi，PokerFace
做人呆呆,3,2009-09-28 03:50:44,0,复古舞曲想不到也能被她炒得这么火。但ladygaga撇开附加包装，光从音乐上审视还是不行的。
≌菩提风花,5,2009-08-17 12:36:03,0,我爱上她了
甜m i l k 。,5,2010-05-31 10:57:06,0,越聽越有味兒..
ipis,5,2009-10-04 21:31:02,0,推荐：全碟
[已注销],4,2009-11-28 16:47:17,0,我要补舞曲！啦啦啦啦啦～
沉山泥🐇,4,2009-08-06 09:35:08,1,最近爱死她了。
給料泥棒,2,2010-07-10 13:12:31,0,这才是真正治愈系好吧
林大火,5,2011-12-25 22:11:26,1,凶
安远,4,2010-04-09 21:39:21,0,听了这么久却现在才来说说
Ten,3,2010-07-16 09:51:10,0,PokerFace确实很精彩。
鹿核,4,2011-02-05 02:12:42,0,大爱《Paparazzi》。一气呵成。
Paprika,3,2008-11-14 21:13:15,0,hit碟评里只给了一星半=，=其实也不至于这么差。
小熊猫,4,2009-11-26 21:15:56,0,还不错，荡但不色情
aluuuuuuuuuuuu,4,2009-06-16 15:32:54,0,多红这女的
卡羚,4,2011-01-11 18:28:37,0,感受一下女王的power~==+
A-Mian,4,2010-01-24 18:32:08,0,还不错的舞曲
饅頭☆m&j.dmg,5,2009-05-29 10:04:15,0,封面較失敗，不算電音封面
饭夫斯基,4,2009-07-21 18:50:57,0,不偏不倚的舞曲风格，要特色没有，但是范儿正
一山同学,NaN,2010-01-30 23:24:22,0,歌不错，人就。。。
prost,3,2013-07-04 01:25:00,0,唱得很好声音不错，就是专辑太容易腻了，编曲好像统一包装，唱完就往里装。喜欢Summerboy怀旧disco感
