user_name,star,comment_time,vote,short
Aragaki,5,2008-05-02 00:23:41,45,谈不上来的高度共鸣感，内牛满面。
韧勉,5,2008-11-02 00:18:45,25,不愧是经典，没有白买！
文泽尔,4,2010-10-11 02:17:04,11,海上钢琴师的原声集.其中特别喜欢的有EnduringMovement，Police，Trailer，ThanksDanny，NineteenHundred'sMadnessN.1&2和SilentGoodbye这几首.还有MagicWaltz的钢琴呢，绝美。TheCrave的爵士钢琴，大爱
早米庵,5,2010-11-13 15:54:51,3,todanny
基一凹,5,2013-04-14 21:18:52,5,~~~~~~~~~~~~~~
宅蘑菇Moku,5,2010-05-13 05:36:12,2,太棒了这个
mosquito惟,5,2010-10-25 01:22:25,3,发飙时让人淡定的绝妙武器
zitsunari,3,2009-04-11 23:09:18,1,TheCravePortraits
東柏林地下黨,5,2008-06-22 12:54:57,2,很好的一张盘故事也很好
药命的悲‖挨,5,2008-12-16 20:17:30,2,虽然我不是很喜欢JAZZ钢琴，但不得不承认这张OST实在是太经典了!
バカ蓝蓝,5,2010-10-26 04:33:39,2,❤
乡愁,4,2010-12-19 13:48:38,1,Inthisdeadcalmbeneaththewaves，Icanstillhearthoselostboyscalling.Youcouldnotspeak.Youwereafraidtotaketheriskofbeingleftagain.
不擅长,5,2009-10-09 02:26:23,1,http://www.xiami.com/album/168626
蹦床,3,2010-04-29 16:14:06,1,不太喜欢这电影其实，男主演长得还不错
Doyle Frenger,5,2009-05-19 01:28:25,1,想想可以现场听了。。。TT
Белка,5,2007-11-23 20:51:46,1,....
安蓝·怪伯爵𓆝𓆟𓆜,4,2007-02-02 00:29:22,1,痛并固执着
杨山魈,4,2010-09-04 23:38:29,1,一点也没听出是爵士钢琴来...但还是不错的
宇宙宝贝,4,2008-08-07 17:24:25,1,练习曲很好但是终究不是大师的版本
wwei,5,2010-06-03 21:39:21,1,昨天经过一番周折后不但看到了EnnioMorricone的超赞演出，还拿到了大神签名，只是后悔没带《美国往事》的唱片……
水果君,5,2009-08-10 16:44:11,1,“那是上帝的琴键啊……”
旺美酱,5,2009-12-21 23:38:33,1,考试的日子里有它陪伴，感觉好极了！==
#Pekingcat#,5,2010-10-20 17:12:13,1,TheCrave是最赞的！！！
魚鰭,5,2008-02-23 17:26:36,0,弹叻
Ambery,NaN,2008-05-23 23:54:09,0,不错
镜泉,4,2010-10-10 20:27:45,0,虽然是处理过的钢琴曲子，但是它在当时激起了小时候的我弹爵士的热情，一直到现在。
索总，,4,2019-02-03 21:12:29,0,FilmOst☞1999
灰色的彼得潘,5,2022-04-15 14:59:01,0,莫里康内我的超人
southstarj,5,2012-03-11 20:54:30,0,EnnioMorricone毕竟是大师，触动心弦
sunwenhao90,4,2012-01-24 13:26:31,0,推荐两首：MagicWaltz/PlayingLove
幸福超市总经理,5,2015-08-12 03:36:01,0,他在海上，在生命里，在音符环抱中
qweerew,5,2013-01-11 01:25:12,0,jazz&piano
大兒童,NaN,2008-11-18 22:13:03,0,喜欢电影
洛一,5,2008-11-02 11:25:07,0,他给了我多大勇气多大希望多少泪水多少微笑。
Fan要坚强,5,2012-03-04 13:41:53,0,最爱的ost
迷藏,5,2011-08-31 16:06:36,0,OST的必藏
尘埃野马,5,2013-01-11 15:55:15,0,我大学时代的记录，人生哲学的艺术化，以及一个女孩的建议、讲述。
逆光,5,2010-10-08 14:01:46,0,playinglove每次听都是一身鸡皮疙瘩...><还有thecrisis
minhe,5,2010-06-20 00:26:05,0,总是那么孤独的弹奏自己内心世界的音乐，孤独的灵魂总是喜欢依附在奇才身上。
北海十三郎,5,2010-12-22 15:17:49,0,影院二刷了重映版之后，打五星……
，,5,2014-02-21 09:58:14,0,哈哈，这张是大气磅礴中间带着俏皮！
大丘,5,2009-08-09 12:26:27,0,听到现在为止最喜欢的一张影视原声
米粒,5,2010-12-20 03:00:44,0,听着这种原声，就是不愿醒来。
马努,4,2009-12-09 18:30:51,0,lostboyscalling
朵拉小姐,5,2008-12-27 11:16:18,0,钢琴曲。永远是最灵啲。
AshRialto!,5,2012-03-25 20:09:09,0,好电影。
[已注销],5,2012-02-21 09:43:11,0,1900神情的回忆着，向往着，沉默着，发泄着，漂浮着，沉迷着，创作着，热爱着，孤独着。
空羽,5,2008-06-19 17:18:43,0,爵士啊爵士
量子玫瑰Bonnie,5,2012-11-30 23:50:25,0,人生不过是88个黑白色长方格子的无限组合，生活不过是从船头到船尾的点与线段。
晚晴先生夏雨庭,5,2011-02-22 11:14:51,0,Playinglove，andothers.
老实人楷模,5,2012-12-02 19:57:47,0,舒服
Chimney,4,2009-06-12 17:55:16,0,PlayingLove最爱！
九命猫@victor-eyes,5,2010-11-17 17:12:17,0,豆瓣电台一直放啊一直给我放。。
tangmm,5,2011-02-21 22:06:02,0,lightman博士，回去弹琴吧！
2999圣诞老人,5,2009-12-16 11:52:24,0,Nothingaboutmusic。
润物,4,2008-09-11 16:13:33,0,这部电影拍的就是音乐为主的题目，原声就更不用说了，一水的钢琴演奏，美妙。
Molly,4,2009-06-06 13:03:09,0,Themagic。
Wishbao,5,2011-06-26 20:55:42,0,和爱人一起听的歌
人类学科研究员,5,2008-07-15 10:33:55,0,经典。一度的BLOG最爱
邈邈,5,2010-08-30 08:24:10,0,EM很完美。
猫丢了的莫教授,5,2012-04-11 22:17:02,0,循环过几千遍的东西，。
早安Lucifer,5,2011-03-31 11:03:39,0,基本都好听
Lo,5,2010-09-03 20:37:37,0,EnnioMorricone。啥也不说了。
林 寶兒,4,2009-03-13 11:38:38,0,Ennio_Morricone，虽然不是我的STYLE，但是也是临摹对象~~~钢琴曲很赞，我都弹不出来`哈
kt,3,2010-07-27 18:47:50,0,太长=。=
幻燈燈,5,2008-04-14 19:56:53,0,Legend.
会有SB替我爱你,5,2010-02-27 10:18:20,0,最近总是想敲五星
毛栗老弟弟,5,2013-08-29 01:15:08,0,感谢电台！让我认识了莫里康尼大神
ªrei,5,2013-07-30 22:41:15,0,人生最静谧的时光，除了在午夜失眠时拉开窗帘哼唱IrishHymntotheSea，莫过于蜷在小窝里用布鲁斯轻轻吹奏C调的PlayingLove，好像一声声的叹息。
流沙陷,3,2012-11-28 11:58:28,0,4
boooooby,5,2008-05-25 19:37:21,0,飞舞的乐符！
京裕,5,2011-03-20 12:34:33,0,没的说
Felidae,5,2011-04-01 22:22:28,0,简单的人只剩下音乐，幸福吧……
BD中字,4,2008-06-04 21:29:01,0,其实是从范海伦的歌开始喜欢的。
宇宙棉花糖,5,2010-10-15 09:46:27,0,Magicmusic，magiclove……
ʕ^ᴥ^ʔ,5,2008-09-24 23:17:08,0,感动的电影，感动的歌
hill,5,2010-10-15 13:07:13,0,电影也是五星的
Manchild,4,2008-04-19 11:19:32,0,灰尘上都发布过的
左茶,5,2009-11-13 14:42:12,0,danny'sblue特别爱这个
乔阿酥,5,2009-11-28 13:20:34,0,最喜欢的OST。在故事里显得太泛滥的情怀，用音乐来表达就刚刚好了。
Gla,5,2008-07-03 22:48:21,0,不完整但夠好
歌绎,5,2009-02-03 20:15:43,0,thecrisis，很美丽的音乐
桃稚莫莫,5,2010-11-11 13:52:42,0,美啊美...
Janice,5,2008-02-05 22:31:26,0,sogreat~~~
evilgracula,5,2019-11-26 22:35:59,0,playinglove
风向未来吹去,5,2008-08-31 15:48:22,0,LEGEND
澄风,4,2011-11-12 20:40:23,0,1|2|3|5|7|10|11playinglove
董小长,4,2013-03-08 00:26:02,0,07.PlayingLove值得一听在听
再见阿虚,4,2009-06-14 13:32:05,0,我总觉得听原声还是不爽
酒吧方便面,5,2010-11-09 17:35:58,0,这个还是要看片子啊
SabaGPT,5,2010-02-08 16:12:20,0,动人
蛤蛤一笑很倾城,NaN,2014-06-22 09:58:50,0,一直不明白为什么电影评分这么高。
Ashboo,4,2009-04-07 22:32:17,0,这些音乐，唉。。
胖胖,5,2010-06-14 22:23:40,0,我把“playingLove”听了四遍，然后就老泪纵横了。
九個9,5,2020-07-06 15:46:33,1,PlayingLove永恒的爱恋
Moscato,5,2012-08-15 16:20:18,0,http://www.xiami.com/album/168626
Gol Dolan,NaN,2008-06-08 11:31:55,0,永恒的88键
leon,5,2012-06-01 11:57:14,0,感动……
Tisch,5,2010-12-21 03:00:26,0,不解释啊……
帆,5,2008-02-04 13:43:26,0,相当推荐
