user_name,star,comment_time,vote,short
张恩勾,4,2009-09-01 01:34:34,24,方大同，無論你認不認識張文順的師傅佟大方，你這張的水準都不會掩蓋。
礼士路西岛秀俊,3,2009-09-12 11:26:04,17,他也哮喘？就这个版本还超王菲……？？
白色的蓝,4,2009-08-13 17:41:44,15,我居然觉得这是他最好的一张……
Bill,5,2009-09-03 22:18:44,5,灵魂附体
Dyingpluto,4,2009-08-11 20:42:16,2,继续玩票http://ent.163.com/special/00033JRQ/Timeless09.html
颜良辰,3,2009-08-13 16:30:57,1,我就是觉得不够味儿。
sorrento,2,2009-08-12 11:31:04,1,我就思忖着为啥每个歌手做翻唱专辑都要去唱那首MOONRIVERPLUS...男不喜欢方大同女不喜欢王若琳
素手纤纤,4,2009-08-18 11:32:18,0,忽然好听了。。
范困,4,2009-08-11 21:43:11,1,记得弄的不伦不类，放这个专辑里真是老鼠屎。
L I M O,3,2009-08-12 22:13:32,2,翻大同。
PabloHoney,4,2014-10-10 17:28:31,0,翻的确实不错
L+,5,2009-08-11 22:16:44,2,不给五星给什么
eveilebi,5,2009-08-18 00:23:35,1,中文翻唱的伴奏怪怪的，英文歌好听很多。
阿落,3,2011-11-12 15:53:51,0,翻唱不如听现场
朴九月,4,2009-08-13 18:38:52,0,http://www.1ting.com/album/33/album_28474.html
尧耳,5,2009-10-25 23:18:18,1,才子。
Song³,4,2009-11-07 00:34:43,0,他翻唱得还蛮有自己风格的
tlmgt,3,2011-10-01 19:22:18,0,不怎么喜欢他翻唱··········
令糊葱,4,2010-09-11 21:17:01,0,记得
Yolanda,5,2009-08-26 20:11:18,2,很有幸福感的一张。
要早睡啊minami,5,2009-09-27 13:51:56,0,我给五星
StevenTong,4,2009-08-19 17:57:43,0,可供重新探索的餘地太少，玩得最好的《紅豆》一早派台。雖然我很愛khail，不過這次也只能四星，看在他玩得很開心的份上。（月底的演唱會見囉！）
尉迟,5,2009-08-12 01:26:59,5,是你带我真正进入黑人音乐的世界。
zard砸得王大崩,5,2009-09-03 13:34:57,0,大同的歌清清淡淡，让人觉得世界一直这样多好。红豆和LaBamba的改编让我很欣喜。
香水瓶,4,2009-10-06 15:40:47,0,大同发片一定要听~~
苏格,NaN,2009-08-13 12:00:27,1,关菊英都给翻出来啦
麋鹿橙,4,2009-08-21 17:00:28,0,主要是唱功拯救了这张唱片.
捞,NaN,2009-09-03 14:54:01,0,我是不是该打个分==
Nuage☁,4,2009-10-04 00:06:20,0,终于出来了
鸟先生在睡觉,4,2009-08-12 00:29:00,0,后半张很喜欢。。。。。
Hao,4,2009-08-13 21:29:50,0,Nothing’sGonnaChangeMyLoveForYou
meiiii,5,2010-10-16 15:58:36,0,他的嗓音正好
DeerColin,2,2014-12-28 13:41:20,0,相当无味
英恩,2,2009-12-05 23:52:02,1,对于翻唱王菲歌的歌手，我向来是下手很狠的
路路路路路胖达,4,2011-06-11 23:02:08,0,【记得】【红豆】别有风味
YoyoRan,3,2009-09-07 15:33:46,0,没想到这么快就“江郎才尽”了，快快东山再起。
少年夏不安,3,2009-08-15 17:35:44,0,把记得唱成那样只能给三星了…
ladybird,NaN,2009-08-12 18:06:16,0,唉，封面抄的
小本,1,2011-01-15 10:35:53,0,你是不是要把所有音乐摧毁成方大同lized?!
with,2,2009-08-13 23:46:57,0,感覺無想像中甘好聽，好亂
usquebaugh,4,2009-08-13 16:39:15,0,每个人心中都有一张可啦思刻。
肥匪廢·老🐰,4,2010-11-21 03:33:00,0,目前所听到的《红豆》翻唱版中最温暖的……
目黑,2,2009-08-13 16:16:07,0,我不是很忍心再继续在听了..
李念河重出江湖,5,2009-08-16 12:28:05,0,真的真的、很赞
神威太太,3,2009-08-13 15:20:06,0,。。。。。。。。不要翻唱菲菲的歌
瑋,4,2009-08-29 02:59:28,1,傻不拉叽。华纳注意不要再次过度消费一个歌手的才华，要不然就真的像大同唱的“走过荒芜的沙抽”了。看过JSG的live觉得其实还应该收录howdeepisyourlove和tearsinheaven的。LaBamba只听到泥巴泥巴，你芭啦。。。最优选：wonderfultonight.
○Ⅴ○,4,2010-02-23 21:51:56,0,Classical不多。好听确实不少；也就是靠几首famous的抢分了
夏日良人°,4,2009-09-03 09:28:32,1,“一颗红豆怎敢单挑宇宙，是你在我心中播了种。”
水水♫,4,2009-10-27 00:26:35,0,无关乐评，依然销魂
姚大傻咖咖,4,2009-08-14 12:05:42,0,Nothing’sGonnaChangeMyLoveForYou
三四,4,2009-10-11 16:51:49,0,虽然说封面貌似也是翻别人的不值得鼓励，但歌是真的翻得很赞
品客,NaN,2009-08-17 17:43:40,0,翻唱的嘛，不好评价
乡愁,4,2011-01-24 21:55:13,0,以前的一句话是我们以后的伤口。
豆维,4,2009-08-12 22:13:22,0,选的歌都太经典了，反倒显得自己唱功吃紧，不敢施展。
不擅长,5,2010-05-30 00:29:57,0,http://www.xiami.com/album/336051
Pandy,4,2009-09-19 20:30:34,0,"""记得""好像我唱得比较凄惨....."
小偷|隐忍沉定,1,2009-09-14 04:40:18,0,难听
岳璇,5,2009-09-25 14:08:22,0,莫名感动一把……
小肚子✨,3,2009-08-12 10:59:47,0,很会唱
亞麻君,4,2009-11-12 13:12:14,0,还好吧Nothing＇sGonnaChange。。。不错
Yome,4,2009-11-27 10:10:26,0,中文部份不太喜歡改编的R&B版本有點不倫不類
樹男,3,2010-12-30 17:29:07,0,方大同的歌和肉一样，吃几口不错，吃多了就腻。
evonne||芝士命,4,2009-10-03 15:21:43,0,沉醉中
白川,3,2009-08-28 08:38:56,0,虽然很不错，但是期望过高，和往日相比自有悬殊一曲红豆很销魂啊
lex,4,2009-09-18 08:48:17,0,旧瓶新酒，很方大同~~最喜欢的还是“红豆”
尼尔会怎么做？,3,2012-02-16 07:58:44,0,方大同唱别人的歌没味道
mon babe,3,2011-11-07 09:10:08,0,自创还行，翻唱还是算了吧，没味道没感觉
徐大阳,3,2010-06-26 01:01:08,0,09年和方炯镔，萧敬腾同发的翻唱专集，这张稍逊一点.Nothinggonnachangemylifeforyou.
呓语流年～小文,5,2012-03-09 02:00:42,0,补上
JO,5,2009-08-24 17:54:03,0,大同！！！
沉歌,4,2009-08-19 13:07:05,0,温柔绵长
jiaqi,3,2011-01-30 10:14:47,0,三星给红豆的，普通话都说不好的朋友还是唱英语吧
Memento Mori,3,2010-02-25 17:46:10,0,这歌现在是有多红啊。
湛群捷,NaN,2009-09-27 00:18:06,0,“希望年轻的歌迷听过我的版本后，会有兴趣听原曲。”
中世纪福音工人,5,2012-05-02 19:59:54,0,那首jazz的《月亮代表我的心》太赞了！红豆也不错唱的比王菲好听。
Fantasy,3,2009-08-13 16:05:31,0,不温不火
失控的蘑菇,1,2009-07-17 12:50:29,0,唱得难听死了
soloye,4,2010-02-11 09:47:25,0,随意的随心，纯粹
朱朱朱古力♥,5,2009-08-20 08:00:21,0,lovehim！！！！！！！！！！！！！！1
时以星,4,2009-08-12 19:05:39,0,这确实是个回望的季节。
老夏天___,4,2009-10-19 18:23:51,0,FUNZY
日烟火,4,2009-08-14 17:53:18,0,有几首英文翻唱。会让我觉得有点心动。
chaaaaad。,4,2009-08-27 01:08:12,0,有缺陷，但也算成功了。毕竟翻唱批评声总是打过肯定的。
yum,3,2009-08-12 11:05:21,0,见仁见智。经典的东西不好翻，确实做到了高辨识度，有自己特点。对我来说不够，没出彩。
斯 琰 🌈 🍭,4,2015-05-06 22:48:56,0,三首国语歌，当年怎么就入围了金曲奖“最佳国语男歌手”真是个谜……喜欢一头一尾两首，至于《红豆》，只觉得比《记得》好一点点而已。
纯子,3,2009-07-10 22:12:12,0,对他真的不感冒。
一絲不掛,3,2009-08-13 11:58:06,0,3星是给红豆的。
jj73浅之,4,2009-08-12 10:09:52,0,终于能听方大同了
lotusblue,5,2009-08-13 21:25:50,0,翻唱得十分有味道
娘口三三,4,2009-08-12 23:09:22,0,这张专辑让我无比的想念我家MattGiraud啊。。。整张都还算好听，就是Bad和Georgia两首歌十分不满意。。。
脫繮的蛇肉堡,4,2009-09-03 17:25:00,0,翻唱减分。
低調小姐 - VG,4,2009-08-13 01:23:32,0,Bad是败笔
zk,1,2009-08-15 16:11:20,0,惨不忍睹...
Soda兰,3,2009-09-12 15:16:26,0,他还是唱自己的歌好听
JasmineJasmine,4,2009-10-26 16:16:00,0,能夠把眾多經典翻唱一遍也是看機緣
卡卡,3,2009-08-16 16:33:41,0,只有那么一两首的编曲还行。
五月微蓝,5,2009-09-13 21:51:58,0,我很喜欢他的翻唱。
巢可辂,2,2009-08-21 16:22:47,0,没有为什么，对方大同就是不感冒，听不出来哪里好
清爽🤕,4,2012-07-22 12:08:29,0,好不容易才能爱上你一点点啊
掩杀,1,2009-09-04 02:15:11,0,方大同您就喜欢毁老炮吧.您继续!方大同.2009.8.11
