user_name,star,comment_time,vote,short
Hao,5,2010-08-26 17:37:14,158,何不把悲哀感觉假设是来自你虚构？
Bill,5,2009-11-09 11:53:46,103,好歌不断果真成为下一张国语专辑的改词原版～富士山下不如不见黑择明裙下之臣说实话歌词很好但陈奕迅的歌大多都是粤语胜过国语
Song³,5,2008-12-17 16:45:17,16,不如不见/白玫瑰/黑择明/粤语残片/最后的嬉皮士/裙下之臣/富士山下
丶,4,2011-11-28 20:41:16,18,谁能凭爱意，将富士山私有。
tripler,4,2006-12-03 21:09:03,6,富士山下。
怀山鹿,5,2010-07-20 01:36:01,4,eason最好的纯粤语专辑.我觉得是高质量粤语歌最多的一张。喜欢不如不见白玫瑰裙下之臣黑泽明粤语残片富士山下......................一张专辑能让我这样平价的并不多。接近perfect
今天小熊不吃糖,5,2009-03-11 15:13:12,0,可惜我听不懂粤语……
神秘金针菇,5,2011-01-04 10:56:57,3,集结了香港最棒的编曲，词作，企划…关键是，最棒的歌者。这张专辑优秀得无以复加。
Μουσαι,5,2011-11-14 19:20:44,1,最后的嬉皮士|白玫瑰|黑择明|富士山下
塘坑一姐小渡边,4,2018-06-09 15:11:45,2,天公地道、裙下之臣、富士山下、黑择明、心深伤透、不如不见
DeerColin,5,2013-04-22 16:02:51,1,陈奕迅精彩的粤语专辑，大多数歌曲均可在《认了吧》里面找到国语版。《白玫瑰》和《红玫瑰》，一个温柔的妻，另一个是热烈的情妇，李焯雄真是个有想法又有功力的新生代词人！
tlmgt,2,2016-10-06 04:55:08,13,唱纯芭乐的时候像蚊子一样很烦人，唱摇滚时效果并不是什么时候都好，香港打造歌手很成功体系很成熟但音乐不保值是令人尴尬的事然后可以确认06年LifeContinues里面驾驭黑人音乐的他是最好的他
令糊葱,4,2008-09-20 00:22:46,1,不如不见。
捞,5,2008-10-28 20:51:00,3,想当年，我一直repeat一曲裙下之臣足以令所有室友orz
zard砸得王大崩,4,2006-12-14 15:58:57,0,虽然不很喜欢这张，但习惯是不容易被改掉的
大头绿豆,4,2006-12-31 00:32:19,4,不如不见，曲好，唱得也好，词是好中之好。
Sarcophagus,4,2013-03-05 21:30:23,4,我承认我第一次听这张专辑。留了五首，其实《富士山下》和《不如不见》就足够撑起了。“要拥有必先懂失去怎接受”
欢乐分裂,5,2006-12-29 08:39:26,1,曲曲经典
易召,4,2009-09-13 22:49:20,0,莫若未见，沿途霜花
哈默林騎士,4,2007-11-26 06:07:48,0,富士山下
小魔@优雅穿梭,3,2009-12-31 15:56:22,1,深更半夜无眠的夜里，翻到最后居然想听这样的声音
zitsunari,4,2008-11-19 22:34:47,0,富士山下白玫瑰不如不见
○Ⅴ○,4,2010-10-02 10:57:52,0,目前最爱他的一张
KeneL裤头,5,2006-11-27 20:02:11,0,以前都是淡淡地喜欢着EASON的歌，是这张粤语唱片让我真正被他吸引
詹尼金,5,2008-07-20 14:19:44,2,黑暗下磊落光明中演你，心能随心拣戏，这时期演伤心戏，戏烂人未死
Bill,5,2015-07-12 18:14:35,1,大部分歌曲传唱至今，唱念俱佳
Miss Lucky,NaN,2007-04-12 15:21:53,0,富士山下
乡愁,5,2010-07-29 12:05:50,0,得不到的从来矜贵，得到的竟已非那位。/一世一生等一天需要代价......谁能凭爱意要富士山私有......忘掉我跟你恩怨，樱花开了几转，东京之旅一早比一世遥远。/《富士山下》《不如不见》
薇羅尼卡,4,2006-12-06 20:48:50,0,喜欢那些慢歌~
Yes张嘉乐，三月是春光明媚的,5,2008-12-17 02:39:36,0,富士山下
汤之问棘🌈,3,2013-08-18 12:03:49,0,公然袭用摩城王子marvingaye滚石历代最强专辑第6位专辑《What'sGoingOn》篇名。。
流空破刃,4,2011-02-01 13:21:43,2,香港歌手自主性敌不过公司运作与市场需求而妥协到体无完肤的范例。原本完善的“Twoside”同曲两编两词的概念被拆分成两张分开发行，而在国语范围的无止境妥协，最终造就“认了吧”的满街骂名。单说先行的粤语，排序方面看得出用心，白黑的对照，黑富的编曲承接，心解的对照，富不的故事性。保持水准的原地停留。
海孩等pk14,5,2013-02-12 06:10:44,0,好听练几首去ktv唱去！
时以星,4,2006-12-20 10:46:27,0,富士山下，不如不见。
[已注销],4,2011-02-25 13:18:48,2,富士山下+裙下之臣+心深伤透+不如不见
娘口三三,5,2009-12-02 13:04:26,1,富士山下比爱情转移更打动人。。。
捌朵,5,2009-02-09 19:25:42,0,谁能凭爱意将你私有
zk,4,2007-04-11 00:04:06,0,好久没有听粤语了，不错不错
JasmineJasmine,5,2008-05-21 09:42:46,0,很經典的一張
掩杀,NaN,2011-06-11 16:57:46,0,黑择明.陈奕迅.2006
三木由纪夫,5,2012-05-13 19:36:45,0,最爱一张
宇辰私想,NaN,2009-04-17 18:26:29,0,经典
TristanShen,4,2009-04-10 18:14:18,0,4.3
对抗拖延,3,2014-03-15 09:34:56,0,2014年3月15日9:34:48
partisan seed&,5,2009-04-17 18:10:40,0,想当初还未抽烟！~~
≌菩提风花,4,2007-04-08 20:58:56,0,我喜欢他虽然不怎么听粤语的吧...
[已注销],4,2012-03-03 00:28:14,0,==听不懂
給料泥棒,5,2010-02-11 15:15:37,0,粵語殘片
&,NaN,2007-08-07 18:12:34,0,经典
柴犬的柴,5,2010-02-24 16:41:44,0,好久不见~~~~不如不见
午后小憩,5,2007-03-09 14:34:57,0,在我心目中仅次于U87的至尊专辑
baichi0038,5,2010-03-27 11:57:00,0,几乎首首动人~U-87之后~神作再临~
HaGaU,5,2009-12-25 13:27:52,0,不如不见
Jesse,5,2010-03-21 16:41:27,0,还是粤语的好听
战国客,5,2009-02-24 20:19:15,1,富士山下&白玫瑰&不如不见&黑择明
暝明,5,2009-01-05 03:22:52,0,富士山下，一首歌够支撑整张了。
緑沼,5,2012-05-26 01:25:57,0,我绝不罕有，往街里绕过一周，我便化乌有。
欧米,4,2007-01-05 09:28:54,0,还行
石白,4,2007-06-01 23:18:32,0,与丫头共赏。
四二,5,2008-09-24 14:12:04,0,呆头萌！好男人！
煮蓝,4,2007-06-28 16:34:39,0,唱成一个K歌之王！
Felix,4,2007-10-10 11:10:29,1,What'sGoingOn陈奕迅
戊空Ulysses,5,2009-08-20 18:11:22,0,不如不见~
夜国,5,2012-04-03 13:03:33,0,裙下之臣，白玫瑰，黑择明，富士山下，不如不见，解药，天公地道，粤语残片
麦小麦,5,2008-03-12 11:49:17,0,富士山下
LOTROCK,5,2011-11-10 11:05:13,0,富士山下、不如不见，都是好歌
六月天蝎,4,2007-05-13 18:52:24,0,还不错
0405|Love&Life,4,2009-11-25 20:07:59,0,还OK。
林恩 我的爱是那么新,4,2013-05-06 13:43:32,0,富士山下的歌词真是……
昵称已被占用,5,2007-04-05 20:39:22,0,突然发现好多喜欢的歌都是出自黄伟文之手
［装注销］,5,2009-05-29 18:28:48,0,喉咙
llao,5,2006-12-11 16:48:23,0,让我真正爱上这个男人的专辑，听上瘾了...2006冬
totoroo,5,2012-07-02 17:12:36,0,陈奕迅最经典的唱片之一。
Milk,5,2012-01-30 10:37:19,0,每次听富士山下，都会感觉到不同的场景。
andyh,5,2007-05-30 12:13:32,1,这是我最喜欢的流行专辑。
每天一粒茶叶蛋,5,2011-05-29 13:37:57,0,裙下之臣！！！！白玫瑰！！！！黑择明！！！！富士山下！！！！不如不见！！！！
山鬼,5,2011-07-22 16:42:35,0,【Q】:What‘sgoingon...?【A】:富士山下最后的嬉皮士，心深伤透，终成白玫瑰裙下之臣，黑中择明。天地公道，不如不见。粤语残片，才是解药。
青绿十一,5,2014-05-12 02:35:51,0,不如不见
幸福超市总经理,5,2013-06-01 16:39:08,0,两大词人助阵，梁翘柏编曲制作，的确很棒的专辑
葡❤️萄,5,2008-12-26 14:09:25,0,常常在想，没有eason的乐坛是不完整的
阿米,5,2008-07-26 16:49:07,0,爱不释手
纯子,5,2013-08-06 19:52:49,0,被好久不见感动得一把鼻涕一把泪的人都该去听听它的粤语版不如不见，后者写得越冷静，越像在给前者打脸……
伊坂捅太郎,5,2019-12-05 22:41:53,0,流行歌曲该有的样子
Chimney,NaN,2009-09-04 11:50:19,0,2006/陈奕迅
卷儿，　　♡,5,2015-05-11 02:59:15,0,粤语残片太好听了是惊喜发现还有那几首经典之作白玫瑰富士山下不如不见
Sky,NaN,2006-12-13 22:23:27,0,期待已久的专辑，很不错:)支持Eason
井行,5,2010-02-21 08:06:10,0,比起好久不见。更爱这首不如不见
无法太多,5,2011-09-17 09:18:06,0,这张编曲太棒！重听觉得梁翘柏制作的第二首真是俏皮！
Lillian,5,2009-06-01 14:23:27,0,为什么我当初买的那张没有裙下之臣这首歌？！
文小二,4,2010-07-20 17:00:09,0,不如不见。富士山下。裙下之臣。黑择明。白玫瑰。
朱大侠。,5,2011-08-16 16:43:27,0,陈奕迅悲哀情懷在歌詞中表露無遺。
吴非非,5,2008-11-30 13:09:40,0,我绝不罕有往街里绕过一周我便化乌有
魏神陌那,5,2011-01-23 01:51:04,0,融化中...
猪头小丸子,NaN,2010-06-10 16:04:44,0,因为是EASON。
Hiro,5,2012-06-10 02:05:06,0,What'sGoingOn....?
新年新气象啊竹,5,2011-12-11 17:50:17,0,越老越喜欢陈奕迅啊。--||
林 寶兒,4,2009-03-25 01:01:28,0,那首，很牛
kt,5,2009-10-19 22:19:51,0,巴黎公社万岁
Frankie318,4,2008-07-08 22:19:29,0,很不错的一张深沉的碟
红娘丁当,5,2007-02-05 16:44:24,0,富士山下，不如不见，黑泽明，白玫瑰，群下之臣。这个男人没得话讲了。。。
