user_name,star,comment_time,vote,short
MeetMeinaMaze,4,2012-04-12 19:49:09,256,《孙燕姿》《萧亚轩》《JAY》《DavidTao》，这些第一次都叫自己的名字。
塘坑一姐小渡边,5,2013-01-25 13:09:52,152,孙燕姿最好听的歌：《和平》，意义相当于萧亚轩有《最熟悉的陌生人》。任何一个人听过《和平》都会爱上她，我大学、高中的同学喜欢孙燕姿就是因为我推荐了这首歌，我从不推荐《天黑黑》，除非别人想要治愈系的。《爱情证书》《E-Lover》也是经典
L I M O,5,2007-06-25 23:13:45,166,沒有一個22歲的女生像妳這樣唱歌。
果酱☮,5,2009-01-05 19:27:57,51,怎样都还是喜欢你，最喜欢你。
锐利修蕊,5,2018-07-06 09:20:53,62,华语乐坛2000年前后出现的新人实在都太厉害了，并且也许连他们自己都不敢想象，他们的出现将改变整个华语乐的状态，并以此升华了整个歌手世界的审美标准，此间独特的要属孙燕姿。这张唱片收录的十首歌曲，分别用不同曲风填充高于实际年龄的人生感官体悟，直到若干年后经历发生，才懂歌词中的妙处。
奈斯,5,2014-06-11 23:06:53,23,我们多一点点的辛苦来交换多一点点的幸福
DeerColin,5,2012-10-14 16:18:02,14,首张专辑即一鸣惊人！这张专辑里的抒情歌品质一等一的棒，我只想说说一首冷门《和平》，这真的算是孙燕姿一首神曲，典型的初听被《天黑黑》《爱情证书》等抢耳歌挤下去，但后续力强大到超越本张专辑其他歌曲，一跃成为我的最爱~
Bill,4,2007-04-26 13:01:09,3,天黑黑
eloise暖,5,2008-07-18 15:56:10,10,才发现成人的世界背后总有残缺
L+,5,2018-06-08 20:52:50,3,你18岁了
zard砸得王大崩,5,2006-12-14 15:54:37,5,惊艳开场
33迟来_小小岛,5,2011-08-27 19:14:23,2,你是我的第二女神
Song³,5,2008-10-12 18:44:09,3,天黑黑/LeaveMeAlone
苏格,4,2007-01-15 15:32:59,4,我那时多渴望像天黑黑里那样唱歌
Claire,4,2011-10-26 22:38:32,1,【天黑黑】【很好】【LeaveMeAlone】
mikaholic,4,2009-06-07 15:45:28,3,初中一年級的時候楊維懿和我熟起來好像就是因為這個...
tlmgt,5,2011-06-07 01:00:13,4,和平。有一首超摇滚的B面曲《自然》
肖浑,4,2019-02-23 17:18:21,4,123超红没毛病，456凑合还能听，最后4首就纯属凑数粪曲了。整体就是三星半的水平吧，冲着开创性勉强四星。
凹凸代餐,5,2011-03-17 20:57:21,0,http://u.115.com/file/t0ad34f6c7
夏日扬帆,4,2014-03-31 23:20:49,0,多有灵气啊[e-lover，和平，爱情证书]
伊豆,5,2008-04-29 16:06:15,4,听到她声音的第一秒，就爱上了她。
何,5,2006-05-15 00:58:14,1,第一张是“惊艳”
1806,5,2021-10-06 03:26:20,7,好像我们天天用一件事证明另一件事，用一物换另一物，就这么翻腾打滚折腾了大半生后，仍旧在起点停滞不前。抛开她惊人的唱功和高质量的收歌这些外在形式上的因素去一窥内核，这张首专妙就妙在燕姿用非常有力度的叛逆声线，去唱着好几首与生活握手言和的歌词内容。这种不和谐的矛盾性，把整张专辑的情绪张力做得很足。每首都叩击人心，怎么可能不红？
不宁,4,2008-10-04 00:19:06,0,第一张，初次遇见燕姿。
Summer孙夏天,4,2011-01-25 01:51:40,0,和平
莊小壞,4,2009-03-21 21:51:12,0,4－－－第一張。第一次是因為天黑黑。Rainbow很喜歡。
高歌,5,2014-04-12 14:52:21,0,我去2000年
○Ⅴ○,NaN,2011-03-23 18:07:47,0,超快感——没有人和幸福作对
三四,5,2008-06-11 13:38:57,0,爱情证书天黑黑自然
不擅长,4,2007-10-09 17:27:24,0,1http://www.xiami.com/album/11681
不銹冰♪~,5,2011-10-09 19:15:55,0,很好
essence.c,5,2014-06-29 10:37:56,0,【天黑黑】【很好】
钟,5,2010-01-04 10:02:04,0,第一次听是在雨天。
tavico,4,2020-06-15 10:45:47,4,水到渠成又正中下怀的一张处女碟，千禧年前后的新人把女歌手形态基本refresh了一遍，唯有酷酷的去女性化类型缺少门面，在此之前新加坡班底已经在梁咏琪身上找到模式，最终这张流行民谣和摇滚结合的唱片的确耳目一新。可始终，孙燕姿只是一个偶像，一个拥有独特音色的偶像，这点和萧亚轩比较类似，别问唱功，问就是烂。
薇羅尼卡,5,2009-12-31 11:21:07,1,首张专辑，一试啼声。从这里开始认识她……
魔角之声,5,2010-01-18 14:30:52,1,一张“证书”，见证了我对你10年的忠诚
妈妈我想吃肉,4,2007-10-24 19:01:36,0,很好~~
汤之问棘🌈,2,2012-02-25 09:21:50,1,呵呵
流空破刃,4,2011-02-01 14:11:37,0,孙燕姿的处女专辑同时也是个非常有趣的制作企划，两组双胞胎，包小松、包小柏与李偲菘、李伟菘的互相角力，最初的孙燕姿特质被这个企划发挥得非常好。
c小调的冰蓝,5,2011-01-19 19:44:37,2,如果生命還剩下最後一首歌的時間，我願意再聽一次，天黑黑
斯 琰 🌈 🍭,5,2014-03-12 21:57:08,3,从2011年开始，每到3、4月份，就会特别想听孙燕姿，我自己也不知道什么原因……相比《天黑黑》更爱《爱情证书》，而且觉得《爱情证书》是徐世珍写得最自然感人的一首歌词。
不如的我的,4,2006-08-09 13:25:59,0,现在听来还真不错
BiuBiu,3,2010-04-03 13:33:47,0,终于明白当时为什么红了。。
Airflow,NaN,2008-01-03 10:05:26,1,最喜欢的一张
LORENZO 洛伦佐,5,2010-05-03 14:42:16,1,除了《自然》《和平》《很好》其余都很耐听
[已注销],5,2011-03-19 13:40:41,0,和平+自然+爱情证书+天黑黑+浓眉毛
三言,5,2009-12-27 21:23:07,0,快十年的感动……
普通美,NaN,2014-02-12 23:21:12,0,爱情证书！
五月微蓝,5,2010-01-05 09:08:10,0,曾经让我们惊艳的YANZI。。
Vince♫,5,2008-06-19 00:59:07,0,爱情证书
程萬萬金,4,2008-01-13 14:33:16,0,喜欢那时的她
你是桌子我是布,NaN,2010-06-26 14:25:06,2,你轻轻地唱着歌未曾感受的温柔模糊我的双眼
玫瑰禁菸,5,2008-12-20 14:23:43,0,她的第一张专辑
≌菩提风花,5,2007-04-02 14:52:29,0,这张我超级喜欢!
煮蓝,5,2009-10-04 15:10:00,2,爱我请你勇敢一些。——过了多久这声音都不会过时，她经得起回味。
🌟亚树🌟,4,2006-03-15 16:13:03,0,天黑黑　很好　
baichi0038,4,2014-02-27 12:00:30,0,“这个新人特别值得关注！本周排行榜第一名就是来自孙燕姿的天黑黑”十几年前的某个中午听到柯蓝在《音乐无限》介绍排行榜的时候~就开始了和燕姿的“长跑”。好吧，这张专辑放到今天还是很精致的制作！一切燕姿歌曲的起源！
Layla,5,2008-09-20 14:17:54,0,孙燕姿的音乐中，最喜欢的一张
发财葵吉庆有余,5,2015-04-28 14:32:54,0,我在小时候听烂掉的一张专辑。
血源2出了吗？,NaN,2011-04-20 03:16:42,0,初中卡带
七瑾安,NaN,2010-01-11 19:29:40,0,很好
伐要安利坏人呀,3,2006-02-05 13:18:10,0,她只有一首天黑黑能听
水音,5,2013-11-23 22:14:03,0,当年最爱的时候可以唱出全碟……现在只剩超快感天黑黑爱情证书当KTV定番了……
寒凌旭,5,2008-03-16 23:52:16,0,天黑黑是经典，至于其他，都有听时的感动。最近比较喜欢LEAVEMEALONE
器官坏死,NaN,2008-05-27 11:01:58,0,我的一段记忆
Bio,5,2012-03-10 17:23:50,0,初中年代，感谢燕姿
hotdogyer,5,2007-03-21 08:21:42,0,111111最爱
吃饱了撑着做俯卧撑,5,2009-07-13 19:40:36,0,有vcd
NickyROி,NaN,2006-05-13 22:54:44,0,第一张还有点嫩，但是已经不错推荐第一收第三首和最后一首
夜国,5,2009-11-22 10:22:23,0,那个月光很好的晚上，第一次听燕姿
Amik的女朋友,5,2008-03-22 14:41:10,0,燕姿的第一张碟，非常非常爱
小饼爱打咻咻拳,4,2010-03-29 21:27:38,0,我不喜欢孙燕姿唱快歌。
Y2K-nostalgia,3,2009-12-02 13:54:47,0,清爽，倔强，少女。
penumbear,5,2011-01-10 12:42:30,0,很久后才完整地听完了这张专辑，18岁时两个特别的同学送的生日礼物，便宜但珍贵
笪笪,4,2015-02-09 22:55:11,0,还是初中听的这张专辑，我听她的第一张。
一碗凉白,4,2010-05-31 11:05:27,0,陪我度过空虚的中学
熊生海海蔫蔫地,5,2012-12-14 08:56:37,1,处女作实在太惊艳，李偲菘真乃燕姿的伯乐，爱情证书百听不厌，中间的口琴声太销魂了！
柒禾,5,2010-03-18 00:31:25,0,里面有我听她的第一支歌。爱情证书。
五月之星,4,2007-10-07 22:51:42,0,爱情证书，天黑黑
阿踢,5,2009-06-13 18:43:12,0,天黑黑...
每天一粒茶叶蛋,5,2011-05-29 13:35:14,0,天黑黑~~~~~~~~~
幸福超市总经理,5,2012-07-27 17:16:09,0,很好听，天黑黑，很温暖的感受
DOODLE||今日拯救咗地球,4,2008-12-26 18:27:39,0,总有一天唱响终于...
南多酱,5,2009-12-26 15:44:58,0,怎能让我不爱你。
阿米,5,2008-11-09 15:38:12,0,第一张永远是最好的
Spheniscidae,3,2006-07-14 01:32:45,0,虽然当时她的歌声已令人惊艳，但和之后的成就相比那还不算什么
织毛衣的奥李,5,2011-02-06 17:12:31,0,天黑黑
Felix,5,2009-10-30 11:49:41,0,孙燕姿yanzi
洗头油|盖盖儿,4,2008-12-05 15:51:05,0,和平
Chimney,NaN,2009-09-03 23:58:43,0,2000/孙燕姿首张
Glasscandy,NaN,2011-03-03 20:57:05,0,初三的时候，俺买了你的卡带，借给同桌听，丫把里面的歌纸弄坏了，为此我耿耿于怀了很久。我还记得那个时候，华纳给你做宣传的时候，给你打出的标语是：没有22岁的女生像她这样唱歌。。。
psy,4,2009-03-07 02:15:58,0,没什么印象的一张
十二楼,4,2007-12-01 19:30:31,0,不错的
"Go | 屋内饮酒,门外劝水",5,2008-08-05 20:14:49,0,我爱上让我奋不顾身的人，我以为这是我所追求的幸福
朱大侠。,5,2011-07-31 15:37:06,0,一个你尽管忘记她的美丽，却一样炫烂你的耳朵的超级好声音。
鲨鱼曾给海唱歌,4,2006-04-28 20:12:34,0,永远的天黑黑。。。
Shining,5,2007-12-03 15:04:54,0,很好...
Esther*,5,2009-11-09 01:37:58,0,爱情证书~
❤  立 夏 。,5,2010-09-03 09:23:20,0,那年我十二歲，路過唱片店門口。這女聲圓潤，清晰，一首天黑黑讓我感動落淚。
