user_name,star,comment_time,vote,short
潋 | Béatrice,4,2012-10-14 06:55:37,238,我把《YoungForYou》放给我的美国朋友们听，他们都要掀桌了～
基一凹,3,2011-08-16 22:17:43,51,那啥有功夫把英语练练吧(￣_￣|||)
撒旦的表妹,3,2011-03-30 15:05:18,50,北京味儿大英语
泪小鱼|念。,5,2007-11-01 20:32:09,25,太可爱的歌……
北溟鱼,5,2007-06-11 11:22:30,14,很妖的声音，喜欢的京腔英文..全是洒脱干净的味道...
ztlpoppy,4,2011-12-10 06:34:50,5,很粗糙很美好
Enjoy🌈Rachel,5,2012-10-21 11:18:32,5,虽然模仿的痕迹有点重但丝毫不影响好听的程度。。。
三层保暖,4,2009-07-14 10:40:04,2,喜欢的味
psycho DC,5,2012-05-12 14:02:20,3,高中时期循环到烂的专！！！！
草威,4,2008-09-15 10:32:37,4,很“烂”很好听。很惊喜！！
Showing V1.4.1,5,2010-05-10 01:28:56,2,总体4星，因为这首Youngforyou，又是咱北京的乐队，5星！
令糊葱,4,2011-10-14 11:45:32,0,冲着名字去的。
zard砸得王大崩,4,2007-09-05 09:32:04,2,很好玩的音乐，真可爱的乐队
夜川直心,5,2009-02-28 10:16:14,2,朵
N,4,2014-11-15 11:03:16,0,hahahyoungandfunny
凹凸代餐,4,2011-05-22 15:24:34,0,http://u.115.com/file/f5985f28a6
明珠一颗孙小美,5,2009-11-24 13:45:27,0,最近超迷。
三木,NaN,2009-06-22 12:51:08,0,赞。
了了,5,2008-08-16 09:52:30,0,好听
YoyoRan,5,2007-12-31 23:29:52,0,youngforyou太经典了！
少年夏不安,3,2011-05-28 22:17:48,0,还是比较喜欢唱国语的Gala~
長閑,5,2011-04-08 09:54:18,0,意兴阑珊
海棠一生,4,2007-09-23 19:01:38,0,很可爱。。。
早米庵,5,2009-07-04 20:09:41,0,我和老婆都喜欢
易召,4,2008-08-03 20:58:04,0,唱在年轻，并且唱给年轻，那样蹦蹦跳跳毛手毛脚的样子还真好
Summer孙夏天,5,2011-01-24 13:11:15,0,最推荐的一首歌！YoungForYou
Topfun,5,2011-03-29 15:20:35,0,Young4u
欢乐分裂,5,2011-07-08 09:54:31,0,如果你知道什么叫年轻什么叫生命
91.7,3,2012-09-22 23:12:05,0,……猛戳笑點
isomer。妖。,3,2011-06-12 08:43:28,1,我一直想聽出來他在唱中文還是英文……這英文口音重的啊……
小小玛丽奥,5,2010-12-05 18:57:40,2,他妈的青葱得令人嫉妒！
莊小壞,4,2010-05-21 23:56:16,0,4－－－第一張。很不错！
Luffyjun,4,2013-01-15 21:20:00,2,要命的英文歌。。。。。囧。。。不过说实话，每一首的前奏还是真心不错的（四星鼓励分）！mayyouforeveryoung~~~坚持自己的梦想一直唱下去吧。。。wellwell，thebandissocool，that'sright~~verdad~
眠去,5,2009-02-20 23:45:15,0,inowhy：）
Ridden,5,2007-12-30 16:07:24,0,YoungForYou年轻。
小敏吃掉小敏,4,2009-03-20 23:37:40,0,啪嗒啪嗒的果实掉下来
ζωήιδ,4,2008-05-06 04:15:53,0,噗~
Augenstern,5,2014-05-30 02:42:45,2,突然想起来那个从阿姆斯特丹回洛桑的深夜我们错过了末班车从火车站拖着行李在黑暗中走回宿舍手机里来回放着GALA那个姑娘和我说每次绝望的时候听听他们的歌就能笑出来那时候我刚和一个人有了那些故事身心疲惫却相信未来而现在呢？
Miss Lucky,4,2012-07-03 21:58:44,0,太欢乐了
eveilebi,5,2012-04-09 22:30:35,1,萌死了。感谢推荐给我的那个人。我喜欢这种京腔！
Heyu.|电波洞,NaN,2011-04-01 09:16:59,0,方言
Moonmous,4,2012-12-08 04:57:29,2,！！！Youngforyou太棒！！！Suede，SexPistols的妖艳和玩世不恭，再加点京味儿的小痞子，少年式的神经质歌曲。
收音鸡·耳東,5,2013-01-15 18:00:24,0,"131114听~~""这是那张经典专辑(DEMO)的正式版。"":)~~"
17950,5,2007-02-03 22:51:39,0,赞，我好久没听PUNK了
亞麻君,5,2009-01-30 23:36:33,0,哇咔咔，青春啊青春
和风莫吉托,5,2012-12-22 20:58:02,0,跌入土摇的怀抱！
wow是一只熊,5,2006-12-27 23:09:03,1,英语太破了哈哈不过我喜欢
临界,5,2007-11-07 13:07:18,2,让我很开心的神经质声音....
谦客骚人雷倒夫,5,2010-08-03 21:51:02,1,我实在是喜欢到不行！
Ir,5,2008-09-09 12:43:32,1,很喜欢主唱的大舌头英文~
麻木粮姜,4,2009-01-31 14:03:58,1,YoungForYou
神山樹,4,2012-07-15 15:45:53,1,idressmyjeansandfeedmymonkeybanana
杨山魈,4,2011-04-12 15:52:55,1,这么一支土生土长的英伦腔乐队...还真不错
十万嬉皮Fz,5,2008-08-23 15:26:09,1,我不知道这算不算搞笑brit-pop，唱出来很逗
violet hill,NaN,2011-05-27 21:38:25,0,原来他们叫旮旯
天亮天黑,5,2011-04-19 13:50:30,0,牛逼死了
我爱阳光,5,2008-03-16 19:19:27,0,特别特别喜欢，青春的汁液~
牙3牙,4,2009-03-03 23:27:16,0,youngforyou萌
江央又被晒黑了,5,2011-03-25 20:38:09,0,但是这个英语发音啊真的是让我很摊手==
Memento Mori,3,2010-02-02 00:45:54,0,颠覆了我的审美。
Seamoon,5,2013-05-29 22:18:38,0,毕业3年再听，比大学时刚听认识单词多悬了啊。Iwantyoutowantmetokeepyourdream.
中世纪福音工人,5,2013-02-04 10:48:29,0,哇啊啊啊啊好兴奋啊！！！
安蓝·怪伯爵𓆝𓆟𓆜,4,2006-05-23 01:25:21,0,Kaleidoscope
逅宝,5,2008-05-31 11:35:35,0,虽然。。现场。
Q,4,2009-03-27 22:09:27,0,听了心情就变好
仙人掌C,5,2008-08-20 00:16:43,0,我想和你一起唱
颜夕,3,2014-07-30 09:45:52,0,Youngforyou这首歌曲调不错，但是这英文吐词发音，是故意用东北口音恶搞吗？想通过英文歌曲学英文的同学还是少听吧。
BiuBiu,4,2010-03-12 16:34:47,0,世界上最冷的冷笑话~~我真喜欢这朵男子我又回头听，原因是我太郁闷了
biiru_u✨,NaN,2007-05-28 13:19:50,0,愿我们永远年轻
zk,4,2011-04-01 20:26:34,1,同名不错~~好听
yum,4,2007-11-22 10:27:25,0,本科临近毕业的时候听的...狂迷了一阵子
Swiftly,5,2012-01-15 16:22:51,0,每天都能那么欢乐多好。
W,4,2014-05-11 05:32:54,1,去年那个漫长黑暗的冬天，好多个早晨都听着这些歌冲上地铁:)
青屿侬,4,2008-10-14 16:25:10,0,可爱
秋熙,4,2008-04-23 02:51:58,0,词曲都不错，就是口音太可怕了。。
薛定谔的毛,4,2012-12-14 18:28:19,1,soyoungsotrue
Angeline35,5,2011-10-15 15:30:11,0,苏朵的英文发音让我一听倾心。
小我𝙻𝚊𝚞𝚛𝚎𝚗,4,2010-03-19 22:57:40,0,真的不错！！！
破产君,4,2008-08-28 15:48:12,0,YoungForYou
五月微蓝,4,2008-07-04 08:59:33,0,非常不错的内地摇滚乐团
G,NaN,2012-01-17 16:12:12,0,YoungForYou
掩杀,NaN,2009-04-10 23:53:35,0,==不知道说啥。没觉得特好听，也没觉得特难听。就是觉得发音忒诡异了。行吧。就是这样模棱两可的观感。对。坏兄特喜欢他们。
jumbu,4,2009-06-25 10:42:19,0,哈哈哈
At7antic,3,2010-07-20 12:29:36,0,哪里好了？
喷农药,4,2009-05-12 15:38:29,0,年轻就是没心没肺地乱唱.　　5.Kaleidoscope　　7.YoungForYou　　8.Cheeze
pulp croc,5,2012-12-09 12:40:33,0,除了惊艳的中文名，歌也挺惊艳的，第一次电台上听以为是性手枪唱泰语歌
Lola,5,2010-07-02 17:22:46,0,青村奏似美好。。
息为,5,2009-04-04 19:01:58,0,youngforyou.
星尘战场,5,2007-03-27 23:04:43,0,一开始听我真没以为是国内的。牛！我的最爱！
TristanShen,4,2009-07-03 09:26:13,0,3.7
黑左。,3,2008-07-24 03:03:16,0,良莠不齐
混不吝福音战士,5,2008-07-11 00:18:41,0,这张专辑里不是回忆，可我还是打算用八十块钱买下它。因为这是新的开始。对你即将去赫尔大学的三年，祝好！
西部獭仔,3,2011-12-10 00:51:13,0,悦耳
≌菩提风花,5,2009-03-21 16:06:38,0,好!
ipis,4,2008-09-03 21:10:57,0,YoungForYou年轻
🌟亚树🌟,5,2009-10-04 11:07:54,0,youngforme
笪笪,5,2011-01-18 22:01:49,0,大爱啊
Fornever,5,2008-12-02 19:36:32,0,听着会很开心
Bigdumbface,5,2007-06-30 22:17:19,0,Gala爱
布丁！,4,2012-05-15 21:39:32,0,喜欢Gala是2008年第一次听到Youngforyou，后来的追梦赤子心将我感动到无以复加，如今这个乐队是无论如何也要被我一直记住的，就因了去年六月路灯下的那首歌，我也忘不了。那就继续喜欢吧，继续记住记忆里值得记住的值得一直放在心里的，而其他的那些，就随着时光散去了吧，当我们还是初遇的彼此。
