user_name,star,comment_time,vote,short
昏金暗玉,5,2011-06-23 11:40:11,212,五月天的歌是不是只有一个叫“青春”的主题，快乐悲伤都是热血沸腾，所有的故事都有关于“那一年天空很高，风很清澈”。
Claire,4,2008-11-27 16:42:58,118,如果忘记了青春的味道，听五月天吧。不管你是不是真正的快乐，不管你在此刻突然想起了谁，不管你的心中是否还有尚未崩坏的地方，爆肝也好，噢买尬也罢，你都会想起自己曾怎样挥霍青春，肆无忌惮，目中无人，天真执着，满腔热情。这十二首后青春期的诗，很对味。
tlmgt,4,2011-05-17 18:47:33,70,如烟。笑忘人间的苦痛只有甜美！这句很爽。a2.虽然每次在KTV唱都要面临破音的危险。
Luffyjun,5,2011-02-16 14:44:16,33,阿信的歌词像诗一样美
文泽尔,4,2008-11-18 05:53:51,40,十分喜欢你不是真正的快乐。呃，其实也不是十分喜欢，关键是某人天天都在放，于是。。。
哟吼吼吼~,NaN,2020-05-03 15:50:12,21,五月天的标签居然是摇滚吗？啊哈哈哈哈哈！
Bill,4,2009-07-02 20:08:15,3,今年为数不多的惊喜标准放得越来越低了
Odding,2,2008-11-05 15:57:05,12,根本就听不下去。难听。
吴嘎嘎,3,2008-11-15 22:36:27,5,你不是真正的快乐
TsingSea就是,5,2009-03-10 20:11:36,13,实力分+感情分我确实没法子不打五星-v-
L I M O,5,2008-10-23 19:46:17,9,生存以上生活以下。
叶子阿姨,5,2009-02-18 16:14:16,5,那年，我们说，要玩一辈子的音乐，要做一辈子的热血青年。
阿朽,3,2009-11-09 11:32:19,3,差不多听完了给一星完全找不到可以给别的分数的地方又流行又难听---后来还是给两星突然很想你这首很写实很动人加个分
好像一段呆木头,5,2020-05-19 16:33:25,12,突然好想你，你不是真正的快乐，如烟，后青春期的诗都是顶级爆曲，带着少年的烦恼和忧伤，爆肝，噢买尬朗朗上口，带着少年的热情和放浪
范德一彪 Alex,4,2012-09-14 14:41:20,1,第7张不是这张有多好，只是前面的几张太狗屎了
郁程,5,2011-01-24 08:35:44,5,删之前给个五星，如烟，往事如云烟。“给我一个夏天，能不能更美丽”
知识雪豹,2,2018-12-14 16:50:51,0,除开如烟，其余的麻烦都滚粗，矫揉造作
令糊葱,4,2008-12-23 22:24:52,4,算国语里比较不错的流行摇滚了。
糖罐子,5,2008-11-13 16:34:27,2,对歌词有偏执
Song³,4,2008-11-18 13:34:45,4,第20届金曲奖最佳乐团奖
Adkins_Jiang,5,2020-05-12 09:31:14,10,你不是真正的快乐，你的笑只是你穿的保护色。
赵无眠,4,2009-02-16 22:51:59,1,听名字就超喜欢！
33迟来_小小岛,4,2011-10-24 15:48:06,2,你不是真正的快乐突然好想你说实话对五月天感觉太躁了
石湃溪,5,2019-12-07 22:36:13,1,雖然我的後青春期全是蘇打綠。。
冰山李,3,2008-12-15 09:49:56,1,《笑忘歌》让我听出了可米小子的感觉
英恩,5,2010-06-23 13:08:38,2,所有和五月天相关的都是和某人相关的回忆
香水瓶,5,2009-03-25 14:58:58,1,你有多久没有畅快的笑你有多久没有痛快地哭你就有多久没有真正的快乐
劳戈,1,2008-11-15 16:37:37,1,齁青春期的屎
zard砸得王大崩,3,2008-11-09 08:11:00,1,我心中尚未崩坏的地方。letitbe。
凹凸代餐,3,2010-07-13 10:52:03,0,http://u.115.com/file/bh3s5m21www.oppsu.cn
人淡如菊。无奈,NaN,2008-10-24 09:56:39,1,你不是真正的快乐
Hao,NaN,2008-11-29 20:04:58,0,木有感觉。
了了,5,2008-11-22 22:31:12,0,很想听
夏日扬帆,5,2009-07-04 09:21:53,1,听出热泪
不万能青年,5,2011-05-29 22:53:54,2,所谓的彩虹不过就是光，只要心还透明就能折射希望。
sys1010,5,2008-11-28 12:13:50,0,一定要买cd啊啊啊啊。
不宁,4,2008-10-29 12:29:05,0,我只能说，这是关于十五岁的我留下来的全部回忆的一种延长。
海棠一生,5,2010-08-19 16:47:52,0,真不错！我真是后知后觉，以前很不屑的|||||||||
不擅长,5,2009-10-11 00:12:39,1,7http://www.xiami.com/album/305979
尉迟,4,2008-10-30 19:17:55,0,我听到了你找寻的后青春。
小狐狸BOBO,5,2009-05-07 19:41:38,1,久違的，熱血。歡喜并不因為思念誰，距離在心上，你知道，他在那里，無論去到多遠，會回來。
banana*🌈,4,2008-12-21 12:01:09,0,青春是一趟回不去的旅行。
泉の向日葵,4,2008-11-06 21:18:15,1,歌词不错，败在唱功。流行角度分析，可再加一星
莊小壞,3,2011-03-04 22:39:58,0,3.3－－－第七張。Sirius高中挺喜歡他們的好像。
大橘喵子^ ^,5,2010-02-09 21:17:43,0,我们终于不再为了生命狂欢，为爱情狂乱。然而青春彼岸，盛夏正要一天一天一天一天的灿烂
眠去,3,2008-12-31 13:53:04,1,越黑暗越灿烂
Ridden,5,2008-10-24 20:43:28,0,http://www.9sky.com/track/569712.htmhttp://www.9sky.com/track/569712.htm
Ariel .Fly,5,2008-11-30 15:11:00,0,毫不犹豫的五星。
mee,5,2009-07-20 22:41:03,0,划不划时代都没所谓，反正我就是爱你们。
阿镇,4,2012-07-22 20:35:53,0,你不是真正的快乐、我心中尚末崩坏的地方、如烟
夏日良人°,4,2009-07-21 02:34:50,0,。后青春期的诗，发觉，阿信老了……而我长大了
天蓝蓝,5,2010-06-12 15:48:42,0,唯一认真听的五月天
乡愁,5,2011-01-03 13:43:04,0,突然好想你，突然锋利的回忆，突然模糊的眼睛。/看爱过的人一一告别，做过的梦一一凋谢，只留下我独自残喘的千年。/有没有那麽一滴眼泪，能洗掉後悔，化成大雨降落在回不去的街。
豆维,3,2008-10-25 00:39:55,0,我要是小个七八岁，还是会觉得这唱片挺好的。
吴慢慢,4,2010-04-24 07:15:21,5,为何我们还是要奔向各自的幸福和遗憾中老去
Karonen,4,2014-04-19 01:40:31,0,后天竟然被某某主办方要求表演你不是真正的快乐==是邓某某又把它唱红了吗于是第一次完整听完了这张@lingyun93你懂的...
Pandy,4,2010-04-04 19:33:26,0,在我心中尚未崩坏的地方，我不是真正的快乐.
肉汤拌饭吃八碗,4,2010-11-15 20:39:54,0,还不是都过来了。
essence.c,3,2014-07-28 14:29:28,0,【突然好想你】【你不是真正的快乐】【如烟】
Tiff,5,2010-05-05 07:37:36,0,曾经曾经
我只有两只脚,5,2012-02-27 15:11:26,0,Fantastic！
麦单,4,2008-12-20 00:41:01,0,他们的确又回到了原点。虽然并没有太大的跨步。
亞麻君,4,2009-05-08 17:30:46,0,听了很久的一张专辑了~~~
走走走走一,5,2009-05-13 17:00:15,0,忽然点开才发现居然一直没收藏。--b漏了。不过也没力气再写什么乐评啊听后感啊之类的了。情感废料挥霍得太多，就什么都给不出来了。还是那句话，给五星不是因为这张唱片本身，给五星只是因为，他们是五月天。
zbleo,NaN,2009-02-13 18:15:38,0,里面的大多数歌我都很喜欢。
薇羅尼卡,4,2008-11-08 01:34:19,0,喜欢《生存以上生活以下》
小晨,3,2008-11-17 04:28:22,0,我想现在和将来都不能抹杀过去
怀山鹿,5,2009-12-14 17:33:18,1,这里才开始认识五月天
安东妮,2,2008-10-30 04:32:00,1,话说我觉得这张还真做作啊……小青年们都喜欢什么？说coldplay是英国版五月天，这次我要呸呸呸
神山樹,4,2011-03-29 23:38:13,1,陈信宏的信是信誓旦旦的信。
呓语流年～小文,5,2011-10-31 11:43:25,0,这张专辑里有我唱起来最拿手的歌：突然好想你，你会在哪里，我的快乐或委屈。突然好想你，突然风里的回忆，突然哭红的眼睛。
元気一杯咪噶酱,4,2009-12-22 22:44:39,0,这么多年，一直都在。
Pumpkinhead,4,2012-06-26 21:49:10,0,（对于他们来说）已经很不错了。。。
Memento Mori,1,2010-05-11 21:38:08,0,哈哈哈好好笑的尾音喔，好好笑的嘶吼喔，好好笑的句号标题喔，好多熟悉的旋律喔。
Белка,4,2008-11-09 18:01:24,0,很喜欢~虽然有一群老男人装嫩的嫌疑--
Seamoon,5,2008-10-23 22:04:47,0,这张分数很接近Beatles的那些啊。
星泛长河,5,2008-12-05 13:53:49,0,我爱阿信爱情的“爱”
Paul,5,2008-11-26 10:53:35,0,神作
kokki@靠模子,5,2008-12-26 14:45:09,0,内心的感受无以言语。
时以星,3,2008-11-05 15:49:05,0,你不是真正的快乐。但听来看来都太过陈年旧事。拾人牙慧。
杨山魈,5,2011-01-10 22:17:14,1,你们也奔四十了，非但没听出做作，反而嗅出了一点小纯情...辛苦了。
不如的我的,5,2008-10-25 00:30:47,0,很努力
卢儿,4,2010-01-08 15:32:05,0,喜欢突然好想你，你不是真正的快乐，噢买尬
FFGOGOGO,2,2010-03-29 11:47:28,0,搞不懂那些在标签里写【rock】的……
α,3,2008-10-25 20:30:17,0,我实在是没有爱。
一絲不掛,3,2008-10-27 07:17:05,0,嗯嗯嗯，中年团这个TAG很正。
琐琐,5,2009-01-14 08:30:40,0,10月最期待的声音
苏小安。,NaN,2008-10-23 14:59:45,0,果然很青春期…………
复活节彩蛋,4,2008-11-23 14:01:03,0,后青春的诗
青屿侬,3,2008-10-24 16:52:57,0,我承认，歌的优劣程度或多或少的取决于你对歌者爱的程度。
元宵葫芦仙,4,2012-05-01 12:35:39,0,我能说以我现在这个年龄听杏红吼这些歌觉得脑袋疼么=。=
小岩菽,4,2008-11-04 08:39:47,0,我错过了喜欢你的声音最合适的时刻，就只能浸淫于那些歌词和旋律。
zk,4,2009-08-15 15:25:02,1,我买了，对的~~~突然就听出感觉了
千山飞雪,5,2008-10-23 17:06:26,0,"在我最需要的时候，我遇到了你""青春之後認輸之前我依然用力的活著"""
賴床不起。,4,2008-10-28 11:36:48,0,中年男人。。。。暖不到我的心
JasmineJasmine,4,2008-10-24 13:30:06,0,你不是真正的快樂……
Ambery,5,2009-02-07 19:34:47,0,我就不多说什么了
破产君,5,2008-11-30 22:53:18,0,突然好想你/你不是真正的快乐
五月微蓝,5,2012-03-30 13:41:26,0,终于在后。青春期找回了最初的感动
菠菜,4,2012-10-31 18:20:08,1,我大概不太好意思去看五月天的现场了。何况这张专辑太让我想拥抱身边的人了。
machlie,5,2009-02-09 14:37:54,0,花了大价钱买的台版的。阿信唱出了我自己。
DOOOOOOOG,NaN,2010-03-24 05:33:36,0,演唱会前预习，有点闹腾。。。
虫叔,NaN,2009-02-02 12:52:29,0,这是一定要的阿。
我说呀姑娘你别,NaN,2008-11-06 21:14:21,0,这么高分推荐，我想听
上野千驴子,3,2010-07-28 20:50:43,2,5个接近更年期的老男人对逝去的青春期的意淫
原獸god,5,2009-11-19 16:01:25,0,你值得真正的快樂。
一又,3,2009-07-28 17:07:32,0,語言不能凌駕的，時間可以。五月天會永遠是態度，而不是音樂。
Ｖ. 半调,4,2008-10-23 22:16:16,0,好疊詞疊詞疊詞
夏树,5,2009-01-21 14:21:01,0,青春前后。。你我是否继续相信
阿咩,5,2010-09-30 17:01:29,0,亮点是歌词，是为我写的吧
Theo Lee,4,2009-03-27 18:58:14,0,此中對《夜訪吸血鬼》最有愛！！
小信.,3,2008-11-03 05:24:38,1,你不是真正的快乐突然好想你
彌張,NaN,2010-04-22 18:23:02,0,你不是真正的快乐听得好想哭
給料泥棒,2,2010-02-11 14:55:23,0,果然是后青春期。
午后小憩,5,2009-02-25 15:34:25,0,在被歌荒困扰了几个月之后，它出现了，意料之外的五星
kingfish,NaN,2008-10-15 15:06:32,0,彻底没感觉了
Fornever,5,2008-10-26 17:44:41,0,你不是真正的快乐
XA™,5,2008-11-22 22:21:12,0,Track前4+最后1～五月天唱到今天主题里还要带个青春期真不容易，像我一样是个老不死的～
靠谱青年™🌈,4,2008-12-17 12:12:09,0,正在下
c小调的冰蓝,5,2011-01-19 19:53:40,0,五月天，你們已經到了不適合裝嫩裝青春的年紀，可是你們卻裝得這麼令人回味
冥王星,3,2009-06-12 17:22:24,0,其实也挺青春的嘛。《生存以上……》开头的刷牙声我受不了||||
Paprika,NaN,2008-10-28 07:34:27,0,没有爱……
家常辣酱,3,2008-11-13 10:52:24,0,好听不好听一半一半。。
icicle,4,2009-01-28 00:02:26,0,还是很喜欢的
斯 琰 🌈 🍭,5,2010-07-02 16:59:36,0,谁说不能让我此生唯一自传如同诗一般？
Arthur,5,2010-10-13 21:19:30,0,特么的……
叭卦我最懂,5,2011-09-29 14:23:15,0,偽搖就偽搖吧反正我喜歡
半,5,2008-12-08 08:09:05,0,天真又认真的梦，何必回头
杨小歪,5,2008-10-14 09:39:18,0,700天后回归
总是肚子饿,5,2009-05-13 22:19:56,1,“噢买尬‘，”春天呐喊”着“出头天”，“在我心中尚未崩坏的地方”“突然好想你”，然而“你不是真的快乐”因为你过着“生存以上生活以下”的生活。我们一起“夜访吸血鬼”写下“后青春期的诗”唱着“如烟”的“笑忘歌”
fake,5,2009-05-06 14:56:51,0,虽有瑕疵，仍不失为美玉。
A-Mian,5,2010-11-11 14:21:19,0,好听，真的很好听！第一次听五月天。
tavico,4,2008-11-12 15:36:51,0,对他们印象大有改观
Kite☆,5,2010-12-29 09:21:26,0,聽聽聽聽就是耐聽了和阿信的那種心態主要是..。。。再聽再聽再聽一遍就是我要的青春你的青春！陪我走到出頭天的那天！
小小,4,2010-12-18 17:38:02,0,青春过后也有歌。
蕾蕾,5,2009-08-12 22:14:40,0,你不是真正的快樂如煙後青春期的詩我心中尚未崩壞的地方突然好想你
徐李夫人,5,2011-10-07 20:02:53,0,五月天是罕见的唱作水平稳定并且一直给我们惊喜和触动的乐团。阿信的词拥有神奇的力量。
Silvara澈,5,2010-10-03 21:52:59,0,突然很想你。
hotdogyer,3,2008-10-26 00:21:54,0,不管怎样
神气女侠,3,2008-10-24 16:08:09,0,主唱的调子扣分
知秋,3,2008-11-15 16:16:29,0,其实说实话，并没有大家预想中的那么好。
少先队员霍小玉,5,2010-02-06 13:38:50,0,一张主打
月河,4,2010-04-08 12:33:45,0,还是有1，2首不错的
春风颜色,5,2008-11-24 14:09:15,0,突然好想你夜访吸血鬼你不是真正的快乐
微子,4,2009-05-15 16:54:21,0,还是想为你们写些什么
dooling,4,2008-10-28 08:56:56,0,我的软肋...
昵称已被占用,4,2008-10-26 14:54:47,0,迷失在时光的潮水中..如果有一天.你们重新找回自己.
penumbear,5,2011-05-24 16:07:55,0,依然满分
翔樹。,4,2009-02-02 16:15:00,0,词超棒
Supernova™,5,2010-03-30 21:35:33,0,这张专辑把我压抑已久的种种思绪实体化了，一首首歌唤醒了心底脆弱的我，内牛满面
白牙尖,5,2013-06-04 10:39:53,0,五月天总被自己的歌迷黑出翔，这张专辑刚出来的时候还是听了好多遍。给五星。
llao,NaN,2008-12-22 02:52:16,0,2008冬
喵喵喵喵喵,4,2010-02-05 22:36:31,0,关掉播放器，生活是继续。快不快乐又有啥关系。
柒禾,4,2008-10-27 18:14:04,0,只一首。你不是真正的快乐
靡靡菲斯特,5,2011-12-11 21:44:56,0,就算会有一天没人与我合唱至少在我的心中还有个尚未崩坏的地方
小川,5,2009-04-14 12:29:15,1,以此来纪念，我那如烟的爱情
徐蔻依,4,2011-02-23 21:16:22,0,虽然没有一首特别喜欢的歌，不过整砖还是不错的
Milk,5,2009-12-10 08:27:20,0,第一张台版正版。
满 满,4,2008-11-16 00:48:23,0,不水深火热。怎么行
Tokugawa,3,2009-12-12 00:13:16,0,参差...
劉咳暝,4,2009-01-28 22:16:39,0,mayday!!
魔女幼汐,5,2009-12-12 18:36:33,0,爱mayday就要买正版
每天一粒茶叶蛋,5,2011-04-04 23:41:43,0,每一首都爱但是最讨厌的是突然好想你=。=
小巩俐减脂中,4,2008-11-25 23:08:22,0,后青春期真的后青春
cerf‘s,4,2012-12-28 15:09:36,0,后面那张迅速转黑
朵拉小姐,5,2008-10-24 20:49:25,0,绝对堪称好专辑。推荐突然好想你、你不是真正的快乐、春天的呐喊、如烟、笑忘歌。
韩大,4,2008-11-16 16:13:01,0,就是有那么几首歌让人心颤抖了...
namik_ercan,5,2010-02-15 13:29:53,0,突然很想你，S，其实是一直都想你，只是现在特别想
❤ 。韩小绿,5,2009-12-22 17:08:52,0,对于五月天于我是不用多言的美好。爱阿信爱爱爱。每出一张新辑我就会期待下一张。有时候也会害怕每一次的期待都是最后一次。他们早已不是那个十七八岁的青春少年。但他们带给我们的永远都是超越青春的活力。对于青春爱情友情阿信总是会带给我们他极致浪漫的诠释。我认为好的音乐不光光只是节奏好听就可以称为好的。词也是重要的一个组成。所以对于他们永远都是我最初的坚持。
落雨天地,5,2008-12-21 23:28:45,0,一个月过去，听了一遍又一遍的歌。阿信之前一直说大家一定要完整地不间断地放一遍这张他们做了700天的专辑来听。看看这6000多的力荐吧，阿信你还满意吗？
露涩橙,4,2008-11-21 22:49:16,0,很爱很爱五月天
洗头油|盖盖儿,4,2008-11-28 21:55:09,0,如烟。
凌汛,5,2012-04-28 10:20:42,0,青春的纪念曲
望仔放弃减肥了,5,2009-08-14 16:25:13,0,后知后觉
Chimney,4,2009-08-16 01:04:58,0,台湾中不败的乐团，五月天！棒！
井行,5,2011-10-26 14:38:38,0,和书一样都很后青春==
萤火虫子,5,2009-12-27 11:43:17,0,没一首歌都很棒啊。你们怎么可以让我感动成这样？
大岁,2,2008-10-28 15:03:33,0,会不会也太难听了一点？
Major Tom,4,2008-11-01 21:24:26,0,流行乐团小霸主，专辑名很成功……
吸汪废人,5,2009-05-17 13:55:01,0,很喜欢的人，歌。
psy,3,2009-04-11 17:06:38,0,听的时候我发现身边一个有些讨厌的人原来有那样的过去，世界是这么回事，青春是这么回事。我守着我拥有的这些应该知足。题外话
繁體桃,1,2012-01-12 12:25:34,0,哦他们也跟林俊杰周杰伦陶喆一样在我黑名单里
chain,NaN,2009-01-06 19:12:07,0,怀念
2999圣诞老人,4,2009-12-16 11:45:26,0,如烟，你不是真正的快乐。
Carrie,NaN,2011-10-23 09:14:39,0,你是永远的五月天。
SevenSweet,5,2012-06-08 12:39:19,0,这张专辑里很多歌太美好。。。
豆友2990390,5,2011-09-29 09:26:37,0,跟着游戏规则，学着成长
朱大侠。,4,2011-07-25 10:23:12,0,事到如今，終於讓自己屬於我自己。
吴非非,4,2008-12-26 13:25:39,0,五月天就是最好的“好开心好单薄之青春”代言人
米拉桂尔,4,2008-11-09 19:22:19,0,我心中尚未崩坏的地方
Esther GDB,4,2010-09-25 15:50:47,0,第一次来济南买的专辑
会打字的跳舞机,5,2008-11-22 00:36:34,0,就是信爱，五月天
菲以,4,2015-02-23 14:22:18,0,专辑名字曾经让我不忍直视……为了某人推荐的如烟去听的，是很好听啊，然后生存以上生活以下听哭了，绝对是时势造好歌，歌词太应景。
Samuel,3,2011-05-20 13:28:09,0,青春你妹……
MiaH,5,2008-10-25 16:45:03,0,等了700天。妈的真值得！
"Camellia,S",5,2009-03-15 10:59:40,0,p都感动出
柚子,4,2009-11-03 14:09:21,0,挺不错
跳跳张,4,2010-11-20 16:22:53,0,当然是第一首……你个俗人……
周公子,5,2008-10-26 00:41:48,1,陈先生我怎么觉得你不快乐呢
So Magic,4,2009-02-09 21:22:17,1,我不管别人怎么说，这依然是能打动我的mayday
lenlen,2,2008-10-24 13:59:46,0,我要是给两星杨小王童鞋会不会打我啊。。。再怎么听也听不到亮点阿
cloversunai,3,2015-06-21 09:35:48,1,这么pop，那干嘛叫五月天，叫罗志祥好了！
你别偷我鱼啊,4,2010-09-09 12:29:39,0,这张很不错!
Y2K-nostalgia,4,2019-01-30 15:23:45,1,从“温和摇滚”到“上班族摇滚”的转型之作，自觉的中产阶级表达。虽然熬夜爆肝，至少还可以呐喊。梦想是致幻剂。
Lea | 等待光。,3,2009-05-16 15:31:20,0,居然有首叫夜访吸血鬼..汗~不过对【突然好想你】很有爱~~
dmo,4,2015-05-27 16:35:58,1,流行音乐到这份儿上真没啥可说的。就不懂为啥非要说自己是摇滚呢...
kt,1,2009-02-24 17:30:44,0,毫无新意
雨哈☮追明天,3,2008-10-24 16:29:25,0,喜欢《生存以上生活以下》《我心中尚未崩坏的地方》以及《夜访吸血鬼》。《出头天》也不错了蛮久。《你不是真正的快乐》，词如其名，很残忍。
freesia,4,2011-08-21 15:38:06,0,后青春期的诗如是说
Sancruz,5,2013-08-15 13:02:58,0,如烟
In K,NaN,2009-03-19 09:54:58,0,某一段有点像周董？。。囧。。
红娘丁当,5,2009-02-06 01:38:12,0,当周董裹足不前，当许巍陈词滥调，当陈奕迅敷衍了事，五月天居然触底反弹了。
狐,3,2009-04-01 00:11:43,0,枕畔的湖已枯干。
mariewyssa,4,2009-09-04 21:25:47,0,阳光下飞溅开的水滴。
快意恩仇的大象,4,2009-02-17 14:13:12,0,突然很想你。真的。
奶樽,5,2008-10-23 21:05:01,0,最怕空气突然安静最怕朋友突然的关心
lemonsino,3,2008-10-27 21:21:18,0,哎，怎么办?曾经多喜欢啊?
青争,4,2009-03-17 12:58:04,0,怎么说，这是我第一次听完五月天的歌
乌冬,5,2010-04-29 10:38:24,0,你不是真正的快乐
Suuuen,4,2008-12-16 11:59:55,0,ashin.......
