user_name,star,comment_time,vote,short
Topfun,5,2011-08-23 11:19:08,425,让我再看你一眼，星空和黑夜，西去而转折的飞鸟，我们生来就是孤独
91.7,3,2010-05-04 18:05:17,161,不知道李逼好在哪
夏日扬帆,3,2010-12-10 20:17:52,55,最爱的是提琴曲，然后我受不了国内INDIE这种调调
blbsunny她没准,4,2007-03-20 08:40:55,56,比左小祖咒嫩点儿也可爱点儿
Song³,4,2008-12-18 12:28:36,66,广场
丝绒陨,5,2008-07-06 15:15:17,49,一粒李志等于一瓶阿司匹林。
DeerColin,2,2014-11-16 13:25:40,16,什么时候包裹在粗俗文字下的东西成了一门艺术？Only第七轨【梵高先生】
Hao,4,2010-01-23 21:51:50,16,你离开了南京，从此没有人和我说话。
selfcomm,5,2020-05-05 21:05:14,33,豆瓣居然没有下架，打五星支持一下逼哥。
𝙎𝙥𝙖𝙧𝙠𝙮 | ✟,4,2009-11-25 21:03:10,2,功课碟
virgin,5,2008-10-29 13:37:12,10,(我们生来就是孤独)希望死时不是:)。。
离净语,5,2007-04-22 20:10:14,3,删掉之后很久才在回荡
要早睡啊minami,4,2009-11-12 12:15:49,2,"原来文艺这么可爱~我也李志了一把(￣▽￣)""　"
眠去,5,2007-04-06 13:13:26,11,你，我，是，同，一类，人。
叶酱,5,2012-03-22 17:26:15,5,梵高先生！！！我们生来就孤独，我们生来就孤单！
范困,NaN,2008-11-29 00:07:18,1,真好听。
ztlpoppy,4,2009-03-30 17:52:37,1,好的很
收音鸡·耳東,4,2018-07-12 14:20:28,2,前三张的精彩!也收到了专辑CD再版发行的元年大海报!Y:)~~
不万能青年,5,2012-05-26 13:54:15,7,不管你拥有什么，我们生来就是孤独。
zard砸得王大崩,4,2010-02-06 08:08:34,2,城市游吟诗人李志让我们体会孤独的别样滋味。~想起了他~梵高先生
Inevitable,5,2009-04-09 01:34:45,1,李志有种说不出的劲儿
基一凹,4,2013-04-15 21:58:04,1,很早前听的了感觉不错~
Enjoy🌈Rachel,5,2012-04-25 18:13:22,0,又是大爱同名曲～特伤感的一张～我们生来就是孤独Q_Q
乡愁,3,2010-04-11 20:53:26,1,我再看你一眼，星空和黑夜，西去而旋转的飞鸟。我们生来就是孤独，我们生来就是孤单。/你这样的生活到底为了什么，我看见你靠在窗口沉默。路过了青春我们还拥有什么，这让人心慌。/爱情来了，它穿过夜色来看望一个人；命运来了，它带着天平给每个人算命。
飞老湿,4,2013-11-04 16:08:03,4,【听过补遗】当年要装逼，怎敢说没听过《梵高先生》？去年看了李志现场，发现他自大无趣低俗讨厌，甚至连这张都不想再听了。但是无论如何，还是以当年的心境给个四星吧～
尉迟,5,2008-05-23 23:13:06,0,这样干脆
Ridden,5,2007-12-26 12:52:40,1,你离开了南京，从此没有人和我说话(乐曲)。董卓瑶。
下午三點,5,2020-06-09 23:34:17,12,曾经的我还不太认识他，错失过live的机会，后悔
莊小壞,4,2009-03-21 00:55:30,0,4.5－－－第二張。
Luffyjun,4,2013-04-27 21:24:26,3,我也最喜欢《你离开了NJ，从此没有人和我说话》，里面的小提琴和钢琴配合的真好。其次是《梵高先生》。爱情好幽默，你我都沉默。此后，万物皆静默……
薇羅尼卡,4,2015-04-23 11:09:50,1,暧昧
肉汤拌饭吃八碗,5,2013-01-03 20:45:50,0,没有办法评价完全没有办法
Halah,5,2008-11-13 14:36:53,0,你离开了南京，从此没有人和我说话
Ms.蔡藍三,4,2012-12-17 21:51:01,0,爲了你才去聽.
曼仔,4,2018-12-24 18:11:22,6,李志还是有种萧索的诗意。虽然整张专辑里我最喜欢的一首是纯音乐，你离开了南京，从此没有人和我说话。（李志的嗓子，那就是民谣界的周信芳。。。
亞麻君,4,2009-02-06 15:41:02,0,只爲南京南京
虚弱橙,3,2013-02-03 10:13:25,1,为何这么多人把梵高先生当成神作……##
苏樱,4,2008-10-10 16:54:15,0,不管你拥有什么。。。
給料泥棒,4,2010-07-11 16:51:49,2,你离开了南京，从此再没有人和我说话
新竹,NaN,2012-12-06 15:52:06,0,我也就是被推薦了第一首，想聽一耳朵而已。
鹌鹑之丘白桃挞,5,2007-12-28 19:04:58,0,南京
失控的蘑菇,4,2009-04-17 12:38:42,1,离开了南京，从此没有人和我说话。
violet hill,5,2013-01-21 19:39:21,0,你离开了南京，从此没有人和我说话
巴  士,5,2010-06-01 13:28:30,2,我打算把这张听到死进棺材也抱着
放开那个西红柿,5,2010-05-03 20:20:32,0,印象深刻的碟子。
木木龙,5,2007-11-29 21:38:54,0,李志啊..
坏人瓦卡卡卡卡,4,2012-01-02 20:49:10,0,矮油很多歌曲都很神秘哟
风撼斜阳,5,2012-04-01 15:18:57,0,好忧郁的=.=
Memento Mori,4,2009-10-26 14:55:17,0,我当年都tmd听哭了。
挂拉,5,2015-10-28 13:52:06,0,前奏刚起就鼻子一酸
S姑娘,5,2010-04-10 20:14:45,0,李B就是李B~！
V,4,2009-06-30 11:19:05,0,8.0/10
迪,3,2010-09-18 11:20:14,0,城市游吟诗人。噗……
不一定,5,2007-11-27 16:26:26,0,http://www.kf921.com/music/380/1.htm
biiru_u✨,5,2007-12-09 01:00:29,0,我们生来就是孤独
poiuny,4,2011-04-12 21:40:06,0,我们生来就是孤独。
一絲不掛,4,2009-11-28 21:45:09,0,你离开了南京，从此没有人和我说话(乐曲)，梵高先生
菜泡饭,5,2008-11-03 20:28:06,0,有人把他和许巍相比
薛定谔的毛,5,2011-07-24 21:04:38,1,董卓瑶！
光,5,2011-08-19 09:46:34,1,一大早听，真特么的太治愈了~
爱罗武勇,4,2013-10-25 11:24:43,1,我们生来就是孤独，我们生来就是孤独，曾经因为这个专辑想把网名改成“梵高小姐”的勒，结果被人说太难听作罢了(￢_￢)好喜欢李志，陷在《想起了他》里好多年拔不出来。。。求逼哥别跟虾米闹矛盾了，不然去哪听你的歌啊。。
Parachute.cpp,4,2012-03-04 20:09:48,1,可能还是矫情
五月微蓝,NaN,2007-12-19 17:14:38,0,原来他叫李志。
索总，,4,2019-02-03 19:28:00,0,Chinaindie☞2007
喷农药,3,2011-03-08 09:57:26,0,<想起了他>，<梵高先生>.
大奇特(Grinch),5,2009-09-21 23:26:01,2,那首曲子太让我着迷了
Miss Coconut,5,2012-01-16 08:11:17,2,“你离开了南京，从此没有人和我说话”响起，没有歌词，却让我觉得无比忧伤，想起了那些曾经在我生命中现在却已经消失的朋友们。
光影如画,3,2010-11-23 22:52:00,0,大家喜欢李志的原因在于他会带着听众一起思考各种人生的问题。音乐部分有欠缺。
TristanShen,4,2011-01-14 19:10:11,0,4.2
豆友1094556,5,2012-10-14 22:47:23,1,无耻的豆瓣啊，你少了一首歌。
墙角青苔,5,2013-10-09 19:09:07,0,重口味小清新
~ visionary ~,3,2010-04-09 17:26:47,1,………………完全不知道该说啥………………丫胆儿可真大！
Emon,3,2012-08-27 21:19:52,0,梵高先生
林||我们谈什么都像谈死！,3,2007-08-09 20:34:19,0,还是喜欢轻轻哼唱的歌，民谣类的不喜欢乐器把声音盖过.来了，想起了他，斜.另外，觉得<梵高先生>的歌词不错:谁的父亲死了请你告诉我如何悲伤谁的爱人走了请你告诉我如何遗忘我们生来就是孤独我们生来就是孤单不管你拥有什么我们生来就是孤独让我再看你一眼星空和黑夜西去而旋转的飞鸟我们生来就是孤独我们生来就是孤独我们生来就是孤独我们生来就是孤独我们生来就是孤独
饭夫斯基,4,2010-01-27 11:34:42,1,你离开了南京，从此没有人和我说话
小小,5,2008-04-16 14:04:57,1,你离开了南京，从此没有人和我说话。
煮蓝,5,2008-10-19 00:42:32,0,事隔多年，听歌仍会有流泪的冲动。
水果店的喵喵,5,2013-02-19 00:37:12,0,这样的生活到底为了什么。等春天快要结束的时候，去南方发发呆。巡演见。
豆友55866737,4,2019-05-09 17:17:26,1,2ndalbum，9tracks
时间的玫瑰,5,2008-04-18 10:24:03,1,理想主义下的产物。
菲以,5,2014-11-27 00:02:48,0,他的吟唱我不懂欣赏，但是他的乐器演奏声都太美妙，完全是瑕不掩瑜。于是在最后一首没有歌词的纯音乐中我达到了高潮。之前听说最后一首歌配合着歌名没有人说话，我心想，果然装逼。结果短短一曲我差点听出眼泪（是加班的泪吗）。就冲这首也要五星。
夏空,4,2012-04-17 15:24:00,0,我們生來就是孤單
#以猩,3,2009-10-10 19:32:42,0,我最怕听到《梵高先生》.
dooling,2,2007-06-03 12:29:48,0,folk?ballad?pop?选一个请对了留下
正在学习,5,2010-06-09 14:52:57,1,我离开了南京，从此没人跟它说话。
商狗,5,2014-03-02 16:50:38,0,失落寂寥的呓语，或许因为这份孤独为他所到处，竟有一份温存
penumbear,5,2011-10-03 13:20:56,0,颓废加文艺的矛盾体，大俗加诗性的综合体。
mono,5,2010-05-22 18:24:50,0,妹妹~~~~~~
6小伟,5,2011-11-08 14:14:19,1,2011年的这个深秋，一次又一次的听这张《梵高先生》，走路听、睡觉听、洗衣服的时候也在听，一次又一次的陷入无尽的荒凉之中，悲中生悲，我的心情怎么也好不起来。若是你离开了天津，从此没人和我说话。
Tokugawa,4,2009-09-25 16:16:43,0,你离开了南京，从此没有人和我说话。
紫漠,4,2007-10-10 09:48:06,0,我们生来就是孤独……
低速青年,5,2013-02-14 22:21:40,1,不得不说披着屌丝的皮，操着领导、情圣、心理学者的心真的很有魅力。
momo,5,2012-06-06 16:26:36,0,最爱没有之一
洗头油|盖盖儿,3,2009-02-17 15:51:55,0,低吟
tata,3,2013-08-05 20:11:48,0,不对口就是不对口，没办法
tree's shadow,5,2013-07-09 14:59:51,0,再听，一个依然迷惘的下午。
孙道德,3,2013-09-12 16:44:53,0,梵高先生还不错
2999圣诞老人,5,2009-12-16 11:38:52,0,一曲梵高先生足矣。
AlphaDiao,5,2011-10-05 22:32:53,0,生来就是孤独
Carrie,5,2014-02-28 11:55:30,0,想起了她
