user_name,star,comment_time,vote,short
молоко,5,2009-08-12 18:50:54,64,我错看了。这张对于她就像钟形罩之于普拉斯，深陷失去创作平衡的焦虑和肤浅里，被最卑微的生存问题折磨不堪。这里呈现的不是音乐，是她活在这分分秒秒的放大的惊惧。
▲BOYBOWIE,5,2013-06-06 23:21:21,46,无病呻吟恰到好处，自我剖析偏向正面，音乐美学看到很多老牌乐队的影子，有些混杂，稍微用力过度，少了嬉皮精神的垂坠感，可是阻止不了这是接近完美的唱片，也阻止不了范晓萱成为台湾有史以来最时髦的女歌手。
潋 | Béatrice,4,2012-12-09 05:34:21,27,最喜欢《管他什么音乐》。范晓萱的三个阶段，小魔女→名伶→摇滚。觉得她最好的作品是《绝世名伶》《还有别的办法吗》《我要我们在一起》这三张。目前她的摇滚成绩还不能与名伶时期的成绩比肩。到摇滚时期，她的一些嗓音缺点才开始暴露，比如不懂也不曾开发自己的声音潜力、有时候声音太紧。
PabloHoney,3,2009-08-27 13:45:43,26,豆瓣有两群粉丝不好惹：选秀粉丝如玉米（这还算好的），因地粉丝（因其格调高，惹他们等于承认自己没文化）
肖浑,4,2010-01-05 17:12:25,2,里面外面幽默感鬼打墙管他什么音乐
Kreuzberg,4,2010-01-14 10:38:38,7,能不能做得更加粗糙点。怎么说，底线应该再低点。
颜良辰,5,2009-08-19 12:05:30,2,有爱的拥抱，就有力量！
莫呼洛迦-屁股上的青春在歌唱,5,2009-08-31 00:31:24,3,http://www.heywatchout.com/case/vegetarianfish2009/music.htm本来是打了四星，忍不住又听两遍，决定变五星！！！！！！
阿朽,4,2009-08-13 21:40:55,1,不错，就是觉得没特色..模仿各路乐队痕迹好重啊。最主要还是对她没感情。
Bill,5,2009-08-22 22:24:29,0,才气
Dyingpluto,4,2009-09-11 18:36:47,0,http://ent.163.com/09/0810/17/5GCG8NMS000300C3.html
UrthónaD'Mors,2,2009-09-02 23:47:47,1,怪人怪歌很矫情很莫名
三层保暖,4,2009-08-10 14:06:56,0,100%，范晓萱……
Seamoon,5,2009-08-11 17:05:31,7,听到倒数几首歌的时候，就开始遗憾即将要听完，现在又有多少歌手能给我们这种感觉呢？我喜欢幽默感里那种继承过去的调子。我猜她的智商高于130。
L I M O,5,2009-08-19 20:18:30,1,讓我們像赤子般奔跑。
poppyxong,4,2009-08-12 00:31:05,0,当通篇的戏虐口吻，加上梦幻的姿态，散发无与伦比的魅力，开出美丽的花。
白色的蓝,3,2009-08-10 13:17:07,0,个人觉得成色不足……
加州站街男孩,NaN,2009-08-14 22:39:48,0,没听完就删掉了，我果真不好这口，我不是真的文艺青年=口=|||
光年‖影视歌三栖民工,3,2009-08-11 23:58:27,0,不喜欢她变化后的风格
朴九月,3,2009-08-10 20:27:42,0,http://www.1ting.com/album/33/album_28417.html
ztlpoppy,5,2009-08-22 10:37:26,0,生命的碰撞太多火花
33迟来_小小岛,4,2011-06-06 14:11:06,0,为什么觉得分数有点高..............
Mignon松弛地,2,2009-08-10 22:10:16,0,大失望啊！灵气全无
Song³,4,2009-11-08 19:27:26,0,鬼打墙电影明白黯淡的夜幽默感一起管他什么音乐主人。“平凡的生活用音符来鼓噪调味”
安东,5,2009-12-07 20:15:59,0,14年前，你18岁，我16岁；14年后，你32岁，我30岁。
饥饿艺术家,3,2009-08-13 12:25:01,0,这个造型！！！不愧是范晓萱！////还行，好像没那么喜欢。。。造型我喜欢！
浅,5,2010-01-12 20:45:38,0,好砖！
锐利修蕊,5,2009-09-19 20:53:01,1,我要去哪里
zard砸得王大崩,5,2009-08-24 15:56:09,0,不断地改变和不断地坚持，我被赤子的音乐感动。音乐四星，态度五星。小萱&100%，向前走。
目黑,5,2009-09-09 23:46:06,1,thebestalbumthisyeartillnow
凹凸代餐,3,2009-08-29 20:43:46,0,不爱这次的歌词。推荐【管他什麽音乐】【暗淡的夜】【一起】
倉鼠,4,2011-04-20 19:01:20,0,她真的很灵~
苏格,NaN,2009-08-10 12:08:38,0,鬼打墙
鹿依尘,4,2009-08-11 01:16:44,0,爱萱。你最终纯净的歌唱
Nuage☁,4,2009-10-04 00:06:29,0,反复耐听
A,5,2009-08-13 23:28:25,0,其实我想给你100个星。若是盛世都爱你。我就更加无所顾忌。
一个小标点,4,2013-10-25 19:22:47,2,“我找到解药，那就是爱的拥抱，不容妥协，也不会被打败，我感到完整，这份力量让我继续向前。于是我感觉到完整，和我的赤子在一起，分享着100%的生活。”　　
夏日扬帆,4,2009-08-18 12:36:37,0,够独立
不万能青年,5,2011-08-19 20:07:13,0,不要我吧，因为我太害怕。
YoyoRan,3,2009-08-12 14:04:03,0,除了那些痴迷的粉丝剩下的5颗星一半是豆瓣自己打的一半是追风少年们打的……
usquebaugh,4,2009-08-22 17:44:27,0,用心在做。
格林先生,5,2009-09-29 15:06:13,0,还真是喜欢近年来的范晓萱啊！
肉汤拌饭吃八碗,4,2010-08-25 16:13:44,1,喜欢黯淡的夜和主人
死咗,5,2009-08-11 22:30:19,0,管它什麽音樂，好聽是王道~~~
banana*🌈,5,2009-10-17 01:58:44,1,《鬼打墙》。谢谢你写出我的心情。
泉の向日葵,4,2009-08-21 20:07:17,0,這也是越聽越有愛的一張專輯。鬼打牆和暗淡的夜，非常喜歡。老闆娘，加油
𝙎𝙥𝙖𝙧𝙠𝙮 | ✟,4,2009-08-17 22:19:55,0,我要去哪里？主人……暗淡的夜，一起。
小M,4,2009-08-13 00:09:26,0,主人好听
莊小壞,3,2009-09-09 15:27:02,0,2.7－－－没办法喜欢。
zitsunari,4,2009-08-10 17:31:47,0,主人我要去哪里黯淡的夜
眠去,5,2009-09-14 14:32:56,0,和爱人的歌
○Ⅴ○,4,2010-10-23 14:21:50,0,你要了解范晓萱的内心和过程。才会理解这张专辑里的歌。
Kiki,3,2009-08-11 15:57:53,0,非常失望，平庸之作。
夏日良人°,4,2009-08-11 13:56:31,0,音乐的赤子，你陪我长大。
Sophie  Z,4,2011-01-17 20:48:27,0,去圣修伯里的书里
囧之女神daisy,5,2009-08-19 01:06:05,0,我爱这张唱片
mosquito惟,NaN,2011-04-25 22:37:25,0,管他什么音乐
Karonen,5,2009-08-12 12:37:41,0,期待太多、
树里啦,4,2009-08-21 22:29:43,0,总觉得歌词写的...
殘 藍。,4,2009-09-09 20:46:13,0,主人。明白。暗淡的夜。
Bambus,4,2009-09-08 11:53:38,0,尽管恶评如潮，但我仍然还是比较喜欢
essence.c,4,2014-07-11 10:06:15,0,【管他什么音乐】【黯淡的夜】【幽默感】
AngelaWood,3,2009-08-12 21:36:12,0,么感觉
小偷|隐忍沉定,4,2009-10-25 06:20:13,0,我要去哪里
Halah,3,2009-08-13 12:17:26,0,越听越不好听
钟,2,2009-09-03 15:28:14,0,我觉得很吵。
猛汉世雄,2,2010-02-08 15:23:46,1,……我觉得真的超级超级难听的啊……我就不相信哪个粉丝真的从这么难听的曲子里听到了“灵魂”……魂你们的妹！
塘坑一姐小渡边,2,2013-12-27 20:42:04,0,鬼打墙
Ms.蔡藍三,4,2010-06-22 20:22:08,0,爲什麽就是不喜歡....
亞麻君,2,2009-10-05 13:05:38,0,没感觉
大漁,3,2009-08-28 23:06:28,0,凑合
Yome,4,2009-08-30 10:46:48,0,雖然低於期望值還是在水準之上
Inevitable,2,2009-09-02 12:54:35,0,我怎么觉得这么难听。。
小晨,4,2011-05-23 14:50:03,0,封面实在太像诺诺了
lex,3,2009-09-18 08:47:02,0,不安的躁动
帕布利卡醬,4,2009-09-26 17:32:32,0,很感动。关于转变之后。
Ir,2,2009-08-30 11:11:33,0,其实听第一首的时候应该就有心理准备的。
FREAK_SYNK,3,2011-01-22 23:35:25,0,长这么大第一次觉得找到个比较会唱歌的女孩儿
Q。,3,2009-08-10 17:18:07,0,音乐很好。只是摇滚不是我的菜而已。
安东妮,4,2009-09-19 02:44:33,0,声音真美
妄想代理7,4,2009-08-13 23:53:41,0,封面喜欢歌曲虽然木有细听第一感还是不错的
Toni-I,5,2009-09-20 23:13:38,0,歌词虽然随性，但实在是太没有技术含量了，扣掉半颗星
水晶核桃,2,2009-08-16 16:19:07,0,范曉萱的造型真是很有愛～
徐大阳,4,2010-04-12 14:11:08,0,港版.
Tatiana,3,2009-08-18 19:59:10,0,里面外面
JO,5,2009-08-24 17:54:56,0,光是一首我要去哪里都值五星了
土树,4,2009-11-15 10:44:02,0,越来越有品质呀。
Angelo_44,2,2009-08-27 21:36:13,0,太散亂聒噪，還是爵士適合她
毘沙門天,5,2011-04-20 20:51:09,0,从黑暗梦呓般的日子走向赤子
Yi,2,2009-08-13 07:47:17,0,就我要去哪裡还行
安蓝·怪伯爵𓆝𓆟𓆜,3,2009-09-01 21:54:12,0,音乐比唱的好
haidb,3,2009-08-11 11:53:28,0,这评价有点奇怪……
SmokeSignals,3,2009-08-11 09:23:15,1,我想说你的才华和你的欠缺才华都那么明显……
仙人掌C,4,2010-01-12 19:14:32,0,我目前的状态就是[鬼打墙]
某S,4,2014-01-14 15:10:20,0,在渣网速下终于听完了--
朱朱朱古力♥,4,2009-08-25 23:32:40,0,你要去哪里
遥,3,2009-08-13 09:50:08,0,3.5
老夏天___,4,2009-10-31 00:38:33,0,随波逐流的浅入深出膜拜和一只追求的乖戾和个性。
Ziggy 🇵🇸,4,2009-08-15 18:39:17,0,4.5
BiuBiu,2,2010-06-25 21:20:41,0,不喜欢
