user_name,star,comment_time,vote,short
tlmgt,4,2011-06-07 00:33:23,265,《跨时代》····哎他的声音真的不适合电音。最好的歌是《超人不会飞》感人的。也是他这个时期该写出来的歌，之前的华语乐坛就像把他当成超人拯救乐坛了一样，然后要告别自己辉煌的时代
YeleZhang,4,2011-05-18 23:24:34,255,你没变，而是我们变了
Bill,4,2010-05-02 01:30:04,92,方文山您就继续堆砌辞藻吧
邹小樱,3,2010-04-28 15:32:19,83,听这种东西就是浪费时间
亵渎电影,3,2010-05-21 20:18:26,40,还是那么周杰伦，《烟花易冷》给人烟雨纷纷的感觉，伤感的中国风。
莫呼洛迦-屁股上的青春在歌唱,3,2010-06-09 03:11:25,34,我觉得还不错，没有写的那么烂。
1806,2,2010-05-16 21:45:50,19,除了“自导自演”，其他曲目已经完全失去周杰伦的本质了。
锐利修蕊,3,2015-01-15 20:07:01,29,最喜欢《雨下一整晚》
肉卷卷又称肉卷,5,2010-05-05 14:22:25,36,《烟花易冷》着实惊艳到我了...雷人的封面就...当瞎眼了吧
KinG羽,4,2010-05-17 13:02:38,17,我从来对杰伦没偏见，这张专辑说实话一般，几遍听下来没几首能留下深刻印象，不过还是推荐了。不喜杰伦者不听就是了，骂来骂去的也没什么意思，冷静
豆友36396401,3,2012-02-24 22:09:06,12,同名曲这么神居然如此没存在感，这首歌哪里比不上他早期的神曲了？
宇文宙,3,2015-03-01 10:51:13,10,这张开始是真的flop了
zard砸得王大崩,3,2010-04-26 13:07:34,7,老周的自负无人能敌
MeetMeinaMaze,3,2010-05-22 17:31:40,11,为什么《烟花易冷》要塞段rap呢？
光年‖影视歌三栖民工,1,2010-04-26 15:44:26,10,那么多年了唱歌还是捏着鼻子哼哼的感觉。哎哟，我日啊，蛋疼。
草威,1,2010-05-05 11:18:04,11,如果吐字含糊叫个性，如果在歌词里抱怨叫超屌，如果一次比一次难听叫试图改变，如果有了点歌迷就能自比超人。那这完全是张五星专辑啊！
三层保暖,4,2010-04-26 17:27:15,5,我喜欢~
叶酱,3,2010-06-22 09:39:41,3,其实我有点难过的
半袖,3,2010-09-04 16:58:17,5,《免费教学录影带》有点意思。20100904
阿朽,3,2010-05-15 22:46:42,0,哎。。。。除了主打还是一般啊。。。
Song³,3,2010-05-31 14:06:52,3,三星半，10年后是8.0到7.0的转变。/煙花易冷/免費教學錄影帶
yunzi桑,2,2010-05-16 20:48:04,6,不好意思。。。不是我有意打击jay迷。。。这也太听不下去了。。。
Inevitable,5,2010-05-22 00:32:00,13,伦伦，我等你好久啦，我才不管别人怎么看，你是我的NO.1。
33迟来_小小岛,4,2014-01-02 17:55:24,4,烟花易冷
鸭酱,1,2010-04-26 22:36:33,4,难听界之翘楚
一枚苏热姑娘。,NaN,2010-05-29 23:52:53,7,我要是他就不唱歌儿了，娶老婆生孩子满世界跑。
半澤直叔,3,2010-09-17 18:58:41,1,越來越非主流了
L+,3,2010-05-17 10:53:42,0,内牛满面
ztlpoppy,3,2010-05-17 04:55:40,0,我听完还是觉得过去的他是过去的他现在的他是现在的他不能说难听也不好听
米粒,4,2010-06-01 10:35:08,5,我还算是买了预售版的人啊。烟花易冷不错。。歌词
远近,3,2010-05-21 22:50:53,0,你依然不是那个简单爱时的你
DeerColin,3,2013-04-13 10:49:14,4,只喜欢《烟花易冷》《自导自演》和《我落泪情绪零碎》
YoyoRan,4,2010-05-22 10:21:35,1,我喜欢《超人不会飞》，加一星～～
口袋_肥力士,4,2010-05-22 09:20:58,2,还好吧，其实他倒也不容易。
人淡如菊。无奈,3,2010-05-21 20:17:57,1,单说说烟花易冷这可怕的咬字哟还有加一串RAP真是奇怪
哀酱,NaN,2010-04-26 12:54:30,1,周杰伦的巴拉巴拉
李桃杏子,3,2010-05-28 11:54:59,0,我狂晕，，他在唱什么。。。。。。
尧耳,3,2010-11-08 09:03:12,0,好吧。好吧。忆起《叶惠美》的好来。
Marvin,3,2010-05-26 09:50:14,0,没感觉，持平吧。
捞,NaN,2010-05-15 19:09:40,0,只是周董，不是周杰伦。
一只麦麦,4,2010-05-18 19:44:33,3,杰伦回来了，终于回来了。记得当年还疯狂地带着一群哥们在教室后面的黑板上写下“无与伦比为杰沉沦”八个大字，班主任笑我们没有长大也没有计较，那些字就与一代人的青春一起在那里陈放了很久。听到那句“大家好我是周杰伦”，泪水几欲夺眶而出。世上能有几人，相隔十年之久，你恍然发现自己竟还站在原地，一直一直，等他回来。
Nuage☁,3,2010-06-25 20:38:28,0,我就喜欢一首……
Hao,2,2010-04-28 16:53:47,0,歌越来越不能听，封面越来越不能看。
夏日良人°,3,2010-04-27 11:51:08,1,地球好累。周杰伦含糖唱歌的迹象越来越明显了。还有这个封面好好笑。
Enhui,4,2010-05-18 02:20:04,0,杰倫，巔峰之后，居然偶開始給你4星了，是你的幸運，還是華語音樂的不幸~~
亲爱的1969,4,2010-07-26 23:13:11,1,说真的，国内流行乐有这么一号人蛮好的
万千朋友仔,1,2010-04-27 00:41:23,0,一星给这宣传照
高歌,3,2010-05-01 11:42:06,1,我到底是一个创作歌手还是好人好事代表——周董，我懂你。
肥匪廢·老🐰,3,2010-12-09 02:02:46,0,跻攀分寸不可上。。
essence.c,4,2014-07-11 09:40:26,1,【跨时代】【自导自演】【超人不会飞】
Seamoon,4,2010-05-22 02:36:09,3,我想说的就是从作曲的角度来说，这仍然是一张五星的专辑，但是铁三角的配合就不大好了，跨时代这首歌词甚至没有龙战骑士的好，简直玷污了这个蛮有意义的唱片名。好久不见和自导自演两首快点的歌我都比较喜欢。补充一点，用M10戴耳机听这专辑发现跨时代和免费教学录影带都有声道上的小花样。
刘小黛,4,2010-04-29 14:56:39,3,怎么会有人说是后弦唱的呢？！！！
banana*🌈,3,2010-07-07 05:31:40,0,听你只是习惯。
𝙎𝙥𝙖𝙧𝙠𝙮 | ✟,3,2010-05-15 21:10:44,0,难不成终于觉醒了==
流水纪,3,2010-06-01 13:58:55,1,对你是种习惯。
中世纪福音工人,5,2018-02-06 00:15:31,2,中考听的~喜欢的女孩吴也喜欢
陈永仁,2,2010-05-24 20:54:43,1,无亮点
鹌鹑之丘白桃挞,3,2010-05-27 20:13:03,1,很潦草，很无助。
熊猫没彩照,3,2015-09-08 15:28:46,0,什么鬼
BlackScholes,3,2012-12-31 04:36:23,2,我落淚。情緒零碎，愛的等飛行日記，自導自演
TsingSea就是,3,2010-06-13 20:17:13,1,作品四星编曲配器制作拖后腿了制作多花钱点再换些人编曲吧……
野,NaN,2010-09-08 18:01:10,0,煙花易冷
○Ⅴ○,4,2010-05-20 22:38:48,1,超人不会飞>我落泪情绪零碎>雨下一整晚>说了再见
邪,NaN,2010-05-03 13:59:28,0,老桌，我确实喜欢千禧年腼腆语塞那时。你应该也停留在青春年少的吧。迷恋一条鱼。写给某人的字条，和放课后球场的大热。
石小po,3,2010-05-19 16:26:01,0,3.4超人不会飞还可以，可是气势已然尽失，呜呼哀哉，呜呼哀哉
椰壳,3,2010-08-09 08:17:07,2,无论怎样不承认，他还是老了。不是说老了就不行了，总之，就是老了。
[已注销],1,2011-03-27 13:03:39,1,大才子你真的完蛋了吗！中国需要你！
MIKEbye,4,2010-05-17 20:47:39,0,比上张好
Hey Johnny,3,2010-05-31 20:27:11,0,周董也就那样儿了吧。
Showing V1.4.1,2,2010-05-18 11:56:27,0,太垃圾。
天蓝蓝,3,2010-06-14 15:25:43,0,我承认我已经无法听下去了
逆风飞扬,4,2010-05-18 21:53:14,0,有几首歌还行啦
Karonen,2,2010-05-17 20:34:53,0,......
不擅长,2,2010-07-20 11:13:50,0,10http://www.xiami.com/album/380285
肉汤拌饭吃八碗,NaN,2010-05-23 09:15:46,0,例行公事一样听完之后，我发现我根本不在乎好不好听了，这个从我有小学刚有CD机开始就一直听的男的，他留给我的回忆太多太多了……何况还是不错的。
beglobetrotter,4,2010-05-15 00:05:16,0,烟花易冷...人事易分...
Quinn,NaN,2010-04-26 22:51:59,0,唱的都是心声~
金丝狸,1,2011-06-19 00:08:32,0,2010年金曲奖最佳专辑哦！！！！！！你妹的
M2,3,2010-05-21 10:23:31,0,要是真变了，也就不是周杰伦了。
福禄寿喜阿蟹蟹,3,2010-05-15 17:14:49,0,再也找不回那种感觉来了
leon mai,3,2010-11-30 18:05:31,1,跨你妹。
神秘金针菇,2,2010-09-17 15:07:07,0,略有上升，但依旧没把态度端正
T.V.Zoe ி,2,2010-05-02 23:20:59,0,什麼東西啊……你已經不可能靠詞取勝了還沒曲
白川,3,2010-04-27 09:23:04,0,又换了一种咬字方式==崩溃真不知道有啥可批判的把音乐做好了就没人说你啦
orchid,1,2010-04-28 23:46:58,0,昨晚在电台听到，一句都没听进去。倒是怀念起高中时班上同学听「夜曲」首播的疯狂。
Ir,NaN,2010-04-26 22:55:31,0,好怨男的感觉~
停用豆瓣勿cue,3,2019-05-08 10:31:46,1,假条码9787799434117，来源当当网。[1]正式版条码9787799434131、[2]带徽章的版本包装封底的条码与CD条码一致、[3]内地预购A版邮票明信片和[4]预购B版随身袋都没有独立条码，所以四个版本条码都一样的，合并吧。
野猪的野,NaN,2010-05-17 11:53:50,0,最丑的一张封面
隐形的人,3,2010-04-30 10:36:03,0,这旋律不是和以前重复了么..
团小纸,3,2010-05-23 14:57:44,0,非常不耐听。。。
綠茶蘇打餅乾,4,2010-05-15 23:16:23,0,三颗星音乐，再加一颗感情。
Toni-I,4,2010-05-03 19:40:21,0,“你可不可以自然点？”我笑了。
詹尼金,3,2010-05-15 16:18:20,0,我听歌比较看重曲子。于是本专辑值得推荐的除了「烟花易冷」外，还有「自导自演」，主歌部分的旋律算是很有新意也很顺畅。
Illusion,3,2010-12-28 23:41:47,0,时隔多年居然听了，竟然也没那么糟
土树,4,2010-05-07 19:07:23,0,众生之上，周董以下。
CHEN,NaN,2010-05-18 22:41:42,0,听周杰伦让我邪恶的鸡冻了!
坏人瓦卡卡卡卡,1,2010-04-27 00:24:01,0,你好吗？去死吧
RoJay,4,2010-05-28 00:07:31,0,一星给blues和Gary
屿霂,4,2010-05-20 09:33:29,0,仍在等待，你的回归。
jiaqi,1,2010-07-01 22:01:00,0,没听过，也不想听
