user_name,star,comment_time,vote,short
DeerColin,5,2013-04-05 20:03:42,32,陈奕迅经典国语专辑之一，爱Eason〜
Bill,5,2007-09-16 22:08:58,23,这一张主基调有点灰暗在心情不好的时候听能得到一些慰藉
Song³,5,2007-11-22 18:05:04,12,英皇。最好的一张国语专辑。//LastOrder/我们都寂寞/幸福摩天轮/谢谢/寂寞奏鸣曲
Luffyjun,4,2013-03-25 18:24:07,5,《阿怪》《兄妹》《十年》
锐利修蕊,4,2018-09-19 21:10:34,8,小学时候听到斜对面男生，在自习的时候小声哼哼《十年》，喜欢他的女孩和我说感觉陈奕迅也蛮有“味道”的，那便是我们听到陈奕迅的第一首歌，也是陈奕迅开辟大陆市场最“得心应手”的一首，如今想来却是“少年不识愁滋味”，才过了人生的第一个“十年”，又怎么能听懂陈奕迅？后来听《世界》和《谢谢》，以及《寂寞奏鸣曲》和《LastOrder》歌里面刻画的都是一个下班后独居的男人，不需要爱情更不需要寂寞。这张概念定性为“黑白灰”的专辑，将男人人生中的状态浓缩成极为简朴的，又不是渺小不可提的。《我们都寂寞》说的是“没爱好难过，有爱算什么”大概能说明这个时代年轻人的虚妄和迷惘。时至今日无论如何，都还是不要随波逐流，活的像一句广告才是。
RD,5,2008-08-21 19:58:00,4,最棒的一张
zard砸得王大崩,4,2006-12-14 16:00:43,5,国语总觉得比粤语差点味道
塘坑一姐小渡边,4,2018-06-09 15:12:25,2,LastOrder、谢谢、兄妹、十年（明年今日）、要你的、阿怪
Summer孙夏天,4,2011-06-18 19:05:58,1,LastOrder，世界，谢谢，兄妹
1806,5,2022-01-27 18:35:16,2,《兄妹》是为数不多的eason国语词作胜过粤语的一首
小狐狸BOBO,4,2005-11-26 19:02:55,1,无人不知的十年，黑白灰是永恒的经典，现在的EISON胖了许多，却也平和了许多，是好事一件！
乡愁,5,2011-03-27 09:16:32,3,哎呀呀，这专辑真是好，从头听到尾，首首都是佳作。/“他说时间好快，还没试过亲身种小麦；阿怪说时间好快，来不及到北极看苔原带；阿怪说时间好快，来不及看一朵花怎么盛开；他真的真的好奇怪，说没有时间谈个恋爱。”
谁亲爱的偏执狂,5,2010-10-09 10:03:36,1,鼎盛的国语专辑，但不是我最爱的。。不过兄妹和阿怪都很经典。。我们都寂寞虽然很诡异但一听就停不下来。。
Topfun,5,2012-03-21 00:33:50,0,经典色
伊豆,5,2007-02-02 12:13:42,0,那些黑色白色灰色的过往，将永远铭刻在记忆中，音乐一起，便翻涌而出……
莊小壞,4,2009-03-25 22:17:49,0,4.2－－－曾经一起听的，十年。
落羽杉,5,2010-12-31 14:17:01,1,他最好的国语专辑。
BlackScholes,4,2014-02-23 03:29:33,0,十年，　兄妹
KeneL裤头,5,2008-01-06 09:17:13,0,小学买的卡带.因为这张专辑黑白灰成为我最爱的颜色.
ice cream,5,2010-08-29 02:33:25,1,在很久很久以前，就是这张让我接触咯所谓的流行，后来发现也是为数不多比较喜欢的流行之一。
kiminimuchu,5,2010-03-23 19:17:57,0,这张专辑对我有特殊的意义
冰糖木耳,5,2009-12-26 13:15:02,1,这张太好听啦~~
米粒,5,2010-07-26 10:10:13,2,神作
薇羅尼卡,4,2006-02-01 23:40:52,0,多年后再次回顾，最爱的竟然是《LastOrder》，并且专辑前半部分的街曲也再难打动我的心。果然人都不是长情的动物。
安东妮,4,2006-01-21 14:55:03,0,lastorder寂寞奏鸣曲
詹尼金,4,2008-07-20 14:40:05,0,2003年发行的黑白灰是我买的第一张医生，即便日后拨云见日，也仍然认为这张砖水准很高好歌如云，以至于都没人记得这首《世界》，陈小霞的曲自不必说，姚若龙的词也很好。原来爱情的世界很大、塞了多少幸福还是有空虚、原来爱情的世界很小、被一脚踩过就变成废墟。
沉歌,5,2008-04-20 00:13:35,0,Eason
RoJay,4,2013-05-02 15:08:03,0,兄妹和十年烂大街，喜欢世界和谢谢多点。
悬溯,3,2010-07-01 16:05:49,0,soso
Seamoon,5,2010-06-05 23:09:55,0,陈奕迅最好的国语专辑。这张专辑对于我，是白色。
铎奇,3,2009-12-02 12:43:25,0,那年这张专辑很火，跟风买了一张。结果。
朱朱朱古力♥,5,2008-07-03 04:10:49,0,能打十颗星么？
杨山魈,5,2010-08-29 22:20:24,0,陈奕迅最擅长的就是把每个人都能唱的歌唱到每个人都唱不了
jj73浅之,4,2008-10-05 15:08:00,1,阿怪、我们都寂寞
[已注销],5,2011-02-25 13:09:03,0,LastOrder+十年+我们都寂寞+兄妹
纯子,5,2012-02-09 17:19:31,0,这张出的时候每晚都听着入睡，从头到尾。
一絲不掛,4,2009-03-22 17:32:01,0,声音状态差。
邪念,5,2011-03-06 22:36:40,0,对于我来讲这是五星专辑，阿怪，兄妹都是好歌，十年歌词照粤语版明年今日味道差很多
捌朵,5,2010-10-03 12:26:31,1,那个时候还不知道这三个字对后来的我的意义
Angeline35,5,2010-11-07 10:31:01,0,让我开始认真听医生歌的是别人寄放在我这里的这张专辑的一盘盗版CD。
暹罗copen,5,2009-05-25 12:18:12,1,非典時期的孤單回憶。
半吊子社畜阿九,4,2007-08-08 00:28:46,0,国语专辑里的最爱之一
五月微蓝,5,2007-09-04 18:16:46,0,香港还有个会唱歌的陈奕迅。
maomaoding,5,2009-04-20 21:32:54,0,高三
到此一游,5,2010-08-20 00:27:23,0,阿怪
你是桌子我是布,5,2011-01-15 17:04:14,0,不摆了真的不摆了
DG,4,2009-01-24 00:01:22,0,十年和兄妹始终是经典啊，每次K歌必唱！
宋不吃,4,2013-07-11 11:11:38,0,再也回不去那个时代听音乐。
TristanShen,4,2009-07-28 09:58:15,0,4.2
給料泥棒,4,2010-07-06 23:24:02,0,哎
某水,5,2013-04-27 00:29:49,0,兄妹，十年，我们都寂寞，LastOrder->alllifeloopinglist
c小调的冰蓝,5,2011-01-19 19:46:59,0,非常，非常，非常好!
Bill,4,2013-05-28 12:47:26,0,十年是第一首泪奔的歌了吧，非典那年的暑假.
许玉玉,5,2007-02-25 10:35:53,0,算他比较完美的一张国语了，因为里面每首歌都可圈可点
血源2出了吗？,NaN,2011-04-20 03:25:37,0,卡带已丢
tavico,4,2007-07-29 21:49:56,1,比上不足比下有余
大佑,5,2008-10-26 01:27:30,0,5.0一度最愛的一張國語專輯
七瑾安,NaN,2007-12-01 15:20:25,1,除了jay的专集每张必买，其他的歌手不会去听整张专集。他是例外。或者说，是非常不一样的。JAY是习惯。而他则是真的用声音打动了我。听EASON也有很多年了。几乎每一首歌。歌神EASON。
半,5,2009-04-04 14:01:34,0,他们叫他阿怪
mikaholic,4,2008-05-28 15:15:28,1,我們叫他阿怪他說的最多的是byebye
再见小狐狸,5,2010-12-22 13:24:40,0,全篇寂寞的感觉满溢~~失恋也好，相恋也好，都是寂寞的事情。
蕾蕾,4,2007-11-23 23:27:15,0,十年
hotdogyer,5,2010-11-13 00:30:50,0,你是老大，绝对的。
pipi,5,2012-07-31 10:50:11,0,残忍也不失慈悲这样的关系你说多完美
noise666,3,2017-09-26 12:14:20,0,十年
看到你的文艺我就浑身抽搐,5,2010-12-18 10:39:31,0,陈奕迅的老歌都是神曲啊。。。
昵称已被占用,5,2008-10-01 18:11:36,0,美好回忆
［装注销］,2,2009-05-29 18:58:42,1,大众了
魔女幼汐,5,2009-06-12 10:54:30,0,我最喜欢的一张国语专辑
Raaachael,5,2013-04-05 19:25:01,1,都说医生的国语唱片的水准大大不如粤语唱片。不过我喜欢这一张，能听出每一首歌都有心思。尤其是《LastOrder》，眼前一亮。|寂寞奏鸣曲，LastOrder，我们都寂寞
每天一粒茶叶蛋,5,2011-04-03 20:08:19,0,还是觉着粤语更顺耳。。所以听的时候完全在哼唱粤语的version。。。
宋阿慕,5,2008-07-04 14:56:30,0,我拥有的第一张陈奕迅的卡带。黑白灰。还有海报。
幸福超市总经理,4,2012-07-11 00:21:33,0,很精彩的专辑
Felix,5,2008-03-17 22:13:44,0,陈奕迅Eason黑白灰
Woohoo,5,2008-12-30 21:15:48,0,丫把我的灵魂都带走了
Chimney,NaN,2009-09-04 11:50:30,0,2003/陈奕迅
.,5,2008-05-15 11:14:34,0,本以为再也不想听《十年》了，但听你唱着，依然动容。
wangzhy,3,2010-04-09 13:00:06,0,国语歌词真的是软肋，我是多么喜欢你的粤语咬字
ivyzhu,5,2008-07-12 18:15:42,0,第一次听的eason的专辑
KAYKAY,4,2013-04-12 01:08:49,0,就让我们虚伪，有感情别浪费
海鹰,3,2009-12-03 21:57:48,0,其实好听的也就那几首
凯丽要一夜暴富,5,2009-02-19 16:30:04,0,经典
WWrenLiiiiiii,5,2007-01-19 15:23:55,0,更喜欢兄妹。没有办法。
Shining,5,2008-02-16 21:45:02,0,很耐听的.当时买的卡带，歌词都被揉烂了...
吴非非,5,2008-12-14 10:39:13,0,象一句广告
zhenmafan,4,2013-04-28 12:17:28,0,阿怪
LiBeRte,5,2011-01-12 18:49:14,0,快忘記是因為這張還是specialthanksto而認識你了
Summerpie,5,2009-04-16 16:53:45,0,很久了很久了。貌似是我听eason的第一张唱片。
Super朱,5,2009-11-30 12:59:33,0,这张最赞
燃烧的向日葵,4,2008-05-12 23:31:11,0,一定要去听你的演唱会！！
nuonuoan,4,2008-06-06 14:22:08,0,第一次听Eason
齊克斯尼力佐飛,3,2010-05-08 13:12:27,0,20210526重听，难怪小时候买的盗版完全不珍惜，再听也不怎么喜欢。
Just⑨,NaN,2008-05-07 20:25:40,0,回忆下；好久以前听过这个卡带。
フ。,NaN,2011-01-26 21:59:44,0,国语接受不能
阿敏,3,2012-11-10 12:56:46,0,硬伤明显
Dr. ChaLove,5,2010-06-03 00:16:21,0,黑白灰的胖子。
Dita,5,2010-10-19 15:53:16,0,神曲~~
mOco,5,2012-08-02 20:12:33,0,這張超好聽。
冰点之1234,NaN,2008-05-09 19:21:28,0,卡带
eyesfetish,5,2007-04-09 23:14:49,0,fromthenon，ilovedhim...
