user_name,star,comment_time,vote,short
長閑,5,2013-05-29 19:10:44,746,叶子用坠落证明换季，可我昏昏沉沉没有办法醒。
高歌,5,2012-10-17 23:04:15,417,周杰伦陶喆王力宏孙燕姿蔡依林，有这五位的流行乐时代真让人怀念。
香水瓶,4,2006-08-02 23:21:33,388,都好听，我最喜欢《蝴蝶》。
Doublebitch,5,2008-12-21 13:11:42,137,最喜欢陶喆的一张
薇羅尼卡,5,2006-04-18 17:06:16,105,二十二的我，遇到了陶喆~~喜欢很多歌，我今年二十二
MeetMeinaMaze,5,2012-02-22 13:14:09,47,专辑发行那年我还不晓得两个“吉”放一起该怎么念。
知识雪豹,5,2012-08-17 15:53:05,31,华语男歌手里最好的R&B专辑之一
Bill,5,2007-05-21 23:25:20,51,争议掩盖不了的有思想的音乐今天晚间新闻depressinglyhopeful有思想的音乐
停用豆瓣勿cue,4,2013-02-14 00:03:34,28,陶喆所有专辑中无疑最爱这张
DeerColin,5,2012-12-03 12:46:38,33,这简直是一张神砖，从《找自己》认识陶喆，从《普通朋友》喜欢他，但从没有将他的专辑完整听一遍。今天完整地听完这张《黑色柳丁》，太完美了，太有才了，太好听了，不愧是R&B的教父级人物！！！
朴九月,5,2010-02-16 18:49:48,18,陶喆最好的专辑。
张恩勾,5,2006-10-09 00:08:47,24,陶大师第一个三部曲的结束。概念专辑的模样已经突现。
杉九九,5,2010-03-31 10:19:36,16,不管我听再多的专辑始终最爱的是陶吉吉的这黑色柳丁
普通小葉,5,2013-07-30 00:11:46,6,最好的一张
Bill,5,2009-08-17 19:57:08,9,陶喆最好的专辑，也是R&B风格里最耐听的一张。
坏人瓦卡卡卡卡,4,2013-05-14 09:51:43,9,多元化巅峰之作
MOMO,4,2007-11-07 19:18:59,3,DAVID最好的专辑，期待超越
Kreuzberg,5,2012-05-09 19:40:24,5,陶喆！
L I M O,5,2007-06-25 23:14:47,6,壞掉的橙。
KeneL裤头,5,2006-08-27 15:19:18,9,如此完整的一张唱片，从头到尾不带一点多余的成分.最爱他这一张.
Song³,5,2008-10-07 13:04:56,9,黑色柳丁/Melody/二十二/月亮代表谁的心/Angel/摇篮曲
卢十四,4,2014-12-09 16:08:23,6,终于发现听这类音乐的秘诀了，那就是：别走心。
Luffyjun,5,2011-02-16 14:30:45,10,deargod。。
丶,4,2011-12-06 18:48:28,4,我的确更喜欢你的R&b。
徐达多,5,2009-10-06 21:47:37,4,真他妈怀念唱歌的日子。后悔把melody改成西城。
赞成的巨兽,5,2012-06-20 13:10:49,3,初中买的碟，那时候的陶喆真是流行的王
1806,5,2021-07-27 01:53:18,26,毫无疑问，这张放到02年那个创造力如雨后春笋的时代，注定是叫好不叫座的。它并不像《依然范特西》和《唯一》那样富有听众意识。从《黑色柳丁》用沙哑的轻摇滚嗓狂热的自我拷问，到发现天使以一只蝴蝶飞过废墟的形象拯救了创伤后的内心荒芜，由此开始的后半张也走出了拧巴的情绪，以《摇篮曲》的自我救赎为终。早期陶喆的旋律更偏向R&B的Blues部分，很地道，很根源，也很私我。他知道自己讨厌封建社会的速配，也知道22岁还要做梦会很累。他可以在DearGod里粗暴的甩着吉他Riff，也可以在摇篮曲里叫来一名钢琴手轻柔地完成录音onetake.封面黑色的眼珠，其实不过也就是你我的深渊。所以，这就是最好的陶喆
锐利修蕊,5,2023-07-21 01:47:09,9,《讨厌红楼梦》可以测试陶喆是否值得被主流接受，因这首歌稍微倾斜至一边，其内容就会被冠以“猥琐”的形象，但它厉害的部分是以世俗眼光对《红楼梦》发表偏见的理解，借此来写现代爱情故作轻松的性爱体验，而呻吟吸引标注为“无聊”的爱情，又正好赞颂了《红楼梦》之所以伟大，是不问风月又求欢愉的既定事实。将爱的自由与随风飘荡无来由情绪，作为创作者一以贯之的主题，便是这张专辑最偷懒的用处。巧妙正是用虚幻的“黑色柳丁”为名，改变了实物存在的定义结构，抽象包装思想旋律再冠以颜色定义，以此成功讽刺当下时代，是华语音乐里漂亮的概念创作。《DearGod》里对糟糕听闻的娱乐恐惧：“有八卦没想法”，很可惜直到如今公众依然追逐引导热点乐此不疲。《蝴蝶》和《二十二》主题写的是当下的放弃和对未来的好奇，那传世情歌又唱的是已失去。
令糊葱,5,2008-10-14 10:41:33,1,经典。
zard砸得王大崩,5,2006-12-15 14:32:42,0,很喜欢！！！全专辑推荐！
曾二郎,5,2011-04-25 23:23:30,6,天适量的却布满乌云！！！！！所有焦距被删光盘了死刑！！！！！！！！！！！！
夏日扬帆,5,2014-07-09 16:12:33,5,好喜欢Angel啊[Angel]
土树,4,2009-10-11 22:47:27,1,3rd
太阳车,5,2008-03-25 13:48:49,0,印象最好的一盘流行专辑之一
𝙎𝙥𝙖𝙧𝙠𝙮 | ✟,5,2008-08-29 00:13:13,2,喜欢melody。
o0工藤波波0o,5,2010-07-04 02:29:56,0,第一次听到陶喆就应该是这张专辑了吧…………@2010-07-0402:29:56
老几林,5,2011-09-11 11:52:18,5,小迪哥缩的对它还是这张最好哎
萨嘎摩多熊猫桑,5,2010-04-23 10:55:26,0,陶吉吉也来一张
静@Einfühlung,NaN,2007-11-03 13:39:34,0,初中
豆维,4,2009-09-27 14:46:57,2,比较喜欢deargod以及22，
lisa|离,5,2008-06-05 00:45:47,0,david我最爱的一张
猫不然,NaN,2014-11-24 00:05:39,2,melody初恋特别喜欢这首歌
不擅长,3,2007-10-12 15:46:23,1,http://www.xiami.com/album/4322
essence.c,4,2014-07-11 10:44:59,1,【黑色柳丁】【Melody】【Angel】
范德一彪 Alex,5,2012-10-04 21:33:36,2,第3张高二表哥从襄樊带来的专辑。我偷偷的听的，结果还回去我还笨的不会装磁带的封面，多写他不然我哪是现在的我我的音乐品味书的品味全都没了
亞麻君,5,2010-01-07 00:00:30,0,一直很欣賞陶氏情歌。。。
呓语流年～小文,5,2012-07-26 11:54:02,4,MyAnata!!!!
Tatiana,5,2009-08-21 14:52:53,0,小镇姑娘
妈妈我想吃肉,4,2007-10-24 18:59:44,0,蝴蝶~~
海孩等pk14,5,2013-02-12 13:01:26,0,耶耶
Белка,4,2009-05-10 21:59:37,1,笑最近真是怀旧呢~和Jay一样在小学五六年级风靡整个学校确又被我狠狠54的男银==...我还是很怀旧><
安蓝·怪伯爵𓆝𓆟𓆜,4,2006-06-21 14:59:29,0,Melody
仙人掌C,5,2009-08-16 22:01:37,0,大爱！！！
铎奇,1,2009-09-19 08:19:02,1,半点都不喜欢
朱朱朱古力♥,5,2008-06-17 13:58:30,0,二十二
艾桑,4,2006-08-04 08:16:08,0,还不错听多了烦了
cincin,5,2009-07-19 01:07:46,0,反复拿出来听
一絲不掛,5,2008-10-12 06:43:12,0,爆发
知常,NaN,2011-02-10 20:09:47,0,为了某人听的。
破产君,5,2008-12-22 15:19:18,0,黑色柳丁/Melody
五月微蓝,5,2007-09-04 18:05:34,0,这张专辑绝对是经典。从封面、标题到音乐、词曲。
半吊子社畜阿九,5,2007-12-23 19:40:46,3,很久以来我听到的最好的华语唱片
翁妞妞。,4,2009-11-15 10:57:17,0,四星半
萌塔 C-137,4,2010-04-07 14:35:09,0,豆瓣电台让我听陶喆于是我还真的喜欢上了。
笪笪,4,2015-11-05 15:57:05,0,人的审美真的会变，曾经觉得这张专辑好听爆了，现在听感觉也就还行。
ｅｍｏｌａ,5,2010-06-20 00:19:17,0,整体素质很高
chaton,5,2007-10-02 22:20:11,1,亲笔签名版。。。。。。。。。。。感动
星尘战场,4,2011-07-06 08:13:00,0,应该是陶喆最棒的一张专辑了
≌菩提风花,5,2007-04-28 13:58:09,0,好听啊好听~~晚间新闻是个里程碑式作品~
从前有个山大王,4,2008-11-20 10:43:16,0,才华横溢的一张，若干年后再听，依旧新鲜
🌟亚树🌟,4,2006-02-07 20:54:20,0,月亮代表誰的心二十二
給料泥棒,3,2010-07-23 14:27:47,0,黑色柳丁
方枪枪,4,2009-12-14 15:50:07,1,褐色柳丁宫保鸡丁
战国客,5,2007-06-27 11:38:42,1,MyAnata&Melody&Angel
十个斗的眼窝浅,5,2010-07-27 21:31:27,1,太TMD好听了，首首都爱！！！至今！！！
半辈子,NaN,2007-07-11 16:34:28,0,看过康熙他那集，从此对这个人反感至极
血源2出了吗？,5,2009-08-30 07:53:59,0,完美
李叔（shú）,5,2010-09-03 13:11:57,0,那时我还小
Solidibiza,4,2010-05-01 18:17:55,1,相比MARVINGAYE的悲天悯人同情劳苦群众陶喆这算是批判愤怒版的WHAT'SGOINGON?
Ms. X,5,2009-04-17 10:08:03,0,至今仍然而且唯一欣赏的华语唱片。
彳亍,5,2015-06-19 16:52:53,0,个人认为陶喆最佳
卡羚,5,2007-06-20 01:02:46,0,除了蝴蝶那首以外我都很喜欢==+
煮蓝,5,2011-07-21 22:58:14,0,豆瓣电台刚刚播到《月亮代表我的心》，然后就把这张专辑翻出来循环了……陶吉吉你什么时候能发唱片啊！！！
A-Mian,5,2008-11-11 12:39:16,0,永远的经典
Fujihime Arashi,5,2008-12-09 19:21:12,1,谁给我温柔拥抱，让我感觉心快要碎了。
寒凌旭,4,2008-03-16 23:53:14,0,第一次听DT，品了三年
榴莲包子,4,2012-04-10 17:31:01,0,后无经典。
一山同学,5,2009-07-27 10:29:00,0,没把音乐当回事的人～
小小,4,2011-12-08 22:42:13,0,重听。收四首，angel，melody，月亮代表谁的心，二十二。
prost,5,2008-02-04 12:30:22,0,全面解读陶喆
蕾蕾,4,2009-03-14 11:50:48,0,黑色柳丁宮保雞丁Melody
Bio,4,2012-10-30 21:02:36,0,又是高一时代……听的那天我发烧……
hotdogyer,5,2007-03-03 02:05:03,0,曾经的不理解．现在的喜欢．．．
mikaholic,4,2009-06-28 20:56:02,0,月亮代表...?
Lolali,5,2007-11-30 14:06:20,0,丢了的卡带
春风颜色,5,2010-03-02 13:17:33,0,<Melody>
肥利普先生,5,2009-09-06 06:58:46,0,毋庸置疑的经典。小胖当年被震慑了。
黄渝,5,2011-07-31 17:32:25,0,最近怎么ui听什么老歌都想哭……
花小绳,5,2010-05-31 05:53:57,0,靠！从高二一直听到现在，还是那么好听，完完全全的，perfect专辑！
柒禾,5,2014-11-01 16:30:53,0,最好的DT
