user_name,star,comment_time,vote,short
沉歌,5,2008-02-08 17:27:49,346,小学五六年级，因为一首《当时的月亮》而彻底爱上了王菲，直到现在也没有变过。
DeerColin,5,2014-08-28 19:57:37,241,经鉴定也是一张王菲的5星唱片，能把另类和商业做到最好的大概就是这张了吧？《开到荼蘼》《催眠》《百年孤寂》既是另类摇滚又保留一定的口水性（是吧？）《守望麦田》《邮差》一歌两唱还收录在同一张唱片内也显得有些另类。现在来听《哔一声之后》的编曲和打雷的《西海岸》真的太雷同啦。
Bill,5,2007-12-24 21:45:35,131,当一个人的爱好与事业真好吻合时快乐将会源源不断地产生出来这张专辑精品数量很多尤其是『百年孤寂』的歌词还喜欢『开到荼靡』『当时的月亮』『精彩』
远近,5,2009-09-09 00:21:11,128,十年了
banana*🌈,5,2010-06-08 13:15:49,32,钱柜圣经。
Yi,5,2007-05-06 09:00:18,34,世纪末的情绪非常丰富……这张碟才是巅峰吧其实无论是地位还是曝光率（离婚+广告……
香水瓶,4,2006-08-30 03:54:00,21,每首歌都好听！
斯 琰 🌈 🍭,5,2013-02-04 20:45:34,31,我感觉这会是菲姐的唱片里我最爱的一张，没有《寓言》的宏大精深，但用这些充满了神经质的歌曲清晰地描画了一个华丽的善变的疯癫的妖娆的各式各样的菲姐。不知道是不是婚变给了她意外的能量，总而言之，这样的专辑真的是独一无二无法复制的。
L I M O,5,2007-06-25 23:28:51,17,只愛陌生人。
捞,5,2008-10-26 14:29:40,5,当王菲还爱着窦唯的时候？
果酱☮,5,2007-02-27 16:17:26,19,买过卡带。个人非常偏爱的一张。喜欢《催眠》
JulyChan,NaN,2008-03-21 01:35:20,11,美丽，从开始就是绝色情咒。
就叫我荣,5,2008-02-18 21:19:59,9,这一张里的每一首我都很爱。
川总,5,2011-12-29 11:59:50,11,开到荼蘼花事了。
文泽尔,4,2010-10-11 02:26:58,7,真的谈不上有多么喜欢王菲.这一张所有的曲子里面，如果要选，大概真的只有只爱陌生人一首还算是印象深刻，当时的月亮和开到茶靡也勉强，别的就再没有了.不过这样似乎并不算是很喜爱吧.只是那首当时的月亮，每次听的时候总是特别熟悉：对了，还有那首过眼云烟
何,4,2007-08-14 12:10:12,4,经典的
王大盆,5,2018-12-20 16:46:16,10,妈的神专
苏格,NaN,2006-11-09 18:06:56,3,这里面也有几首我的必k歌
筱晗,5,2011-10-27 13:42:01,8,百年孤寂，让我着魔啊。
Topfun,5,2012-08-09 00:08:12,5,不爱就借过么
夏日扬帆,4,2014-06-29 15:18:21,7,其实只特别喜欢当时的月亮，不过现在好多歌曲都可以好好研究一下，这是如何在“淡”中还能“有味”的，而不像当下很多歌，一淡连味都没了，像杯白开水[当时的月亮]
33迟来_小小岛,5,2011-09-26 22:34:54,4,催眠当时的月亮
Elika,5,2007-09-22 11:56:34,3,当时的月亮，今天的阳光
KeneL裤头,5,2006-09-13 21:52:24,1,菲的唱片我最爱的一张...初三时将前七首放进MP3内，一直听到中考...当然听过后就爱上了林夕跟C.Y.
陆秋槎,5,2010-12-15 22:46:08,2,跟风点听过
阿落,3,2007-03-07 23:45:20,1,比较商业化
ztlpoppy,5,2009-03-15 15:16:07,1,多久之前。6年左右吧
锐利修蕊,4,2010-02-14 15:14:54,2,过眼云烟和推翻，就是邮差距离千堆雪。
十六。,4,2012-04-27 21:17:03,2,没觉得可以好到打五星。
費利,5,2012-04-19 15:32:58,2,过眼云烟
纸 鸠,5,2012-12-03 23:27:17,1,竟然发现一首超好听的冷门歌曲。
essence.c,5,2009-12-10 19:54:10,3,【开到荼靡】【催眠】【百年孤寂】【蝴蝶】【过眼云烟】【推翻】
virgin,5,2009-05-05 15:01:56,0,我有！。。
sevear,5,2007-02-09 23:57:15,0,这张除了封面是最好的。
1806,5,2021-09-03 22:13:01,3,当下最喜欢的一张王菲，因为在这张专辑里能在很多瞬间清晰地看到她的自我，即便是轻摇滚路线的《开到荼靡》和《百年孤寂》，也失去了《感情生活》那样的攻击性和话语权野心，更多时候是在打开她的内心与听众对话，温柔而内敛。谁说菲式洒脱就一定要张牙舞爪？真正妥善安放爱恨交织的各种情绪，就是要把《蝴蝶》放在百年孤寂之后，而把《推翻》藏在B-sides之间。失意归失意，终究还得归于淡然
Rhodesia,5,2011-05-10 22:44:12,3,开到荼靡，催眠，百年孤寂...这张专辑对当年的我影响是无法估计的，说它改变了我的人生大概都不夸张。它其实有很明显的缺陷，里面的慢板民谣其实质量不低，但是曲目排序上让例如蝴蝶、当时的月亮之类都特别鸡肋。精彩是最不精彩的一首烂尾歌。但其它的都值得写不完的滥美之词。兼顾动听、话题性、艺
深津奈留,5,2010-12-15 22:43:55,3,把它当作因果报应、抛弃不要，大约也是可以的吧……
○Ⅴ○,5,2010-08-11 20:40:39,2,喜欢看某一个眼神，不爱其他可能。
▲BOYBOWIE,5,2020-08-05 23:09:24,15,这是上世纪末最iconic的专辑，Y2K电子舞曲+古典+歌剧+爵士+港式上盛流行乐+京味摇滚，提前打通了新世纪华语流行任督二脉，ARTWORK又是这么的特别，时装穿得永不过时，多亏了她自身是衣架子之余，还有她捕获前卫时装师的触觉，百年孤寂是我的最爱，她应该很爱皇后乐队吧，把古典和歌剧融入了金属摇滚，唱得用力，挣扎之余轻盈得堪比一缕青烟，除了得天独厚你还有别的形容词吗？
佐罗大王🌸,5,2011-12-26 17:08:15,0,童年的味道。
牛腩羊耳朵,5,2008-02-21 18:23:42,6,听烂之后，融入心中。
莊小壞,5,2009-09-12 18:50:52,0,5－－－只爱陌生人。
Ridden,5,2008-10-14 09:55:34,0,催眠。
Ex,4,2006-08-16 18:01:57,0,好喜欢催眠这首歌。
鹿和男,3,2010-02-18 14:19:19,0,和[寓言]比起来是小巫见大巫。
Miss Lucky,NaN,2007-10-19 11:28:38,0,很多年后，我爱上当时的月亮
戒掉猫的鱼,5,2008-05-28 16:04:26,0,我家菲~
山川若水富江萌,5,2009-04-15 13:20:38,0,開到荼蘼
不擅长,4,2007-10-19 21:13:28,0,http://www.xiami.com/album/11921
CiCi,5,2007-01-11 15:32:53,0,从此你只爱伤害，从此你只爱残缺，因为冷漠有着比明艳更久远的气息。
我只有两只脚,5,2014-06-01 11:02:56,0,王最棒的一张专辑。每首歌都单曲循环过，真不简单。这几天是邮差。为了护送你到达目的地，错过多少风景？直到你说不会来我说活该。我在跑步机上伴着can'tholdus一直加速到10.3，然后在这首歌中折回到3，走着。活该这两个字，大概是对自己说的吧？一个愿打一个愿挨
M2,5,2009-11-02 20:57:49,0,首首经典
deus,5,2010-11-19 22:11:25,3,《百年孤寂》+《催眠》，两首足矣。
薇羅尼卡,5,2007-04-18 23:20:04,0,很不多的一张专辑。经典的歌曲，无须多言
必要幻觉,5,2013-09-16 10:01:08,1,首首经典
安东妮,5,2005-12-07 15:26:13,1,没有人在我的排行榜里呆得更久
夏树森林,NaN,2008-03-27 00:41:53,0,小六。
半个柿子,5,2011-06-17 10:26:33,0,只有片断了
徐大阳,4,2010-04-22 16:48:08,0,还是卡带的时代。
Chimney,5,2009-09-03 23:39:59,1,1999/永远的王菲
新竹,4,2014-05-03 14:15:59,0,嗶一聲之後、推翻、當時的月亮。
A,NaN,2007-10-28 13:21:19,0,王菲就够了
Memento Mori,4,2010-02-08 00:19:48,1,OH，开到荼蘼。每一个人，伤心了就哭泣，饿了就要吃，相差大不过天地。
Белка,5,2008-03-18 20:36:59,0,很棒很棒
逅宝,4,2008-08-02 11:36:33,0,zyd
Maurice Moss,5,2012-11-19 23:08:18,0,推翻
不如的我的,5,2006-09-11 12:39:31,0,婚变后的伤痛
バカ蓝蓝,5,2010-07-11 16:04:34,0,这张专辑真是百听不厌啊
艾桑,5,2006-05-10 21:44:05,0,不错相当好听的一张
[已注销],5,2011-02-28 21:43:54,0,催眠+邮差+当时的月亮+开到荼靡+守望麦田+只爱陌生人
Lemon,5,2010-01-13 18:27:49,0,蝴蝶！！！
秋熙,5,2008-09-24 21:34:55,0,这么多年，终于听出了红豆的味道。
maomaoding,5,2015-10-22 23:21:00,0,每次去完KTV都觉得好怀旧……于是开始复习王菲。那个时候还有卡带，还有学校旁边的美亚
球儿先生,5,2011-02-13 20:15:21,0,有六星就打六颗星~
清爽🤕,5,2012-01-10 16:06:24,0,太！棒！了！
掩杀,NaN,2006-07-03 13:17:06,0,王菲
Lethe。,5,2007-09-21 00:13:53,0,大风吹。
流深,5,2009-03-28 18:27:14,0,百年孤寂，因你而不孤不寂。
丹,NaN,2006-05-30 22:11:31,0,没有她全部的唱片，可是EMI时期的都有。这张，聆听的最少。可是很喜欢蝴蝶。
TristanShen,5,2008-11-07 21:35:30,0,4.7
≌菩提风花,5,2007-04-06 19:45:06,0,这张很王菲
北纬30°,5,2008-05-13 11:52:49,0,我只爱陌生人
繪心,5,2010-02-01 22:58:59,0,只爱陌生人。
amiko,NaN,2016-10-06 20:38:31,0,这么晚才听就不评分了吧开到荼蘼当时的月亮只爱陌生人百年孤寂
🌟亚树🌟,5,2006-03-15 16:58:07,0,当时的月亮蝴蝶当时的月亮　蝴蝶　百年孤寂　　　　　
小·雷克亚未克,5,2010-10-22 21:43:12,0,你是蝴蝶、我是邮差、
kingfish,5,2006-04-16 09:48:18,0,太好听喜欢，只爱陌生人.
笪笪,4,2014-03-20 09:05:41,0,蝴蝶+百年孤寂+开到荼蘼+当时的月亮、
靠谱青年™🌈,5,2007-06-21 10:07:23,0,蝴蝶飞不过沧海
慕容狐仙,4,2005-11-06 12:04:58,0,99
李果树,5,2011-10-08 20:00:27,0,初中还抄那个歌词呢，哈哈，买了不同颜色的笔跟纸。那时候真狗腿啊~
Jesse,5,2010-03-21 16:29:20,0,我只爱陌生人
Paprika,5,2010-07-06 22:59:20,0,小时候喜欢听王菲只因为觉得好听，而有过一些经历后真正对她的歌逐渐变得毫无抵抗力是因为，每一首歌响起时，你都能说：yes，i'vebeenthere..
林||我们谈什么都像谈死！,4,2005-12-28 12:54:09,0,给我一双眼，看你离开
石白,5,2007-06-01 23:50:44,0,爱。
马不停蹄,5,2012-01-07 11:44:28,0,蝴蝶飞不过沧海，没有谁忍心责怪
qb,5,2006-06-27 11:06:30,0,98还是99，在一个饺子馆里桌上的报纸上看到她的名字，随后买了这张唱片。建议20点的时候听......
沈来福,5,2012-09-08 21:47:13,0,我最爱的专辑之一。
奈斯,5,2014-06-11 23:47:26,1,这张值得红心的歌太多了！！！
爆青,5,2012-02-26 19:13:46,0,北京音乐人和港台流行的一个很好平衡。编曲细腻。王菲最后一张巅峰作品。
