user_name,star,comment_time,vote,short
影志,5,2011-07-06 15:04:41,76,友情客串却留下刻骨铭心的回忆~
叶子阿姨,5,2008-12-10 11:10:14,55,感谢生命有你参与。
Bill,5,2008-06-11 23:46:03,42,声音真的很像陈奕迅专辑具有一个成功新人所可能具备的各种元素好歌声音唱功人气宣传公司支撑……
yupei,2,2008-11-01 00:27:40,13,真的不明白为什么这么多人这么喜欢这张专辑，我真的觉得很一般。而且模仿eason的痕迹太重，迷幻比明哥差远了，并且咬字雷死我。。。
tlmgt,4,2011-05-16 23:38:59,13,这个时候华研包装艺人还没有走火入魔
PabloHoney,4,2012-07-13 17:17:00,2,才发现我标过好几颗❤了。
Dyingpluto,4,2008-06-07 12:46:39,1,病态的转音不错，但声音太没特色了吧，吐字不喜欢。李泉的眼色很好
锐利修蕊,4,2010-04-25 10:45:46,1,这张果然也是不错的
YeleZhang,5,2011-06-26 14:30:05,5,无论听多少遍，依旧那么棒
Song³,4,2008-09-07 16:24:49,2,推荐：眼色。心有林夕
Claire,5,2008-09-11 22:46:01,2,无可挑剔的一张专辑。林宥嘉，你的歌声感动了我。
川总,4,2011-06-07 17:52:14,2,林宥嘉还真是不错。。
L I M O,5,2008-08-08 22:07:02,2,我愛你。神秘魔術師。
昏金暗玉,4,2009-07-29 08:27:30,1,可以呀，就靠着电台播放，领略到了他的音色。
瓜。相信这个世界很变态。,5,2008-09-26 01:21:01,3,我发现我真的很喜欢这个小孩.
倉鼠,3,2011-04-02 21:26:03,1,华研最喜欢出的拼盘式试水专辑
令糊葱,4,2008-12-03 22:16:08,0,还是比较舒服的。
固力果guriko,5,2009-12-24 12:13:48,0,最近很迷他
马35(L)M.坚持,3,2008-06-03 22:06:33,0,他完全陈奕迅上身
StevenTong,5,2008-07-21 14:39:17,0,怎麽那麽正點!!!
zard砸得王大崩,4,2008-06-03 13:04:24,0,我喜欢这样的情感表达，我爱病态，但我中意的还是老派的杨宗纬
長閑,5,2008-10-02 12:40:24,2,这孩子呆呆的，却很有味道。
Yome,4,2009-11-20 16:41:50,1,有水準！
捞,5,2008-10-22 22:47:47,0,鼻音的男生～～～
草威,4,2008-06-17 20:59:47,0,林夕捧着
夏日扬帆,3,2009-12-06 10:54:45,0,这张专辑只能说我印象不深
河伯,3,2008-06-14 07:34:20,0,太似Eason，却不到火候
DeerColin,5,2013-02-16 22:10:58,0,林宥嘉首张专辑咬字怎么比「大小说家」好？这算是退步么？这张专辑有好多歌一直很喜欢'「残酷月光」「心有林夕」「伯乐」都是听过很多遍的歌'「眼色」是他一次现场演唱Touch到我'所以就找来听。「再别康桥」超喜欢和S.H.E那首做对比😁。今天整砖完整听毕'蛮不错
早米庵,4,2009-09-13 16:11:29,0,哟，还不错哟
肥匪廢·老🐰,3,2009-12-26 11:06:37,0,感觉没有传说中好……
易召,5,2009-06-12 21:58:48,0,很Chan很医生...
尉迟,4,2008-09-21 13:06:44,0,好吧我承认，他让我想起了Eason。
死咗,5,2009-12-20 01:11:25,0,還是挺有感觸的
小魔@优雅穿梭,4,2011-06-02 19:24:42,0,欢迎光临：华丽演出共襄盛举，唯有你的背影，友情客串却留下刻骨铭心的回忆，曲终人散却写下，不朽的结局
LORENZO 洛伦佐,4,2010-07-13 12:20:18,1,伯乐再别康桥
𝙎𝙥𝙖𝙧𝙠𝙮 | ✟,4,2010-03-25 17:08:51,0,李泉内个钢琴哟哟
神威太太,NaN,2008-07-17 14:09:50,0,MD他长得好像陈序啊！XD
张兮兮,4,2010-11-20 17:42:32,0,《慢一点》的歌词真好，实在是太好了
纨卿,NaN,2012-11-12 21:50:53,0,王克的翻唱比原唱好听太多也许是李泉手一抖给错了
小狐狸BOBO,NaN,2008-07-08 18:02:49,0,只有一個，陳奕迅。
○Ⅴ○,5,2010-02-16 20:49:46,1,越听越爱他的声音。像中毒。主打歌神秘嘉宾真是赞死了。POP就得这样嘛==！
莊小壞,3,2011-04-25 17:51:17,0,3.5－－－第一張。不知道是挺多了迷幻樂和陳老師還是怎麽的，對別人說的他的頽靡唱腔表示理解無能。
不万能青年,5,2011-05-29 22:48:25,0,如果不够悲伤，就无法飞翔。
Ridden,2,2008-06-07 19:42:24,0,普通话说得真难听。
Ray,4,2008-06-27 22:41:51,0,貌合神离
Luffyjun,3,2012-10-05 20:56:05,0,《残酷月光》&《神秘嘉宾》还是不错的。。叫我想起了我的店~~！！这歌还是小六推荐的呢。。。
BlackScholes,4,2014-11-24 08:02:27,0,神秘嘉宾残酷月光背影
KeneL裤头,4,2008-06-20 21:47:08,0,因为他是EF
鹿和男,4,2011-01-07 20:01:26,0,对专辑来说我只能给三颗星。比起后一张的概念完整噱头十足，这一张只是半成品林宥嘉。神秘嘉宾并不神奇，『心有林夕』这样的歌太二，不过『残酷月光』的满分倒是能给专辑多加一颗星星。
Ariel .Fly,5,2008-06-03 12:54:41,0,用中文唱小英伦小爵士也很有味道哦
夏日良人°,5,2008-11-10 17:50:53,0,感觉很像陈奕迅的歌，但因为他，我竟迷恋起情歌.
Miss Lucky,4,2009-09-28 13:29:26,0,我跟谁变得亲密，谁逐渐离我远去……友情客串你而已
囧之女神daisy,4,2010-06-18 14:21:15,0,最喜欢《传说》，“第一对恋人，他们爱了多久”
老楠,5,2009-01-08 10:28:54,0,异常棒的嗓音。
不擅长,5,2010-05-08 23:55:17,0,http://www.xiami.com/album/169034
麦单,4,2008-06-27 19:03:14,0,我能听出王力宏最初的音色来.
大漁,4,2009-09-06 18:30:06,0,再别康桥
走走走走一,4,2009-07-29 09:50:00,0,喜欢Yoga这件事情其实没什么道理。真的。
evonne||芝士命,4,2009-10-03 16:03:28,0,意味深长
徐大阳,5,2010-03-17 08:43:45,0,是张诚意的专集，不及第二张这么概念.
五月微蓝,5,2008-06-12 17:23:09,2,他不是下一个陈奕迅，他是第一个林宥嘉。
songset3,NaN,2012-11-12 18:24:44,0,呵呵
RoJay,4,2011-05-08 00:02:08,0,林宥嘉这小受真不错。。
Memento Mori,3,2009-12-06 21:53:41,0,我倒觉得《眼色》很有味道。
挂拉,4,2010-05-24 19:18:57,0,Gooda，林姓少年在歌唱，是我情绪的转折点～
失控的蘑菇,3,2013-03-03 21:04:02,0,流行歌手的宿命大都是第一张还凑合能听听后面全是屎，当然也有第一张就是屎的。
铎奇,3,2011-01-20 22:32:07,0,...很一般嘛
朱朱朱古力♥,4,2010-01-25 03:55:24,0,喜欢眼色那种歇斯底里
时以星,5,2008-06-03 16:26:42,0,慢一点。神秘嘉宾。伯乐。眼色。即使你未够好，仍然很好。
不如的我的,5,2008-07-10 12:16:06,0,不喜欢他的咬字，音乐还是很好
老夏天___,4,2009-12-04 19:20:31,0,让我觉得他会是下一个EASON!!!
日烟火,3,2009-03-20 16:46:59,0,我不喜欢他发音。我喜欢残酷月光。然后我囧了，为毛我一直觉得这歌是苏打绿唱的demo？！我幻听？！
撒野,3,2009-11-23 22:24:49,0,听了第二张这张还真的一般
千寻｜Scorpio,5,2013-04-01 21:39:39,0,很令我动情的一张专辑。眼色、伯乐、病态、再别康桥。
一絲不掛,3,2009-06-28 21:58:41,0,搭上了几个不错的制作人
元宵葫芦仙,5,2013-09-30 02:40:11,0,记起来了顺手mark一下。我记得大学的时候有一阵子一直循环这盘+感官世界那盘。但是我还是觉得这一盘更经典一些，五星无误。
功夫兔子,4,2012-01-02 00:05:15,0,2012，新年第一碟。
Obtson,4,2010-04-08 19:51:40,1,林宥嘉
Soda兰,4,2008-09-14 18:38:43,0,最近听过的最好的华语唱片.
郭小懒,4,2010-07-13 10:46:47,0,恩是的
掩杀,NaN,2009-10-26 06:01:45,0,林宥嘉.2008.6.3
三木由纪夫,3,2012-05-24 01:51:29,0,残酷月光一开口就切歌
Yutong,5,2010-10-05 22:31:27,0,天生完美嗓音。
喷农药,3,2010-02-23 13:30:13,0,<爱情是圆的>，<慢一点>.
DG,3,2008-11-29 23:46:11,0,3星给你的好嗓子。
Ｖ. 半调,5,2008-11-01 11:54:45,0,愿意為這個男聲買賬
Lola,4,2010-06-20 13:18:09,0,其实只对残酷月光有好感。。。
just,3,2011-07-14 23:41:33,0,还是有值得鼓励之处，一些地方的处理蛮有意思
月山行,3,2012-07-12 20:38:03,0,原来来电的，还是那么一张专辑里的一两首。以前比起现在，倒是更让人喜欢了……只喜欢《神秘嘉宾》
某水,5,2012-05-28 09:16:48,1,这个声线是毒药啊，哎，听不厌
TristanShen,4,2009-01-19 19:18:30,0,3.7
甜m i l k 。,3,2009-12-05 18:22:51,0,三星半還是決定給三星
从前有个山大王,4,2009-12-21 13:26:38,0,这张就商业了点
一只麦麦,3,2010-02-07 15:36:56,0,《再别康桥》《心有林夕》《残酷月光》
西木朝日堂,5,2020-02-07 22:01:25,2,十二年前的林宥嘉和现在是完全不同的气质如今听来像次人生倒带
🌟亚树🌟,4,2012-09-06 14:58:26,0,神秘嘉宾眼色伯乐残酷月光
小·雷克亚未克,NaN,2011-04-07 21:25:18,0,太做作
上野千驴子,3,2008-07-04 11:42:27,0,他的歌我听不来＝。＝
笪笪,5,2011-03-12 16:24:18,0,流行音乐能做到这样，很不错了
靠谱青年™🌈,5,2008-07-12 16:41:43,0,第一遍，先给分仔细听来也是我喜欢的
