user_name,star,comment_time,vote,short
饥饿艺术家,4,2009-11-04 11:23:02,137,孩儿，你行的！你的声音太华丽太质感了！趁着孙燕姿忙着设计服装和演唱会的当，赶紧抢占市场吧！姐看好你！
哪吒男,4,2013-10-28 17:38:43,118,凝视睁开眼睛，私语鼓动耳膜，亲吻撬开嘴唇，拥抱伸展双臂。爱是生命的启蒙是感官的革命，四肢五官无一幸免。原来眼神不能传情，原来耳听可以为虚，原来谎言不能拆穿，原来相拥不能取暖。爱，与时间空间无关，只是一场感官的体验。
叶酱,4,2012-04-07 14:14:43,131,我们曾相爱，想到就心酸
锐利修蕊,5,2011-04-23 11:23:42,36,太好了，以至于过早觉得这就是他的最佳专辑（孤僻鬼需要爱一个人）。
夏日扬帆,5,2009-10-31 17:19:45,16,这张当年就是平地一声雷啊
░▒▓██,5,2009-10-30 21:21:33,5,OMG！！！
🌈時雨,3,2012-03-27 16:44:20,6,烂大街烂KTV的歌真心爱不起第一次听说谎就是在KTV里有人点唱完了又有人继续点唱还模仿地不伦不类KTV里嘶吼娱乐过后就什么都不会留下也不会放进MP3慢慢听的歌目前喜欢的是<飘>
PabloHoney,5,2012-07-13 23:17:40,5,我整个人都魔怔了啊！！！
潋 | Béatrice,5,2009-11-26 04:16:09,1,不是适合他的风格
肖浑,4,2010-01-05 17:13:12,4,耳朵说谎心酸解HIGH人
tlmgt,4,2011-05-19 13:52:39,4,解high人
阿朽,4,2012-08-04 10:31:22,1,不错！
停用豆瓣勿cue,3,2011-11-27 18:02:56,1,内地版删了「看见什么吃什么」
Bill,4,2009-11-23 18:37:11,1,都没第一张好
斯 琰 🌈 🍭,5,2011-09-25 17:16:23,6,无需多言我爱yoga
Dyingpluto,4,2009-10-30 14:29:29,0,http://ent.qq.com/a/20091102/000079.htmhttp://ent.qq.com/a/20091102/000491.htm
颜良辰,3,2009-10-30 21:38:34,0,还不错。我得找到残酷月光。
sys1010,5,2009-11-09 23:00:41,4,五星给说谎。
口袋_肥力士,4,2013-04-16 21:51:13,2,CD版里唱歇斯底里实在是放不开，现场版好多了，总觉得他的声音还能再放开一点的
tensa,5,2010-01-17 00:51:20,4,力推的原因是心酸和说谎
鸭酱,5,2010-04-10 22:46:33,1,嘉哥威武
雅克,4,2009-11-09 21:56:08,0,为什么第一遍下来没有抓耳之作。。
zard砸得王大崩,4,2009-11-10 21:15:55,1,幸运的小子，你遇上如此棒的音乐。希望你能历练更多，唱得更好听些~飘~心酸~解high人
门柱,NaN,2011-12-21 13:32:54,4,小娘炮儿唐人街不错
川总,4,2011-06-01 13:17:37,0,哟，还不错呢。
Song³,4,2009-12-29 17:09:09,0,看見什麽吃什麽。http://static.youku.com/v1.0.0101/v/swf/qplayer.swf?VideoIDS=XMTQ2OTkwNDIw&embedid=-&showAd=0说谎的人要吞下一千根针
捞,5,2009-11-10 10:28:12,1,衷心祝福你走得更好更远。
半袖,4,2010-01-01 15:31:39,0,之前完全没有关注过他，但随意试听的几首都还不错，算是惊喜。先给推荐，但加以时日，变成力荐也不是没有可能。
不万能青年,5,2011-05-29 22:49:24,5,在一样的痛苦快乐面前，我们都是平起平坐。
DeerColin,5,2013-02-18 09:18:10,1,这个创作班底真是够强大的'整砖都还蛮符合我的口味'摇滚风格配上迷幻的声音还挺不错'解High人'歇斯底里'感同身受都喜欢'专辑里印象最深刻的是「飘」，我觉得这首歌很完整地衬托出他声音中迷幻慵懒的特质。说谎和心酸都是大众情歌'说谎相对更成功'心酸里酸的吐字啊。。。
StevenTong,4,2009-11-06 18:20:57,0,果然沒有讓我失望，只是我更喜歡深情的yoga，就如debut的神秘嘉賓那樣。
木夕兔,4,2009-11-09 23:56:44,0,感同身受。
人淡如菊。无奈,4,2014-03-01 20:13:34,0,飘说谎心酸感同身受耳朵
万千朋友仔,5,2009-12-10 10:37:53,0,这是不是香港设计师做的封面啊？
YoyoRan,3,2009-11-06 13:30:18,0,确实比较陈奕迅
少年夏不安,4,2009-11-03 20:32:05,0,林宥嘉的新专辑没好到那么夸张吧？觉得和王啸坤的那张专辑差不多，算比较好听，不过还算不上经典。
何,4,2011-03-27 11:47:11,0,哭吧
不宁,4,2009-10-30 19:21:42,0,有陈奕迅的feel啊~
早米庵,3,2009-11-04 10:08:09,0,蛮屌的，真的
尉迟,5,2009-10-30 17:29:55,0,一片海洋。
feiandxs,4,2012-07-01 05:49:35,0,4.5
Ir,3,2012-07-10 01:27:40,1,不懂为什么内地要删我最喜欢的一首歌啊
banana*🌈,4,2009-11-24 02:51:36,0,《飘》
LORENZO 洛伦佐,4,2010-07-13 12:19:38,1,唐人街
𝙎𝙥𝙖𝙧𝙠𝙮 | ✟,5,2010-03-29 12:22:54,0,唱功很不赖昂
小M,4,2009-11-15 17:43:42,0,好久没听到好的男声了。
纨卿,4,2009-11-01 21:58:00,0,烂得一米！
替身使者张阿谁,3,2010-05-16 23:40:58,0,奶油小菊花？奶油小菊花？？？？？
zitsunari,4,2009-11-03 13:19:04,0,飘耳朵
飞老湿,4,2010-01-07 22:48:03,0,这张专辑不错，很久没有能够认真听完一遍台湾流行专辑。不过我还是不会再听第二遍。
夏日良人°,5,2009-12-30 08:42:29,1,感同身受。
Elika,4,2010-03-29 09:04:51,0,yoga越来越孱弱，唱功越来越纯熟~
BlackScholes,4,2014-11-24 10:00:16,0,听不懂他的歌，但编曲真的好.
水水♫,5,2010-01-20 19:01:29,0,林宥嘉杀很大！
KeneL裤头,4,2009-11-18 22:56:38,0,飘说谎看见什么吃什么
小敏吃掉小敏,4,2010-02-13 12:32:54,0,居然不错的很
姚大傻咖咖,5,2009-11-04 21:50:07,0,宥嘉更寂寞了。
Pandy,3,2010-02-08 10:46:18,1,反正爱情不就都这样
三四,5,2009-12-14 14:00:35,0,这张对于我而言是林姓少年最美好的时光
亲爱的1969,4,2009-11-29 07:17:56,0,关于我你知道什么
Hey Johnny,5,2011-03-23 19:41:17,0,严重怀疑豆瓣丢收藏条目！！！
Showing V1.4.1,4,2013-08-30 19:04:43,0,声线有点挑歌。另外这专辑名确实值得吐槽……
囧之女神daisy,5,2009-11-06 01:24:01,0,大爱大爱，09年度最佳
不擅长,4,2009-11-03 21:15:17,0,http://www.xiami.com/album/351048
树里啦,5,2011-02-14 14:22:08,0,冠军不是盖的
殘 藍。,4,2009-10-31 19:48:00,0,解high人。说谎。
車,3,2009-11-05 16:19:08,0,苍蝇套豆廓
Tiff,5,2011-10-27 09:14:39,0,特別喜歡《心酸》
岳璇,4,2009-11-16 15:27:01,0,说谎。
亞麻君,3,2010-02-24 22:25:52,0,两颗星给“说谎”。。。一颗星给“歇斯底里”。。。
走走走走一,4,2009-11-19 15:55:43,0,他怎么会这么好听呢怎么会呢。
緑沼,3,2012-06-08 02:56:15,1,感觉好多完整度都不强
维克,5,2010-03-16 04:40:16,0,4.5四舍五入有当年eason影子有非一般的灿烂前程
一絲不掛,3,2009-10-31 21:57:25,1,唐人街
Toni-I,4,2010-03-09 12:33:58,0,林宥嘉很讨喜
詹尼金,5,2009-10-31 19:33:14,0,keepgoing，Yoga
元気一杯咪噶酱,5,2012-10-27 13:41:53,0,我们曾相爱想到就心酸
JO,NaN,2009-11-01 21:47:50,0,是有点像陈医生可我不大喜欢他==
Alsoran,5,2009-10-31 19:35:39,1,YOGA的声音好好听
Pumpkinhead,5,2009-11-07 12:51:06,0,感觉后半部分弱了但还是五星
土树,4,2009-11-08 00:00:13,0,再多听几遍。
光与盐,5,2009-11-12 13:42:32,0,林宥嘉我果然没有看错你
Lance,4,2009-11-16 16:34:00,0,声音真好
RoJay,5,2011-05-05 20:03:29,0,真不错。。
嗷拜拜,5,2009-10-31 16:26:54,0,啊。我爱你！
靶场战神阿子喵,5,2012-10-24 23:30:56,0,给心酸打五颗星
Memento Mori,3,2010-05-09 12:26:28,0,我就是不喜欢你的假音你唱歌望天的样子。
就叫我陳先生,4,2010-09-20 18:11:14,0,越来越好
haidb,3,2009-10-31 11:49:00,0,声音有点像王力宏
挂拉,4,2010-02-13 15:58:26,0,有些腔调像王力宏啊~《说谎》、《唐人街》和《心酸》。
朱朱朱古力♥,4,2009-11-18 10:33:14,0,<说谎>太伤了
M,5,2009-11-16 21:57:04,0,为了说谎给五星。林同学的咬字怪怪的，不过听多了几次习惯了。
时以星,5,2009-12-27 14:57:38,1,本担心你太一个人的小世界里，可担心都是多余的。你恰如其分，完美得可怕。做自己的，不强调是自己的。你知道纯粹的自然是最难得。谢谢你提醒了我，原来是可以的，自然地做自己。看着你在冷了的天，穿着短小黑色衬衫、七分裤的背影，说着安抚比你小的男生的话，嗯，我在你背后流了温暖的泪。感同身受。
老夏天___,4,2010-02-18 10:15:44,0,亲爱的!!!
Ziggy 🇵🇸,2,2010-01-22 15:58:40,0,听说很好听，我又上当了
日烟火,3,2009-12-19 23:54:16,0,解high人和心酸有明显的陈奕迅记号，林同学果然是著名的EF.把sh音持续咬成X音让我觉得他大舌头。==留下四首，解high人，心酸，说谎，感同身受，让我还愿意再听听。
撒野,5,2009-11-02 15:37:50,0,陈奕迅+苏打绿我又不脆弱，何况这算什么伤。
狷介有乌青,5,2009-11-06 17:03:50,1,yoga的慢歌总会让人很伤感又很柔软，非我矫情
巴黎之火,4,2009-11-18 23:41:47,0,最好的就是唐人街和说谎，有些曲子太妖不适合他，《看见什么吃什么》陈小春唱还差不多，从曲风到MV，整个一个《情瘤感菌》2目前唱片市场这样不景气，有人这样做音乐，还是应该鼓励。
[已注销],5,2011-05-11 11:45:27,0,萧敬腾，在舞台上你是神！
