user_name,star,comment_time,vote,short
锐利修蕊,5,2017-10-07 10:14:51,2540,周杰伦的第二张真是牛逼到没朋友
素手纤纤,5,2007-10-08 04:08:36,1824,十年来我只给两张专辑打满分，这是其一。
郁程,5,2007-12-04 10:44:27,1236,划时空的专辑音乐史上的里程碑专辑奇迹
DeerColin,5,2012-11-16 19:11:09,433,第二张专辑依旧很高的品质，甚至可以说是他最经典的专辑（没有之一）。周杰伦和方文山这对完美组合的小宇宙大爆发诞生出这样的好作品，让《安静》、《双截棍》和《简单爱》一跃成为KTV常年热门的点唱歌曲，而《爱在西元前》、《爸我回来了》也是让我记忆深刻的歌！
九亿少男的梦,5,2015-06-19 22:25:38,381,我对历史一窍不通，但是我知道古巴比伦王颁布了汉摩拉比宝典。
Bill,5,2007-03-11 11:56:42,253,首首经典难以超越的高度且不仅仅只对周杰伦而言
tlmgt,4,2011-06-07 00:27:59,100,现在觉得这张的整体性上做得并不是那么好。前三张最爱的还是《八度空间》无疑。
一只麦麦,5,2010-01-28 21:52:23,203,准确说是从这张开始爱上周杰伦的，每每听到爱在西元前前奏响起眼泪都要夺眶而出，仿佛回到初中午休时霸道地给全班放卡带听的日子。这辈子只有这一个真正狂热追过的明星，无论艺品还是人品，都是可以昂首挺胸爱一辈子的人。
文泽尔,4,2007-12-19 00:27:44,146,这其实应该是周杰伦最好的一张专辑了吧
𝙎𝙥𝙖𝙧𝙠𝙮 | ✟,4,2008-08-29 00:12:31,46,并不是最喜欢这张。。
赵无眠,5,2009-01-16 10:56:03,92,最爱杰伦的一张
V.Dunham,5,2015-07-31 23:35:24,118,他永远不会泯然众人矣的原因就在于他本来就不是众人。
范困,5,2009-01-05 12:30:36,72,现在翻出来听还是那么经典
丶,5,2011-11-16 12:01:29,84,周傑倫最好最fantasy的一張作品，沒有之一。
捞,NaN,2008-10-26 14:30:37,66,这个时代才是fantasy
DreamReaver,5,2017-05-11 08:38:35,50,我也在他出这张专辑的年龄，22岁，太可怕了
何牧歌,4,2012-06-19 16:12:10,37,最后听国语的时光，但其实这专辑的歌我都不怎么感冒，只对《开不了口》印象深刻，而且还是因为MV。可能上辈子欠港乐的，所以这辈子注定除了港乐都难接受
Kuhn,5,2012-07-08 16:15:27,45,十来岁的记忆全部浓缩在这张专辑里；从它开始学会了怎样欣赏音乐，体验到了陶醉和沉浸的感觉
由迦可汗,5,2019-09-30 17:22:45,24,第二张专辑就跨入神作的行列，华语殿堂级作品！
石湃溪,5,2018-03-09 20:22:54,14,这张做得不太融，但很创新。而且，所有歌好像真的都成经典了。
齐鲁矿业李德友,5,2012-02-07 09:57:39,30,原先是流行，现在成怀旧了。2021update:现在再来看，这张专辑的价值在当时被严重低估了！绝对是华语流行乐浓墨重彩的一笔！前无古人后无来者！！
撒旦的表妹,5,2016-10-30 22:44:44,26,循环了一天啦，怀旧日
13平米宅,5,2011-02-19 17:42:57,30,五星和专辑本身并没有多少关系，音乐把时间和那时候的人一起刻录了。听简单爱的时候，自己还小。想简单爱的时候，已经知道那是不可能的事情了。
哪吒男,5,2020-03-04 21:35:52,50,对不起，我们是听这种少年气长大的，所以我们和你们不一样。
熊猫没彩照,5,2015-09-08 15:23:01,31,中学时候，能流利唱爱在西元前和威廉古堡的人都很受欢迎。
不万能青年,5,2011-08-24 14:34:41,33,虽然这是我编造出来的事实，有点讽刺有点酸性。
赞成的巨兽,5,2012-06-20 13:11:53,24,其实我不是很喜欢这张，但周杰伦纯属横空出世啊，这么多年过去了也没有超越者
包法利富人,5,2018-02-04 19:59:16,43,真的是华语神砖就像所有代表作一样周杰伦自己再也无法超越的锐气特别是《双截棍》后面的那一段钢琴曲神来之笔还有就是《忍者》这首歌感觉是抽了大麻才写得出来的所有成功的作品都是被上帝亲吻了的可能这种机会一个人一辈子只有一次而且还必须是艺术的幸运儿。
杨山魈,5,2010-06-25 21:09:44,32,这在幼小的我心中是一次震撼
evan是幻想家,5,2011-07-04 21:59:40,21,轰动的专辑
我对你的无语简直能沉默整个宇宙,5,2020-03-04 21:46:30,13,想吃AB血型的公老鼠
Song³,5,2008-12-17 16:59:27,14,13届金曲奖“最佳国语专辑奖”。安静/开不了口/爱在西元前/爸我回来了
你看我嘎嘎吗,5,2014-04-02 23:22:08,16,这张专辑十首歌都有MV==
时以星,5,2007-04-13 10:34:05,10,大学时和隔壁宿舍的女生交换你的CD。
吉塔,5,2010-04-28 00:52:32,15,indie天王
Белка,5,2008-03-18 21:59:31,16,小时候怎么就因为自己的中二错过了他呢><才华横溢，真的很棒
兔球波,4,2008-10-08 22:52:34,6,高中时候红得发紫...纯属跟风而听
果酱☮,4,2008-12-27 18:11:38,7,中学时代买过卡带
令糊葱,5,2008-10-12 11:57:02,12,当时的周杰伦，红的一张。
UrthónaD'Mors,NaN,2009-11-13 16:34:21,2,稀饭不稀胡那还有什么稀
zard砸得王大崩,5,2006-12-15 01:08:26,9,经典流行乐
Luffyjun,5,2011-02-16 13:51:07,12,好吧，我承认，那个年代，我也被他迷住了。。到现在我觉得这张专辑是他最好的！！
Inevitable,5,2007-06-13 10:26:02,7,我心中最爱的专辑无可超越
饭夫斯基,5,2009-10-03 15:04:35,12,最好的一张，永远的一张。再听依旧满脸泪
旧风,5,2011-12-16 00:09:48,7,记忆最深的专辑之一。
amiko,4,2013-07-10 06:19:44,4,安静
KeneL裤头,5,2006-08-13 17:22:34,4,整个小学五年级的回忆，首首经典.是他最好的一张，每一首当让人如此惊喜，但之后的他不能再带给我更多感动了.
Gee,4,2012-12-09 23:26:18,9,记得当时杂志的乐评是“让你听着以为是西欧音乐的中文专辑”我就买来听了，再之后就是补回第一张专辑~~觉得JAYCHOU就是奇才啊
Hao,5,2008-08-02 22:04:32,3,#屌
BlackScholes,5,2009-12-26 14:10:40,4,爱在西元前简单爱开不了口双截棍安静
愤怒的小鸡8,1,2009-09-29 23:54:47,12,从这张开始对他没兴趣了
不如的我的,5,2007-04-16 23:16:48,9,流行就该这样
○Ⅴ○,5,2010-05-11 18:31:16,5,开不了口，太贴心。
莊小壞,4,2009-06-19 14:35:09,1,4－－－我个人觉得，这张最有质量。
护,5,2007-02-05 19:54:08,4,最偶像
薇羅尼卡,5,2007-01-16 10:01:16,6,这一张算是最好之一~
春风颜色,5,2009-11-30 21:00:05,5,惊艳！每一首歌我都记得。
蹦床,4,2010-04-26 15:53:56,4,老娘也是听过周杰伦的人
晚不安,5,2019-02-22 23:39:05,9,熟悉每一首慢歌，对快歌则没什么印象，所以对我来说这张专辑半新半旧，重听起来是相当新奇的体验。没法跟热评里的各位一样，下定义说这是周董最佳——因为他实在是个高质高产的创作型歌手啊。红透半边天的《双截棍》，和超越了时代的周杰伦——现在还有哪个歌手会在一张流行专辑里写家暴题材？
大橘喵子^ ^,NaN,2009-03-23 20:38:16,0,其实我是从这张第一次听Jay的，可惜当时觉得简直难听到听不下去……他那时是小众歌手，恩小众的~
essence.c,5,2014-07-08 16:35:47,1,最好的周杰伦.【爱在西元前】【开不了口】
KAVA,4,2011-11-15 10:14:23,5,那个时候，点歌台天天都有人点这张专辑的几乎所有的歌
秋叶掉落在树上,5,2007-01-06 21:09:30,2,永远的范特西...
品客,3,2008-08-14 01:49:17,1,原谅我年轻时的无知。
沉歌,5,2007-12-15 14:29:49,6,对不起。安静。
不擅长,5,2007-10-11 13:45:00,0,2http://www.xiami.com/album/6655
你是桌子我是布,5,2010-04-08 12:54:11,4,已成经典无可辩驳
白乌鸦,4,2011-10-18 22:16:14,0,初中买的
XB,5,2010-02-09 21:31:10,1,延续第一张的感觉
Cedrick,5,2011-11-04 06:56:14,3,在演绎形式上延续了第一张的流动感，另外值得一提的是，仅仅十首歌涵盖题材之多样化，堪称经典。每一首在内容上都花了很多心思，故事性非常强，整张专辑就是一本短篇小说集。这可能是周杰伦唯一一张丝毫没有短板音轨的专辑。
fake,5,2009-04-26 16:09:13,4,独此一家，别无分号。
柴斯卡,NaN,2016-11-01 14:46:32,6,🎵我想就这样牵着你的手不放开爱能不能够永远单纯没有悲哀我想带你骑单车我想带你看棒球想这样没有担忧唱着歌一直走🎵#老年生活#
江湖遠人,5,2013-07-05 23:45:54,0,借的磁带。
阿右,4,2014-10-22 22:32:46,1,最近开始回忆童年小时候觉得周杰伦特别杀马特现在看看还好啊我小时候可真是封建ps虽然从来没有买过一张专辑却听过他那么多歌曲那时候身边的女生真的都喜欢他……
妈妈我想吃肉,5,2007-10-24 18:56:22,1,经典专辑~~无与伦比~~
汤之问棘🌈,5,2013-01-30 22:40:34,0,周杰伦最好专辑，没有之一
Pumpkinhead,5,2008-10-03 16:44:27,0,小学
中世纪福音工人,5,2018-02-06 00:06:24,0,初中~MP3
坏人瓦卡卡卡卡,5,2013-03-12 22:31:44,0,总是开不了口让他知道
jiaqi,4,2010-01-01 08:54:00,0,小学买的的磁带
星尘战场,5,2007-04-03 22:18:01,2,此生最爱。
2734,5,2012-12-01 16:00:03,0,一秒回到十年前的今天，看了《一九四二》。
海孩等pk14,5,2011-12-08 07:32:01,0,童年
神山樹,5,2010-09-11 02:29:37,0,哇。。。
[已注销],5,2011-03-27 12:52:46,1,忍者+威廉古堡+对不起+安静+上海一九四三
大D,4,2007-05-30 17:16:49,1,周杰伦就这一炮
Paul,5,2008-11-26 10:50:00,0,神作必然是神作
Angeline35,5,2012-02-26 16:19:44,1,顶峰啊顶峰！直到现在我还是要中肯认真的承认这张专辑听过的次数无法计算了。
是但求其冇所谓,5,2009-09-20 12:11:22,1,印象中我的第一盘卡带就是它了，当然咯我说的是正版。
半吊子社畜阿九,5,2007-12-23 20:21:59,1,稀饭万岁万岁万万岁.
witecross,5,2012-02-20 20:24:06,0,跟着姐姐怀旧啊这张还是可以打一打五星==
MOEの魔导☆,5,2011-06-23 18:58:37,0,http://www.xiami.com/album/6655
欣欣向荣,4,2018-03-28 10:38:15,12,在同学都在迷周杰伦的时候，顺便听了一下，还好，周杰伦可是陪伴我们这一代长大的，他的歌写作业时听很流畅，不用注意歌词。
脫繮的蛇肉堡,5,2014-04-07 04:53:32,0,现在听还是觉得很NB……小时候不过是没听懂歌词而已……
zk,5,2006-07-22 18:16:08,0,改变了走向
西柚小姐,4,2009-12-10 16:57:40,0,恩。。多难看的一个人啊。。写出来的歌确实不错，当时半夜用磁带听的威廉古堡。。
JasmineJasmine,5,2007-12-25 23:10:24,0,当年的歌连我都喜欢
玉木大河,4,2015-08-10 14:12:48,0,我发现周董所有专辑我似乎都没标过。。。马起来。。。
五月微蓝,5,2007-09-11 23:57:20,0,一直认为这是他最好的一张。
Zoe,5,2017-04-20 04:08:54,1,好有才华！
流深,4,2009-03-28 18:24:45,0,真可惜，那里面我喜欢的并不多。后知后觉的，有上海一九四三。
十个斗的眼窝浅,5,2010-07-27 20:08:17,2,我的《开不了口》《爱在西元前》《简单爱》《安静》
踢小石子儿,5,2012-05-19 10:11:58,0,那时候我才多大一点点啊。。。
原獸god,5,2009-11-19 17:59:00,0,神作！愛！！
Happy Wiggin,5,2009-05-22 22:56:04,0,我很想给这张打6个星星>/////<
給料泥棒,4,2010-02-11 15:09:04,1,是耳朵选择了你。
兰 希,5,2011-05-19 20:09:51,2,范特西和紅色套頭衫是永不過時的icon。
息为,5,2012-11-19 21:01:54,0,记得那时候周杰伦还很丑，歌还好听得动人。现在听起来也那么好，甚至比以前更好，也许是因为时间和经历的润色吧。
西部獭仔,5,2011-08-15 16:25:03,0,永远的经典
BtKnowhere,5,2010-05-23 12:16:55,0,怀念你最美好的时候
荼,5,2011-05-29 18:47:52,0,我知道你是周杰伦。
Layla,5,2008-09-20 12:03:46,1,爱在西元前
17,5,2010-07-15 14:52:15,1,虽然有人说很泛滥喜欢他很庸俗但我不得不说初中的青春时光是他的歌声陪我度过的我不能忘记
🌟亚树🌟,4,2006-03-16 14:01:50,0,简单爱
笪笪,4,2011-01-05 21:26:39,0,经典的专辑
痴人,4,2007-11-19 20:04:37,0,个人觉得这是jay最好的一张。
靠谱青年™🌈,5,2007-07-31 03:42:12,0,他最好一张唱片，目前
李果树,5,2010-09-14 21:42:15,0,再就没了
林喜喜喜喜。,5,2008-07-23 13:50:57,0,话说是我听的第一张周董的专辑。想那会儿这男人多可爱。
战国客,5,2007-06-27 11:18:20,0,except忍者&安静&对不起
山之南,5,2015-04-16 20:57:39,0,现在听来，依旧是才气满满，从周杰伦开始华语音乐进入了新格局，曲风开始多变，有更多融合。双截棍的编曲超厉害。
千与千桐,5,2007-11-09 16:41:19,0,初一的冬令营
momo,4,2010-11-11 10:36:20,0,那时候一版卡带可以听一个月
Milk,5,2009-10-26 15:13:37,3,这样的周杰伦好像已经消失。
血源2出了吗？,5,2009-08-30 07:39:24,0,初中啊初中
家常辣酱,5,2009-03-30 13:07:45,0,上海一九四三
斯 琰 🌈 🍭,5,2013-06-28 21:37:12,0,除了《对不起》的存在感较弱之外，每一首都是他的经典啊~
大佑,4,2010-02-17 14:25:42,0,娘子
小小,5,2008-09-27 19:39:02,1,【2001年，2，范特西】你的出现，是我如果错过的错误。
Augenstern,5,2010-02-03 18:42:59,1,第二张，等我。
七瑾安,NaN,2007-10-21 17:32:54,0,jay的成功。
润物,5,2015-08-09 03:19:52,3,真正的一张无以伦比的绝对载入史册的专辑，周杰伦所有专辑中最经典甚至可以说无法被超越的巅峰之作，承载了几乎全部8090后的青春记忆。第一张专辑轰动之后，可能没人能想到随之而来的第二张范特西的水准能够更上一层楼，但事实胜于雄辩，周杰伦可以做到，这专辑每首歌都是经典，放到现在也可谓神专
沈来福,5,2012-09-18 16:40:03,0,回忆。
蘼迷猫,5,2011-09-21 11:10:03,4,4.8星，出道的两张就到达了巅峰，所以以后的超越是个大难题。。。
煮蓝,5,2011-01-01 22:01:20,0,如果有十颗星的选项，我想献给你。
水音,5,2011-01-18 19:14:42,0,果然还是早期专辑有爱啊……
五月之星,5,2007-10-04 22:10:21,2,谁不听谁就是装逼
Rosyrain,5,2008-05-11 11:02:13,0,牛逼
Jude秘密仙神,5,2010-03-31 14:15:18,1,觉得他最好的专辑，近几年的都没在听了。
器官坏死,NaN,2008-03-25 12:22:08,0,喜欢这个本色的人和简单的歌，仅仅这一张
qweerew,5,2011-04-25 12:46:40,0,无损的听听
我在思考人生,5,2012-05-22 22:43:41,0,窃以为才华倒数第二横溢的专辑
菲以,5,2008-04-26 22:38:14,0,当年一堆人唱得真是烂熟于心。直到若干年后的今天，还是众人K歌的保留曲目。
蕾蕾,4,2006-10-19 22:46:19,0,簡單愛愛在西元前
捂脸™,5,2009-03-27 01:30:01,0,这张专辑同样很不错..后面的就...Otz..
凛,5,2010-05-10 22:52:33,1,相当不错啊！本来我对Jay没有什么感觉的！不得不承认Fantasy确实很好听！
方東美,4,2013-05-19 08:10:46,0,为什么叫范特西？
夏至线,5,2009-04-22 23:27:16,0,01年出人才...
哪吒,5,2010-04-17 19:58:07,0,那个时候的周杰伦啊
mikaholic,5,2009-07-09 14:42:47,0,無疑問這是他最好的啦..你看他還是壓低帽子的..后來變成了頭發都jell起來的..
原来是西门大嫂,5,2010-09-07 21:27:40,4,边写主旋律边重温，难道这不是周董的一张盗梦空间么，充满了不仅脱离人间甚至抽风到宇宙的曲调儿和文字，各种穿梭时空穿梭年代的神秘怪异。我始终和塞着耳机听磁带的年纪一样觉得这是最好的完美的一张。不过一直追随自己的步伐也是一种无可奈何的牛逼啊。上次唱K的时候拖拖还说，他的前几张根本不用回忆张嘴就全部都能唱出来啊。
TRUTH CN,4,2008-12-18 20:04:34,0,1.爱在西元前3.简单爱5.开不口6.上海一九四三7.对不起8.威廉古堡10.安静
蕉,NaN,2016-06-24 17:07:00,0,爱在西元前/简单爱/双截棍
六月天蝎,5,2007-05-11 09:52:39,0,不错的唱片
时间的玫瑰,4,2008-01-09 18:03:18,0,曾经迷恋过。
0405|Love&Life,5,2008-06-15 18:46:09,0,最爱
翔樹。,5,2008-05-27 23:56:51,1,这张专辑听最久，反反复复在复读机里。里面藏起的全部都是无法泯灭的时光和自己。
Supernova™,5,2008-06-05 21:11:12,0,台版生日禮物
minhe,5,2010-12-31 21:51:06,0,可以说挺经典的
圈地自萌,5,2018-01-13 14:06:53,36,儿时的偶像啊、整个青春的记忆，开心难过都是听你的歌，伴我度过多少个夜晚，你陪我整个青春，我陪你慢慢变老
Doggze,5,2011-04-17 00:15:32,0,这个真的很好。。。。。现在没有这个味道了
Tokugawa,5,2009-12-01 21:37:12,0,中学班上的录音机。
小檠的罗宾熊,4,2010-12-28 23:08:52,0,【简单爱】啦~【安静】啦~【开不了口】啦——都太经典了TT连MV也拍得很经典T3T
Solidibiza,5,2010-05-01 18:15:44,1,当年火的一塌糊涂，华语版的THRILLER?
阿踢,5,2008-06-14 23:17:57,0,永远的周杰伦，永远的回忆..
每天一粒茶叶蛋,5,2011-05-29 13:26:43,0,简单爱双节棍安静大周也是一个里程碑啊TVT
Nisky,4,2008-01-27 13:55:38,0,消沉的起点
有一艘不羁的风,NaN,2010-11-22 22:50:03,0,哎
宋阿慕,4,2008-02-19 15:39:12,0,那个时候周杰伦还很厉害.
白白的白,5,2010-06-03 22:58:06,0,我永远记得初听这张专辑时全宿舍进入疯癫状态的美好岁月~~这是周杰伦最牛逼的专辑~
幸福超市总经理,4,2012-07-24 01:34:25,0,快使用周截根儿
青蛙,5,2010-09-20 09:23:52,0,从这之后的专辑，我开始无视他。
空羽,5,2008-06-27 21:12:36,0,经典中的经典，压制陶喆的扛鼎之作。从此，周杰伦横空出世了！！
O,5,2011-06-10 14:17:47,1,周先生，爱你从始至终。
Felix,4,2007-09-28 09:51:39,0,周杰伦Jay范特西R&B华语
Chimney,NaN,2009-09-04 11:53:44,0,2001/Jay
奇奇酱盐你一脸,5,2010-12-26 22:41:10,0,这张是JAY所有专辑中歌曲，音乐水平最棒的一张。
Echor,5,2008-01-10 13:02:47,0,至今爲止還是最喜歡這張唱片。
邃。,3,2008-12-06 21:55:50,0,猪推荐给我听的.2001年我还在读小学，汗~当时只知道这个人就是那个吐字不清的猥琐男~
刘尼尼,5,2021-11-20 08:38:47,1,再过20年也还是满分专辑
井行,5,2010-05-22 09:53:32,0,这张是无法超过的经典
日记家,5,2007-11-13 23:56:28,0,初中磁带，双截棍和忍者都会唱！╭(╯^╰)╮
psy,5,2009-03-07 02:19:01,0,疯狂的十班人
ivyzhu,5,2008-07-12 16:49:13,0,很遗憾当时我又是第一批听周杰伦的先锋之一
静流,4,2010-01-02 14:25:31,0,听的第一首歌是威廉古堡。
Sin.,5,2012-06-17 23:29:26,0,同样是小时候的记忆，不喜欢这个人，但这张专辑，尤其无可否认
文小二,5,2010-06-21 10:05:08,0,绝对经典的爸我回来了。双截棍。威廉古堡。爱在西元前。忍者。
琴酒,5,2008-08-07 18:18:25,2,最爱他的时候。
2999圣诞老人,5,2009-05-06 21:23:36,0,他的专辑里我最喜欢的一张，比起第一张时的青涩以及第三张以后的浮华，这张足够纯粹。
Carrie,5,2013-10-31 13:44:10,0,><
杜松,5,2012-11-29 22:59:00,0,都忘了还有这张了
keppel,5,2010-11-15 23:29:20,0,至今仍然是心目中的经典
归耕,5,2013-05-02 02:09:54,0,其实我也是周董的脑残粉
熊生海海蔫蔫地,5,2011-05-27 22:58:01,0,原来都过了这么多年了啊
清胧,5,2011-02-18 22:57:48,0,曾经的初中我也是听他的歌走过的。他的专辑里我最喜欢这一张。上海一九四三，爱在西元前，简单爱，开不了口，安静…
Molly,5,2013-05-02 05:44:23,0,循环重播。如果致青春加上标签，周杰伦是必须的。昨天晚上做梦，梦到我回国了..回到初中教室了..Er..
WWrenLiiiiiii,4,2007-01-16 22:02:13,0,好歹也是听过很多次的
张霓,5,2015-09-08 03:01:06,0,首首经典。
Incógnitaro,4,2011-11-25 22:28:52,1,忍者这首歌是完全可以省去的纯欢乐歌曲....
你别偷我鱼啊,5,2013-10-09 10:01:52,1,这张专辑里有一首歌叫做《对不起》，它值五颗星。
会打字的跳舞机,5,2014-03-08 20:52:41,0,仿佛回到十六岁，青春期刚刚开始。怎么可以一直长不大呢。
烟,5,2014-10-12 12:39:18,0,无需评语
ComicCelia,5,2014-08-28 20:21:12,0,手上唯一的周杰伦专辑。——那些买卡带的年月
Jyn Erso,5,2010-03-15 16:09:47,0,2002.个人认为最好的一张专辑
芳香烃,5,2012-11-12 16:37:41,0,范特西
牛花,5,2013-07-19 15:36:35,0,情歌一级棒，rap歌不太喜欢，爸我回来了了学阿姆。
爱地人,5,2010-01-16 17:25:23,0,已豆列。
LiBeRte,5,2012-12-24 19:42:44,0,國小每個人都在聽都會唱，大家狂用下課時間播放然後拿著歌詞本練RAP，嗯，當時都是正版CD。
二手月季,5,2009-12-24 19:32:53,0,当年的当年的。
你最爱的表哥,5,2012-02-02 17:11:18,0,叫我如何能忘怀
tavico,5,2019-09-18 13:14:43,4,如果说我真的有迷过周杰伦，那就是《Jay》到《八度空间》这三年。从古至今整个华语乐坛也只有周杰伦一人，一辈子都在唱片里重复自己却仍然受到推崇，不上升到性别讨论，那就只能证明前三张有多空前绝后，80后的青春里，谁还没有一张周杰伦？
laureen不高兴,5,2011-10-06 21:19:57,0,初二的时候
西决,4,2011-03-21 18:10:43,0,加一个！
马三,5,2012-02-14 20:30:17,1,怎么说呢。。我们允许他创作的枯竭，因为他陪伴了我们的年少岁月。fairenough
飞行员,5,2006-06-20 17:12:27,0,周杰伦我最喜欢的一张
大科学,5,2013-06-19 18:51:55,0,从不同政府层次看，越是较低一级政府越要强化公共服务职能，淡化经济职能。这是地方政府职能转变的基本方向，也是地方行政体制改革的根本方向。——胡鞍钢
马达[mǎ dá],4,2013-06-26 21:39:33,0,高中时候听的。貌似还有一张卡带在家里.......
jeffchuwei,5,2010-03-09 17:56:12,1,没法说的一张专辑周杰伦只存在于这张专辑中
芥末蘸酱,5,2009-09-30 15:07:36,0,开始接触流行音乐。
潘粤萌大表妹,5,2013-07-08 12:08:29,1,留学生在旁边课间放简单爱，我就哭了
