user_name,star,comment_time,vote,short
Claire,4,2007-04-24 21:59:46,98,淘汰还是周杰伦唱得好听点，感觉比较对……
文泽尔,4,2010-08-30 05:52:40,81,我来到你的城市.走过你来时的路.想象着.没我的日子你是怎样的孤独.拿着你给的照片熟悉的那一条街.你会不会忽然的出现在街角的咖啡店我会带着笑脸同你握手拥抱并排坐着就好别去寒暄.我多么想和你见一面看看你最近改变还是想说从前不过仍会有一句.好久不见...仿佛受到暗示一般，反反复复听了好多遍.这是《十年》故事的另一个版本，都是时光淡去最终放手的悲剧.所以歌词改掉吧嗯改掉了=v=
Ding,5,2011-05-17 20:04:33,74,得不到的永远在骚动被偏爱的都有恃无恐来自《红玫瑰》
Bill,5,2007-04-26 13:02:56,40,有超经典的『爱情转移』和『好久不见』但也有质量一般的作品归于老路但在如今的华语乐坛这样的水准已经算是不错了与商业的抗衡
停用豆瓣勿cue,4,2012-02-13 10:37:02,10,「淘汰」曲很K，词太烂不能怪杰伦，他写的词从来都天雷滚滚。「爱情转移」很K，「好久不见」流传度也很广。所以这是张很K，但精彩度依然远远比不上粤语作品的国语专辑...
潋 | Béatrice,3,2013-04-15 14:08:34,6,制作班底一如既往的强大雄厚，但是既然是一曲双词，为什么往往国语版都极大程度地逊色于粤语版，为什么国语版经常出现辞藻堆积言之无物华而不实的词。最靠谱的还是国粤语都让同一个词人来填。专辑为了迎合流行，虽然旋律悦耳很多，但出现了赶工口水的痕迹，只有四五首歌属上乘之作。
小小玛丽奥,4,2010-08-03 22:17:03,6,我想说的是：专辑封面和DanielPowter好像啊！！！
tlmgt,1,2011-06-07 01:26:02,2,差
Hao,4,2010-06-04 21:41:20,4,《好久不见》，太伤悲。
L I M O,4,2007-09-07 15:08:35,0,我認了。
Luu,5,2010-02-11 16:27:06,2,好久不见
Song³,4,2008-12-17 16:47:37,0,新艺宝国语。爱情转移好久不见
令糊葱,4,2008-10-14 01:29:02,0,认了吧。
zard砸得王大崩,3,2007-04-20 16:26:33,0,认了吧。对国语实在是缺乏感觉，再加上对WGO那张也缺乏感觉……
尉迟,5,2010-04-26 02:54:58,3,总是爱你的国语碟胜过粤语碟。
夏日扬帆,5,2015-08-03 16:03:38,0,诞生了太多代表作了
DeerColin,5,2013-04-22 15:58:57,0,"其实我是对照着""What'sGoingOn...""听的，我在想如果是《认了吧》发行在前，那么下面的乐评又会怎么写？《淘汰》《红玫瑰》《好久不见》《爱情转移》，KTV排行榜常年居高不下的传唱歌曲"
肥匪廢·老🐰,5,2010-08-07 13:05:30,0,我多想再和你见一面……
𝙎𝙥𝙖𝙧𝙠𝙮 | ✟,4,2008-12-20 22:00:08,1,除了那个呼叫转移。
伊豆,4,2009-10-26 13:44:57,1,很显然，陈医生并不适合周董的那个tone，所以淘汰真的很麻麻。月黑风高的歌词简直是神作！好久不见是医生唯一一首国语歌词好过粤语的。爱是一本书很耐听，红玫瑰也不错。裙下之臣比烟味好太多。
小M,5,2009-06-27 16:11:57,0,最喜欢的一张~
大橘喵子^ ^,5,2010-07-30 10:41:43,0,你会不会忽然的出现，在街角的咖啡店。我等过多少晴天雨天，直到你牵着别人的手，出现在我面前。
深津奈留,4,2011-04-09 22:39:49,0,爱情转移歌词很烂1不过富士山下知道背景就能明白了。笑。
Ridden,NaN,2009-11-24 17:55:16,0,淘汰。红玫瑰。
○Ⅴ○,4,2010-07-08 13:25:54,0,我希望，我们不要分别。我想见到你，每天。
Hey Johnny,4,2009-10-10 22:49:09,1,《好久不见》——温暖的词温暖的声音。《淘汰》《白色球鞋》也很好听。
伊卡洛斯,5,2011-07-16 12:42:58,0,是否说爱都太过沉重，我的虚荣不痒不痛
KeneL裤头,5,2007-04-19 01:17:59,0,若[TWOSIDES]出成了，定会是另一番景象...但如今...sojustadmitit...
mee,3,2007-04-26 14:01:59,0,歌词啊。。。太白痴。。。
Showing V1.4.1,5,2011-03-26 15:23:18,0,唉。
Bartholomew,3,2009-06-03 17:23:42,1,我买了这张专辑哩。差wgo太远
徒然曜日,2,2007-04-22 01:12:43,0,...
猫语猫寻,5,2013-01-17 14:27:58,0,专辑名是在劝我么？唔，认了吧！好久不见有的时候不如永远不见！
怀山鹿,4,2010-05-02 16:12:24,0,烟味，爱情转移~
团小纸,4,2014-04-28 16:49:25,0,红玫瑰
Tatiana,5,2009-12-27 18:30:23,0,红玫瑰~太棒了~
letriple,NaN,2007-04-25 15:08:34,0,不愧是eason，没那么差。。。真没那么差--
拎北闲闲没代志,5,2010-07-02 23:57:31,0,简单的我爱你你却老不信
杜扬Seatory,3,2007-04-30 04:22:06,1,老了么不行了
kokki@靠模子,5,2010-02-27 19:02:12,0,终于掏空终于有始无终
铎奇,3,2009-12-02 12:45:11,0,得不到的永远在骚动/被偏爱的都有恃无恐。
数人的绵羊,4,2010-03-30 21:53:55,2,Eason用一曲辗转的《好久不见》演绎了卓别林式的悲情与寂寥。虽然《好久不见》不如粤语版《不如不见》好听，但是MV实在是很经典。
バカ蓝蓝,5,2010-08-26 00:09:07,0,你会不会忽然的出现在街角的咖啡店
[已注销],2,2011-02-25 13:19:21,0,爱情转移+爱是一本书
Illusion·L,5,2015-09-06 09:26:11,0,才能听懂
绿酱（冷萃版,5,2010-10-05 12:47:25,3,我循环红玫瑰已经到了一种癫狂的程度了。
五月微蓝,4,2007-05-30 17:43:53,1,Eason是如今这个香港乐坛的另类，很庆幸还有他一直的认真的歌唱。
小猪de世界,5,2007-04-22 13:55:26,0,感动的要命Eason唱的太动人了
半·糖®,4,2007-08-16 22:07:06,0,经典粤语歌的国语版，听过粤语版的话就觉得还是粤语的好听。
郭小懒,5,2009-11-22 11:00:28,0,我认了
Vince♫,5,2011-10-01 16:43:44,0,好久不见
艾利斯,NaN,2007-05-19 08:15:49,0,依然感性的声音。
Люба,5,2010-10-29 17:08:10,0,到了一定年纪总算明白多数美好事情都发生在青春时候
小笼狂人fx5700,4,2010-04-15 17:10:50,0,纯粹为了听烟味当中的一段solo
辣碗痞丝,4,2015-05-28 12:55:26,0,为啥这些歌火了我们就受不了了呢
partisan seed&,4,2009-02-11 21:25:30,0,你當我是浮夸吧，夸張只因我很怕~~~
≌菩提风花,3,2007-05-27 08:35:20,0,没有新调果然听起来很没劲么?...可怜我的钱包...
荼,5,2012-03-25 20:20:19,0,红玫瑰。月黑风高。
給料泥棒,NaN,2010-07-04 21:02:39,0,好久不见
&,NaN,2007-08-07 18:15:58,0,唉，歌词写的太烂
某水,5,2013-07-31 13:51:40,0,"""爱的样子像首歌，几亿万人都不懂.你今天在做什么，你是怎样回忆我.故事书写的很美，谈爱情的人类，总是要掉眼泪"""
c小调的冰蓝,5,2011-01-19 19:46:27,0,只是說一句，好久不見
苇间疯,1,2007-04-30 15:54:56,0,把粤语全照抄为国语……无语
ピーち.,NaN,2008-09-11 10:20:18,0,我认了
Bigdumbface,NaN,2007-08-20 12:33:18,0,一直喜欢的陈奕迅
Bill,5,2013-03-07 12:41:50,0,基本一首好久不见就够五星了，加上爱情转移/红玫瑰/...
tavico,3,2018-07-01 10:48:48,1,基本上是我不会碰的陈奕迅的专辑，有了《What'sGoingOn》珠玉在前，这张低劣A货版就全然没有存在的必要，就算当初国粤语同时发行，国语版的歌词还是需要再斟酌下。
緑沼,5,2013-02-08 16:06:05,0,你在聚光灯下说，情歌唱得太伤心。
斯 琰 🌈 🍭,5,2012-04-03 18:05:34,0,不管是不是翻唱了粤语歌好就是好
Nosferatu,4,2013-11-19 09:37:26,0,同样的歌，医生唱来就格外的温暖人心。
WWrenLiiiiiii,NaN,2007-09-30 00:01:22,1,月球上的人
蒹葭,5,2012-04-15 03:29:31,0,好经典
Echo,4,2011-08-19 00:40:38,0,有几首特别喜欢歌词让我沉沦
BC,4,2015-01-14 07:16:29,0,好catchy..烧完青春换一个老伴
琉森,4,2008-08-18 21:46:09,0,推荐《红玫瑰》
水,5,2012-11-19 23:45:20,0,得不到的永远在骚动。
Silvara澈,5,2010-07-13 10:28:24,0,爱情转移。
Ziyue,5,2012-04-30 19:04:15,0,华语界我只喜欢几个歌手~
小雨,5,2010-09-02 01:20:44,0,催泪瓦斯
愤怒的面面酱,5,2010-05-15 22:26:06,0,我会对谁说声：好久不见啊~
夜国,5,2012-04-03 13:01:05,0,烟味，淘汰，快乐男生，红玫瑰，月黑风高，爱情转移，好久不见，爱是一本书，白色球鞋，月球上的人(粤语)
美丽新世界,3,2007-04-26 20:45:17,0,月亮上的人。
崮莔☂°,5,2007-08-15 01:34:28,0,喜歡他沒有理由啦
尘埃野马,5,2013-01-06 23:04:25,0,近两年很喜欢eason的。。。
昵称已被占用,4,2007-08-17 15:16:41,0,还是喜欢广东歌
翔樹。,5,2010-07-13 20:32:48,0,好久不见。红玫瑰。爱是一本书。
每天一粒茶叶蛋,5,2011-04-04 22:07:04,0,好久不见啊！！！日！！！！！！！！啊啊啊啊！！！！！
Lillian,4,2010-10-04 11:22:27,1,月球上的人
Sash,NaN,2010-08-28 20:46:15,0,没说好听，没说深情，还在听。
Panda的影音,5,2016-08-02 08:47:16,2,今天才知道《淘汰》是周杰伦谱曲作词写给陈奕迅的。
Felix,4,2007-09-21 13:45:13,0,陈奕迅EASON认了吧
安乔,5,2012-01-13 07:58:30,0,阳光在身上流转，等所有业障被原谅
等到风景都看透,4,2011-01-24 23:26:31,0,爱情不停站想开往地老天荒需要多勇敢你不要失望荡气回肠是为了最美的平凡
文小二,3,2010-08-14 17:13:51,0,月黑风高。
momo,5,2010-11-24 15:51:48,0,清晨用小音箱放这张，把舍友听伤感了~
凯丽要一夜暴富,3,2009-02-19 16:34:11,0,扣jay的分
Spring Xu,5,2011-12-19 17:14:54,0,想打十星
朱大侠。,4,2011-08-02 10:59:33,0,我记得你喜欢陈奕迅的歌，而这首歌突然刺进柔软的内心，我多么想和你见一面，看看你最近改变，不再去说从前，只是寒暄，对你说一句，只是说一句，好久不见。
形无阻,4,2010-09-29 20:40:12,0,只能说我认了。
【半注销】,4,2010-02-08 05:41:58,0,红玫瑰。
