user_name,star,comment_time,vote,short
Bill,5,2008-01-17 12:27:37,33,AcidJazz前半张和后半张有比较大的反差有些生活化的歌曲很不错『姊妹们的聚会』及『失控的胖子』『回忆』口白与吟唱结合得很完美
固力果guriko,5,2009-12-24 12:26:54,76,这张真的是歌如其名
锐利修蕊,4,2019-04-13 20:26:29,18,进入千禧年的范晓萱，决心用这张专辑将之前的自己做融合，一面是抒情歌手，一面是甜美嗓音，用这样的声音唱爵士，大概会颠覆别人对爵士乐的刻板印象，找来怪怪的ASOS分摊专辑中的一半词曲，另一部分自己写，收录在刘以达《水底乐园》中的国粤语歌曲也拿来，专辑最早决定的两首歌反倒放在最后。如果没有当初的“派对风波”，这张专辑应该得到更多人的认可。前半张的AcidJazz以展现四姐妹友情的《姐妹们的聚会》为intro，也拉开了绝世名伶的音乐好戏。尤以一首Bossanova的《你》显得精彩，范晓萱需要一个情感的宣泄出口，因此在这首歌里，一句“神其实就活在自己心里”，又觉得“你”的含义，并不只是情爱世界的委曲求全。后半程更强调视觉化，暗黑童话加上口白，浮于表面的是那些深层伦理。但几首歌形式过于散乱，明显垮了。
悬溯,2,2010-08-14 17:10:58,39,大小S写的东西也只有范晓萱会用。
tlmgt,3,2011-06-07 01:27:18,7,非常不行，前半张还可以
张大水,4,2009-08-07 13:34:38,12,还是最爱这个时候的萱。
Luu,5,2012-03-20 12:00:34,3,衣服本身不好就会起毛球
JulyChan,NaN,2008-04-10 23:52:45,8,被一小撮人特别地喜欢着。
DeerColin,3,2018-05-28 22:55:28,8,台湾歌手比香港歌手“好听”多了。据说这是一张让大小S历史地位得以提升的专辑，哈哈哈。【你】【最好的爱煞人武器】(曲：刘以达)【人类】
苏格,4,2006-11-09 19:12:47,5,最喜欢《你》
Jr.Pimp,5,2010-07-07 17:10:28,7,这个曾经幼稚无比的女人也可以爵士因为她有太多的故事
三层保暖,5,2009-06-25 10:58:26,2,我喜欢封面中的你
Song³,5,2008-10-07 20:42:51,4,YouDon'tTrustMeAtAll/最好的爱煞人武器/失控的胖子/如果我先死怎么办
L I M O,5,2007-09-01 22:53:11,2,回憶最美。
zard砸得王大崩,5,2006-12-14 16:05:50,1,超喜欢这张的调调。正如专辑文案所说青春期对世界的困惑和爱。jazz适合她
斯 琰 🌈 🍭,4,2013-02-16 18:29:52,3,着实让我很惊艳的一张专辑，没想到在组团玩摇滚之前的范晓萱这么婀娜妖娆过。最令人称赞的还是大小S的那些词曲，诡异但富有灵气，是专业填词人绝对写不出来的，可惜她们没能一直写下去。不过还是有几首不是很喜欢，所以给个4星好了。
半袖,5,2006-01-09 11:28:37,1,惊艳
StevenTong,5,2009-07-15 00:33:53,1,全碟我都愛到爆。
littletwo,3,2008-10-18 21:43:37,0,晓萱的自说自话
薛定谔的毛,5,2015-01-26 21:10:20,1,歌词好棒！
JasmineJasmine,3,2008-05-29 19:07:07,1,如果我先死了怎么办，曲调怪怪的，词很凄凉，至少当时的我这么觉得
香水瓶,5,2006-04-30 14:43:47,0,喜欢这种自然随意的调调，嘿嘿~`
virgin,4,2010-02-16 02:38:06,0,我有！。。
易召,5,2007-06-29 11:10:28,1,那首粤语很惊艳。刘以达的作品。
丝绒陨,5,2010-07-14 10:13:44,0,拿姐妹们和青春期说事儿
倉鼠,4,2011-04-10 16:07:40,1,极度个人风格化
黏黏雲端,5,2017-11-08 09:00:36,1,YouDon'tTrustMeAtAll，休毕杜比哒
夏日扬帆,5,2009-07-22 13:07:12,0,独立都该鼓励
十六。,5,2010-11-11 17:14:15,0,Udonttrustmeatall。
banana*🌈,5,2006-03-24 00:57:03,0,翻出来再听！
泉の向日葵,5,2006-05-13 10:55:11,1,最好的爱煞人武器
Summer孙夏天,4,2011-06-11 11:20:38,0,整张，喜欢。
𝙎𝙥𝙖𝙧𝙠𝙮 | ✟,5,2008-06-01 11:18:34,0,私人最爱的一张属于mavis的音乐。
小狐狸BOBO,4,2005-12-26 15:33:08,0,小魔女转型勿扰
音乐小分子,5,2013-10-17 09:05:38,0,如果我先死了怎么办
犬犬七🏳️🌈,4,2012-06-10 15:19:57,0,……
Ridden,4,2008-02-01 13:44:48,0,回忆。YouDon'tTrustMeAtAll。
梅生,5,2005-12-02 10:55:56,1,这张唱片，喜欢听范晓萱唱乖乖情歌、儿歌的人肯定不喜欢；相反，如我，则爱到要死。可说越听越好听、越悲伤越想听。音乐里的痛其实是私人化的痛，可是我却有同感。很震撼，尤其最后一首和〈马戏团〉。
谁亲爱的偏执狂,4,2010-01-19 13:31:21,1,从这张开始终于放弃了做自己的范晓萱，所以当我再次决定面对她的时候，也要从这张开始。
mee,4,2006-01-04 00:42:36,0,忧伤的声音，但很灵。
时以星,4,2015-03-21 14:39:44,0,最好的爱煞人武器
夏日良人°,5,2010-03-30 23:00:27,0,回忆，又重听了这张。TT我出门的时候从来不带脑袋。
Sophie  Z,5,2010-11-28 23:01:24,0,YouDon'tTrustMeAtAll
Karonen,5,2009-06-26 14:43:21,0,回忆
不擅长,5,2010-06-13 23:45:27,0,http://www.xiami.com/album/8265
杜羽,4,2010-08-08 17:31:34,0,YouDon'tTrustMeAtAll
eveilebi,5,2011-04-21 13:48:52,0,这张唱片简直是经典中的经典！
麦心,3,2012-06-10 13:50:54,1,Jazz是骗人的······小清新······
薇羅尼卡,5,2006-01-08 23:22:11,1,这张唱片包含的是一个绝对真实的范晓萱，而不是以前那个只会蹦蹦跳跳的小女生，很值得一听。
机动美少年高興,5,2014-02-26 22:45:15,0,SpecialThanksto徐熙娣
猫语猫寻,4,2012-10-31 12:55:43,0,绝世名伶，爵士名伶……
FREAK_SYNK,4,2011-04-04 23:10:44,0,你不了解我但你会试着去这么做
summer吟游诗人,4,2012-06-19 13:51:18,0,是不错。但是不打动
Tatiana,NaN,2009-08-17 14:16:08,0,回忆
A,NaN,2007-12-07 22:38:30,0,极力推荐！
朱朱朱古力♥,5,2010-04-11 13:55:01,0,太喜欢回忆
godeau,4,2010-10-19 18:18:28,0,不错
日烟火,5,2008-09-22 19:23:10,0,没啥说的。大爱。
艾桑,3,2006-05-13 17:42:03,0,喜欢其中几首
飞翔的赫尔梅斯,4,2008-06-17 18:45:36,0,算是蛮实验性的一张吧，确挺喜欢的
三言,5,2011-09-28 22:41:42,0,让我重新认识她
某线,5,2009-11-10 22:05:35,0,n年前买的最后几盘正版磁带之一，爱
不要焦虑浣熊妹,3,2011-04-03 23:16:17,0,她的声音真好听
雪翎,5,2010-01-25 17:08:08,0,絕世名伶誠然絕世。曉萱的才華一覽無餘。
草原上的咩咩羊,5,2010-10-18 13:24:41,0,超级喜欢她
捌朵,5,2010-06-12 12:15:28,0,居然一直没按听过，这张专辑真美好
五月微蓝,5,2008-11-21 23:29:00,0,喜欢这样的Mavis
掩杀,NaN,2006-04-22 13:15:17,0,jazz
黛二小姐。,5,2009-03-25 13:37:10,1,你回忆
Vince♫,5,2010-01-10 19:17:02,0,回忆
Lethe。,5,2007-11-27 22:35:15,0,刚听的时候很失望，过了四五年以后才发现居然都是精品。
不非否,5,2013-01-22 14:39:37,0,诙谐灵动每次听失控的胖子都笑到不能自己
宋不吃,5,2010-02-28 14:09:36,0,范晓萱真正的突破之作。
阿咩,5,2010-12-05 11:22:17,0,毋庸置疑不是一般两般的爱
TristanShen,4,2009-03-29 12:28:45,0,4.1
KAVA,4,2012-07-20 09:04:24,0,相当不错
彌張,5,2010-04-22 18:30:00,0,回忆是最爱的
苍★☆☆☆☆,3,2012-05-18 22:08:46,0,分这么高但我觉得不好听…………除了里头几首歌的曲子不错，一看发现是刘以达作曲OTZ
給料泥棒,5,2010-02-09 14:04:57,0,最好的愛煞人武器
kingfish,4,2006-03-23 10:50:57,0,马戏团23你汪汪汪起毛球回忆
笪笪,3,2014-05-16 00:21:53,0,这张专辑加入了很多元素，想说什么就唱什么，给我整体的感觉就是。。。不好听。。。
XA™,4,2012-12-06 00:07:44,0,《失控的胖子》～
许玉玉,4,2006-03-18 12:15:10,0,小宣长大了，看见了成熟的忧伤和优雅
暝明,5,2008-04-05 19:27:06,0,自言自语。小女人的神经质。大女人的情绪化。
猛汉世雄,3,2010-01-16 17:43:49,0,一点儿都不喜欢……有那么好听嘛……=。=分数打那么高……其实伦家好想打两星……
金拾壹,NaN,2008-05-31 23:15:47,0,初中的时候有买但是那时候觉得不喜欢这种风格现在不一样了回忆很赞
林||我们谈什么都像谈死！,4,2007-02-05 15:10:56,0,我亲爱的Mavis。自刻。
HOWl,4,2010-06-07 13:39:34,0,挺开心的==
四二,5,2008-03-13 20:01:58,0,呜呜呜。T______T
y▓▓▓ton,5,2009-12-06 12:19:06,0,Mavis唱jazz还是很有味道的
煮蓝,5,2007-12-01 16:12:10,0,开始转型的，小妞。
tavico,5,2007-12-17 01:05:44,0,经典代表作
安德,4,2011-11-03 19:10:36,0,反骨的范晓萱我喜欢诶~~
菲以,3,2011-05-03 02:15:16,0,太文艺，自high还有点自怜？
桜,5,2009-09-11 15:40:23,0,我一直很喜欢爵士乐
徐李夫人,5,2011-10-06 19:40:32,0,妈的这张真好听
小舞,NaN,2009-02-16 21:04:13,0,最喜欢她这个时候的状态
Ziyue,NaN,2012-02-25 23:44:01,0,佩服这女人.^-^
Maurice Moss,5,2019-01-28 00:27:20,0,太可爱了
麦小麦,NaN,2008-01-03 21:54:36,0,我一直在聆听，及吟唱……
