user_name,star,comment_time,vote,short
丶,4,2011-12-20 22:46:54,29,属于很动听，没有如果很上口，别再为他流泪很感人。
锐利修蕊,5,2011-04-30 13:16:45,36,梁静茹近几年最好的一张专辑。
Bill,4,2009-01-29 23:52:41,12,开始要考虑换风格了CD搭卖EP倒是很诡异的一件事情封面不着调选歌很不好唱功也未见长感情似乎也有点分心
叶子阿姨,4,2009-03-04 20:28:44,16,还好有这一首情歌，我终于敢对全世界说我爱你了。
阿朽,3,2009-01-16 20:33:35,4,纯粹因为专辑名才听，梁小姐的声线依然让我毛骨悚然，相信音乐可以去死了。
StevenTong,4,2009-01-22 13:34:40,5,平均起來比《崇拜》要好。我很喜歡第一首和第十一首。
停用豆瓣勿cue,4,2011-11-13 18:49:02,2,「别再为他流泪」「天灯」「风笛手」
瓜。相信这个世界很变态。,3,2009-01-19 16:55:47,2,《没有如果》很像SHE的歌……
Song³,3,2009-02-16 22:29:32,2,《没有如果》编曲不错
苏格,4,2009-01-16 12:37:46,4,小女人就小女人的小甜蜜吧，咱就矫情，你嫉妒了？
今天小熊不吃糖,5,2009-02-26 16:39:42,1,单身后就听不下这种歌了……
ztlpoppy,3,2009-05-19 17:25:30,1,我听得晚了
夏日扬帆,4,2009-07-04 09:23:14,1,不是很有存在感的一张。属于很不错
白色的蓝,4,2009-01-19 07:55:09,0,有点感动
DeerColin,5,2012-10-26 12:37:46,4,只有梁静茹这样的女人能把每一首情歌唱出天长地久，唱出地老天荒！！！
郁程,5,2009-01-17 15:30:48,2,没听.直接给5星~~~啊啊啊啊
愛永,5,2009-04-16 20:24:49,0,不再為不值得的人揮霍情感，浪費眼淚，把珍惜留給自己。
北纬30°,4,2009-03-17 22:45:45,6,只爱一首：天灯
tlmgt,5,2011-05-19 13:53:37,1,刘沁阿姨词曲编的《找个人》
门柱,NaN,2009-03-12 14:43:51,0,无聊透顶
半袖,4,2009-03-16 21:50:31,0,舒服。
長閑,4,2009-02-19 15:23:39,2,时光是琥珀，泪一滴滴被反锁。KTV又有歌可以唱了。
zard砸得王大崩,4,2009-01-22 13:06:40,0,对梁静茹历来没有什么要求，只希望她多唱些好听的情歌3+
sorrento,3,2009-01-18 13:04:26,0,第一遍听无感
Marvin,4,2010-04-24 10:37:38,2,风笛手！
凹凸代餐,2,2009-08-16 19:59:00,0,梁静茹史上第二烂
sys1010,4,2009-02-18 18:54:48,1,一整个宇宙，换一颗红豆。
thundercat,4,2010-06-22 16:52:32,2,失恋，情歌与梁静茹。
走走走走一,3,2009-02-03 16:41:45,2,想了半天还是只能给她三星。不喜欢她的短头发不喜欢她过于收敛的笑容和越来越甜蜜的情歌。不不不，这都不是重点。重点是自己，因为自己已经变成了不再适合听这样的歌的人。
尉迟,3,2009-08-31 01:55:31,0,我以为我已经倦了。{没有如果
Summer孙夏天,3,2011-01-25 01:04:29,0,情歌
大橘喵子^ ^,3,2010-02-09 21:17:31,1,生命宛如静静的，相拥的河，永远，天长地久。
石小po,4,2010-10-18 18:20:20,1,这张专辑很有水准，国语专辑里面的佼佼者了4.5
zitsunari,3,2009-02-03 18:06:58,0,属于
Luffyjun,4,2013-02-11 19:36:20,0,《别再为他流泪》《没有如果》《还是好朋友》她的歌我最喜欢的是《会呼吸的痛》。。
乐化天,5,2009-07-22 08:38:23,1,五颗星给陈没和伍冠谚！！！
Gong Shore,NaN,2009-01-24 13:48:02,3,没结果的故事最美___
Pandy,4,2009-10-31 13:45:11,1,听别人唱了一次《情歌》。。。生命宛如静静的相拥的河永远天长地久
mee,4,2009-03-19 22:44:49,0,静茹一如既往的好听。
夏日良人°,3,2009-02-11 16:48:18,0,这一张又用心开始听。
萌塔 C-137,5,2010-05-01 21:34:47,2,没结果的故事才最美。
拉子,5,2009-04-18 12:03:04,0,属于我们的爱情
不擅长,4,2010-08-15 15:08:09,0,10
怀山鹿,5,2010-04-26 20:02:22,1,这个时期的梁静茹最好的作品。从《败犬》的主题曲开始~
亞麻君,4,2010-02-20 15:13:13,1,他的聲音一直暖暖的
麦单,3,2009-03-08 15:53:56,0,推荐《情歌》《爱情之所以为爱情》。三星半。
钟,5,2009-05-13 15:04:44,0,一整个宇宙换一颗红豆。
韩某生,4,2011-02-17 13:44:15,0,如果我说。爱我没有如果。
Augenstern,3,2009-01-25 22:07:28,0,爱情之所以为爱情。
Yome,3,2009-01-16 17:14:28,0,一張不如一張
evonne||芝士命,3,2009-08-04 23:08:50,0,白云苍狗
yupei,3,2009-06-13 12:30:05,0,她的歌都差不多==不過旋律還是不錯的
隐形的人,4,2009-01-21 20:16:47,0,很久没有买过台版的专辑了，这个是一张
mon babe,4,2009-04-15 11:30:48,0,主打曲，风笛手，天灯，情歌，不错
喵丧彪.,3,2009-04-03 12:14:37,0,些少失望.
Tatiana,4,2009-07-09 14:25:51,0,情歌
Illusion,3,2009-02-04 04:25:19,0,偏摇滚了
小号白*,3,2009-11-28 19:47:58,0,梁静茹台湾2009
娘口三三,5,2009-02-03 00:09:18,1,明年入围年度专辑吧。。。
不非否,5,2011-02-06 02:47:40,1,知性的美
Белка,4,2009-02-16 04:32:14,0,她的声音听多了真变怨妇咯...
安蓝·怪伯爵𓆝𓆟𓆜,4,2009-03-04 10:56:50,0,没有如果
斯 琰 🌈 🍭,5,2009-12-27 11:24:00,2,情歌十年，你用《情歌》来纪念与缅怀
逅宝,4,2009-02-01 00:13:16,0,你没变真好爱情之所以为爱情天灯
kokki@靠模子,4,2009-01-27 00:54:57,0,用力抱着
铎奇,3,2010-09-10 17:26:06,0,一整个宇宙换一颗红豆
不语,4,2012-05-07 18:59:00,0,没有如果
卢儿,3,2009-01-17 12:26:58,0,她实在不应该唱waybackintolove
不眠飞行,4,2009-02-20 00:12:20,0,不温不火，从转型后的燕尾蝶、丝路、亲亲、崇拜，这是第一张令我无法打出5星的专辑
小岩菽,4,2009-01-29 20:05:52,0,我依旧喜欢你，但为什么再没有感动了。
拔草非非,4,2009-01-23 22:32:06,0,好听的发过ep了，剩下的……
徐李夫人,4,2011-10-06 12:43:58,2,禁得起推敲的一辑
賴床不起。,3,2009-01-31 22:18:36,0,没有如果。。。
JasmineJasmine,3,2009-01-19 21:52:37,0,在厦门看到她的时候就是这个发型，快换唱片公司吧
Ambery,5,2009-03-12 16:35:36,0,因为败犬女王才听的~
破产君,4,2009-03-20 08:21:16,0,属于/情歌
Zeyao,5,2013-03-09 08:51:46,0,情歌
Icilian,4,2009-12-21 20:43:56,0,一想到你是别人的天长地久我就难过。刚分手的后遗症。。
BtKnowhere,4,2009-09-04 09:53:52,0,情歌
碧心,4,2009-08-04 14:07:50,0,为一首情歌，我给四星~
点点,3,2009-06-01 21:47:41,0,MV太雷
Fornever,4,2009-03-09 22:21:57,0,还好
baichi0038,5,2009-01-16 21:49:24,0,一贯的爱~
润物,4,2009-01-19 15:28:27,2,2张，其中一张是之前发布过的5首对唱情歌，真正意义上的专辑还不错，有几首旋律上也让人难忘，总之依旧的梁静茹，听起来就是舒服。
得我艳与天齐,NaN,2009-02-19 12:06:07,0,很温暖
花非花,4,2009-12-13 00:49:17,0,静茹专辑一盘不如一盘~
豆腐脑敢死队,3,2009-03-02 01:37:38,0,没有如果
抽屉的烦恼,4,2009-05-15 20:42:47,0,四颗星给《情歌》
徐小花,NaN,2009-01-23 11:30:09,0,又是这样
penumbear,4,2010-12-27 16:19:22,1,相音给我的感觉越来越程式化了，尽管这是一张非常好听，也有足够分量打动人的专辑
玛那 Mana ：）,4,2009-03-05 14:09:25,0,又听到那感觉了真好。
叭卦我最懂,4,2011-09-29 13:05:51,0,舒服~~
joy乐未央,4,2010-12-04 12:34:04,2,以前听oasis的时候不大看得起这些情歌，只打了3颗星，现在倒是培养出心情重新听听，再多加一颗星吧
想得太远,4,2009-04-22 20:16:49,2,什么时候才再有像《崇拜》一样的专辑出现
D.K.Xu,3,2013-02-06 16:21:25,2,《沒有如果》
福鹿,3,2009-02-10 15:10:15,1,中规中矩，嗯。标准梁氏情歌，听得许多小女孩春心大发。总的说来，还不错。
tavico,2,2009-01-27 01:28:59,0,你可以不用发片了么？
小小,4,2010-12-15 21:31:14,0,唱歌是最温柔的武器。说话讲完就过了，唱歌却是用优美的旋律，温柔地表达想说的事情，还可以一唱再唱，人们也愿意反覆听下去。心里的忐忑，抱着慢慢就会好的。感动都有了，还有什麽不认可，不准我们把爱，给走成了坎坷。收6首，没有如果，情歌，爱情之所以为爱情，属于，还是好朋友，WayBackIntoLove。
prost,5,2009-02-05 06:12:58,0,难得，歌都写这么好
再见小狐狸,4,2010-12-22 13:19:05,0,《没有如果》竟然出自严爵之手。
