user_name,star,comment_time,vote,short
安东妮,4,2006-02-14 21:19:30,361,歌声好快乐那歌手结婚了
Major Tom,5,2020-07-17 10:57:43,228,我觉得将爱完全被大家低估了，除了封面丑了点，其他的完美，特别耐听
哪吒男,4,2013-10-24 19:45:18,163,从气势如虹的爱的宣言开始，到最后仍不过是爱无永恒爱不持久的唏嘘。一鼓作气，再而衰，三而竭。“将爱进行到底”有时，“情歌为何沦为情歌”有时。这就是王菲的爱情观。
川总,5,2010-09-30 20:49:17,160,我把身体给了你，心却给了他
JulyChan,5,2008-03-21 01:36:32,136,你一路隐退到底，我仍将爱进行到底。
Bill,5,2007-09-28 20:28:38,47,歌名极具突破性的一张大碟天后最后的道别初听之后心潮澎湃将爱旋木不留空城美错
丶,5,2011-12-10 10:58:51,31,我听过的王菲专辑不多，大多都是零零碎碎的热门单曲。这张是唯一一张听过完整的专辑。初听的时候，觉得这张专辑有点过于绝望；再听的时候，又感觉很眩晕；三听的时候，好似那种哀伤到麻木。主打歌将爱的确很恢弘，气场很足。旋木不用多说。很多年后的今天，我再听，再想，再感知，我只能说我听到了人生若只如初见。
Song³,4,2007-10-17 14:12:13,14,第十五届金曲奖最佳国语女歌手//不留！/美错/旋木/乘客
香水瓶,5,2006-05-19 18:26:57,15,将爱进行到底轰轰烈烈风风火火真不希望这张专辑是王菲的绝唱！
苏格,NaN,2006-11-09 18:06:22,15,这张陪了我最穷困潦倒的时光啊，别人的walkman，别人的卡带，每天跟着我叛逆的翘课，聊赖的晃荡啊
就叫我荣,4,2008-02-18 21:24:51,9,里面有首谢霆锋写的歌。纪念。
锐利修蕊,5,2011-07-09 22:56:04,8,最喜欢找出来听的一张，词却不是最喜欢的。
猫打喷嚏,3,2010-04-27 19:41:22,2,对天后我始终谨慎地给3星
何,5,2006-05-15 00:49:11,8,有点难过，王菲其实还可以再经典一些
倉鼠,4,2012-05-26 17:06:48,11,王菲的歌名真的很爱被人拿到做小说题目，王菲的专辑总是有弦乐和一点点异域风，王菲的歌里总有几首歌词十分清淡写意。
何牧歌,3,2012-10-23 10:01:54,12,情歌，为何沦为情歌。
五月微蓝,NaN,2007-12-17 17:55:43,4,这个名叫王菲的女子。她歌唱，我们聆听。
停用豆瓣勿cue,4,2011-11-10 21:58:41,1,「空城」「乘客」「旋木」「四月雪」「MV」
眼角的花朵,4,2008-03-06 19:44:51,4,标志性的人和音乐
塘坑一姐小渡边,4,2017-11-04 17:10:17,12,《将爱》时期的电子音乐风格成熟，其中不乏动感的Trip-Hop、慵懒的Chill-Out、迷幻电子舞曲、拉丁/印度WorldMusic，很多实验主义的倾向，整体感觉是冷僻、另类的。2003年与之媲美的只有黄耀明《我的廿一世纪》和周杰伦《叶惠美》。王菲在新专辑《将爱》里亲自填词作曲：《将爱》、《阳宝》、《不留》，包括《四月雪》的作曲。服装穿的是Rochas
薇羅尼卡,5,2006-03-22 22:35:05,6,很不错，等待了三年，大姐还是不出新专辑
Kreuzberg,5,2010-11-02 19:27:48,1,我六年级买的这张专辑。
ztlpoppy,5,2009-03-15 15:17:55,2,最后一张专辑那么多值得纪念的好歌
≌菩提风花,4,2007-04-06 19:43:28,1,ORZ...
烟,5,2013-04-25 18:47:12,4,不管你們怎麼看，我就是腦殘粉了我
Dr. Tardis,4,2008-05-26 05:15:33,7,阳宝基本是一个瑞典流行
大头绿豆,3,2005-11-29 22:46:59,1,受不了将爱情进行到底。
Kiki,4,2009-04-23 15:33:08,5,突然想起来，它代表了我的整个2003年。
sean cheung,1,2009-05-29 16:12:20,8,这也是专辑？……
virgin,5,2009-05-05 15:01:50,0,我有！。。
杨山魈,4,2010-11-07 12:39:19,4,不知道这张专辑不同在哪里，但总觉得有些不对劲...
ANNXXNA,5,2010-11-02 09:00:11,2,其实我真的好喜欢这张碟
DeerColin,5,2013-07-09 22:08:28,1,好喜欢《四月雪》和《阳宝》呦！
发条橙,NaN,2008-06-20 11:26:06,0,为了旋木这首歌就给它五星
肉汤拌饭吃八碗,5,2010-11-10 22:22:17,2,乘客！
CD,NaN,2005-08-04 20:37:56,2,乘客
狮子人,5,2007-10-28 10:55:03,1,爱只留下一座空城。
91.7,5,2012-06-28 23:27:58,1,Forsomeoneabsent
Topfun,4,2013-05-22 00:33:40,0,《乘客》人生的旅途上，你我都是乘客，改编自GoingHome，原唱SophieZelmanihttp://www.xiami.com/song/2085235http://www.xiami.com/album/11900
阿镇,4,2007-12-21 11:38:07,2,最喜欢不留的歌词
莊小壞,4,2009-06-27 03:00:37,0,4－－－这把声音呀。
牛腩羊耳朵,5,2008-02-21 18:23:15,2,喜欢乘客
深津奈留,4,2010-08-08 11:07:50,0,其实我不是很喜欢王菲，但是空城的编曲很美啊TVT萨死噶林海~
○Ⅴ○,5,2010-11-16 22:26:32,2,小时候只爱旋木后来几乎爱上了每一首
Luffyjun,5,2014-09-26 14:46:08,1,小时候觉得除了《旋木》好听，其他都不好听。。。长大了。。也还是觉得是这样。。我还是喜欢温柔声线的王菲。。【这评论是不是有人要来打我。。。嘿嘿【20230106再听要五星了，爱菲姐
时以星,5,2007-05-24 11:47:16,1,让我感谢你，赠我空欢喜，花事了。不留、乘客、夜妆、MV。不管是唱游离的《彼岸花》，还是唱将爱情比作战争的《将爱》，王菲都是那么不可模仿。就算可以模仿她的吐字发声，也学不会她的气场架势
KeneL裤头,5,2006-08-13 16:26:34,0,初一前的整个暑假都在听这张唱片，循环反复，然后我就开始爱上她了.
流深,5,2009-03-28 18:26:51,2,是比以前逊色了，到底哪里不对，只有耳朵知道，嘴是不懂的。
12ddmm,4,2008-10-05 23:43:24,0,情感游走，多情之人难以深情
花伦,5,2009-12-04 09:40:56,0,翻出听这张辑子感触颇大美错现在听起来竟是那么让我伤感美丽的错误最接近真实又怎样
Illusion,5,2007-09-06 16:05:05,4,悔在懂Faye有些迟
琥珀糖☁️☁️,4,2008-05-08 13:00:56,1,最喜欢旋木
不擅长,4,2007-10-17 20:49:05,0,http://www.xiami.com/album/11900
beglobetrotter,5,2009-03-08 20:14:47,4,有一首不留就足够了。。。
essence.c,5,2014-07-11 09:54:26,0,【空城】【不留】【美错】【四月雪】【夜妆】
CiCi,4,2007-01-11 15:31:59,0,开到荼糜花事了，连同你的心，你的身体，像孩子一样去爱，留下绝色面庞，褪色背影。
夜夜超猩马蹄鸭,4,2005-11-27 11:11:23,0,三星半
leon mai,5,2009-02-18 23:24:37,0,神作
夏树森林,NaN,2008-09-18 00:33:11,0,高三。
謝爾·愛睡覺,5,2007-10-14 11:30:38,0,旋木
新竹,4,2014-05-03 14:24:14,0,空城、不留、乘客、旋木、煙。
逅宝,5,2008-07-25 17:08:38,1,主流后的第一
鱼秋刀刀刀,5,2007-10-03 21:55:40,0,很喜欢她的声音她的人阳宝最喜欢
A,NaN,2007-10-28 13:18:09,0,四月雪乘客不留
靠谱青年™🌈,5,2007-06-21 10:10:13,2,没有想到是最后一张
坏人瓦卡卡卡卡,5,2013-03-11 18:40:45,0,后来再没敢听过她
Memento Mori,4,2009-12-01 14:25:41,0,那一年我刚好小学毕业。深爱那首风格诡异的《将爱》。以及，我现在才懂得《美错》的意义。
神山樹,5,2011-11-22 13:10:21,0,我把感情给了你日子给了他水晶鞋给了你十二点给了他
Aki,4,2008-11-06 19:54:49,0,乘客。
铎奇,5,2011-01-20 22:33:50,0,乘客一首就惊艳全辑啰
deus,5,2011-10-11 22:18:46,1,真正听王菲已经是上初中以后的事了，而且算来算去也只剩下了最后两张。前一张只记住了一首《流年》，这张里心水的就很多了，林夕系和张亚东系的都有不错的作品。《旋木》和《阳宝》这样的温情小品固然不错，我还是更中意《不留》和《乘客》这样的阴郁氛围。
老夏天___,5,2009-10-23 00:35:41,0,美錯。
不眠飞行,3,2010-09-04 13:54:24,0,整体性较强但让人过耳不忘的歌曲很少张亚东和王菲的组合还是让人觉得单调许多
[已注销],5,2011-02-28 21:49:54,1,花事了+阳宝+不留+烟+乘客+旋木
秋熙,NaN,2013-02-05 12:45:27,0,高中晚自习偷偷听的卡带。。一晃多少年
光,4,2011-09-15 11:37:02,2,因为全世界都那么脏，才找到最漂亮的愿望
Angeline35,5,2010-11-07 10:26:55,0,铅笔素描了这张专辑里所有的图片，现在还在画夹里。
秤子事故,5,2011-06-17 22:34:46,0,第一张王菲的专辑也是从这时开始喜欢她的歌曲
克莱德思构坡,4,2012-09-14 10:43:42,0,我不是不快乐
七心海糖,3,2014-06-27 15:43:55,0,中考之前一直循环
JasmineJasmine,5,2007-12-19 12:01:44,0,伟大是残酷的永生
Parachute.cpp,4,2012-11-16 17:31:30,0,第一首太震撼了！搜飙琴搜到那场演唱会才知道这首的。后面的歌就一路失望。。四月雪之后几首还行。。
Edward,NaN,2007-10-07 08:47:17,0,把菲添加上来
清爽🤕,3,2012-06-30 11:14:44,0,虽然如此，<乘客>却是近两周一直单曲重播的歌
掩杀,NaN,2006-05-21 09:42:21,0,喜欢《乘客》和《烟》
豆友1094556,5,2015-07-08 14:27:26,0,高中的时候听的。第一次领教王菲的厉害，却没有因此开始听王菲。现在重新找来听，还是觉得不属于人间的东西其实都不是我的爱好。
丹,5,2006-06-10 15:59:41,0,sony后的唯一经典.因为只有一张.也许，只有.
Vicky,3,2007-05-12 16:12:05,1,王菲最差的一张专辑，幸好还有《旋木》聊以安慰。
小懸。♫,5,2011-07-21 10:40:46,0,残酷与温柔。
月山行,5,2012-08-09 17:15:53,0,不留。
TristanShen,4,2008-11-07 21:35:11,0,4.3
🌟亚树🌟,4,2006-03-15 16:56:42,0,乘客旋木
給料泥棒,5,2010-02-11 15:20:42,0,躺尸的日子。
kingfish,5,2006-03-23 11:47:39,0,最爱听旅途.旋木，美错.以及.....
笪笪,4,2014-03-22 21:22:08,0,整体水平不如前期，旋木+空城。
慕容狐仙,4,2005-11-06 23:30:23,0,SonyMusic2003年
Jesse,5,2010-03-21 16:28:40,0,不留，美错，旋木~！
暝明,4,2008-04-05 19:32:39,0,不留乘客花事了。
卡羚,4,2007-04-23 19:55:20,1,流行顶端
千与千桐,5,2010-09-12 21:20:56,0,六年前听的时候无法了解的韵味，都在此刻凝于喉中。
