user_name,star,comment_time,vote,short
Topfun,5,2014-07-18 22:48:06,1066,十年前你说生如夏花般绚烂，十年后你说平凡才是唯一答案http://www.xiami.com/song/1773346501
Luffyjun,4,2014-07-26 23:35:56,442,朴树可真是转型了啊，有许巍的空旷有汪峰的大气，可，忽然来段周杰伦的Rap是怎么回事啊。。。歌词不错。。。错过的和过错的都放下吧
丁小云,5,2014-07-16 20:21:46,530,下午单曲循环这首歌，直至眼泪流干……昔日自命不凡的孤傲青年，十年后对我说平凡如野草野花是人生唯一的答案……也许你是对的，只是我不愿承认你是对的……因为我还在挣扎呢，因为我还在做梦呢，因为我还想远走高飞呢……
韧勉,5,2014-07-27 11:27:42,378,如果仅仅从技术层面而言这首歌挺平庸的，但是仔细体会歌词，我觉得这也是对我本硕连读七年的神奇专业学成归来的最好注脚。
柠檬 -w-,NaN,2014-07-26 23:11:17,133,不你说你年轻的时候留一束遮住眼睛的刘海以一个中二青年的忧郁表情唱伪苏联式的伤感也算是可以感动人吧，但这都一把年纪了然后还这么沉醉在这种不咸不淡高不成低不就都调调里，还觉得自己经历世事似的，根本goingnowhere，这真的好么
dirtyme,2,2014-08-01 08:58:40,60,问自己，你到底好在哪里
LORENZO 洛伦佐,3,2014-07-28 17:49:59,70,你们是如何在这样一首索然无味的歌里听出情怀的？
yh.,3,2014-07-19 09:48:34,80,把那段rap去掉会更好
加州站街男孩,4,2014-07-16 20:26:16,47,【2014年红遍人人网的十首歌】
P_Unicorn,5,2014-07-16 15:36:10,65,我曾经像你像他像野草野花
冰山李,2,2014-07-16 22:31:54,22,我是韓寒，我只代表我自己，我和你一樣，我是凡客
redhousepainter,1,2014-07-17 18:08:28,33,我在微博上吐槽，这歌词也就中文四级水平。吴姐更狠，更不留情面，零分。哈哈哈。
lenlen,3,2014-07-16 12:07:19,23,面对满屏的五星好评，我标一三星，会被围攻么…（是这样，朴树这个人5分，韩寒的词5分，曲3分，编曲-1分。看，有理有据的…）
苏觋觋,1,2014-07-20 20:44:21,33,无论旋律还是编曲都太烂了。说好听的人我一律怀疑他们最基本的审美。
tlmgt,4,2014-07-16 18:15:34,20,现在听起来，没那么讨厌朴树《平凡之路》了-不喜欢这首歌，不喜欢的点也不应该是朴树，应该是韩寒才对。DLL给了这歌高分也不是完全不能理解，这歌还是做对了一些事情，比如那个听起来有苏俄军人感的和声(但这也是让我不适的原因)当然这样做没错，那个旋律就该搭配这样的和声，不然就没效果了
JulyChan,NaN,2014-07-17 14:04:38,25,屠龙的人心里还挂着一把屠龙刀，可是龙已经不见了。于是他们叫他，先烈。
影志,4,2014-07-16 11:54:32,31,歌词很土，曲子感觉回到了许巍年代...不过总归好久没听到朴树了，《后会无期》，未见其影，先闻其声。
半澤直叔,5,2014-08-01 11:42:43,16,下张专辑真的是后会无期了吧？
豆友3444364,1,2014-08-09 01:30:48,25,改成平庸之路会更有情怀更动人
白色的蓝,3,2014-07-17 10:37:09,7,为什么有早期周杰伦的感觉？
米粒,4,2014-07-17 02:20:03,15,确实停不下来！上一次买他的碟竟是高一。。。
91.7,3,2014-07-26 01:15:31,8,被動聽了好多遍了真是奇怪啊
胤祥,4,2014-07-16 13:23:44,22,那段Rap还是必须要扣一星……“我曾经毁了我的一切/只想永远地离开/我曾经堕入无边黑暗/想挣扎无法自拔”，这段绝对是抑郁过的人写的，估计不是韩寒写的……“我曾经跨过山和大海/也穿过人山人海/我曾经问遍整个世界/从来没得到答案”，这么多年了朴树依然犀利。被戳得好痛……
tripler,5,2014-07-16 11:46:41,9,那也曾是我的模样
马小跳,5,2014-07-16 20:55:45,8,音乐的好处在于，在客观的科学乐理外仍有一套可以被堂而皇之接受的感性判断。自己的昔日偶像在自己导演的电影里唱歌，这事儿光是想想就让人心潮澎湃。
王腿毛,2,2014-07-16 21:12:19,10,别人就算了，你是朴树好么...
皮卡丘Casper,5,2014-07-16 13:04:00,12,真是把整个电影档次拉高了。。。
高歌,5,2014-07-16 20:25:08,10,“我曾经跨过山和大海，也穿过人山人海”循环了一天。
Kreuzberg,NaN,2014-07-16 14:30:47,5,还是就事论事吧，不把别的因素考虑进去，这首歌也就那样。
焦糖馆馆,1,2014-07-17 03:15:03,10,确实好平凡啊哈哈哈，viavia什么鬼。。
夏日扬帆,3,2014-07-17 08:14:11,8,不常与各位唱反调，但是真是更爱邓紫棋那首
石湃溪,3,2019-04-11 15:06:35,1,這個分更是……2.5差不多？
.,2,2014-08-02 16:38:29,7,后面那段叨叨太恶心了
小小鱼,5,2014-07-30 10:55:46,8,妈的听哭了啊！
mosquito惟,5,2014-08-15 12:24:02,9,高中，学校操场跑圈，淌着自行车，说些对明天的期待，一扭头我们就走到了这条不会更好也不会更坏的平凡之路。
丶,4,2014-08-10 11:11:14,4,其实我觉得朴树的声音不是最适合这首歌的选择。
时以星,5,2014-07-19 10:50:27,8,朴树的声音还是在那年纪，他和周迅一起的时候，好像还是少年，自然，不修饰，但多了温暖，多了故事，这都是时间的痕迹。无需问因由，今天他为何要走平凡之路，今天她说爱一个人不再那么看重他的才华，而更在意他的善良与诚实。时间会给人答案，也会生出新的疑问。我只知，爱就是爱，不爱即不爱。
At7antic,4,2014-07-18 22:26:39,8,够显B格，80后易中枪
英恩,4,2014-07-22 11:07:20,3,听完《平凡之路》，我觉得中国的TheFray这个称号基本上可以颁给朴树了，真是BGM小能手啊。
五色全味,3,2014-07-17 20:53:29,5,通俗。詞全交給朴樹寫會更好一些
Ryan,5,2014-07-19 23:47:12,8,客观打分70不过冲着这歌词五星是给定的至于那些说没有大起大落就不要装逼的高冷婊们不是每个人都非得要死要活走一遭再心甘情愿永远淹没在人海里趁自己还年轻别停下脚步抱着美好的向往坚定地走下去
筷喜旺,1,2014-07-16 17:34:46,6,要是淘宝计划唱可以给两星朴树的话……………………请问那个rap是他妈的啥玩意儿？！
神探夏洛特二世,3,2014-07-17 04:59:02,2,编曲太low了把整首歌的档次降了不止两个级别，我第一次听的时候还以为是什么小样之类的....
泉の向日葵,4,2014-07-16 22:43:37,2,回想着电影画面很带感。“我不过象你象他象那野草野花冥冥中这是我唯一要走的路啊”
Papaya,2,2014-07-16 13:10:41,4,那段说唱……
颜良辰,4,2014-07-16 14:46:27,2,给的是回忆。
深蓝.古典世界最后的诱惑,3,2014-08-03 10:58:31,1,midi音效忍不了啊期待越多失望越大
Sophie  Z,4,2014-07-16 12:13:04,3,特适合roadtrip的时候放，副歌响起时一车的废柴还可以一起愉快地唱~
KinG羽,4,2014-07-17 20:52:48,4,朴树能回来总是好的，这歌说实话还是不够朴树
潋 | Béatrice,5,2014-07-16 12:30:44,2,赞朴树，但是韩寒是真心没有写词的才华……
Lucaz,1,2014-07-16 15:09:41,7,很难听啊
张兮兮,4,2014-07-16 14:13:48,4,韩寒的歌词真是太恶心鸟。
胸毛,4,2014-07-16 22:46:01,3,好好的歌非要塞进去一段莫名其妙的说唱
伊卡洛斯,5,2014-07-16 17:17:41,3,再辉煌、梦一般的日子，终究会回归清淡的平凡——谢谢你，我的女人
Doublebitch,4,2014-07-16 11:27:27,2,可以更好（标民谣的服
Aray,3,2014-07-16 12:20:33,3,这首歌的编曲传达的情绪好奇怪...中间那段rap是几个意思？
球儿先生,3,2014-07-17 22:40:20,3,下面某个乐评，口口声声我的王，是要恶心死谁吗？个死太监。
之江小隐,1,2014-07-16 12:18:36,6,说实话，确实难听，回归的话，这首歌不是一个好的姿态，象征意义更多一些。
脫繮的蛇肉堡,2,2014-07-27 06:23:17,3,普通话唱那么标准，听不惯好吗？==
要早睡啊minami,4,2014-07-16 13:37:50,5,怎么办呢，尽管歌词仍有韩寒式矫情之嫌，尽管大段大段的电子琴编曲有种故作释放的感觉，但是这是朴树的，声音也是他的。
小敏吃掉小敏,4,2014-07-16 12:17:56,3,TT老了，被戳中了
塘坑一姐小渡边,1,2016-11-27 12:21:16,4,《平凡之路》的那种门头沟洗剪吹风格夹杂着黑水镇英伦腔的饶舌或许才是一个真正的朴树应有的水准。
撒旦的表妹,5,2014-07-17 13:05:23,4,今年听过最棒的中文歌没有之一
墙角青苔,5,2014-07-17 22:06:37,3,这个键盘的声音让我想起了周杰伦。。
猫叔Mack,3,2014-07-16 12:40:31,3,纯粹是冲着朴树听的，整体上就三星水准。
固力果guriko,4,2014-07-18 16:55:21,1,一直觉得朴树是幸运的。
Hao,3,2014-07-16 12:14:48,1,副歌其实还行，朴树吐字也没以前那么机关枪，但整首编曲散发出浓浓的midi味儿，至于后半部分的说唱真是不知道哪根筋搭错了。
1806,4,2014-08-19 19:01:14,3,电影还是没有兴趣去看，单就歌曲来说，没有那段莫名其妙的rap会好些，手贱点了一下短评，某些“知名”豆瓣用户跟糖罐里长大似的，自大得可怕
virgin,5,2014-07-17 23:39:52,1,140716。。太好了!十年之后他完美的回归!经历之后的平静又坚定!没想到他的声音状态那么好!歌词似又只是他的内心写照本以为三段作曲后情绪将归于平静但收尾的第四段自内向外涌起了高潮~~MV只是平静的推进音乐的节奏黯然的煽情--直到看见平凡才是唯一的答案!后会有期:)。。
Samwellllll,3,2014-07-16 18:54:20,1,这midi音效太难听了。。。你们是真的觉得这首歌好听吗？拿掉朴树这个噱头，这歌就两星的水准。
知识雪豹,1,2014-10-13 23:56:22,3,如果是情怀，可以打五星，但是这首歌真的很不耐听啊，然后歌词什么的纯粹是凑字数嘛最后那段rap，更是俗到极点，简直就是为了铺张直男们的眼泪写出来的。反正我不喜欢……
友善的狗,2,2014-08-07 15:25:15,5,朴树才华已尽。
勃然大虎,2,2014-07-17 17:05:54,4,后半部分甚至有点惊悚~完全没觉得感动，觉得有些做作。一己之见。
陆支羽,5,2014-07-16 12:44:36,9,我曾经像你像他，像那野草野花。
伊豆,5,2014-07-16 16:15:36,1,小朴！！！！！！！！！！！
雪  叁更,3,2014-07-16 19:42:58,1,迷之评分……
莊小壞,5,2014-07-16 17:52:22,1,這麼小清新簡直我就應該聽嘖嘖。
陈小升,3,2014-07-16 10:57:21,2,词和编曲太差了。如果不是朴树唱，这首歌不知道得有多难听。
Tinc0,3,2014-07-22 12:41:17,2,编曲俗套，而且没什么水平，还算良作。朴树，当年《萌芽》小清新头号代言人，韩寒tie上朴树这张营销牌真是不言而喻。与其让邓金鱼这种不入流的三线歌手炒作招黑，朴树的形象气质立马高下立判，顺便还能为电影辟个邪，也为自己高冷路线赚个吆喝。韩寒做了一个正确且聪明的决定，期待电影吧。
stream,2,2014-08-07 04:45:56,3,又是五月天风格的毕业歌曲
肖浑,5,2014-07-17 10:44:36,1,昨天听了至少十几遍，好像有点后劲不足啊，不知道有没有以前那些歌耐听。不过就冲朴树还是要五颗星。
范困,5,2014-07-16 16:57:45,0,好听啊
Skyhorsebook,5,2014-07-16 20:24:46,2,等了十年，等来这平凡的答案，你我都老了，你还是我爱的那个朴树。
赵无眠,5,2014-07-16 10:49:53,0,还行吧
韦恩斯坦_李,5,2014-07-22 00:52:40,1,真的听哭了唷。。歌词道出了内心多少沧桑和无奈，又给人坚定和力量！
N,5,2014-08-04 01:31:42,0,flow
blbsunny她没准,2,2014-09-12 18:33:41,2,唉。
發条樹,5,2014-07-17 10:09:05,1,真心受不了韩寒的歌词
品洋,2,2014-07-17 20:53:09,3,……
拔草非非,5,2014-07-16 14:45:27,1,“冥冥中这是我唯一要走的路啊”热泪盈眶。
小朱,3,2014-07-22 16:27:23,1,听出了周杰伦的感觉。
瓦达西瓦又又又桑只爱这巧克力,3,2014-07-16 18:10:22,2,三星不能再高了。的确是平凡之“录”。
yonski,4,2014-07-16 20:46:20,2,小学喜欢他喜欢疯了，然后他就消失了，很多人说得对，光是十年就够感动了。喜欢词大于曲，喜欢嗓音大于制作，喜欢感觉大于逼格。朴树一嗓子，唱醒多少人的爱。
DeerColin,5,2014-08-22 16:26:21,1,其实我对韩寒、郭敬明根本没什么期待，不过韩寒能把朴树请出来唱歌会不会让我爱他多一点？可耻的是小四放了淋淋这么一个大招……
半袖,3,2014-08-17 23:05:07,0,算是舒服的歌，在影院坚持着听完时还一度跟着轻轻合唱了起来。但将来当我回想朴树的歌时，它应该不是第一梯队。
sorrento,3,2014-07-16 20:55:41,1,完全没有那么好啊这习惯性给分也给的太高了吧
椰青冰萃,5,2014-07-26 20:06:19,1,耐听
zard砸得王大崩,4,2014-08-19 13:09:58,1,歌词四星，音乐上突破了么？
伊坂捅太郎,4,2014-07-16 10:35:57,2,就那两声“ViaVia”最朴树
kiminimuchu,3,2015-04-27 09:47:31,1,曲子蛮好歌词好烂谁写的
