user_name,star,comment_time,vote,short
zard砸得王大崩,5,2006-12-15 01:25:46,25,敬你最后也最好的青春
果酱☮,4,2007-01-03 19:55:00,31,喜欢《失忆》这首
V.Dunham,5,2019-04-16 19:20:39,26,如果《燕尾蝶》是她借用岩井俊二青春物语的残酷决绝达成对抒情艺术的突破，那么《亲亲》就是回落到无印良品质感的文艺氛围，速写爱情的流行哲学。《亲亲》坐拥打通流行/独立壁垒的奢侈班底，比流行唱片更具独立气息，又比独立唱片更富流行价值。梁静茹也献出了生涯最好的声音表现。
Bill,3,2007-03-23 13:14:23,0,稍微有些平淡的一张专辑虽然企划不错歌曲传唱度也还好但是同以往相比太过原地踏步缺乏一点新鲜感
锐利修蕊,5,2010-01-18 21:35:14,6,这算是我最爱梁静茹的一张，几乎每首歌都非常喜欢。
DeerColin,5,2012-11-01 21:39:39,2,个人还是觉得这张很棒，《失忆》这样的抒情摇滚要多多尝试！《暖暖》甜到了心头！《飞鱼》的编曲悠扬，《不是我不明白》很喜欢。
L I M O,5,2007-01-15 20:47:19,2,暖暖。
Claire,4,2006-11-17 13:46:09,0,【四季】【失忆】【小手拉大手】【不是我不明白】
丶,4,2011-11-16 11:05:36,0,3.5星。甜蜜的小清新风格。封面很好。整张专辑除去暖暖和亲亲以外，如果不是梁静茹自带的温暖声线，整体歌曲质量一般。华语乐坛一贯的单曲全胜专辑。值得一提的不是我不明白这样的风格很适合你。
旗旗,NaN,2006-10-12 19:19:57,0,还不错，
易召,4,2011-01-21 23:13:51,0,★★★☆
尉迟,3,2008-08-25 01:51:35,0,可不可以不要一直甜腻。
小狐狸BOBO,NaN,2006-10-24 22:22:07,1,开始唱起快乐情歌的静茹，暖暖的简单心事，其实你很好，你自己却不知道……
哈默林騎士,NaN,2006-10-28 20:57:58,0,暖暖亲亲叠嗲小情感
Summer孙夏天,3,2011-08-25 22:02:52,0,啊。一直唱的么。
Luffyjun,4,2011-02-16 14:55:33,2,好吧，还有大家都听梁静茹的日子~~
斯 琰 🌈 🍭,5,2009-12-27 11:24:28,3,最后一次青春的绚烂花火，细数爱情中的甜蜜与哀伤
❤艾俪尔❤,NaN,2007-09-22 22:22:30,0,梁静茹
Miss Lucky,NaN,2006-12-22 15:33:21,0,暖暖，亲亲
Bill,4,2008-08-24 23:02:37,0,亲亲
不擅长,4,2007-10-11 13:43:31,0,8http://www.xiami.com/album/10061
Halah,4,2006-10-09 09:56:34,0,新的听上去很亲切
钟,5,2009-02-19 14:53:09,0,暖。
大漁,NaN,2009-09-06 18:28:33,0,四季
薇羅尼卡,4,2008-01-17 03:54:36,0,喜欢《暖暖》与《幸福洋果子店》，cheer还是声音好~
Lindsey落枕,4,2007-06-24 00:58:14,0,温暖
mon babe,4,2011-01-18 13:27:52,0,呵呵，小离，小王子，你还记得我吗，2006年，我生日，你要送我这张专辑，可我坚持没要。你等了我很久，可我一直不见你。换号了也没告诉你。对不起，我太自私了。但我相信你现在一直很好。而我，没有你的关心，也可以跌跌撞撞到现在。上个月晚上，我给你发短信，你还是24小时开机，可你不认识我的新号。我明白，小王子，已经走过去了。小王子，祝你快乐。我不是你想要的那个乖乖的女孩，忘掉我最好。
IVAN,4,2013-07-27 13:44:09,0,亲亲小手拉大手
牙3牙,5,2007-10-04 00:07:12,0,还是那可爱的声线，永远支持你。。。
Memento Mori,3,2009-12-19 23:25:20,0,一直觉得你眼睛很大歌声很温暖。虽然我并不那么喜欢。
逅宝,3,2008-02-13 12:28:45,0,退步之作怀念那时
失控的蘑菇,3,2012-04-28 15:08:42,0,亲亲
铎奇,3,2009-01-04 18:24:57,0,irememberthatkiss.
老夏天___,5,2009-09-02 23:45:16,1,我以为fish会凭这张专辑荣登歌后的宝座列没想到......
豆咪,3,2007-01-02 19:21:06,1,完全是因为陈绮贞才听这个
宇宙宝贝,NaN,2009-02-28 00:15:00,0,就算被唱烂了也不能否认它的价值
不非否,5,2011-02-06 02:48:14,1,最好的一张梁静茹，静茹的魅力在这种小叙事结构中能做到情绪的最大化，本身的特色也就是亲和力max的恋爱中小女人形象。而恋爱中最美好的，其实就是由一件件的小事堆砌起来的。
JasmineJasmine,3,2008-01-04 15:32:09,0,梁的第一首闽南歌哦
baobaodu,NaN,2009-01-30 13:45:55,0,亲亲小亲亲。
艾利斯,4,2007-05-19 08:31:10,0,静茹一如既往温暖的声音。不过比较起来，更喜欢她以前的《喜悦》，《半个月亮》，《宁夏》《小小的爱情》等等。
Leoooo,3,2008-02-11 23:36:49,0,感觉她改路线了
Icilian,4,2009-12-21 20:40:55,0,很喜欢暖暖。恋爱中最美的感觉不过如此。
丹,3,2007-09-02 21:17:56,0,不是我开始怀旧，是我反应很慢。
小小不愿醒过来,5,2009-01-17 05:11:01,0,记。
息为,4,2008-07-03 22:07:02,0,小情歌很甜蜜，太单薄。
namieriel,4,2012-08-16 21:34:13,2,个人心中梁静茹最优专辑排名第二。燕尾蝶成功塑造的rock女形象在这里依然有所体现。其实这张专辑也是梁静茹最阳光的一张专辑，基本看不到苦情到死的歌曲。暖暖的开场美妙的青春充满回忆的夏日情节···恭喜她装嫩成功！推荐：四季可乐戒指亲亲暖暖大手拉小手不是我不明白
德敛於,4,2015-09-20 20:17:20,1,五星2457四星19
Papaya,2,2006-12-09 21:08:40,0,开始矫情了！
Akira,NaN,2010-05-27 16:23:47,0,憨过头
再见小狐狸,4,2010-12-22 13:19:17,0,全然被人忘记的《序》成了我的心头爱，陈信宏和周杰伦都没打动我心怀。
蕾蕾,3,2006-10-17 21:24:29,0,親親可樂戒指暖暖
hotdogyer,4,2007-02-21 01:14:57,0,喜欢可乐戒指．失忆．暖暖．
Annabel,4,2010-02-16 13:46:39,0,没有哪首特别喜欢~
麦小麦,NaN,2006-12-10 22:37:24,0,初恋的感觉还是只有梁静茹的歌声能够表达
春风颜色,5,2009-11-30 19:55:53,0,《暖暖》、《小手拉大手》、《亲亲》、《可乐戒指》
六月天蝎,4,2007-05-11 09:48:41,0,声音很有亲和力
Fan要坚强,NaN,2011-12-28 21:06:56,0,当年唱暖暖的已是路人。
penumbear,4,2010-12-27 16:13:48,0,想当年梁静茹在G榜上还卖到了第四名的成绩
llao,3,2006-12-15 17:05:33,0,依旧小女人2006秋
D.K.Xu,3,2013-02-06 16:19:31,1,《暖暖》、《小手拉大手》
Milk,5,2010-02-23 04:15:21,0,温暖的甜甜的回忆。
Cenderella。,NaN,2006-10-13 00:52:05,0,喜欢《小心眼》
宋阿慕,4,2008-02-19 13:53:25,0,很爱很爱住旅馆很爱很爱梁静茹
朵拉小姐,5,2008-11-23 10:36:59,0,首首好歌。
平湖·秋月,4,2009-01-05 22:11:54,0,哈，才完整地听过一遍
鹹魚阿不爛,4,2009-10-10 02:01:28,0,親親~暖暖~可樂戒指~失憶~很好聽~
林小脑,4,2010-05-22 11:50:42,0,暖暖可乐戒指失忆亲亲小手拉大手
纯子,5,2012-07-19 22:57:56,0,我我我，我一直以为这张是口水专辑我错了！听到《小心眼》我都惊了也太陈绮贞了吧！我爱陈绮贞和陈姗妮她们都给梁静茹写歌了呜呜呜！疯子快去听！
❤ 。韩小绿,4,2009-12-04 19:51:21,1,华语女歌手我觉得最耐听的声音就是范玮琪和梁静茹。
Chimney,NaN,2009-09-04 11:47:19,0,2006/梁静茹
Sky,NaN,2006-11-01 00:51:43,0,支持静茹
萤火虫子,5,2010-01-14 18:51:40,1,幸福的洋果子店。真的很幸福。
停用豆瓣勿cue,4,2016-10-06 09:38:06,0,06.10.06-16.10.06《亲亲》发行十周年，也是卢广仲《不是我不明白》初试啼声十周年(首张单曲《渊明》06.10.26才发行，比这张晚)。记得当时有一位贴吧的朋友说，去音像店不知道买什么的时候，就买一张《亲亲》。
我係我一蚊網,4,2011-05-22 16:58:40,0,不是我不明白小手拉大手可乐戒指失忆
润物,5,2008-08-12 13:37:59,0,这张专辑对于我来说又带来了一个梁静茹的生涯高峰，里面有和陈绮贞的合作，因此也增加了不少校园味道，小女人的爱情依旧是主题，那首暖暖真是甜美到了心里。
放开那个浪味仙,4,2010-09-11 00:48:53,0,她是声音总是温暖。
四明,3,2006-10-26 18:25:39,0,...一般啦
Esther GDB,5,2010-09-25 13:37:20,0,亲亲暖暖四季飞鱼小心眼
杨炸炸,NaN,2009-04-08 18:36:02,0,很适合两个人听
猫丢了的莫教授,3,2012-02-01 23:39:05,0,好多东西腻的过了头。
"Camellia,S",5,2007-03-01 07:53:43,0,俏皮
绿腰,4,2008-01-28 14:12:34,0,风格很统一，听来很轻松
可可肚子,4,2008-01-20 02:58:33,0,高三的回忆哇~
zooeyyyyyy,5,2008-07-06 23:57:13,0,惊喜她和cheer，小虎，珊妮的合作，
不靠谱青年苏打,2,2011-12-04 23:18:32,0,呵呵
minminwang,NaN,2006-11-18 22:47:01,1,喜欢小手拉大手，很温暖的歌.
freesia,3,2006-10-29 17:58:25,0,那个静茹哪去了？
烤肉妹,4,2008-11-04 12:00:15,0,太甜了，这样不好
Vicky,3,2007-05-07 16:09:26,0,没有太让人印象深刻的歌。
小屋檐,3,2007-08-10 10:21:52,0,很甜蜜的爱情，两个人一起听很好
Suuuen,3,2009-06-19 09:10:58,0,这张。让我更多的想到的是另一个人。笑。一个曾经在上海的1017天天送我去学校夜夜陪我晚自修的那个家伙。北京怎样？
梦暖寒,4,2010-10-10 17:54:08,0,恋爱中的小女人的典型专辑，挺好听的
Sunrise,4,2007-01-06 13:29:40,0,从此，沉沦于她……
FUNNI,3,2010-03-09 23:02:31,0,小手拉大手
LuckyChino,5,2014-04-05 13:46:45,0,小清新肥鱼
系色望,4,2010-05-01 01:59:49,0,亲亲的亲亲~
小羊苏西,NaN,2007-01-06 01:09:49,0,没有特别的意外突破
舞！舞！舞！,2,2007-08-02 01:22:02,0,不喜欢。软得要化的小女生情歌，却连她一直以来擅长的憧憬和坚持都听不到了。觉得，有些厌烦。
青衿,5,2009-02-04 13:47:48,0,曾經的記憶。
马来可,2,2007-01-06 13:11:16,0,流行音乐低谷
