user_name,star,comment_time,vote,short
tlmgt,5,2011-06-06 16:40:02,150,其实是一种进步，愈发流行的陈绮贞，鱼是她写旋律在流行度上的又一次可喜的进步
鸭酱,5,2012-10-18 17:36:12,132,这张专辑怎么会不好听，用陈绮贞来装逼“她变了她变了她已经不是原来那个indie的她了”的人统统去死吧。
V.Dunham,5,2015-05-20 21:28:32,55,意象下的生命之花
今天小熊不吃糖,3,2009-02-26 16:19:24,31,其实也不坏，但我发现我已经不适合听这种小纠结的音乐了，不想让自己变得太感性
停用豆瓣勿cue,4,2011-12-24 11:11:34,9,只留下两首，鱼去英国
Bill,5,2010-05-02 01:56:46,7,整体风格一如既往地统一歌词有变化编曲回归朴素陈绮贞还在猛抓唱功不过麦克风是不是放得太靠近了一点？
阿朽,3,2009-01-22 10:47:30,2,我不喜欢这张专辑手的预言还不错打三星我恨你毁了狂恋。等了三年，原来偏离轨迹的不止五月天，陈绮贞的轨迹，我也不在了。
锐利修蕊,5,2010-08-28 20:10:41,2,真的太好了！《狂恋》有一种华丽独舞的感觉。
颜良辰,4,2009-08-13 16:54:08,1,教主其实还有些歌我蛮喜欢的。
果酱☮,4,2009-02-01 20:44:44,3,http://www.1ting.com/album/8e/album_25054.html。变得流行了？或许是吧，但也没什么不好。你知道人总是在经历改变，不变其实就意味着倒退。自从五月天之后，我开始懂得，不能总是以从前怎样怎样的标准来判断她，她也想尝试突破自己。anyway，确实有点无味。
L I M O,5,2009-12-11 14:11:48,2,重生。
吴嘎嘎,2,2009-01-29 18:34:57,1,下星期去英国
PabloHoney,3,2009-02-19 18:15:26,0,我不该接着一张令我厌烦的专辑之后就听这个的...
StevenTong,5,2009-02-20 15:44:16,7,和老師自己比，這張專輯的確是不如以前的有靈性。但和外面的人比，這張專輯沒有理由不給五星。
Song³,5,2010-01-02 19:12:16,3,太阳Immortal/下个星期去英国/鱼/失败者的飞翔/狂恋
Kreuzberg,1,2009-07-12 23:07:27,1,装什么独立啊
白色的蓝,3,2009-01-22 11:09:15,1,http://www.haoting.com/play/haotingsonglian.htm?id=313378&id=313379&id=313380&id=313381&id=313382&id=313383&id=313384&id=313385&id=313386&id=313387&id=313388
叶子阿姨,4,2009-03-20 18:01:30,0,我需要多一点时间。
踢踢踢,4,2012-10-02 22:57:07,0,突然想聽這張很久不聽的專輯～～～～～
阿落,3,2009-02-02 00:34:43,0,日，豆瓣~
雅克,5,2009-02-02 03:01:14,1,鱼
浮生若梦,5,2009-01-24 13:30:45,1,你也再次上路。
ztlpoppy,NaN,2010-03-15 15:04:31,0,太多老歌
愛永,5,2009-05-19 04:03:16,0,心中最溫柔的時刻，即便哀愁，也有跡可尋。
夏日扬帆,5,2009-11-07 14:08:36,5,听到绮贞的声音好想找个人拥抱[太阳、鱼、烟火]
杜扬Seatory,4,2009-01-23 22:53:51,2,可能是一种基于年代感的麻木我觉得她再也无法超越曾经了
Claire,5,2009-04-07 21:37:13,0,静下心聆听，发现了不一样的自己。陈绮贞，你又再次用你纯真的声音抓住了我的心。
冰山李,3,2009-02-04 14:02:25,0,鱼
口袋_肥力士,3,2009-02-03 23:37:05,1,没变化啊没变化。。。
何牧歌,1,2010-10-26 15:32:48,0,限量还精装呢
zard砸得王大崩,4,2009-02-07 22:50:35,1,音乐是陈绮贞的太阳，生活是她的鱼3+
小魔@优雅穿梭,5,2009-12-31 15:54:54,1,上一次听烟花，陈绮贞club不插电演唱会，模模糊糊不清楚，这一次听烟花，陈绮贞录音棚完全编曲制作，却已是时过境迁~~~躲在黑暗的角落，陪我彻底放松，看一场华丽的烟火~~~~
Samuca,5,2010-05-27 13:21:21,0,为什么一直不记得markcheer的专辑？
香水瓶,5,2009-01-25 01:51:20,0,好久没有正式发新碟了期待Ing
艾小柯,4,2009-09-03 16:50:54,0,《鱼》之经典+陈不适合唱摇滚。
眠去,3,2009-02-02 11:51:16,2,下个星期去英国
苏格,4,2009-01-22 13:30:20,0,见他的鬼的聒噪吧，你自己唱歌就完了~~
捞,4,2009-03-11 12:25:44,0,陈老师，辛苦了。
Hao,3,2009-01-28 22:17:39,0,狂恋
前夕,4,2015-09-13 00:33:58,0,鱼。
微霄,NaN,2012-05-07 18:38:38,0,你何必怀疑，人的感情总是这样来了又走。不管当时真心实意的喜欢有多浓烈，一时的错过，就是一生的错过，人生中很多事情都没有回头的机会。
Dorothy,5,2009-06-27 05:12:53,0,lovecheer
叶叶叶小丝,4,2010-03-05 18:45:06,1,强烈宿命意味的寓言小品。
長閑,4,2009-02-19 15:24:43,0,我是你眼里的太阳，也是你影子里的悲伤。
DeerColin,5,2012-11-17 14:30:13,2,喜欢《距离》，很甜蜜的情歌。其实陈绮贞的这张《太阳》只能说自我，不能说有内涵，全砖里烂俗的爱情还是占据了太多首，真正要去思考的不多，但喜欢这种唱歌的感觉。
小本,3,2010-06-17 17:17:21,0,陈老师。你也来口水歌一大片，真是激起浪花一朵朵啊
肥匪廢·老🐰,4,2010-03-07 08:46:35,0,在城市里的情感无计可施我们能逃到哪里去？
目黑,3,2009-02-21 12:52:29,0,也许我并不是那般的文艺青年，所以，我只会喜欢听她，而不会十分迷恋爱她.
尉迟,5,2009-01-26 15:05:19,0,你是我，小心维护的梦。
走走走走一,5,2009-05-25 14:47:23,2,给五星不是因为她是陈绮贞。而是因为陈绮贞还是陈绮贞。
小M,4,2009-01-22 17:47:47,0,我常常想。我可能不能再喜欢你了。
阿萌今天也很饿,4,2011-05-14 19:31:04,0,你是我小心维护的梦
91.7,3,2009-01-23 10:22:06,0,3.5太懶了吧....都是老歌
莊小壞,2,2010-09-20 11:03:36,0,2－－－廣東話所說的，懶懶音……好High受不了。
雷貝卡,4,2009-02-28 22:55:08,0,比某些小情緒舒服。
不万能青年,5,2011-08-24 14:46:22,0,我知道你想要却又不敢对我说，因为你已改变太多。
evan是幻想家,4,2010-03-31 13:12:54,0,陈老师会否凭借这张唱片大战金曲奖！》？期待
小敏吃掉小敏,4,2009-03-29 14:00:00,0,就算喜欢你，也不要全部都给你100
Yurikhan,4,2012-05-14 21:09:44,1,等到我的青春剥落的时候，你还爱我
Sophie  Z,4,2010-06-29 22:00:24,0,你要是还没有那么红我就敢喜欢你……
山川若水富江萌,5,2011-05-16 11:27:10,0,因為眷戀所以豢養
豆维,3,2009-01-22 16:47:35,0,旋律差了
mosquito惟,5,2013-12-20 19:09:57,0,所以是这张之后就再也没出过创作碟了么这是为什么啊
逆风飞扬,4,2009-02-01 21:40:04,0,有待细听
essence.c,3,2014-07-28 15:42:16,0,【鱼】
Tiff,5,2010-05-12 09:00:04,0,这是告别的仪式，倘若你记得的话。原谅我飞，曾经眷恋太阳。
小偷|隐忍沉定,3,2009-04-03 12:51:45,0,在词和编曲上退步了
Halah,4,2009-03-02 12:32:41,0,不嗲了
麦单,4,2009-01-23 15:24:23,0,陈老师有主流的趋势。
神秘金针菇,3,2010-09-15 14:57:40,0,还是有很多好听的歌，但总觉得与从前的陈老师渐行渐远了。别误会，还是很喜欢你的。
Augenstern,5,2009-02-01 12:51:51,0,你是我的太阳。
Yome,5,2009-01-23 23:12:58,0,~~
樹男,4,2010-12-30 17:30:35,0,鱼。
Inevitable,4,2009-02-05 11:02:38,0,并不矫情
小晨,3,2009-02-08 12:15:28,0,太熟悉而失去判断力
怀山鹿,5,2010-04-26 20:13:07,0,鱼。
斯 琰 🌈 🍭,5,2012-03-11 20:03:57,2,四年后再听打自己脸。由两人关系延伸出来的是关于自我与交互思索。听到《手的预言》《距离》才后知后觉陈老师一直都擅长“身体话语”，之前也有衣柜、80%那样的作品。这张专辑太适合此时此刻的我~
江湖遠人,5,2009-10-08 19:35:36,0,！！！！
顾得奶特,NaN,2010-09-14 17:29:36,0,只需听一首《鱼》。其他忽略
你今日飲咗未,5,2011-01-10 16:35:39,0,王若琳取代不了陈老师的。陈老师是一条鱼。
兰 希,5,2012-01-27 20:21:37,2,本以為《下個星期去英國》是一首說分居兩地的戀人的歌，聽綺貞live時她介紹說是說朋友的歌。或是朋友帶著你的夢想越走越遠，我們都已改變太多。
新竹,3,2009-02-06 22:12:25,0,真的真的，很一般。
Pumpkinhead,3,2009-01-17 11:02:47,0,躁动
⸜( ˙-˙ )⸝,3,2009-02-19 13:20:27,1,喜欢《距离》
放开那个西红柿,4,2011-06-29 17:33:29,0,感觉风格没有太多变化。
Белка,4,2009-02-16 06:08:31,0,哎我该说什么呢..../喜欢鱼这首
Aki,4,2009-01-25 17:14:08,0,当你不再是我的安慰，我还是沉溺于你的声音。
Seamoon,3,2009-01-30 21:35:54,0,觉得只有下个星期去英国最好听，却没什么意义。烟火的一小部分很好听。当然，我最先听的是她的精选集，先入为主是不可避免的。
中世纪福音工人,5,2013-12-02 23:07:30,0,以前就知道跟风听周杰伦，为什么就不知道留恋眷顾一下绮贞女神吗？！#暴露年龄#
逅宝,4,2009-01-28 21:29:49,0,挺好听
挂拉,4,2009-01-28 23:16:10,0,我给你tag一个indie-pop吧，陈老师。
失控的蘑菇,3,2009-03-21 10:52:49,0,失望
小隐隐于浆糊,5,2009-03-18 23:18:23,0,鱼，高潮好听。
铎奇,4,2010-11-13 23:49:08,0,这张还好。多谢。
朱朱朱古力♥,5,2009-01-17 02:54:11,0,喜欢手的预言
老夏天___,5,2010-02-18 10:17:26,0,信仰!!!
日烟火,4,2009-06-06 10:18:40,0,但听无妨。然而如今终于觉得台湾的小众太柔软太脆弱。不如香港的来的坚硬。
Ziggy 🇵🇸,5,2009-01-24 13:47:19,0,狂恋烟火
不眠飞行,4,2010-10-24 21:38:47,0,鱼。。初听实在惊艳
千寻｜Scorpio,4,2009-11-17 23:45:36,0,最开始并没有认真听这张专辑，直到四川版的发行。最初喜欢的是《下个星期去英国》，现在还包括《鱼》。我并不认为这是她最好的专辑了，有点商业吧，但抱着不同的态度去听，放在不同的情绪之下，会有不同的收获。
A R I A。,5,2011-09-07 09:36:45,0,《鱼》，没有得金曲奖，真的可惜了。
Jezz,NaN,2009-03-17 02:08:52,0,真是神奇，还未开始听就已有了100篇评论。
一絲不掛,3,2009-01-23 20:42:57,0,这不是一张完整意义的新专辑，老师真的非常聪明，如果质疑这张专辑，恐怕在质一半过去的她，下个星期去英国很不错。
青屿侬,3,2009-02-01 08:29:45,0,恩，每首都长得差不多。
听临,4,2009-04-14 10:34:27,0,鱼。
小岩菽,4,2009-01-14 14:27:41,0,被《鱼》的歌词感动到了。虽然POP但还是好听。声音的治愈力。
脫繮的蛇肉堡,4,2012-05-29 17:43:41,0,只有在KTV听过基友唱的觉得好听怎么办……
拔草非非,5,2009-01-26 02:14:24,0,我一直如此平淡的喜欢着她。
低調小姐 - VG,5,2009-01-23 00:36:06,0,狂戀，魚，煙火
Soda兰,4,2009-02-23 10:08:48,0,不像一些人说的那么好，也不像一些人说的那么糟。
Ambery,4,2009-04-18 17:51:04,0,很耐听
破产君,4,2009-02-22 17:41:42,0,鱼/下个星期去英国
五月微蓝,5,2009-02-13 13:30:06,0,不管你变成什么样，我都喜欢你现在的样子。
嫌疑人P的沮丧,4,2009-05-13 22:16:10,0,平庸了
小澈,5,2009-07-05 01:53:11,0,侵蚀。
诺基拉,NaN,2009-02-02 14:13:25,0,最喜欢《下个星期去英国》，原因大约也是一望便知的。
Vince♫,NaN,2011-06-14 19:26:05,0,鱼
玉木大河,4,2009-12-31 17:23:52,0,文艺小青年还是得听陈老师的。。。
鹿港水手,4,2014-07-01 17:03:04,1,今天又听了一遍《太阳》，我想，我应该不会再听陈绮贞了，她在那个躁动不安的时期曾给了我关于青春，关于爱情，关于一切那个潮湿又燥热的时期该有的最美的想象，现在我已经悄悄的走过了那个时期，迈向了更为广大的未来，那些细微的，敏感的情绪已经被我藏在了心底，所以再见啦，我们都需要成长。
程萬萬金,4,2009-01-28 14:53:55,0,生日禮物。港版。小小女子从小情绪唱到大太阳。我知道你的光芒已经遮不住了。在中山纪念堂看你的演唱会。我知道我的青春已逝去。
薛定谔的毛,NaN,2012-04-16 17:08:30,0,聲音膩歌詞也膩！
你是桌子我是布,4,2010-02-10 01:05:52,0,一首歌把我带回去
一又,4,2009-04-02 18:33:53,0,你是你自己的太陽。
DG,3,2009-03-17 16:16:37,0,鱼
TristanShen,3,2009-01-26 14:11:16,0,3
Theo Lee,4,2009-03-27 19:00:18,0,這小妮子似乎一直都沒變過，依然如此討人喜愛。
混不吝福音战士,4,2009-01-31 00:29:05,1,还行，最喜欢[距离].其实专辑其他的歌还是不错的，而且我并不会觉得她有多么流行，只要态度在那，再流行也是独立
西部獭仔,3,2013-11-05 00:21:54,0,打三星是因为怕用力过猛陈老丝的脑残粉拖黑我
BtKnowhere,4,2009-09-04 09:22:53,0,好听还是好听的，就是感觉不同了，是小众走向大众的必经之路么
蒜 | BOY A 🌈,3,2013-12-16 16:14:22,0,就觉得《鱼》和《失败的飞翔》两首还行。http://www.xiami.com/album/316141
给我个电话亭，我要拯救地球！,2,2009-02-21 01:56:58,0,妈的怎么这么难听
然,4,2009-01-10 14:47:33,0,从一首躺在你的衣柜遇见从04年最后一天在cheerego听到的after17开始她的声音已经住进了我心里我就是想要听她唱到七十岁~~~什么主流小众indie标签我想那与我无关。她打动了我。我爱上了。耳朵喜欢，心喜欢。仅此而已。
小易甫,2,2009-01-23 16:32:02,0,这是我在这里打的第二个两星，倘若你是非主流的代言那么这张便代表着我心底非主流的衰弱.你没结婚之前还能接受，结婚而不成熟真的让人发傻.歌词做作，爱用大词，无病呻吟，声音好恶，唯一喜欢的烟火也只是喜欢她的曲，何况还是因为杨乃文的原因.耽误我时间.
給料泥棒,5,2010-06-15 22:14:30,0,距离。太阳。鱼。倔强爱情的胜利。下个星期去英国。2009逃離宿題的寒假。
stranger17🎐,NaN,2009-01-19 14:13:01,0,你看不见我，我在太阳的波光里。请将我融化。
XA™,4,2009-02-15 15:51:34,0,鱼，狂恋～
一坪海岸线,3,2009-03-11 19:24:23,0,太阳，那是日轮。
让我的爱情没有黑夜,1,2009-04-12 12:36:26,0,不知道為何大家那么喜歡？
林喜喜喜喜。,5,2009-01-25 13:16:41,0,还是陈绮贞。
太空少年孙轩宇,NaN,2009-03-02 13:33:08,0,好听老师的东西就是好
菲以,4,2011-02-21 13:26:53,0,太阳。鱼。
Gavin|江湖骗子,5,2010-08-05 15:12:29,0,10月25武汉见
微 曇,3,2010-07-05 16:05:29,0,鱼
鹤鹤崽,4,2010-02-18 12:53:54,0,追不到的，看不见的，都让它......在天际
Rosanne,5,2013-02-18 21:16:41,0,陈老师最爱的专辑，暂时没有之一
小舞,NaN,2009-05-18 19:22:16,0,倔强爱情的失败
hotdogyer,4,2009-02-20 22:50:43,0,陈老师就是没错
snowball,3,2009-02-06 15:56:29,0,比较失望
mikaholic,4,2009-01-25 17:28:35,0,"我倒不覺得有多搖滾..有些歌讓我覺得回歸到類似""讓我想一想""的空間感和無電聲的配器，腔調也真實了..對我而言陳綺貞還是做民謠的好..大概基於對華麗冒險的失望這張我又覺得還好了..==||又.衣柜錄音不算甚麼新方法沒有拿出來說的必要"
做梦的猫,NaN,2013-04-30 21:26:18,0,居然没马克过。过去一个月跑步和迎着落日回家的时候，脑内循环一直是《鱼》，好奇怪（为什么这首歌不叫太阳呢）。希望五月会换首歌来播啊。
林佳 树,NaN,2010-08-27 01:34:48,0,神..
F,4,2009-01-28 15:53:23,0,如果有一个世界浑浊得不像话，我会疯狂地爱上。
月河,5,2010-07-22 02:23:55,0,陈老师的声音还是如此动听~
Mr.Or,3,2009-01-23 10:24:09,0,好吧，我对小清晰有偏见
春风颜色,4,2009-03-07 17:05:56,0,《手的预言》《太阳》《鱼》《另一种平静》《烟火》
狷介有乌青,4,2009-02-27 13:14:08,0,那天在跨年晚会上听你说要发新专辑还是很开心的
llxx8023,3,2009-01-27 00:47:56,0,你抓不到我的耳朵了
肥利普先生,4,2009-02-01 12:45:41,0,难得。
Celesteblanco,5,2009-06-07 11:21:18,0,给四星的唯一原因是《华丽的冒险》起点太高了
布安安,4,2009-09-10 08:41:39,0,一首歌让我流泪让我感动这么多年或许你我都变了
翔樹。,3,2009-02-02 15:02:06,0,还是那样子，有的慢慢喜欢，有的背后发毛...
mono,4,2009-04-17 19:59:49,0,有几首的编写好主流啊。
Arepennis,4,2009-02-17 00:15:15,0,期待～
黄渝,5,2011-07-24 11:02:21,0,这张超级小清新的专辑，我居然现在才想起来tick
e_rain,5,2009-01-22 23:20:32,0,好多demo里面的老歌呀……奇怪的是，我拿到新专辑以后一直在听老歌。我喜欢的《倔强爱情的胜利》。
llao,4,2009-05-21 08:50:46,0,2009.02&03
Milk,5,2011-10-03 02:06:24,0,用了兩年時間才真的愛上這張專輯。這兩年有你的陪伴我想我是不孤單的。謝謝你cheer。
伊林,4,2009-02-24 22:45:12,0,鱼好美好美好美
满 满,4,2009-01-26 01:16:02,0,很有进步了。全部保留下来已经很有进步了，全部保留下来
Empty,4,2009-05-05 23:58:48,0,希望不要走下坡路
若||沉稳的行板,3,2009-01-25 14:29:34,0,陈绮贞的东西永远也就是还行吧
没别的,3,2009-03-11 22:36:53,0,带不走的，丢不掉的
Yoo,4,2009-09-29 10:36:59,0,ＨＮＯＹ★★★☆
劉咳暝,5,2009-03-20 13:49:23,0,果真没有想象中那么好，但也没有所说的那样差。
小柔♥,5,2009-05-06 22:23:24,0,一直听一直听~~~~~
每天一粒茶叶蛋,5,2012-06-18 18:37:16,1,CD真的比live好=。=
DOODLE||今日拯救咗地球,4,2009-02-01 12:01:17,0,失败者的飞翔...手的预言...
cerf‘s,4,2012-12-28 14:57:56,0,没张悬大胆。
慕祺海Perkira,5,2013-06-12 00:44:37,1,A94我听的陈绮贞的第一张音乐专辑，太阳，你是我的太阳！mylove！
aprilapple,3,2009-03-18 20:47:16,0,其实我是那么喜欢写一首歌让你带回去
朵拉小姐,4,2009-01-25 15:51:13,0,喜欢她的调调。
鹹魚阿不爛,4,2010-04-19 17:29:47,0,就因為一首魚~我想要打五星了~
阿米,2,2009-02-01 23:43:23,0,我太阳
Cos40°の僕,4,2010-06-15 17:05:45,0,买不到……
Glicoo,5,2009-03-22 14:31:06,0,woo
夏一慕,5,2011-10-15 13:46:44,0,不愿放开手，不愿让你走。
微安,4,2009-01-22 15:07:49,0,一些巧合
洗头油|盖盖儿,5,2009-05-18 16:18:19,0,虽然很多老歌还是很喜欢
安乔,4,2011-12-28 08:22:04,0,《鱼》，再见~
疯子痕。,5,2010-01-30 13:27:19,0,繁华落尽后的凤凰涅槃。
孟瑪斯,3,2010-07-15 15:25:37,0,好久沒聽她的歌……今天在「華麗的冒險」令我精神一振之後，「太陽」聽的人直想嘆氣，其餘就放在心裏吧，期待下次的邂逅。
黃稀奇,3,2009-04-12 16:30:50,0,鱼，距离..
俞晓之,3,2009-02-11 12:10:07,0,不太喜欢小女声
萤火虫子,4,2011-06-27 12:38:05,0,你的影子巨大，像喧嚣的脏话。
Mr.lonely,3,2009-02-05 11:14:48,0,如果你不是陈绮贞，那么可以用后即弃；但可惜你是陈绮贞，于是为了最后那首歌，大概那才是你最应该唱的歌，像太阳之类的，留给别人吧，让别人带走吧
仲雪春山,4,2009-01-26 06:02:58,0,你是我喜欢的不老小姐。
海鹰,3,2009-01-23 12:28:16,0,令人失望的开始。
阮免了,5,2009-01-27 12:24:29,0,很奇怪的是每张CHEER同学的专辑里的歌喜欢起来都有前后阶段性，最后喜欢到的是《写一首歌让你带回去》。
琴酒,4,2009-01-14 22:05:40,2,你的声线温暖如斯。这样挺好。
凯丽要一夜暴富,4,2009-02-08 19:52:38,0,接近生命得是歌词
