user_name,star,comment_time,vote,short
Bill,4,2007-03-23 13:14:54,33,《丝路》一曲的不换气演唱法至少加分不少但是大多数歌都属于不温不火的状态相比之前的两张而言质量开始有一点下降的端倪而这种趋势也很不幸地继续蔓延到了《亲亲》上面梁静茹的唱功在连续几年的锤炼之后显著进步了
香水瓶,4,2006-04-17 00:54:28,23,好听，我尤其喜欢那首“路”
DeerColin,5,2012-11-01 21:42:07,12,《可惜不是你》如今俨然屹立KTV年度Top10不倒了。《丝路》好喜欢，无论词曲都属佳品，同样地，《路》虽然冷门，也是这张专辑的一首好歌。《瘦瘦的》呈现的是幸福生活的小哲理，《我还记得》以感情动人，是专辑里另一首冷门好歌！注意去听《下一秒钟》某些地方的咬字，很赞
潋 | Béatrice,4,2010-04-04 17:29:21,7,可惜不是你。听得我连心脏的形状都变了
Luffyjun,5,2011-02-16 14:53:09,10,丝路，好听~我会唱瘦瘦的~
豆友36396401,4,2015-05-27 07:14:04,6,丝路真好听啊
锐利修蕊,4,2017-09-03 21:31:51,5,记得当年在大卖场的试听区，还在想为什么会有《丝路》这么另类的专辑概念。隔几天电视台就疯狂主推陈晓霞写的《瘦瘦的》，一直到现在都是我爱她的排名前几。这是完整听完梁静茹的第一张，时隔多年仔细听完发现最爱的还是易桀齐写的《因为还是会》，蔡健雅的《一对一》和许哲佩的《很久以后》也都很好。
littletwo,4,2008-06-25 15:43:35,1,完全是惨痛回忆
叶子阿姨,4,2008-03-24 20:00:03,2,十年后的今天遇见你，年少轻狂已远去。
老夏天___,2,2009-09-24 19:08:09,3,不得不实话的说这是我听过fish最差劲的一张了和她的实力不符
拉子,5,2009-04-18 12:04:29,1,......
徐达多,NaN,2009-11-01 13:43:03,0,大美唱的丝路，现在已不再
丶,4,2011-12-10 12:06:29,1,其实这张专辑很苦情。而且，主题曲争议很大。有人说唱的很好，也有人说不适合她。但我觉得你很棒。
seren,4,2006-09-17 15:50:50,0,K歌演练曲
zard砸得王大崩,4,2006-12-15 01:29:16,1,都是好听的歌，但感觉上有点乱。~可惜不是你~我还记得~路
MochaTong,4,2006-11-12 21:18:23,0,丝路+可惜不是你=（看透之后的）瘦瘦的
杨山魈,3,2011-05-27 14:59:52,1,很苍白
石小po,4,2010-04-27 15:59:15,0,3.5
Sophie  Z,5,2012-11-13 10:24:45,2,7年好快啊
乡愁,5,2010-07-27 20:42:18,0,星星就是穷人的珍珠。你的笑，支撑着我虔诚的最初。/我还记得那年你的年轻，刻在从前最美的时间。在我生命里，你不曾告别，不曾走远。与你重逢前一个夜晚，往事在梦中上演。终要去体验，真实人生的残缺。
不擅长,4,2007-10-12 15:45:18,0,7http://www.xiami.com/album/10063
安东妮,3,2006-08-29 18:36:36,0,可惜不是你太煽情
letriple,NaN,2006-12-30 15:25:01,0,可惜不是你。我在这世上最深的可惜。是你。
天亮天黑,5,2012-01-18 13:16:52,0,可～惜～不～四～你～
斯 琰 🌈 🍭,5,2009-12-27 11:24:48,2,“星星就是穷人的珍珠”《丝路》，“在我生命里你不曾告别”《我还记得》，被胖友吐槽被基佬玩坏的《瘦瘦的》，扣题之作《路》，一唱就扭不能停《一对一》，你以为肝肠寸断实际上是放手释然《可惜不是你》，陷在沙发中的喃喃自语《很久以后》，静静怀念《因为还是会》，本砖晚安曲《好夜晚》。
牙3牙,4,2007-10-04 00:06:36,0,她的专辑中，我唯一买了原装的。。。
嗷拜拜,4,2010-12-17 09:08:27,0,这张有可惜不是你就够了
杜扬Seatory,4,2007-05-24 17:13:31,0,绿茶要CJ要发光-.-
铎奇,4,2011-10-24 21:56:24,0,刚上高中的时候吧。
宝塔糖,5,2011-08-09 22:27:46,0,我是一只笨贝壳，不情愿地把包裹了两年的小石头抠出来，想念你就像想念一颗从来不属于我的小珍珠：）
半·糖®,4,2010-01-10 22:48:10,0,谁带我离开孤独的思路，感受你的温度
五月微蓝,4,2009-10-12 22:16:45,0,静茹专辑中我比较爱的一张。
兔娘,5,2011-08-09 20:44:52,0,这张专辑之后就不行了.
数人的绵羊,3,2008-01-20 13:24:28,0,《可惜不是你》。
程萬萬金,3,2011-03-03 10:26:05,0,路。
Icilian,4,2009-12-21 20:40:12,0,哎。可惜不是你。
你是桌子我是布,5,2011-07-27 12:31:15,0,这张算是她的最高作了
丹,4,2006-05-31 07:23:27,0,为什么会喜欢?我也不知道.
Jonathan,4,2016-12-15 17:04:43,3,翠萍当年凭借这张入围金曲最佳女歌手（汪佩蓉、陈绮贞、蔡健雅、燕姿、佩妮、范范），结果还是被tanya拿了歌后。这明显不是翠萍最好的一张，但不可否认又诞生了两首大hit，很多人觉得翠萍没唱功，我就特别想说听一听《我还记得》就知道为什么翠萍演唱会门票卖的那么火人气那么高了。这真不是别的女歌手能唱出来的感觉吧。
≌菩提风花,4,2007-04-12 20:50:46,0,还是很不错的
KAVA,5,2010-11-17 22:02:43,0,哈哈，歌词本有静茹的签名
kingfish,3,2006-04-16 09:49:57,0,退步了
qb,4,2006-06-27 11:37:42,1,和某些唱片保持距离，05的唱片，07再听......
Layla,5,2008-12-07 03:03:17,0,这张真的很好听。。。
半辈子,NaN,2006-11-11 12:53:52,0,听1说明我心情不坏
SamDiedOnMount,5,2011-05-17 22:39:57,0,我最爱的一张唱片
小小,3,2009-07-19 23:57:00,0,收，我还记得，路，可惜不是你。
再见小狐狸,3,2010-12-22 14:08:49,0,除了《丝路》以外，毫无惊艳的砖。
Gavin|江湖骗子,4,2010-02-22 03:02:21,0,现在再听一对一
蕾蕾,4,2006-10-18 00:06:03,0,絲路可惜不是你
hotdogyer,3,2007-02-21 22:23:44,0,恩～还不错啦～
Annabel,5,2010-02-16 13:46:13,0,最爱可惜不是你。
春风颜色,4,2009-11-30 19:58:41,0,《丝路》、《我还记得》、《可惜不是你》
六月天蝎,4,2007-05-11 09:53:34,0,丝路唱的很大气
penumbear,4,2010-12-27 15:42:46,0,初中时买的梁静茹的第一张专辑
五月之星,5,2007-10-24 13:28:03,0,瘦瘦的
破晓星⭐,5,2009-05-27 20:50:58,0,丝路，我的拿手歌
宋阿慕,4,2008-02-19 13:54:18,0,很爱很爱住旅馆很爱很爱梁静茹
[已注销],5,2012-06-26 10:01:19,0,梁静茹情歌启蒙
米粒,5,2010-01-19 23:51:36,0,很好听，无论什么时候听！
朵拉小姐,5,2008-08-31 18:52:16,0,推荐全部。
林小脑,4,2010-08-01 11:29:48,0,丝路我还记得瘦瘦的可惜不是你
落雨天地,4,2009-01-27 21:32:51,0,去KTV她们从来都点《可惜不是你》，可是我最爱的是《丝路》。
Chimney,NaN,2009-09-04 11:47:10,0,2005/梁静茹
等到风景都看透,4,2010-07-22 13:12:31,0,“羌笛声胡旋舞为你笑为你哭”比蔡依林那“白雪夏夜我不停歇，舞娘的喜悲没人看见”有味道多了~我果然什么都反应迟钝现在才开始听梁静茹
我係我一蚊網,5,2011-05-22 16:55:54,0,丝路我还记得瘦瘦的路一对一可惜不是你很久以后因为还是会----→当时在看刘涛的《可惜不是你》，主题曲就是这首，还有插曲吧《路》。。。
润物,3,2008-08-12 00:25:08,0,这张在她的唱片中对比我个人感觉相对逊色一些，我记住的只有“可惜不是你”这一首歌，也许这是个过渡吧，下一张就惊喜了。
放开那个浪味仙,5,2010-09-11 00:49:27,0,好喜欢这张。
juif字遊,4,2011-05-27 01:32:20,0,可惜不是你···
Esther GDB,5,2010-09-25 19:25:50,0,丝路我还记得瘦瘦的可惜不是你好夜晚goodnight很好听
餠,5,2012-04-25 18:50:45,0,这张是对梁静茹的真爱
猫丢了的莫教授,4,2014-05-22 20:30:35,0,这张专辑让梁阿姨变成了梁大妈。
missmissmiss,4,2010-03-26 11:40:29,0,董骚骚喜欢她喜欢的不得了挥舞着歌词本儿的欢乐高一我剪下杂志上的梁静如送给他
Super朱,4,2009-09-20 21:57:04,0,大爱这张
不靠谱青年苏打,2,2011-12-04 23:18:10,0,呵呵
freesia,3,2006-12-06 22:16:12,0,一般般
Vicky,3,2007-05-13 11:48:41,0,一般，似乎每一首都还可以，但都不出挑。
梦暖寒,5,2010-10-10 17:52:43,0,不明白为什么大家对这张专辑评价不好，挺好听的嘛
Sunrise,4,2007-01-26 19:14:05,0,可惜不是你，陪我走完爱的旅途
FUNNI,3,2010-03-09 22:36:54,0,好夜晚goodnight我还记得
橋,4,2009-04-18 18:10:44,0,我怨恨王力宏把阿信的词毁了orz～
Summer楽苦多。,4,2013-01-29 20:02:42,0,丝路的歌词真的很惊艳...。
HUAICI WANG,5,2013-05-31 20:02:47,1,这么一张大饼脸的封面，哈哈哈。
舞！舞！舞！,4,2007-08-02 01:25:39,0,这张是喜欢的，丝路，可惜不是你，因为还是会，这些名字铭刻了动人的情愫。尤其是可惜不是你，只听她唱，并不用想起身边的故事，都会落泪。她的声音和唱腔，这里听起来，真是动人的。
阿蛮.,4,2009-08-05 21:37:47,0,可惜不是你。可惜不是你。
Jude秘密仙神,5,2009-07-09 10:29:26,0,王府井，FAB，放学后，羽绒服，人群，签售。我还记得时的眼泪。
马来可,2,2007-05-05 18:31:53,0,多没有诚意的一张啊
Lunatic🍑,4,2011-09-22 17:08:31,0,谈及那首丝路，许多年前第一次听就放了一个晚上
Sirius.Lau,4,2012-04-10 01:23:14,0,。。。陪我到最后
麥太,5,2012-06-08 19:40:15,0,最喜歡靜茹的專輯之一
社畜弄弄子,2,2012-02-24 12:04:06,0,腻死了
superdodo,5,2010-09-11 00:27:18,0,满分
浅   川,5,2010-05-09 01:39:22,0,丝路，谁是谁的全部
小欢欢,NaN,2009-10-05 13:30:21,0,可惜不是你
无敌伍胖子,4,2010-01-23 23:22:30,0,我是奔着可惜不是你来听这张专辑的...
Maky Yang,5,2011-02-17 18:46:53,0,可以只因为可惜不是你所以打五星么
Filo,4,2007-11-17 22:28:03,0,“可惜不是你陪我到最后”大概是每个人都会有的那一点惋惜吧。
周公子,4,2008-12-20 21:29:46,0,可惜不是你~
✖,5,2007-08-11 01:51:17,0,我还记得>>
李万山整肠丸,3,2010-01-10 11:05:42,0,封面丑死了。
