user_name,star,comment_time,vote,short
poppyxong,5,2009-04-26 16:42:42,220,是我的海
停用豆瓣勿cue,4,2011-09-28 16:32:17,93,「频率」「是我的海」
捞,NaN,2011-10-16 23:05:31,96,不知为何就是有种被恋爱的感觉。
Bill,5,2008-05-04 19:01:10,112,很是惊艳的出道让人难忘的编曲和声音只好用震撼形容
郁程,5,2007-12-03 19:31:27,34,好听到离谱
斯 琰 🌈 🍭,5,2013-03-15 13:56:54,18,第一张就惊艳到不行、无法定义的一支乐团。无怪我爱他们这么久这么深。一生脑残粉的命运是摆脱不了了~永远也不知道他们会交出怎样的作品，唱怎样的风格，他们就是sodagreen~或许现在他们再也回不到这样青涩的感动，但是我依然深爱~
眼角的花朵,5,2007-08-31 18:12:51,20,眼角的花朵的名字来源于苏打绿的＜飞鸟＞　不用说了　我有多喜欢他们
tlmgt,5,2011-11-06 05:12:08,18,飞鱼。相对论IV。OHOHOHOH
virgin,3,2008-12-02 13:02:30,3,不喜欢娘娘腔!哈哈:)。。
离净语,4,2007-03-29 20:42:45,8,好听难唱啊欸
慢先森,2,2006-02-03 06:04:30,4,虽然是独立音乐，虽然被漂亮的绿色封面吸引，但我必须忠实我的耳朵，大多数歌不好听。《飞鱼》和《你喔！》还能听，其他歌可以说不堪入耳。
L I M O,5,2007-01-12 13:21:13,9,我的海里有飛魚。
赤潮▪夯,2,2007-01-06 20:42:47,5,做作捏嗓的太监腔！受不了主唱的声音！
锐利修蕊,5,2009-10-18 15:02:15,5,从《是我的海》，到《你喔》！
倉鼠,4,2010-12-31 20:51:28,6,《是我的海》曾经是我的泪点《相对论IV》是你提出要和我一起唱的歌
城南草木生,3,2007-12-16 18:26:23,1,绿的发紫
zard砸得王大崩,5,2006-12-14 15:38:10,6,越听越喜欢的专辑.整齐而美好的青春
瓜。相信这个世界很变态。,4,2008-08-09 22:48:44,3,如果苏打绿每张专辑都像这张一样，我就不会anti了。
shu,5,2007-12-02 14:00:16,3,心情都绿绿的了，绿色的时光。
WellIgotone,4,2011-01-30 00:07:11,0,还真清新哎
泉の向日葵,3,2006-05-16 15:59:51,8,苏打绿/sodagreen，[n.]一种慢性腐蚀心灵的旋律性饮料。[v.]专指某种变调摇滚精神试着改变受众音乐习性。[adj.]乍听之下令人难以忍受却又无力抗拒的。[adv.]绵密而愉悦、轻松又带点温柔地。
Mignon松弛地,4,2006-11-19 14:16:37,1,喜欢封面上的苏打绿，音乐温暖。时隔两年，我却完全受不了主唱雌雄莫辨的声音了……
Song³,5,2008-10-07 20:55:06,1,妖娆男声！
thundercat,5,2007-11-25 00:34:46,2,我只想说谢谢你们
徐达多,4,2008-03-27 14:58:50,1,兴趣所在。
毛利,4,2006-11-25 03:37:39,1,听的时候，我觉得蛮快乐
夏日扬帆,4,2010-07-28 17:42:02,1,那个时候纯纯的那抹绿
CiCi,3,2011-01-26 02:29:02,1,为毛大家都说好听，而我死活受不了主唱那种不男不女的声音？
MochaTong,5,2006-11-12 21:35:25,0,是我的海~。就是因为这张爱上了他。
kik,4,2005-12-27 19:21:18,1,你喔！
jellyfish,5,2007-03-08 23:52:06,0,夏天的味道
小狐狸BOBO,5,2005-10-04 13:18:00,1,一种简单的错觉，轻易别离，终结孤单！
小魔@优雅穿梭,4,2010-01-04 19:02:57,0,青峰你一定要和安浦好啊！
三四,4,2008-06-20 21:25:51,2,青的声音听了会上瘾
Tiff,5,2011-03-01 06:37:01,3,我不知道为什么喜欢他们，只是每次听都一样安心，然后就微笑了。。
莊小壞,3,2011-12-11 21:29:16,0,3---嗯哼。
不万能青年,5,2011-08-13 21:00:23,0,太多困难，会让人害怕看未来。
Vince♫,4,2008-04-08 12:07:14,1,不是很喜欢主唱的口音
○Ⅴ○,5,2010-04-26 14:52:56,0,很给力。超级超级赞的！
卡羚,2,2007-12-11 12:24:05,3,忍耐着听完了……糟蹋了这么好的歌啊……旋律，配器还是不错的。但是实在不喜欢这“男声”，瞟么子，毛病太多……就不能好好唱么？这也叫唱？真想掐了他……没有这个主唱我可能会再多听几遍……
Ex,4,2006-11-19 04:59:42,0,你喔
mee,5,2006-01-03 23:58:06,1,基本是旋律，快乐的。
BlackScholes,4,2014-01-08 10:21:59,0,后悔莫及飞鱼是我的海漂浮频率
大头绿豆,4,2006-12-16 14:21:06,0,赫赫，意外收获。
阿镇,4,2007-12-22 03:17:37,0,最喜欢迟到千年和小情歌
殘 藍。,4,2006-06-15 16:43:18,1,超级喜欢主唱的声音！
落羽杉,4,2006-07-09 10:29:01,0,还不错，很适合夏天听。
五月微蓝,5,2007-05-23 12:47:36,2,一首《频率》认识了苏打绿，然后开始沉迷于青峰的声音，开始寻找苏打绿的历程......
Memento Mori,3,2010-05-09 12:17:50,2,鼓点太脆涩，吉他太弱，和声太单薄。。。。钢琴还比较灵动。
神秘金针菇,4,2012-04-10 17:02:33,1,编曲上佳，旋律略欠
DrunkFox,NaN,2008-04-25 22:49:22,0,还是他们好很便宜很好听买下来一点都不肉疼
亞麻君,4,2009-08-29 21:37:59,0,喜欢频率。。。
momo,5,2009-05-03 22:28:21,1,我的21..我的频率..
薇羅尼卡,4,2006-01-29 00:05:44,0,很不错的独立乐团~~
安东妮,3,2006-04-27 14:43:51,0,不是很喜欢
godeau,4,2009-06-20 19:10:40,1,那一抹绿
Pumpkinhead,4,2012-05-29 20:23:50,1,清新明亮
Белка,4,2007-12-17 20:32:55,0,。。这声音真是的哦...
Yi,NaN,2007-04-09 12:42:10,1,后来他们再也没有这么好听过
Paul,4,2008-12-07 20:20:07,0,歌很好听声音混蛋不能忍
再见小狐狸,5,2010-12-22 13:17:11,2,犹记得打开专辑刹那的欣喜感。超赞的第一张！
不如的我的,5,2006-08-26 11:42:34,0,音乐不错鼻音太重
日烟火,5,2008-09-22 19:24:52,0,这张最有爱。
艾桑,4,2006-05-10 10:55:58,0,猛一听吓一跳的声音，越听越妩媚动人……清新的绿色~~
chaaaaad。,5,2010-01-30 22:18:38,0,我为毛没点听过
苏小安。,5,2007-12-18 10:52:46,0,soda
So.,4,2009-03-21 13:02:31,0,三星半吧
賴床不起。,5,2008-03-12 12:25:46,0,早就听过了
JasmineJasmine,4,2008-06-19 21:54:19,0,小清新，这几个研究生还不是猥琐男的说
掩杀,NaN,2006-03-28 01:21:01,0,台湾独立乐团
绿毛水怪,3,2009-05-14 18:31:54,0,三个终于听苏打绿的理由：na的小唠叨张悬青峰挺可爱的
tavico,4,2007-09-23 11:11:41,1,编曲想当出色，配合CD听感觉更好
原獸god,5,2009-11-19 16:00:32,0,謹紀念曾經。
一又,5,2009-03-16 22:28:29,0,染個彩虹色頭發瞧一瞧啊吳青峯。
A-sun*,5,2006-12-31 02:39:46,0,蘇打綠
just,4,2009-11-08 12:46:38,0,-
TristanShen,3,2009-01-23 11:06:38,0,3.5
清纯可人女餓人,5,2009-04-07 20:58:04,1,好声音好音乐
Bla©kie,4,2007-12-29 01:42:10,1,爱死频率
然,3,2012-07-06 16:57:44,0,有点腻
破晓星⭐,5,2010-02-23 11:17:55,1,很棒的同名专辑
kingfish,4,2006-03-23 10:38:22,0,124是我的海频率飞鱼
痴人,3,2007-12-01 12:23:25,0,个男人的声音太妖娆了趟不牢。。
baichi0038,4,2008-06-04 20:55:09,0,可不可以打4.5~~~
🫀Psyche,5,2012-05-28 10:07:21,2,这张专辑是最感动我的一张。看了苏打志以后发现和青峰在这个时候的心境无比相似，看小巨蛋和十年一刻记录真的感觉他是那种宁愿把自己累死都绝不敷衍的人，突然就觉得好感动，是的，因为他，我想要做音乐。
半辈子,NaN,2007-04-27 14:58:14,0,07年的夏天，苏打绿……
chaton,NaN,2007-10-03 11:51:02,0,旺旺，记得你兴奋无比地推荐。
家常辣酱,3,2008-09-30 15:47:40,0,多了就别扭了
少年桑将,4,2007-08-22 19:35:45,0,最喜欢励志的飞鱼。相对论的节奏也是很爱的。思绪会在青峰的独特嗓音中游走。
幸福超市总经理,NaN,2012-07-09 23:50:14,1,编曲很出色的流行乐队，但是主唱嗓音的甜腻有点让我不适应
MeetMeinaMaze,4,2020-03-19 11:11:19,2,有青峰独特、偶尔失控的vocaldelivery和与之契合的漂亮创作，再里外缝上手工质感、不受拘束的“青涩”编排(有时苍凉有时异国)的确是一时无两的乐队debut
徐小花,NaN,2006-08-16 17:51:38,0,很随意的在电台听过，感觉不错
四二,3,2008-02-20 23:45:55,0,不错听。
黛二小姐。,5,2009-10-17 22:26:53,0,终于开始迎合你了。
空羽,3,2008-09-13 11:54:43,1,对旋律的追求有些刻意了，但是这不是缺点。
【 F 】,5,2007-06-16 13:52:36,0,绿。
知秋,4,2006-11-03 18:52:20,1,青峰的声线让我联想到同志。
煮蓝,4,2009-05-29 14:05:54,0,我一直觉得苏打绿的歌词都很莫名其妙，不过这张专辑里面的飞鱼让人惊喜，是那种很可爱的小寓言。风格无法琢磨，摇滚和独立从不分家，不过我觉得他们最适合的还是《你喔》那样的棉花糖曲风。还有啊，这封套好看死了。
A-Mian,4,2008-07-30 20:19:25,0,声音听多了有点反感。。。
器官坏死,NaN,2008-03-25 12:12:34,0,仅仅喜欢着一张专辑，
