user_name,star,comment_time,vote,short
Bill,5,2007-09-28 20:27:47,66,好专辑就经得过一遍一遍的欣赏动听窃以为是2007年迄今为止最好的专辑一直很难把张震岳的音乐和他的形象联系起来闭上眼睛细细品味很受感动思念是一种病与再见一头一尾最是精彩路口的词和曲还真是对比
文泽尔,4,2010-10-10 20:31:34,37,这张里面有两首，其一是ok，其二是思念是一种病：都是哼着哼着就会唱了的.其余却是没有留下很多印象.纵贯线可能在小酒吧里开小型演唱会，会比千人演唱会要好
米粒,5,2010-07-26 16:36:47,15,这张很令人感动一直挺阿岳！！
停用豆瓣勿cue,4,2011-09-09 23:45:30,15,和谐的内地版，软趴趴的DVD盒，三星半
大头绿豆,5,2007-12-19 22:34:20,20,阿岳是个很真诚的人。
香水瓶,5,2007-11-20 19:10:39,7,相思病谁都逃不脱
令糊葱,NaN,2007-12-13 21:18:45,1,有很多好听的歌。
猫打喷嚏,5,2010-04-27 19:42:27,1,这个好！！！我再找找岳快岳慢评价一番去
Song³,4,2008-06-20 19:24:08,5,思念是一种病/路口/小宇
Μουσαι,4,2011-11-14 17:27:18,1,思念是一種病
V.Dunham,5,2017-08-19 11:47:34,10,日常又诗意的寂寞，他轻描淡写就触及了孤独的本质。
知识雪豹,2,2012-02-09 10:53:39,1,病入膏肓了
zard砸得王大崩,4,2007-08-13 14:24:35,1,我爱小宇。
sevear,5,2007-07-12 16:37:51,1,也是好久没有听流行歌哭了
叶子阿姨,4,2008-06-06 18:24:16,0,当你在穿山越岭的另一边，我在孤独的路上没有尽头。
光年‖影视歌三栖民工,3,2010-05-23 18:20:22,0,有两首挺不错，但张震岳的声音太干，太奇怪，我不喜欢。
Claire,4,2007-08-22 09:53:56,2,还让我感到满惊喜的一张专辑。推荐：思念是一种病、路口、很难
眼角的花朵,5,2007-08-31 18:06:28,0,无厘头的摇滚
雷仔不是兄貴,3,2007-08-13 12:00:49,0,只喜歡路口而已
不良生,4,2008-06-08 00:07:26,0,雅痞的性感。
凹凸代餐,5,2009-04-21 12:31:45,0,【思念是一种病】。【你说有个女孩】。【路口】。【很难】。【小宇】。【就让这首歌】
悍客.罗,NaN,2008-05-13 21:35:15,1,思念是一种病，，，
人淡如菊。无奈,5,2014-03-01 20:18:08,2,2007年最爱的华语唱片
𝙎𝙥𝙖𝙧𝙠𝙮 | ✟,4,2010-04-20 23:53:36,1,OK
夏日扬帆,4,2014-04-02 15:38:44,0,[再见、小宇]
ladybird,5,2007-12-20 17:27:00,0,summer...
肥匪廢·老🐰,5,2013-09-01 10:25:08,0,思念是一种病，得治。
泉の向日葵,5,2008-09-11 21:38:02,0,我不想走去你媽的路口破碎的痴夢丟到馬桶讓水流
高歌,5,2013-11-22 20:32:54,2,阿岳从来没有不好听过！
狮子人,5,2007-07-22 08:03:03,0,07夏天。我记住了你。
佐罗大王🌸,5,2010-12-24 12:05:53,0,一直忘了添加
DFF,4,2008-12-06 18:52:06,0,阿岳的歌不用说~
Ridden,5,2008-10-20 13:40:57,0,思念是一种病。
○Ⅴ○,5,2011-04-23 12:26:27,0,思念是一种病小宇很感动
榆花茶,5,2008-11-18 01:01:54,0,张震岳呀，怎样都要听听看咯~
Luffyjun,4,2012-05-18 22:34:43,1,思念是一种病，小宇，再见。【思念是一种病，原作是齐秦哒~不过这版好听
BlackScholes,5,2013-01-27 02:04:54,0,打算入手
evan是幻想家,5,2011-11-30 12:42:11,0,近十年华语男歌手少有的经典之作！
卿一一一一一,5,2014-11-04 18:30:45,1,最喜欢的是小宇，大学听了很多遍。“我不管未来会怎么样~~”当时就是这种小感觉~
乡愁,4,2010-09-24 18:46:31,0,当你在穿山越岭的另一边，我在孤独的路上没有尽头。我想我的思念是一种病，久久不能痊癒。/要分离，我眼泪就掉下去。/有没有那么一首歌会让你很想念？有没有那么一首歌你会假装听不见？听了又掉眼泪，却按不下停止键？
江湖遠人,5,2010-08-22 17:55:33,1,一直把他给低估了。
明天的微笑,5,2007-10-02 23:58:41,0,没想到这么好听，惊喜
Bill,5,2011-05-04 07:26:33,0,满分！相比《爱之初体验》时期的张震岳，这张专辑的风格更让我喜欢——成熟啊！
Karonen,5,2010-06-18 10:55:42,0,路口OK思念是一种病
不擅长,5,2007-10-09 17:50:37,0,http://www.xiami.com/album/6213
沉歌,4,2007-10-20 16:35:57,1,思念是一种病
essence.c,4,2014-07-11 10:32:58,0,【再见】【小宇】
亞麻君,4,2009-07-06 11:56:05,0,喜歡其中幾首歌
薇羅尼卡,4,2007-07-13 14:06:39,0,还是喜欢再见～
小晨,5,2007-09-05 15:43:01,0,唱国语的男生单崩个的好像我喜欢的只有他呵
竹取,NaN,2008-01-30 13:41:18,0,从今以后张震岳。排遣我的小情思。
怀山鹿,3,2010-07-17 22:35:01,0,只记得思念是一种病
猫不然,5,2014-03-01 22:07:04,0,岳
豆瓣用户,5,2010-03-10 16:48:08,0,淡淡的温柔
你今日飲咗未,5,2010-10-16 18:44:50,0,就让这一刻。
妈妈我想吃肉,5,2007-10-01 20:43:02,0,思念是什么。。一种病。。
A,NaN,2007-10-28 12:44:41,0,我的小情歌
Memento Mori,4,2010-02-02 00:42:05,0,我很喜欢你唱live的样子。有一束光，你孤独得戴着帽子，投影遮蔽了你的眼睛，然后我听你唱。
Белка,4,2007-09-03 19:56:42,0,就是不知道为什么不太喜欢。除了思念是一种饼
Yi,4,2008-07-07 10:32:50,0,差一点就完美了
安蓝·怪伯爵𓆝𓆟𓆜,5,2007-08-17 20:10:20,0,寂寞很ok一个人ok习惯就ok
许仙,5,2007-06-27 15:40:03,0,...
杨山魈,5,2011-07-08 09:51:40,0,听到今天，突然发现这首歌不是一首造作的歌。
不如的我的,5,2007-08-20 12:51:14,0,大学的记忆
卢儿,4,2007-09-24 01:50:56,0,喜欢他的声音
バカ蓝蓝,NaN,2010-07-06 01:24:31,0,晚上至今为止放过的最好听的中文歌了
莉莉🦁,5,2010-12-14 18:07:03,0,“人与人之间的关系变得不理不睬，习惯无关紧要的冷淡，有时候莫名其妙哭起来，难道这就是自愿自挨”
♫欧德伯裔,4,2007-10-13 09:30:36,0,深情的痞子
muzer,4,2008-02-17 13:44:24,0,深情蜕变反思沉静的阿岳
大D,5,2008-09-04 19:19:16,0,难得的真诚的亲切的歌声
绵羊头,4,2007-12-21 19:30:37,0,思念是一种病，丫的，这首歌超好听，原来是小哥唱的啊，难怪刚听口袋柳丁唱了个开头就完全趟不住了。
复活节彩蛋,3,2008-04-18 10:24:13,0,更喜欢以前
小猪de世界,5,2010-06-27 16:20:54,0,是在是很好听
菜泡饭,NaN,2008-04-10 09:20:53,0,很流行
mumu,5,2010-02-16 12:58:20,0,6uiw6ri
momo,5,2009-07-18 18:03:24,0,很ok~
听临,3,2009-01-19 22:49:09,0,节奏还可以。看了itunes上的打分。
小岩菽,4,2007-07-28 23:01:36,0,病症随时随地发作。
宇宙宝贝,5,2008-09-03 04:48:15,0,"哪个天杀的加的标签是""兽兽""囧"
望仔放弃减肥了,4,2009-01-31 15:19:51,1,果然还是喜欢他！
五月微蓝,5,2007-10-09 11:58:14,0,这个夏天一直在听，阿岳真的很OK。
掩杀,NaN,2008-02-04 09:51:49,0,张震岳同学最近好红哦.思念是一种病好红哦.可是为哈密我有点儿怀念以前的小愤怒的张震岳泥.
Lethe。,3,2007-09-20 22:07:22,0,阿呐。一般
Ancora*山妮,4,2008-05-12 14:16:37,0,品，一个男人的成长
树上的兔女爵,4,2019-02-10 20:53:30,0,总有些话是不能提，怕你会掉入选择题。我累了啊。
丹,3,2007-12-31 12:45:37,0,也许不是阿岳最好的唱片。但是是最近新鲜的空气
Travis,5,2007-09-15 01:51:09,0,珍藏07年夏天
活在门里的人,5,2009-02-03 15:36:36,0,阿岳
A-sun*,4,2007-10-12 02:54:38,0,思念是一种病
星尘战场,4,2007-09-27 11:04:36,0,阿岳不错不错
ЧōЦΩG央,4,2007-08-12 15:33:47,0,没想到他能这么好。
partisan seed&,5,2008-05-21 13:02:25,0,that'sokay~~~
一只麦麦,5,2010-03-06 00:48:04,0,我好爱张震岳。
战国客,4,2009-02-25 01:46:59,1,思念是一种病&再见
林||我们谈什么都像谈死！,4,2007-08-28 19:16:13,1,"路口，OK.其实口水歌不是我爱吃的菜，可是我真的很喜欢那句""去你妈的路口""."
捡垃圾的提莫,5,2008-02-09 20:07:24,0,HOHO
XA™,5,2009-01-25 01:27:52,0,简单唱出了真情
靠谱青年™🌈,5,2007-12-20 00:49:03,0,好喜欢他跟蔡健雅搭在一起的和声
某水,5,2013-04-03 11:25:50,0,只一首《思念》足以让他称霸了；好好学吉他，努力练《小宇》
Bill,5,2013-03-21 14:06:28,0,我永远都不想知道~
姽嫿ღ,5,2009-06-14 12:38:49,0,foru.
Bla©kie,5,2007-12-29 01:43:39,0,07年金牛都大打温情牌？
李果树,5,2011-10-08 20:07:41,0,终于不再人人口中喊阿岳了，标一下。
太空少年孙轩宇,5,2008-07-05 17:48:56,0,从这张专辑开始我喜欢他
冥王星,4,2008-07-14 20:51:00,0,因为某种原因…觉得它很好
蟾宫,5,2011-04-05 00:31:12,0,ForlifeinSYD.
chaton,5,2007-10-10 13:07:42,0,谁送我CD。。。T^T...
得我艳与天齐,4,2008-06-10 23:39:57,0,很棒
壹壹桑,5,2010-05-15 21:12:05,0,很喜欢他唱的民谣。。。
豆腐脑敢死队,4,2007-07-10 20:50:50,0,小宇不错
公羽木杉,5,2008-04-09 18:44:58,0,多听几遍就好听了，，，
aluuuuuuuuuuuu,4,2009-08-29 18:26:20,0,思念是一种病那年多流行
Kyri,4,2008-12-27 18:27:21,0,流行张震岳我不喜欢4星
叭卦我最懂,3,2012-12-02 14:10:03,0,每个曾经有骨的歌手最后都会变成这样嘛？
四二,5,2008-02-27 23:00:29,0,很棒。。。大家宁愿看一个唱情歌的痞子，而绝对不愿看见一个情歌王子去耍痞。就是这样。
Mr.喵,4,2010-05-21 12:43:26,0,有没有那么一首歌会让你很想念，有没有那么一首歌你会假装听不见
卡羚,4,2007-12-11 12:46:15,0,赞“思念是一种病”，翻得不错~！
杨小歪,5,2013-03-08 22:23:43,0,每首歌都是红心
阿摸,4,2008-07-21 15:34:30,0,袄开！
煮蓝,5,2007-08-13 12:34:45,0,一把年纪了，还是招人爱。
tavico,4,2007-07-10 22:53:57,0,这还是张震岳么
Rosyrain,5,2007-12-01 10:26:11,0,流行精品
小小,5,2009-10-20 09:00:35,0,每个人都有病。
42|o●ö,NaN,2010-12-02 12:10:20,0,整张专辑被豆瓣电台放完了
菲以,4,2015-05-09 19:00:53,0,【思念是一种病】【小宇】【再见】是旧爱，【ok】【小星星】是新欢。不得不说小星星的歌名是加分点～
Gavin|江湖骗子,4,2010-06-01 12:43:12,0,你说有个女孩
鹤鹤崽,5,2010-01-12 17:15:42,0,喜欢这种简单忧伤的感觉，超级清新，对吗？
水,5,2010-11-14 21:15:59,0,年轻的声音。啊哈。
饭团,5,2010-10-29 13:25:25,0,感觉不错啊
徐李夫人,5,2011-10-07 17:04:14,0,阿岳的每首歌都那么耐听那么经典
hotdogyer,5,2007-11-24 23:32:53,0,暗暗暗暗暗暗暗暗暗暗　　　　　　　　　
吃饱了撑着做俯卧撑,3,2009-01-09 14:35:31,0,您就万水千山总是情下去吧
mikaholic,3,2008-02-10 04:26:49,0,叛逆卻可愛
Mr.Or,5,2009-01-26 11:21:41,0,救了我的2007
麦小麦,NaN,2008-03-12 11:48:58,0,haha
春风颜色,4,2012-08-21 14:43:26,0,《再见》、《再见》（真情版）：“要分离，我眼泪就掉下去。”“我不回头，不回头地走下去”。张震岳的吉他伴奏和吉他SOLO非常好听。直白露骨又颇有道理的词还有大叔气质跟李宗盛颇有些相似。不过张更糙、更台。
六月天蝎,4,2007-09-23 20:20:04,0,思念是一种病
美丽新世界,4,2007-08-23 12:09:17,0,时常感觉你在耳后的呼吸。
时间的玫瑰,4,2008-03-26 15:59:48,0,好啦，我听你啦。
崮莔☂°,5,2007-09-24 12:24:37,0,很生活，很寫實，很貼近，很愜意，很喜歡
dooling,5,2007-08-08 08:29:12,0,他。。几多岁耶？
Zen.L,5,2007-09-19 18:09:22,0,直白入心的男人。
布安安,3,2010-06-04 00:33:59,0,只喜欢主打歌。。。
翔樹。,5,2010-06-20 12:55:07,0,无意中发现，最喜欢的那些歌都在这张专辑里。
Supernova™,5,2010-05-09 02:40:01,0,这张太好听了~！！~~
Mefaker,5,2007-10-19 08:59:08,0,<路口>和<就让这首歌>.让我听到不停掉泪
Arepennis,NaN,2008-05-31 10:35:31,0,记得，是我2007年夏天最爱听的一张CD之一。
苏,NaN,2007-09-17 21:15:51,0,不错
Doggze,5,2010-11-14 21:30:10,0,简单中透着真实
Tokugawa,3,2010-01-24 00:30:59,0,在老七的毕业演出上听到。
五月之星,3,2007-08-07 14:17:54,0,上半身强过下半身
Benjamin.Sho,4,2007-10-26 16:33:59,0,苍老了N多嗒。少了少年的意气用事，多了苍老的疲疲沓沓。曲子都很好听。
劉咳暝,5,2007-07-30 09:49:38,0,我好像从来都不知道沧桑的滋味，也从来没有想过如何去爱，以及如何失去爱，并因此而痛哭流涕。
每天一粒茶叶蛋,5,2011-04-04 19:29:57,0,谁来帮我治病哟哎
索析Soothe,4,2009-03-18 19:38:42,0,就是你让我透心凉了
Ren77,4,2009-04-11 23:57:12,0,原来...
瓦达西瓦又又又桑只爱这巧克力,5,2010-03-02 13:14:52,0,只是很难
熊阿姨,4,2007-10-15 21:26:47,2,一遍一遍听思念是一种病，一遍一遍觉得好听
untamedheart,3,2008-03-28 01:20:00,0,soso巴。对男人哼哼唧唧不感冒。
结球,4,2007-09-16 15:12:31,0,思念是……
平湖·秋月,4,2009-01-21 15:08:47,0,kao，其实没觉得他改的多好听，齐秦唱的也不咋好听，反复听了几百遍偶就是不说是因为它好听，偶就说是因为名字取得挺妖，害我总是想起来“思念是一种病”
晚晴先生夏雨庭,5,2011-08-29 13:41:58,0,胡子大叔的纯情
Felix,5,2007-10-15 11:32:38,0,ok张震岳
洗头油|盖盖儿,5,2008-05-16 14:02:18,0,我的最爱！！！！张震岳！！！
凌汛,4,2012-04-28 10:21:14,0,在炎热与躁郁的ktv里一起唱那首歌
Chimney,5,2009-08-07 13:39:23,0,2007年度思念是一种病、很难、就让这首歌
黃稀奇,5,2007-08-17 00:44:18,0,你还记得..
光軍大哥,5,2009-12-04 07:24:57,0,不听你全家后悔。
风雨暗花,5,2007-11-03 10:21:35,0,喜欢《就让这首歌》
晚不安,5,2018-12-27 22:56:35,2,那么简单，却又那么动人。惊讶于阿岳能把那些普通甚至烂俗的情感，毫不避讳、落落大方地唱出来。唱得随心所欲又铿锵有力，把所有难以释怀的人事都从记忆里打捞起，让那些寻常的遭遇变成闪亮的珍珠。他显然没有被往事的幽灵困住，而是站在另一个时空打量当年的自己。为什么会心痛呢？还不是因为交付了真心。
C,NaN,2007-07-13 10:41:22,0,<小宇>~~量身打造，哈哈
十二楼,4,2008-04-26 20:26:40,0,平凡真诚~~~~感动
等到风景都看透,5,2010-11-09 01:05:15,0,试著体会试著忍住眼泪还是躲不开应该有的情绪我不会奢求世界停止转动我知道逃避一点都没有用
樱桃小阮子,5,2011-07-03 16:12:07,0,太迟遇见你。
张小姐,5,2007-08-06 12:46:14,0,太好听了!!真久没有听到这样打动人的专辑了
2999圣诞老人,5,2009-05-29 14:13:29,0,旋律很好听的一张专辑
Carrie,5,2009-01-17 20:44:20,0,A-YUE!!!
玻璃渣,4,2014-06-25 15:28:14,0,三星半
Yasmine.L,5,2010-03-19 13:23:20,1,当你在穿山越岭的另一边，我在孤独的路上没有尽头。
KAKHABERVNA,5,2012-06-16 04:12:28,0,实习的时候被迫听的最多的专辑...
啟,4,2010-01-19 18:18:08,0,有种痞叫帅
朱大侠。,5,2011-08-13 12:03:18,0,张震岳已经不是“爱之初体验”时的那个张震岳了。你幼稚的时候，他也挺幼稚；你成熟了，他就跟着你成熟。很长一段时间，我其实已经把这哥们儿甩了，没想到事隔多年，我们又在生命中的某个路口撞了个满怀。细一端详，模样没啥变化，就是小嗑儿唠得越来越放松、越来越江湖。
baker,NaN,2007-09-24 20:31:15,0,她们说我有酒吧歌手的潜质“怎么说话哪？！”
/,4,2007-09-01 00:16:06,0,只喜欢两首歌
WWrenLiiiiiii,NaN,2007-09-22 16:27:57,0,哎呀。
W,5,2008-01-31 12:58:38,0,还是情歌比较受欢迎
Shining,5,2007-11-27 14:39:47,0,思念是一种病，无药可医...
Esther*,4,2008-02-26 02:07:40,0,這張碟OK。
Jyn Erso,5,2010-02-12 13:56:25,0,思念是一种饼。。
猪头小丸子,NaN,2010-10-19 21:15:29,0,小宇小星星
风某人,4,2010-02-05 17:49:17,0,<思念是一种病>+1
zhenmafan,5,2011-05-18 04:16:25,0,当年说流行起码要做到秘密基地那样...那现在我还是觉得流行也起码得做成这样啊.
摄影人 funny.,4,2007-07-12 14:21:47,0,专辑有点短不耐听
爱地人,5,2007-11-15 09:20:49,0,已豆列。
猫丢了的莫教授,5,2011-09-26 09:24:44,0,当时听到的最好听的两张：汪峰的勇敢的心跟这个。
人细为善，事工为美,NaN,2007-11-27 21:13:00,0,变柔软的痞子，是好事吗？
Rion,NaN,2007-09-07 09:54:54,0,张震岳
狐小花,5,2007-07-10 16:14:01,0,能跟着张震岳一起长大还真是感动人
Irene,5,2015-03-07 16:08:14,0,童年回忆~思念是一种病、OK、小宇、就让这首歌、小星星都单曲循环过~
Psychocandy,5,2012-03-14 17:35:37,0,阿震就是阿震。
豆友1811041,4,2007-10-17 16:55:16,0,阿岳，他是个心态极好的男人
Tuberose野,4,2008-02-13 10:57:00,0,因为唱张震岳的歌，就像念OK一样简单。
咸鱼,4,2010-03-29 18:07:09,0,其实是小清新嘛。。其实还是很好听的嘛。。除了那什么思念是一种病。。
鲁闽,5,2007-08-11 14:20:59,0,太OK了！！！
Super朱,4,2010-02-27 17:21:14,0,啊岳的歌真好听
Rovie,NaN,2008-08-15 23:44:25,0,颇令我欣喜的一张专辑怪我对张震岳的理解仅止于爱之初体验
麦秸朵朵∩_べo,4,2009-05-19 15:16:26,0,思念是一种病
满[已注销],4,2007-09-13 01:17:12,0,好听
陳蘇蘇二逼人生,5,2009-12-09 10:39:07,0,听到《再见》时的感动，听到《小宇》时的触动，听到《思念是一种病》时的摇撼，听到《很难》时的共鸣……
In K,5,2008-10-18 13:46:38,0,思念是一種病。。。
红娘丁当,4,2007-08-06 14:38:30,0,思念有一种病的前两句，绝对有抄袭杜德伟《情人》之嫌。《再见》居然是《男儿本色》的主题歌，一点也不搭的。
Vicky,4,2007-08-11 22:48:16,0,他的音乐小众，很有性格，风格很独特。或者，我可不可以说他的侧面像一个人所以喜欢？呵呵。
快意恩仇的大象,5,2011-07-04 12:08:18,0,过了这么久才喜欢上小宇。。。。
一颗煤渣,4,2007-09-21 22:35:43,0,还不错
小心蜡笔,NaN,2007-09-05 17:04:54,0,还不错
Ms 球球,5,2007-10-01 11:39:08,0,思念是一种病路口小宇
随风而行,4,2007-11-14 06:09:46,0,这张伙长得太像流氓了。每次听他的歌都要先不寒而栗，听歌的韵味大减。还是有些感觉的。
老范,5,2009-11-16 14:35:22,0,音乐和态度有很多种表达的方式.阿岳.加油.
王小千千千千千,4,2007-12-02 18:10:58,0,-.-||没什么好说的，，
毛栗老弟弟,5,2013-09-10 23:54:49,0,第一个咬字不清的还不是周董
