user_name,star,comment_time,vote,short
川总,4,2011-10-23 13:30:15,134,我身骑白马呀，走三关。。。。。我改换素衣过中原。。。。放下西凉没人管，我一心只想王宝钏。。。
锐利修蕊,4,2010-11-04 18:32:16,160,我不是一定要你回来，但是当又一个人看海。
tlmgt,5,2011-05-16 23:31:24,52,圆舞曲和出口明知故犯超好听的。除了没锁门以外基本没什么不好的歌
Jonathan,4,2012-02-04 11:44:22,72,近年来少见的漂亮处女秀。徐佳莹用发自内心的素人力量唱出了内心的义无反顾。不懂和弦不可怕，只要有対音乐的认真和尊敬，依旧可以唱出难得的旋律感动听众。首秀的成功让人知道在这个浮躁的乐坛还有一个看似渺小的力量值得期待。歌手全创作的专辑越来越稀少了。为拉拉起立鼓掌！
潋 | Béatrice,4,2010-07-25 21:09:36,44,希望你走得更远。
Jude秘密仙神,5,2010-02-27 22:28:43,1,“就算不知道出口是什麽模样我会继续的前往‘’
Bill,5,2009-05-29 13:34:04,12,创作能力佳身骑白马
城南草木生,4,2010-09-01 15:30:52,12,很好的一把嗓子啊
StevenTong,5,2009-06-20 17:04:56,10,《身騎白馬》真是不得了，不過必須指出的是，在康熙第一次聽到的現場版給我的震撼和感染力更大。
Claire,5,2009-05-30 14:18:08,10,【失落沙洲】【身骑白馬】【一样的月光】
Boron_Phage,4,2017-12-20 08:30:11,1,B+唱作俱佳。独特且真诚。cut.喔伊细，VIP，失落沙洲，明知故犯。【失落沙洲后面的drum＆bass是谁编的，能让我打一顿吗？】
香水瓶,5,2009-10-06 15:08:56,3,听了《身骑白马》就爱上了开始听！
肖浑,4,2010-01-05 17:13:17,1,身骑白马VIP哼情歌
白色的蓝,4,2009-06-16 10:36:31,2,我不是一定要你回来
L I M O,5,2009-05-29 18:36:03,3,失落沙洲。
颜良辰,5,2009-11-10 19:16:57,1,这个还不错撒。
郁程,4,2012-02-05 21:20:40,1,俺家熊宝是K歌之后！
1806,5,2010-07-13 20:52:23,2,怎么我现在才标记这张天籁？罪过罪过~声音圆润甜美又有爆发力，既有创作人的才华与独立，歌曲却又不失生疏感，有质量的同时又很好地迎合了市场。满分。
Yome,4,2009-11-11 21:28:16,2,鼓勵一下
肉卷卷又称肉卷,5,2009-09-18 20:58:03,6,“我身骑白马走三关我改换素衣过中原”洒泪
N,4,2010-01-14 13:52:47,0,11首歌的demo版都听过了更加期待！！！
朴九月,3,2009-06-01 12:38:25,0,……啥也不说了
ztlpoppy,5,2009-07-02 01:31:22,0,哼情歌
愛永,4,2009-05-17 03:08:48,0,最喜歡”哼情歌”：『還有什麼捨不得，也只能哼情歌。』
zard砸得王大崩,4,2009-05-29 21:29:40,1,清纯女孩，创作派新人~哼情歌~身骑白马
Samuca,5,2010-06-29 13:15:37,0,爱她比yoga更甚。
苏格,4,2009-05-29 18:14:14,0,小姑娘加油
陆支羽,4,2020-03-25 02:58:17,1,4.5。圆舞曲，失落沙洲，身骑白马，一样的月光，明知故犯
Nuage☁,4,2009-07-13 11:23:22,0,身骑白马Gj
夏日扬帆,5,2010-01-02 13:06:33,0,[身骑白马]
shiori～*,4,2010-09-09 23:28:10,0,失落沙洲
DeerColin,5,2012-11-19 13:03:43,0,没有太多的浮华，看看这可笑的专辑名字，这个可爱的小女生用自己的声音唱起《身骑白马》，还是被不自觉感动！作为创作歌手，徐佳莹的歌深度或许达不到张悬、陈绮贞。但又怎样，我还是很喜欢她的《圆舞曲》、《失落沙洲》和《明知故犯》！
飞老湿,4,2010-07-02 22:26:14,1,既然是创作专辑，那肯定是高分了。金曲奖的表演不太好，但是旋律让我记住了，最近天天都在听，不错！
尉迟,4,2009-06-05 11:49:12,0,尚能入耳。{出口
banana*🌈,4,2011-04-30 03:06:48,0,身騎白馬走三關。
小魔@优雅穿梭,4,2009-07-22 10:44:54,0,海角七号-梁文音-星光大道-身骑白马-徐佳莹----每一次都只感兴趣一点点
洛野,3,2009-07-17 20:21:11,0,较她的Demo，有点失望。
美美,4,2011-12-11 22:48:49,0,我身骑白马呀走三关~我改换素衣呀回中原~
昆不二,3,2009-12-19 18:21:23,0,《身骑白马》还不如星光的LIVE版
伊豆,4,2012-03-01 18:27:36,0,身骑白马很劲！！！听得我浑身起鸡皮疙瘩。圆舞曲，失落沙洲也不错。
jj73浅之,4,2010-01-27 09:04:05,1,圆舞曲、失落沙洲、明知故犯不错
叶叶叶小丝,4,2010-03-22 12:10:19,0,超出我的预期。
不万能青年,5,2011-07-31 15:41:52,1,你留下最清楚的步伐，竟是指引我孤单的方向。
○Ⅴ○,5,2010-02-15 22:49:19,0,五星点是给在失落沙洲
彼方有荣光,4,2013-05-11 19:33:10,0,身骑白马走三关~~
涒灘,5,2010-01-10 18:54:40,0,和國內那些選秀出來的真沒法比，很厲害。
513tattoo,4,2009-10-03 02:39:12,1,先天很饱满的质感新人…听张宇的话，实验几张之后可以选择转幕后，其实是不错的…
evan是幻想家,3,2010-07-07 16:59:07,0,最新新人奖听听
KID A🌈,3,2009-12-05 17:06:29,0,想听身骑白马最初版本
三四,4,2009-10-11 16:52:02,0,不知是不是真的：从选秀节目里能红的就是能红不能红的参加再多节目也红不起来
谁亲爱的偏执狂,4,2010-10-05 09:46:12,0,小孩儿有前途！！哼情歌太惊艳了！！
清茶藏秋[已死],3,2009-09-24 20:12:55,0,能創作能唱，創作還算不錯，只是高聆聽度的歌曲在這張專輯中的比重不高。用歌仔戲，真是很聰明呀，我就是被那幾句打動的；畢竟是個偶爾會聼戲曲的人嘛……苦守寒窯十八年，在京劇中也是名段
Miss Lucky,NaN,2009-09-28 13:27:36,0,身骑白马走三关
花伦,5,2010-03-14 00:13:34,0,反复听都不会腻，比之于后两张，这张应该算是最多元的，而且怨气不重，恰到好处。
托尼刘大拿,4,2009-11-27 12:24:58,0,一心只想王宝钏啊
三斤,3,2009-07-07 18:59:51,0,身骑白马
慕祺海Perkira,5,2013-06-13 13:49:07,1,身骑白马身为多年听不厌的一首金曲，实在是深入我心，一样的月光给人无限的感动，失落沙洲虽然是首情歌，但歌风的高难度深深征服了我。整张专辑就是这样一张让我震撼的专辑。
我爱看海,5,2009-12-07 19:11:20,0,身骑白马~哼情歌还不错~
essence.c,3,2014-07-07 00:17:38,0,对她真的没感觉
天气晴,NaN,2014-02-03 22:00:00,0,身骑白马
薇羅尼卡,4,2010-01-20 15:07:25,0,身騎白馬比較靈。
Inevitable,3,2009-05-30 14:29:06,0,不够细腻
XB,4,2010-08-17 00:35:45,0,最喜欢出口
小氢弹,3,2010-02-14 21:11:11,0,哼情歌
⸜( ˙-˙ )⸝,2,2015-02-26 23:45:19,0,不记得为什么2011-01-22想听这个了但知道为什么今天和以后都不想听她了
ANNXXNA,5,2010-10-28 14:35:46,0,我不是一定要你回来只是当又一个人看海
綠茶蘇打餅乾,5,2009-06-09 10:16:12,0,创作新人
Illusion,4,2009-05-31 21:53:38,0,首首适合repeat
张春[阿卡纳],3,2009-11-06 02:46:50,0,唱和写互相扯低了
Memento Mori,3,2010-04-18 17:04:10,0,live一般。
Seamoon,3,2009-08-12 23:09:38,1,听过她的星光祭，这张比想象要好，和恶作剧之吻那个女主角唱的比，这个平均更好。
杜扬Seatory,5,2013-12-29 03:02:43,0,身骑白马
挂拉,3,2009-06-11 14:36:54,0,盛名之下，其实难副。
铎奇,3,2010-09-01 18:50:00,0,王宝钏你妹等你妹
朱朱朱古力♥,5,2009-08-06 23:02:53,0,惊艳的声音和才华大爱出口
辣碗痞丝,5,2014-07-01 21:13:50,0,好到没有任何话说，爱每一首，每一首！！！
莉莉🦁,5,2010-10-22 16:26:12,0,我身骑白马走三关
France1793,5,2013-06-19 21:00:29,0,漂亮。
日烟火,4,2009-10-09 22:55:17,0,有像陈绮贞的时候，有像戴佩妮的时候，好在不多。听起来顺耳，稍多就腻烦。值得听，不能细品。全身起鸡皮的唯一一次，在身骑白马的闽南语处，真挚的缠绵的恣情的，很美好。
BiuBiu,4,2010-02-24 10:20:44,0,流行，创作成这样，嗓音这样，我已经满足了~~~好听的
Gong Shore,NaN,2010-08-09 10:49:32,0,薛平贵和王宝钏！
Vinci·Hsiao,4,2012-02-17 11:05:15,0,很有才華的女生~但長相真的適合在幕後~~~
纯子,5,2010-06-28 12:22:07,0,补听之后我觉得可以给到四星以上。
某线,5,2009-06-02 01:32:23,0,身骑白马不错
一絲不掛,4,2009-05-29 08:20:54,0,徐佳莹高音区的音色真好听。专辑的旋律很清爽流畅舒服。遗憾啊，我可不喜欢这个版本编曲的身骑白马。
绵羊头,5,2009-11-08 08:39:39,0,星光一直看到现在，lala当时也只觉得是个淡定自然的女生而已。如今第五季，徐咏琳完全没有lala压台。。。
郎中,4,2012-03-25 00:23:44,0,身骑白马走三关改换素衣过中原放下西凉没人管
青屿侬,4,2009-05-31 22:47:00,0,身骑白马没原来的好听哇...
功夫兔子,4,2009-07-27 22:23:04,0,那首【失落沙洲】，是否还会勾起你的伤心往事？
秋熙,5,2010-07-16 03:33:22,0,对原创歌手总是青睐有加~
lotusblue,4,2009-06-08 21:51:00,0,最近能让我从手里活里抬起头来仔细听她一段旋律的好像只有徐佳莹。身骑白马听第一遍不适应，第二遍惊艳，第三遍开始适应了。
娘口三三,5,2009-12-10 00:19:09,0,LaLa的专辑还蛮好的。。
捌朵,4,2010-01-31 15:14:10,0,听第一首以为又是那种小清新，听到后面很惊喜
拔草非非,4,2009-12-04 19:52:50,0,就像小胖说过的，曲都很ok，词总不舒服。唱功自然没话说了，以后也可以卖曲子嘛，不一定非要当创作歌手。
低調小姐 - VG,4,2009-06-01 09:48:02,0,喔伊細
Soda兰,4,2010-09-18 12:17:03,0,这个姑娘还真是会唱歌啊~
破产君,4,2010-01-18 17:08:22,0,身骑白马/明知故犯
五月微蓝,4,2009-09-16 14:30:13,0,听她唱歌挺舒服~~
影子的素描,4,2009-05-30 18:22:41,0,如果看了曾轶可唉那这位同学就简直太棒了
巢可辂,3,2009-08-05 21:53:09,0,身骑白马和哼情歌还不错，其他听过之后就毫无印象了
