user_name,star,comment_time,vote,short
tree's shadow,5,2013-04-19 16:40:13,103,在阳光温暖的春天走在这城市的人群中在不知不觉的一瞬间又想起你
赤潮▪夯,4,2006-12-13 01:28:52,101,许巍的突破之作，从此成为人民艺术家！
潋 | Béatrice,5,2010-05-25 12:49:23,76,在最短的时间里，给予我最深长的感动
soloye,3,2011-01-13 02:03:53,23,时间这种东西，就是让曾经觉得好的现在感觉也不过如此，不过如此
收音鸡·耳東,5,2012-03-24 16:55:55,6,我有首版CD:)~~
tlmgt,5,2015-08-14 01:24:20,14,原来我4年前标记了想听···回应短评里的某友邻，其实不是“好音乐不一定非得是摇滚”但民谣也本来就是在广义的摇滚乐体系里的呀，FolkRock不也是有么··《天鹅之旅》我很喜欢，一听就知道世界味浓浓的
UrthónaD'Mors,3,2008-02-14 22:01:53,6,二舅，你就不能喜欢别人吗
韧勉,5,2008-10-18 21:06:47,4,时光漫步，伴我成长！
果酱☮,5,2008-12-10 00:03:11,6,许巍最好的一张
六翼在天堂,5,2010-10-06 16:17:09,1,喜欢这个给我温暖的男人
齊克斯尼力佐飛,4,2011-03-14 19:41:41,1,蓝莲花，礼物，一天·············
L I M O,5,2008-04-14 18:38:35,0,時光漫步。
Odding,5,2006-03-26 00:09:52,0,不错。
zard砸得王大崩,5,2006-12-15 01:04:39,1,温暖人心。
丶,4,2012-09-11 17:16:07,1,不错。
DeerColin,5,2015-04-26 09:09:06,1,许巍的神砖，自己今后可能都无法企及。
五摆五折,NaN,2008-09-14 03:39:24,0,http://ting.baidu.com/album/688953
哈默林騎士,NaN,2007-02-24 04:11:24,1,礼物时光很喜欢的一张许巍后期完美专辑
ζωήιδ,NaN,2008-04-19 06:31:57,3,当时全班人都会唱，同时期流行的还有周董的第三张专《八度空间》，哈分裂有木有
usquebaugh,4,2013-08-15 13:31:52,1,我喜欢许巍CD里的唱腔
BlackScholes,5,2014-02-23 07:07:17,3,歌词和曲子怎么听都舒服，怎么听都附有想象力。
𝙎𝙥𝙖𝙧𝙠𝙮 | ✟,4,2008-06-03 17:36:34,1,夏日的风。。你是。
神威太太,4,2009-08-24 13:22:43,0,現場也不走音。
小M,4,2008-04-28 17:38:37,0,温暖温暖
苏觋觋,5,2009-07-10 21:50:51,0,高一那年当时在一家要拆迁的音像店购买的。
Ridden,5,2008-10-09 13:54:28,0,时光。蓝莲花。
孤独心俱乐部,3,2011-05-14 17:00:19,0,不变的永远不变
乡愁,4,2010-10-04 07:09:46,0,老狼、许巍、钟立风。我觉得他们的声音都好相似。/你是记忆中最美的春天，是我难以再回去的昨天。/心中那自由的世界，如此地清澈高远，盛开着永不凋零蓝莲花。/感觉这一刻和千年本没有分别，一天就好像是这短暂的一生；一生它只是无尽的路上短暂的一天。
琥珀糖☁️☁️,5,2008-03-15 09:41:31,0,从这张开始爱上许巍
殘 藍。,4,2006-06-12 15:28:41,0,从这张专辑开始听许巍的。
lotusblue,5,2007-09-11 20:58:30,1,我最爱的一张专辑百听不厌
JasmineJasmine,5,2008-05-25 19:18:09,1,时光，只为时光
Gee,5,2007-08-02 17:57:57,1,也是我大学音乐记忆，很长的一段时间都在听~~~
预见|| X X,NaN,2006-12-16 13:07:38,0,让他妈的我改错了，这个是豆瓣添加的第一张，2006年12月
神秘金针菇,5,2010-11-14 18:10:50,0,简介写得好。从黑暗忧伤绝望孤独，到阳光灿烂希望快乐。
薛定谔的毛,5,2015-07-14 19:00:45,0,原来都在这张里面
薇羅尼卡,5,2006-05-27 17:24:09,0,很不错，曲与词皆很好~~
玉牙,5,2008-05-27 14:07:34,2,感动了我很久很久……
安东妮,4,2006-11-17 10:28:06,0,2003
顾得奶特,5,2009-12-15 12:06:08,0,哎，那时候啊。。在学校没电脑没网络，就整夜带着耳机扒谱
Angeline35,5,2011-05-20 15:57:51,2,就在这一瞬间，你的笑容依然如晚霞般，在川流不息的时光中，神采飞扬。
Alto,NaN,2009-10-30 03:23:06,0,重温……
朱朱朱古力♥,5,2011-04-26 23:31:36,0,首首动听
Edward,5,2010-09-18 20:07:35,0,活在你的歌里
Lethe。,5,2007-12-10 13:03:09,0,那时候。
你是桌子我是布,5,2012-07-01 12:07:23,0,看《春的诱惑》这种劣质自拍DV的时候听到这首插曲顿时泪流满面
滚石,5,2012-03-13 17:20:45,0,天鵝之旅
光影如画,4,2013-10-01 10:11:10,0,绚丽的键盘音效，变化多端的吉他音效，还有一些叫不上名来的拨奏、打击乐器，诉说一个心灵在远方的旅行。
一只麦麦,4,2012-04-30 08:34:36,0,男人别会弹两手吉他就自称歌手了，回头听听许巍崔健吧
战国客,5,2008-10-14 17:11:30,1,时光&蓝莲花&礼物
卍物皆虚,5,2012-04-03 22:40:07,0,許巍最好的一張專輯~~
苍★☆☆☆☆,4,2010-09-10 20:47:44,0,你在我心里歌唱，就象我自己歌唱
捡垃圾的提莫,5,2008-02-09 20:08:42,1,這音樂聽起來非常kimoji
靠谱青年™🌈,5,2007-06-21 15:34:36,0,温暖是永恒的力量！
暝明,5,2008-04-19 01:25:54,0,没有什么能够阻挡，你对自由的向往。。
半辈子,NaN,2005-12-31 00:27:32,0,很多年后这还会是留在记忆深处的一张专辑
遲,3,2007-07-25 17:17:54,0,只有不到一半的好歌，一首经典：礼物。
清秋雨薇MOMO,4,2008-08-03 20:08:13,0,最爱蓝莲花
蕾蕾,4,2006-10-17 21:01:55,0,時光
小舞,NaN,2011-12-19 14:59:26,0,初中听的了。还是挺打动人的。
Lolali,5,2007-06-07 20:39:27,0,自由
夏空,4,2011-12-15 12:16:04,0,旋律沒的說
yu,5,2010-12-06 23:07:50,0,这张唱片是高二黄力童鞋送给我的新年礼物，很惊喜呢当时~~·
树精,5,2013-03-11 15:05:53,0,多年以后的今天，才突然听懂许巍的温暖和透彻。成长路上掠过耳旁的声音，有一天以另一种方式回来，你看见自己蝉蜕般在阳光下剥去幼稚的外壳，有一种幸福的微痛。
#以猩,NaN,2009-10-10 19:35:31,0,老许转型了.
看到你的文艺我就浑身抽搐,5,2008-03-30 15:30:21,0,听许巍的歌让我想要不断的行走，永不停歇。
matt,5,2015-04-22 00:06:00,0,
icebee,5,2013-11-24 00:24:32,0,唉。。
Y2K-nostalgia,5,2009-12-02 13:51:15,0,旋律流畅，思绪自由。主题温暖，但唱腔却是沧桑的，于是，有了“暖伤”。这是一张改变了中国地铁歌手与地下通道歌手曲库的划时代专辑。
笪笪,5,2015-03-08 22:42:57,0,写歌的人假正经听歌的人最无情。
e_rain,5,2007-10-10 09:15:01,0,从阴暗走向明媚
满 满,5,2012-01-16 13:38:48,0,点开这张专辑才发现里面几乎所有歌都被我在FM红心过一遍了，而我竟然“没有听过”它><
Bad mad,4,2007-08-16 22:10:58,0,在乡间开车的时候听着很舒服
Doggze,5,2011-06-27 22:52:31,0,我真想给四星
五月之星,4,2007-10-21 18:09:46,0,吹牛
Empty,3,2006-01-02 00:22:10,0,越来越退步！
紫漠,4,2009-03-17 16:07:38,0,每个人喜欢一首。
Yoo,5,2008-09-02 09:57:50,0,ＨＹ
豆友46968754,5,2013-05-09 16:32:03,0,各支曲子都太棒，整体来说的话结尾几首感觉有点与之前的不搭。
量子玫瑰Bonnie,5,2012-07-15 21:27:10,0,总有一种音乐精神在浮华世代间恒久不变；总有万千音乐脉络在历尽磨难后洞察改变；从黑暗忧伤绝望孤独...到阳光灿烂希望欢乐...
古都的树,5,2007-05-28 17:57:59,0,也喜欢新的许巍，和他一起成长.高考完后给自己的礼物就是这张CD　　
护,5,2007-02-05 19:58:46,0,他的声音，棒
Junit,5,2011-09-21 01:50:48,0,第一盤許巍的磁帶
2999圣诞老人,4,2009-12-16 11:49:57,0,天鹅之旅听得心潮澎湃，《时光》《漫步》精品不必多说。
火勺火勺,5,2012-05-20 23:11:45,0,中学吗~~
亭云路,4,2015-06-20 20:48:31,0,这时候的许巍最适合二十出头的年轻人听，有种仗剑走天涯的感觉
"Go | 屋内饮酒,门外劝水",4,2006-08-01 11:12:21,0,和someone漫步呢，somewhereoutthere
susu/苏酱,5,2006-01-16 22:16:06,0,他应该是嘻安的骄傲吧。
熊生海海蔫蔫地,5,2012-08-08 16:02:03,0,隔断时间就要拿出来听听来治愈下。。。
朱大侠。,5,2011-11-02 19:53:39,0,歌声中的许巍，大抵就是这样的：在人生的路上跌跌撞撞、几经摔打后，知道了要尊重现实，却仍不甘心于服从命运。有颓废的时候，烂醉如泥；也有痛苦的时候，泪下如雨；但酒醒泪干后，又迈开步子、重新上路。沧桑过后，平和超然；青春虽逝，理想不老。
鲨鱼曾给海唱歌,3,2006-02-12 11:12:54,0,喜欢过
WWrenLiiiiiii,NaN,2007-06-23 12:41:13,0,~~
prosubmarine,5,2011-02-24 19:38:18,0,天鹅之旅.....就是这名字有点==
boks,5,2005-08-05 15:22:48,0,Perfect
papageno,4,2010-02-08 18:05:50,0,非典前的春天
☜ 三寿 ☞,5,2009-11-06 12:16:54,0,《时光·漫步》的十首作品呈现的是他从来没有过的明亮、灿烂、喜悦。我们可以从他变化的音乐色彩中体验出他的悠柔与执著，过往的孤独、绝望、忧伤在歌词中几乎再也无从寻找，取而代之的是简洁与大气。　　许巍的变化是地壳岩浆积蓄多年的裂变，一如一个人生命的裂变，悄无声息，刻骨铭心。　　这样的变化是需要有心人慢慢品味的，一遍又一遍，从他律动的旋律中找到我们自己的岁月痕迹。　　许巍没有变。　　他还是那个执著的许巍，不肯妥协的许巍，灿烂的背后有坚硬的灵魂，这个灵魂只为音乐守候，在无言中，他用改变的音乐告诉你他的不变。
芥末蘸酱,5,2011-06-24 12:56:27,0,时光.
zooeyyyyyy,5,2008-07-10 00:54:59,0,我的心头好...
你呀,NaN,2012-08-27 15:40:50,0,许巍的歌。历经沧桑的沙哑感，却是意外的舒服。歌词也是不错的。
Ling,5,2011-08-24 23:18:13,0,整张每一首都喜欢得不得了。MyFavoriteAlbum。蓝莲花，漫步，一天，完美生活。。。
