user_name,star,comment_time,vote,short
叶子阿姨,5,2008-12-10 11:10:23,54,老了，累了，倦了，变了，那不会是我。
猫打喷嚏,5,2010-04-26 13:57:54,18,时光机！！K歌必唱！
Bill,4,2009-03-03 14:13:50,7,精致的破碎激情有些少了
果酱☮,4,2008-11-17 00:55:15,4,永远的爱及青春
Mignon松弛地,NaN,2006-12-26 16:46:31,2,雌雄同体、而我知道...
Shift,4,2012-11-17 16:59:15,2,四星只给恒星的恒心
Song³,4,2009-06-27 21:58:14,0,第十五届台湾金曲奖最佳乐团奖
zard砸得王大崩,4,2006-12-14 15:44:39,0,商业化时代的五月天~雌雄同体~时光机
mee,4,2006-01-04 00:12:05,2,最不摇滚的一张专辑，最能触摸到内心柔软的地方。可是没有《雌雄同体》的大陆版是龌龊的，就好像太阳失去了应有的光芒。
凹凸代餐,NaN,2009-11-08 11:10:12,0,http://u.115.com/file/ehvugbkuwww.oppsu.cn
長閑,5,2012-09-07 23:47:43,1,而我知道我们曾天真的一起哭和笑。
英恩,5,2010-10-25 21:28:27,0,王子面王子面
肥匪廢·老🐰,5,2009-10-30 08:16:56,0,为DNA五月天重庆演唱会复习~
shu,5,2007-12-02 13:59:22,0,很喜欢这张
小魔@优雅穿梭,4,2009-09-26 15:00:39,0,地球可以无重力，不可以没有五月天--------这五人对自己的评价相当得高-----冬日必备
不万能青年,5,2011-05-29 22:59:40,2,从前书包很满，装不下的梦就丢了一些。
小狐狸BOBO,NaN,2006-02-12 18:10:32,0,碎裂的时光，更迭的成长，乘着时光机，回到记忆中永远的1995，年少轻狂的17岁！
落羽杉,NaN,2006-07-09 10:30:56,0,总是在上班的时候听
不擅长,5,2007-10-09 17:19:04,0,4http://www.xiami.com/album/15641
essence.c,5,2014-07-13 01:27:42,0,【恒星的恒心】【而我知道】【九号球】【武装】【时光机】【生命有一种绝对】
徐大阳,4,2010-03-17 08:56:22,0,留我荒唐的坐在这里.我想你是懂的。
沉城,5,2010-12-21 21:32:40,0,而我知道
Pumpkinhead,4,2012-06-26 21:54:54,0,轻功而我知道时光机小时候
木木龙,5,2007-10-13 10:50:02,0,.....我们没有时光机...
沉歌,4,2008-04-03 21:18:34,2,中规中矩，除了《时光机》这首。
Paul,5,2008-11-26 10:50:36,0,认识五月天
chaaaaad。,5,2009-11-09 17:21:39,0,复习
王晓啥,5,2009-07-28 09:04:23,0,我愿意付出所有来换一个时光机~听到哭的一首歌~
五月之星,5,2007-10-28 12:24:43,1,时光机
宇宙宝贝,5,2008-08-07 17:31:11,0,时光机你们不是说要咬紧牙关俄？
JasmineJasmine,5,2008-07-17 00:17:34,0,而我知道
五月微蓝,5,2007-09-11 23:55:35,0,想起那句话“音乐是一种态度，生命有一种绝对。”
machlie,5,2009-02-09 14:36:24,0,最喜欢《阿姆斯壮》《雌雄同体》和《九号球》在听阿信唱出：“请你爱我”的时候总是有种热血沸腾的感觉。
一又,5,2007-10-10 22:49:47,0,这张唱片，是时光机的家。
金色花椰菜🥦,4,2010-03-24 21:26:29,1,谁都有喜欢五月天的日子
A-sun*,4,2007-01-22 03:20:04,0,五月天：时光机
Sophie  Z,5,2010-04-07 23:35:51,0,我愿意，付出所有来换一个时光机。
momo,5,2006-07-15 16:33:34,0,好听的，而且是每一首．
🌟亚树🌟,4,2006-02-07 18:57:56,0,时光机阿姆斯壮小时候王子面叫我第一名生命有一种绝对轻功而我知道赌神武装
笪笪,3,2014-07-24 22:06:28,0,个人喜好而已，不很很喜欢这张。
baichi0038,5,2008-05-29 20:54:39,0,生命有一种绝对~~
c小调的冰蓝,5,2011-01-19 19:51:17,0,而我知道我知道這一切我全都知道，我就是受不了
斯 琰 🌈 🍭,5,2011-10-30 13:28:46,0,好想坐上那台时光机~
杨小歪,5,2008-06-26 10:51:44,0,一个人能背多少的往事
小小,4,2012-04-10 22:55:47,0,有时候有一首歌就足够，而我知道。
蕾蕾,5,2006-10-17 22:43:27,0,而我知道時光機生命有一種絕對九號球
aqua||。。。,5,2008-05-16 16:59:17,0,受橙橙影响～～
hotdogyer,5,2007-03-03 02:54:28,0,．．．．．．恩
微子,4,2010-04-30 20:07:43,0,台版。最钟爱的是九号球，想起那个并不相熟带着灰色气息的男孩子，以及我没有尝试过的逃课和台球。赌神王子面和雌雄同体是我喜爱的搞怪作品，用来吵耳朵最好。常常想起生命有一种绝对的歌词。小时候……好吧，某人你真的不是张雨生，不要勉强自己。
penumbear,5,2011-05-24 16:05:56,0,年少啊，五月天啊，《时光机》啊
Supernova™,5,2010-03-30 13:53:35,0,唱k我包了
llao,NaN,2008-12-22 02:51:53,0,2008冬
Milk,5,2008-12-18 22:37:32,0,那年夏天重复播放的旋律。
魔女幼汐,5,2009-12-12 18:37:15,0,爱mayday就要买正版
阿踢,5,2008-06-14 23:27:40,0,复出后的第一张专辑，很多感动的歌
幸福超市总经理,3,2012-07-09 01:36:17,0,虽然不是我喜欢的音乐，但是还得感慨台湾音乐制作的精良
林瑾念,3,2012-05-27 16:02:24,2,可能是月天儿讨论度最低的一张专辑。各大听歌软件榜单前20也没有一首歌会来自于《时光机》。而且你会发现，这张专辑的一些歌也鲜少登台，比如《而我知道》，比如《我们时时刻刻》，比如《生命有一种绝对》。很多人会把蓝色三部曲作为职业生涯的分水岭，但我更喜欢以这张专辑切开五月天的音乐人生。
momo,5,2007-03-24 14:47:52,0,没有主动加你们，但是你们会主动跳出来.哈哈...
派生糍,NaN,2007-03-24 19:27:53,0,小年轻的励志！
等到风景都看透,5,2010-07-24 19:17:36,0,想要征服的世界始终都没有改变那地上无声蒸发我的泪
阮免了,5,2008-07-05 03:47:07,0,那年你们风华正茂。
2999圣诞老人,4,2009-12-16 11:53:30,0,恒星的恒心。
XP大魔王,5,2011-10-07 00:47:02,0,只要你爱我，一切都没问题。喜欢这个时期的五月天，大概是对这个时期自己的疯狂热恋吧
朱大侠。,5,2011-08-14 23:15:55,0,摇滚天团“五月天”自成军以来，每张专辑都造成轰动。Mayday'stimemachine。
baker,5,2008-02-21 22:04:29,0,一个人，能背多少的往事，真不轻。伤痕好像都变成了曾经。
Shining,4,2008-01-05 21:35:14,0,送我一台时光机
Esther*,5,2008-02-26 02:04:04,0,有味道……
会打字的跳舞机,5,2011-04-22 12:38:50,0,生命有一种绝对，就是你。最温柔的执念。
RINGO,NaN,2014-01-21 21:34:35,0,原来当年大陆版的删了好几首歌。。。这好像是第一张引进大陆的磁带，然后陆陆续续才把之前给补齐？
cloversunai,4,2015-06-19 17:24:22,0,前面几张的分那么高，这张才是真的好。不过周杰伦在那个时候还是很有影响力的，你听五月天的《而我知道》多么的周杰伦。
Y2K-nostalgia,3,2019-01-30 15:42:27,0,试图做出科幻主题，但音乐部分跟不上概念创意。
烤肉妹,4,2009-06-10 16:38:15,0,谁能给我一个时光机
神迦乐小舞,5,2009-11-05 22:15:03,0,我承认~初中的时候是赌神的MV秒杀我滴~
marill,5,2010-02-27 15:32:22,0,一直在出差错。
Milanista,3,2013-10-21 23:07:06,1,亚洲第一天团的专辑细细听的话还是有一些漏网之鱼的作品不错的，比如这张里面的武装和赌神，当然大部分还是呵呵的。
TORO VAN DARKO,5,2007-08-16 01:01:30,0,我喜欢的当然是台湾版的
索斐锡夕,4,2014-01-27 12:15:15,0,曾经因为这张专辑差点入坑，可惜这张也就是最好的了吧。恒星的恒心怎么都听不腻，然后突然想起初中时候有次命题作文是什么我心目中的星之类的还有个当时关系挺好的男生写了我是恒星......当时我就震惊了，现在觉得真感动
苏娃,5,2008-01-15 11:02:38,0,生命有一种绝对。
Ｈ·今天·你·Ｈ·了沒？,4,2008-10-05 17:00:41,0,王子面别惹我恒星的恒心时光机我们(时时刻刻)我真的觉得他们身上有披头士的影子～～
裸の王様。,3,2010-09-27 20:24:11,0,除了时光机和王子面，其他都很一般。王子面还是因为有孙燕姿的关系。
Jude秘密仙神,5,2010-03-31 14:13:10,0,陈诗人。
Bonnie,5,2010-09-03 00:14:51,0,这张居然没刷……挺好，经典专辑呢~白痴哇，第500个共同喜好，哈哈哈，你说挑燕姿，我就哈果断地唱反调选五月天了~虽然我也超级想选燕姿哎……可是事实是……我找不到你听的那张我没听过的燕姿了……哈哈，留着放在600那儿吧
微小微,5,2013-08-02 14:33:41,0,青春！
張咩咩🌈,5,2009-12-12 23:56:23,0,相当暴躁
musagetes,5,2008-08-12 19:14:52,0,这张在西单买的签售~和某喜排在队伍的最后。玛莎拿相机把我们照了下来~那是第一次握阿信的手阿==好帅~~~
igrɛkonze,5,2009-01-30 17:26:04,0,永恒復出的第一張
冰糖木耳,4,2015-06-17 11:25:12,0,时光机❤王子面❤
宁宁哥智慧多,4,2010-03-21 22:45:13,0,知足王子面
袜落,3,2010-11-11 17:55:48,0,酝酿了很长时间，然后绽放，一直绽放，渐渐地绽放的时间比酝酿的时间还要长，一年只有一个五月来的
pipasway,5,2007-05-01 21:16:29,0,让我感动
superdodo,5,2011-01-27 13:46:17,0,恒星的恒心/雌雄同体/而我知道/九号球/时光机/生命有一种绝对
大概是伍月,5,2007-12-11 19:16:49,0,我愿意。付出所有来换一个时光机。
无敌伍胖子,NaN,2008-02-17 12:04:18,0,让我正式喜欢他们
Rock Otaku,5,2009-05-26 15:01:53,0,CD
Filo,4,2007-11-17 22:26:47,0,有棱角的五月天。
鱼更,5,2012-03-23 08:31:47,0,是目前听过的五月天里最好的一张。
阿瑶,5,2006-05-27 19:35:12,0,謝謝親愛的哥哥，給我生命中的第一張五月天
布丁！,3,2022-04-09 21:18:51,0,这张风格有点乱，但是十几年后突然听到“我们曾经那么精彩，我们曾经那么期待”的时候，有一毫秒的时间，我是回到了十五岁的。
tokiya,4,2008-04-02 22:59:26,0,聽得第一張5的專輯很溫暖的一張那首《時光機》永遠都是那麽妖嬈
