user_name,star,comment_time,vote,short
V.Dunham,5,2011-02-08 10:30:12,217,克卜勒必然是比不上这张的，现在听来这张应该可以正名为巅峰了。全专都围绕“时间”这个意象，在情感表达和曲目制作上都有种重休上阵游刃自如的张驰感，选取的发行时机也很对，臻于饱满而多元的佳作。
░▒▓██,5,2011-02-28 18:16:47,233,听完所有歌，只能说唱片就应该这样做。
🌈時雨,5,2012-01-31 17:00:41,151,第一首点开播的是180度就听泪了。。。
川总,4,2011-03-02 20:35:37,123,孙燕姿要封神了！！！！！！
tlmgt,5,2011-04-29 19:49:46,63,好久没重温这张，又听了一遍，原来这张的编曲那么电气化的。
KinG羽,5,2011-03-04 21:57:13,45,众里寻姿千百度，似曾相识燕归来···一百次相爱只要有一次的绚烂下一次会更勇敢
潋 | Béatrice,5,2011-03-04 02:56:07,27,一直很喜欢她这个人，但是对她的音乐不怎么感冒，虽然音乐作品档次不低，也有水准，但是始终让人觉得不能保存在心里。4年的沉淀蛰伏，让这张专辑内敛深刻了很多，Stefanie终以更好的姿态回归了，也许从这张专辑开始，我会连她的音乐一起喜欢。
Dyingpluto,4,2012-06-12 15:27:02,12,久违了，清新
高歌,5,2013-06-02 21:12:24,16,近年来我听过最棒的华语专辑！
沉默电话,4,2011-02-28 14:41:31,13,2011第一张好华语
岛上的夏奈,3,2011-03-05 22:54:07,6,不过不失！
停用豆瓣勿cue,4,2019-03-08 09:34:33,7,2011.03.08-2019.03.08「是时候」发行8周年。同名(却不是主打)非常好哭。「空口言」这种俏皮的风格估计以后不会有了，这几年听她的新歌几乎毫无感触。除了前面提到的两首歌外，再推荐「追」「当冬夜渐暖」「愚人的国度」。
夏日扬帆,4,2011-03-01 17:32:14,10,是一惯的水准，受不了豆瓣上很多过于矫情的评论...[是时候、空口言]
亵渎电影,4,2011-03-02 15:23:40,9,没什么惊喜，依旧很孙燕姿。
知识雪豹,4,2012-01-08 17:36:53,9,属于第二耳专辑，不过，雷声大雨点小，亮点是歌词深度，当冬夜渐暖是首好歌-毛新宇
Doublebitch,3,2011-03-03 11:38:11,0,虽然一直不是特别喜欢孙燕姿但也没少听她的歌，没办法太红了简直耳濡目染，这张还行吧，没抱希望就不会失望
↓,4,2011-03-16 00:09:48,2,封面苑琼丹
影志,4,2011-09-17 19:40:11,5,那只是习惯把爱当作喜欢
锐利修蕊,5,2011-09-24 09:56:49,7,是时候-愚人的国度-当冬夜渐暖-快疯了-世说心语-时光小偷-明天的记忆-空口言-追-180度“我多恨自己轻易的放开手以为能承受还能从容不迫”
内陆飞鱼,4,2011-03-06 10:28:51,3,偏向小众，流行气质不足。
叶酱,NaN,2011-03-06 00:03:47,0,不知道该怎么评价，不知道该给感情分还是实际分~
zard砸得王大崩,5,2011-04-21 23:29:58,8,你唱着我，陪我长大。孙燕姿，我爱你。
Autorun,3,2011-03-04 08:58:22,1,没有力。不过也正常，哪儿能老有力。
素手纤纤,5,2011-03-08 05:35:33,2,哦亲爱的燕姿我等了居然快四年了！
齊克斯尼力佐飛,4,2011-02-28 21:44:32,2,愚人的国度，追，180度，当冬夜渐暖，时光小偷，世说新语，是时候。
zitsunari,3,2011-03-01 20:52:08,3,一直觉得你的快歌很可怕
L I M O,5,2011-02-28 23:55:07,0,是時候歸來。
Song³,3,2011-03-08 10:25:40,3,第11张。世說心語-印度女诗人SarojiniNaidu的诗作“Life”
YeleZhang,5,2011-03-02 00:53:28,1,当冬夜渐暖，回来的正是时候！
Aragaki,4,2011-04-04 22:10:25,3,偷走了四年的时光，是时候，当冬夜渐暖，你缓缓归来。在我的记忆中，无论昨天、今天还是明天，我一直喜欢你。
赵大宝,3,2013-01-21 02:02:30,1,想起来2004年看孙燕姿演唱会，说起高中那个谁谁谁长的像孙燕姿，也不知道她干嘛去了。那天正好是欧洲杯揭幕战，送女朋友回学校后跑到阜成门看球。一推门，发现那个谁谁谁的前男友就坐在左边第一张桌子旁边。
Claire,4,2011-05-25 23:52:12,0,【时光小偷:www.yinyuetai.com/video/435829】
1806,4,2011-03-04 01:30:23,1,从这张专辑听到了一种豁达，4年的沉淀让她也让这张专辑少了一份张扬，最喜欢最后两首。燕姿加油，重新开始吧！
筱晗,5,2011-03-07 09:58:15,1,4年真快！不过每首都超好听，除了主打，最爱180度和明天的记忆
Dululu,NaN,2011-03-25 03:03:22,1,居然是在电玩巴士下到的==
LORENZO 洛伦佐,5,2011-03-03 03:18:10,5,It'sbeentoolong，butnowit'stime.敢于自己去活，而不管别人怎么说，不知道下次听到孙燕姿的歌是什么时候，可是我们总有一天，会发现是时候，停止流浪。【愚人的国度】【时光小偷】
要早睡啊minami,3,2011-03-06 00:06:37,0,有这么高吗？太假了！只记住一首《180度》
冰山李,3,2011-12-20 22:50:49,0,她嗓子是咋了...
H!karu,5,2011-03-24 23:07:44,0,十三姐你回来了
StevenTong,4,2011-05-07 11:20:06,0,雖然沒有想像中的超級無敵好聽，主要是四年時間和最終效果之間的比例問題。但好聽，是真的；那份感動，也是真的。
丶,3,2011-12-04 21:55:06,0,感觉你从唱流行的要转变成唱民谣了……我对你不是有很深的羁绊，所以真的不知道这样一张专辑哪里值得给5星。如果说4年，那不算什么。何况4年你就憋出这些歌？可能之前你被双李定性久了，实在听不来现在的所谓耳目一新震撼心灵。
王阿胖™,4,2011-04-18 22:32:21,0,风筝v2.0
DeerColin,4,2012-10-14 16:54:12,4,这张专辑的隐藏曲目找得我好辛苦，沉淀了4年，孙燕姿的《是时候》都快让我听不懂了。同名主打《是时候》内涵确实深刻，诠释得也非常出色，是本砖的最爱！轻快活泼的《奔》是专辑里最抓耳的歌了，《180度》轻松有趣，《愚人的国度》要看MV才有感触，摇滚风格的《快疯了》很惊艳，因为这张专辑温和
凹凸代餐,5,2011-03-05 23:57:30,1,http://u.115.com/file/t47271b606好吧。我真的打不出五星。比完美的一天和Stefanie都要好。和逆光没比头|||拿到实体西滴听之后果断改成五星
五摆五折,3,2011-03-13 16:51:31,0,始终停留在《天黑黑》的那些初印象里，是上了年纪么，难免小小感触下时光；http://www.1ting.com/album/c0/album_50981.html；6.5分
黄靖昀,NaN,2011-03-01 22:34:22,0,http://u.115.com/file/f4e4592cfhttp://www.1ting.com/album/c0/album_50981.html
猫打喷嚏,3,2011-06-14 21:35:22,0,我靠我的审美和主流脱节这么远么。几乎听不下去
索君,5,2011-03-04 02:00:21,1,該怎麼說這種感覺，以為不再會有得感動都回來了，有些會消失有些會延續有些會隱藏有些會飛奔，有些竟然是流動的。
Samuca,5,2011-03-07 21:02:57,2,旅行七天之后回来打开电脑第一件做的事情就是听孙燕姿的专辑
Rebecca,3,2011-03-03 23:24:51,0,遭不住粉丝了。。。
Marvin,5,2011-03-04 11:32:19,0,时间小偷把我唱哭了！
MochaTong,5,2011-03-05 16:32:18,0,试听版。请支持正版。
银谷,5,2011-03-03 20:31:32,0,推荐180度明天的记忆当冬夜渐暖
Hao,4,2011-03-04 20:59:58,0,听了几遍，对这张感觉终于好了点
Enhui,2,2011-03-03 06:48:12,0,4年前，你發專輯，我來此地，4年後，你是時候了，我也是了...額...失望...
了了,4,2012-03-04 16:55:50,0,听了整整一年的专辑！好多回忆都跟歌融为一体了！
A,5,2011-03-02 08:13:54,0,果然果然没失望
YoyoRan,4,2011-03-01 11:44:45,0,世说新语当冬日渐暖
少年夏不安,4,2011-03-05 19:02:15,0,很好听，可是没有印象深刻的，还是只有《愚人的国度》。
陈二菜,4,2011-03-20 10:11:57,0,你的声音还是那么好听
小本,5,2011-03-05 11:30:59,0,其实，世说新语好听在哪里==
不宁,4,2011-03-04 15:57:43,0,女人，我听的只是回忆。
i'd,5,2011-04-14 09:52:34,0,是時候讓愛行動起來
某S,5,2011-03-11 22:34:01,3,打开文件袋一样的包装，好像在拆一个等了太久才到的包裹，在赴一个曾经太远的约定。而今每一个揭开包装的动作，都那么神圣。
usquebaugh,4,2011-03-07 14:12:25,0,180°
肥匪廢·老🐰,4,2011-03-04 21:13:36,1,等你回来等了好久，可是，有点小小失望。豆瓣上的姿迷打分真的好高。。。
thundercat,4,2011-06-08 01:07:53,0,新婚快乐，虽然有时我并不喜欢你的团队运作你的方式。
火龙果不耐受者,5,2011-04-24 11:59:04,0,最好的在最好！隐藏曲很棒！
cristine,3,2012-08-16 09:12:13,0,总有那么一些人，他们的歌可以还没听，他们拍的片可以还没看，却已经打好了怀念和回忆的腹稿。
死咗,4,2011-03-16 12:23:56,0,優美，優美
寂多蔓生,4,2011-03-08 21:43:13,0,瘦了
李念河重出江湖,5,2011-03-02 21:57:06,0,听完了立马决定明天去买一张放起来好么。
banana*🌈,3,2011-04-17 05:37:33,0,請給我至少一首的K房主打啊。。。
Summer孙夏天,5,2011-03-19 10:28:27,0,整张。
𝙎𝙥𝙖𝙧𝙠𝙮 | ✟,4,2011-03-01 20:00:08,0,世说新语，空口言，愚人，快疯了，明儿的记忆，其实全体都好哈哈(*￣▽￣)
阿萌今天也很饿,3,2011-04-14 22:49:35,0,==我真的觉得不怎么样。。。。
小M,5,2011-03-05 18:16:34,0,你没有变噢
狮子人,5,2011-03-05 13:30:58,0,久等了
纨卿,5,2011-03-10 23:19:10,0,好好听哦～～～
伊豆,5,2012-02-08 23:24:36,0,从来没有失望过，嗯。
哪吒男,5,2011-03-08 12:47:07,2,唱尽世人心语仍还有最初次感动人心的暖
叶叶叶小丝,3,2011-03-01 23:05:01,0,回归的意义大于音乐本身。
莊小壞,4,2011-04-02 21:19:10,0,4－－－第九張。謝謝PC送的親筆籤名專輯還有海報還有徽章！！
竹子哟竹子✨,3,2011-03-01 18:35:14,0,打三星是因为真的没有一听钟情。。。。
深津奈留,4,2011-03-03 21:04:22,0,四星给依旧的好声音。然而一遍听下来，并没有LOOP的打算。回忆不足，也缺少共鸣。180度算相对合耳缘些。能够有所坚持也是不错。
陈永仁,2,2011-03-08 11:32:08,0,美妙音乐太烂了
○Ⅴ○,3,2011-03-16 18:58:15,0,是时候；180°
Ray,3,2011-04-26 10:27:43,0,封面劲似张敬轩
沒在怕的,5,2011-03-01 22:10:14,0,f4e4592cf
葡萄呀,5,2011-03-03 19:32:06,0,慢慢听有惊喜
evilgracula,3,2011-05-26 20:46:43,0,追
石小po,4,2011-03-01 17:22:31,0,燕姿的实力确实难以小觑，不过也不到9.4这么夸张地分数吧……4.0愚人的國度/時光小偷/180度/是時候
不良少女劉蘭蒂,5,2011-04-12 19:02:51,0,第一次覺得豆瓣的五顆星都不夠。再怎麼期待也總不會失望。
小小玛丽奥,3,2011-03-06 08:19:43,0,就好像我在09年听完《回蔚》时候的感觉一样，有些声音大概只存在当时适当的心境里，而我确实是已经过了那个年纪
evan是幻想家,4,2011-11-30 19:50:46,0,不知道为什么叫是时候，反复不知道多少遍之后，我才知道什么是是时候
KID A🌈,3,2011-03-03 23:24:44,0,soso，毫无新意
采桑,4,2011-03-08 23:25:41,0,有保留，有惊喜。
三四,NaN,2014-10-17 12:11:40,0,爱是愚人国度
Hey Johnny,NaN,2011-03-02 20:34:45,0,《180度》耳朵惊艳一小下之后，无感。
Showing V1.4.1,5,2011-03-26 16:17:23,0,静下心来戴上耳机听了一遍，其实还不错……
谁亲爱的偏执狂,4,2011-03-05 07:17:31,0,其实只是要听她的声音。
乐化天,5,2011-03-04 20:00:59,0,矮油，意外啊！不错啊！
團團是個團|囧囧是個囧。,3,2011-03-14 20:36:49,0,看着孙燕姿出道的。。。可是始终都喜欢不上来。。。
清茶藏秋[已死],4,2011-05-25 10:42:54,0,在流行音樂日益低迷的今天，能有一張耐聽的唱片不容易
花伦,5,2011-03-04 22:28:58,0,一遍一遍听就听懂了
KennyHaynes,4,2011-04-05 15:48:54,0,http://u.115.com/file/t484797603
戒掉猫的鱼,3,2011-04-27 15:38:42,0,就喜欢一首歌
剑气凌厉的江南,3,2011-03-10 21:23:16,0,没看介绍没看歌词，纯粹听歌，给我感觉就这么一般
mosquito惟,5,2011-03-04 13:14:12,0,粉丝耳朵五星，歌迷耳朵三星。最终，孙燕姿，我还是你的粉丝，泪奔...
C酱,5,2011-03-03 19:22:25,0,四年不是白等的，喜欢你11年不是白喜欢的！
Karonen,4,2011-06-12 00:49:37,0,今天其实是第一次循环完。感情分五星，专辑四星。
不擅长,4,2011-03-04 00:35:31,0,http://www.xiami.com/album/114540
槿落,5,2011-03-23 18:43:21,0,一直没有听到11，内地都是十首吗？
雪  叁更,5,2011-02-28 17:54:37,1,感动死我了==真的首首都是主打……让别的歌手怎么活啊
树里啦,4,2011-03-04 00:08:20,0,评分充分说明过往可以卖个好价钱。
▲amao,2,2011-04-04 13:15:43,1,啧怎么说呢，不能因为她太久没出来就被混淆评判标准
肉汤拌饭吃八碗,4,2011-03-04 23:27:00,0,是很好听的流行歌。
胡克,4,2011-03-14 16:03:03,0,没有未完成那张那么耐听MV拍的好没劲
薇羅尼卡,4,2011-03-14 17:21:28,1,久违了，谢谢你还在。
Halah,4,2011-03-04 13:12:07,0,时光小偷，世说心语，这两首好
麦单,4,2011-03-05 13:07:05,0,180度，明天的记忆。
leon mai,4,2011-03-31 11:46:52,0,只是很想念这声音罢了。
大漁,4,2011-03-04 16:29:23,0,当个新人听不完了么
✟✰ナギサ✰✟,5,2011-03-14 15:06:31,0,至少你还没有变
Yome,5,2011-03-07 01:20:08,0,安心了一點不失望Leave之後最好的孫燕姿!
夜川直心,3,2011-03-14 10:45:12,0,当冬夜渐暖
yupei,5,2011-03-06 01:29:03,1,好聽已經足够了
胸毛,3,2011-03-04 12:54:18,0,唯独我感觉这张很无感么？看着那么多五星给出个三星有点手无力……愚人的国度不错。
魔角之声,5,2011-03-31 12:34:45,0,曲曲“姿”味，用心品味
FREAK_SYNK,3,2011-05-01 01:01:25,0,彻底无感
维克,3,2011-03-31 00:17:42,0,Nani？新砖不给力啊，180度最有感，有种俏皮？就这样吧~~~~
ANNXXNA,5,2011-04-05 15:01:35,0,终于燕姿回来了
Lindsey落枕,5,2012-02-19 20:39:56,0,有没有总是这样不经意地被感动到？十几年了，她的歌依然耐听
猫儿和老书,5,2011-03-03 18:34:37,0,有些等待是值得的，你知道我们一直都在。
等待如果,3,2011-03-05 19:31:04,0,就是还行。反正孙燕姿是听不太出来了，年纪倒是听出来了。180度甚至还听出了蔡健雅。这不算走同类风，是属于想走没走成。附，从这张专辑可以极具代表性的看出，现在豆瓣已经渐渐没乐评了。
元気一杯咪噶酱,4,2011-03-04 12:31:10,0,反弹的力量好强大。关键是，whc，我是有多爱你~
JO,NaN,2011-03-07 18:01:12,0,好像听不来华语了
沉城,4,2011-03-05 21:26:54,0,明天的记忆/愚人的国度/是时候
汤之问棘🌈,3,2012-02-26 10:49:33,0,是时候，装屄了
Pumpkinhead,3,2011-03-18 20:08:09,0,哪有那么好　不过还好
流空破刃,4,2011-03-30 13:54:40,0,四星感情分。快疯了|世说心语|愚人的国度
江央又被晒黑了,5,2011-03-07 21:52:38,0,是时候记起自己也曾经听过这些歌
Elfin,4,2011-03-16 00:46:18,0,精品还是精品~
13平米宅,5,2011-04-21 23:43:56,0,回国一定买正版碟
Lance,4,2011-03-03 21:17:52,0,没变！小失望。
RoJay,4,2011-03-04 12:13:12,0,我从来不是孙燕姿的粉。因此没有“五星情结”。不过相对于其他华语唱片而言。这也不失为一张有品质的唱片。9分实在太虚高了！！！
屿霂,5,2011-03-05 16:30:24,0,你的自由你离开，你的骄傲你存在。
神不能法式湿吻,4,2011-11-25 14:15:14,0,NIce~！！夏天一样味道。
嗷拜拜,4,2011-03-02 00:08:10,0,你不知道我有多想你
乍暖,4,2017-01-22 18:00:01,1,《是时候》《当冬夜渐暖》《时光小偷》《愚人的国度》
Memento Mori,3,2011-03-06 00:27:41,0,是真的不好听。
海孩等pk14,5,2013-03-17 23:39:24,0,爱是愚人的国度不能自拔不懂退出
神山樹,2,2011-03-15 15:59:05,0,她才尽了。
雨夜飞行,5,2011-03-02 23:38:09,1,四年磨一剑的杰出成果。无限心水《是时候》《180度》，力顶《时光小偷》《空口言》！
Seamoon,4,2011-03-08 19:54:46,0,李偲菘，你太牛了。推荐明天的记忆。
就叫我陳先生,5,2011-03-09 00:22:39,0,等了那么久.....
Fantasy,2,2011-03-09 03:21:44,0,搞成这样评分也能这么高，粉丝的力量太恐怖了
haidb,4,2011-03-01 10:09:16,0,愚人的國度
挂拉,4,2011-04-07 19:17:06,0,無太多驚喜
失控的蘑菇,2,2011-03-02 12:12:19,0,巨难听
Q,5,2011-03-03 00:38:26,0,听的时候又感动又激动啊...
朱朱朱古力♥,4,2011-03-07 03:41:35,0,回来就好^_____^♥180度
杨山魈,4,2011-03-04 16:03:08,0,话说一上来那首还挺唬人...
颜夕,5,2011-03-28 23:31:19,0,四年前的逆光到现在的是时候，希望你的歌能唱出这些年的事。
迪,4,2011-03-02 17:47:58,0,也许我怀念的，是过去的那个你
老夏天___,3,2011-03-02 12:56:34,0,songtaste小白竟然從B面聽回A面，反正只要你還繼續願意出來唱，我就覺得這是我們和你的私密福氣。你想說的都在歌裡，我就等著8號拿著CD導IPOD好好欣賞好了~~~~
Ziggy 🇵🇸,3,2011-03-07 18:56:03,1,好听个毛啊
Anubis,5,2011-03-05 18:04:19,0,世说新语六星其它四星
[已注销],1,2011-05-28 14:54:11,0,女神，矮油！！！！！我是孙燕姿的歌迷，很愿意给五颗星，但我的耳朵有不同的看法。专辑还没发布，大家已经都去打分；明明水准一般，偏要五颗星；明明是邻家女孩的形象，非要说是女神。
ZachM,5,2011-03-03 12:46:09,0,虽然我不是燕姿迷~~但听起来还不错，毕竟是天后！
千寻｜Scorpio,4,2012-05-26 17:27:17,0,最喜欢的还是愚人的国度。这盘专辑都被我听烂了。
♫欧德伯裔,3,2012-01-10 15:42:38,0,这张真心平淡，豆瓣分数虚高了。
α,4,2011-03-03 00:20:14,0,四年蛰伏，品质上乘。那时你唱着说，成人的世界背后总有残缺，而今我们回忆老去的痕迹斑斑，只因悲伤从来都不会有答案。主推：世说心语、180度、愚人的国度、时光小偷、当冬夜渐暖。
纯子,4,2011-03-06 19:24:08,0,初听，就先给四颗星。待循环
某线,4,2011-06-13 22:54:14,0,愚人的国度明天的记忆
不要焦虑浣熊妹,5,2011-04-03 23:25:44,0,首首都好听诶
范德一彪 Alex,2,2011-03-18 16:05:31,1,4年憋出一个字：烂
Shudoku,5,2011-03-03 04:01:16,0,不错啦
一絲不掛,4,2011-03-13 22:33:06,0,你个新公司的宣传也没比旧公司好多少，往事不要再提，现在点是“忌讳埃及事件！”。
元宵葫芦仙,4,2011-03-15 19:27:50,0,开始听不觉怎样。。。听多几遍就越听越好听~治愈系哒~
菜泡饭,4,2011-08-27 19:11:50,0,只能说是原地踏步，没有更惊艳
momo,5,2011-03-11 13:52:19,0,《明天的记忆》一响起就泪了。。一张专辑即使就这一首歌我也会给五星吧。十年说过去就没了的。。
小岩菽,4,2011-03-03 13:15:23,0,是因为人们给予她太多神圣的情感因素，她才变得越来越真实，和越来越难感人。
lotusblue,4,2011-03-03 07:45:37,0,强势回归好评如潮的专辑。翻来覆去听了一天，唱功歌词姑且先不论，燕姿写旋律的功力却最终说服了我。这是一张好专辑。四年后的燕姿值得我一如既往的爱。
娘口三三,4,2011-03-04 22:46:42,0,Good，butnotthatgood...最好听的依然是愚人的国度。。。09年就出来的歌。。。
昏睡的哦莫纳,4,2011-04-13 21:35:36,0,我觉得挺好啊。
捌朵,5,2011-05-10 10:01:57,0,你还在唱歌，就是最好的事情
樹男,5,2015-01-27 14:47:55,1,对这张专辑的欣喜，更多的是对找回自己青春印记的欣喜。孙燕姿一直是那个我不太关注但很多歌我都会唱的歌者，她陪着很多人走过下课后散步的操场，走过牵手也会脸红的初恋，走过知了叫得如同暴雨一样的夏天，走过最后麻木不仁的高考，走过肆无忌惮的大学，走过痛彻心扉的深夜电话，如今仔陪着我们走进大
低調小姐 - VG,4,2011-03-06 22:47:49,0,180度，愚人的国度
狠狠红,3,2011-03-13 20:13:37,0,唱得很精致，但词曲好平庸。只是一年一砖的水准啊。
zk,4,2011-03-04 09:38:50,0,还挺喜欢东南亚的歌手的，真诚认真
旧客,4,2011-04-02 09:38:01,0,没想象的好嘛。。
迷鹿,3,2011-03-05 10:56:58,0,1.2一般3.4.5.6.7不咋地8.9.10还可以。3星半吧。
Soda兰,4,2011-04-27 07:44:55,0,有感情分
卡卡,3,2011-03-07 12:57:20,0,质量一般，唱的真没以前好。
破产君,4,2011-10-09 18:32:41,0,久违的YANZI，感动有余。
五月微蓝,4,2011-03-31 11:49:44,0,“爱是愚人的国度不能自拔不懂退出”最爱这一首。
球儿先生,5,2011-04-15 14:44:30,0,有几星打几星~
影子的素描,5,2011-03-05 13:25:26,0,没有那么完美但因为等了太久
王与璀璨,4,2011-03-07 15:07:45,0,还不错~！
已注萧,3,2011-03-06 17:50:27,0,听得出进步了
小澈,5,2011-03-01 14:27:22,0,学会了平衡自己的孙燕姿给予我们的会更多。
掩杀,NaN,2011-03-04 13:31:56,0,孙燕姿.2011.3.8
Vince♫,NaN,2011-03-11 20:57:47,0,180度
玉木大河,5,2011-03-11 15:04:42,1,我觉得燕姿的歌迷是太爱她了。相对于从前的自己她还是需要再努力，但是相对于现今的大多数，她还是好得不行。
越王,5,2011-03-05 11:35:52,0,睽違四年回歸無驚喜。但不打五星還是很難，耐聽。
荷風,5,2011-03-12 23:26:47,0,不想摘下耳机了，谢谢燕姿
Zeyao,5,2013-01-01 19:19:08,0,好！慢歌都很喜欢T^T
流深,5,2011-03-09 10:09:53,0,
Leoooo,3,2011-03-02 11:59:53,0,说实话没有想象的好听燕姿变了
Icilian,5,2011-03-04 23:11:10,0,感觉唱功又进步了，那种独特的腔调比以前更明显。歌曲都很catching，暂时未知耐听否。本身不是燕姿粉，不过这张确实比很多同期女声最近发的砖好。
薛定谔的毛,5,2011-03-22 09:48:26,0,必须的
不非否,3,2011-10-28 00:04:03,0,我还是喜欢不上这张专辑
宇文宙,3,2014-03-10 20:24:12,0,平淡如水、味同嚼蜡、形同鸡肋。
ヽ 丶詸゜,5,2011-03-15 13:41:43,0,不知道听你的歌是听了多久，十年，说长不长说短不短，从没说过喜欢你，但你知道你一开口唱歌，我就不知道为什么感动得想哭了
爱罗武勇,NaN,2011-03-08 13:47:22,0,都很好听，却没有特别打动我的。话说看了康熙之后对孙燕姿的感觉和以前不一样了。。
Yutong,5,2011-03-30 20:45:48,0,始终陪伴，不曾离开。其实你开心就好了。其实这些歌只要你喜欢就好了。
小笼狂人fx5700,4,2011-03-18 23:59:31,0,3星半，不过那首Hidden不错，账面4星
连虎修,4,2011-03-06 23:39:17,0,这年头，不转型已经不容易了
我觉得我们有病,4,2011-03-04 14:43:58,0,这张的分高的有点可怕……如果没有燕姿的声音是肯定撑不起来的。做改变很正常，只是没想到竟然加电音玩迷幻……很庆幸最后的效果没有很奇怪，反而有种很奇妙的感觉。另外在低音方面做的尝试也很酷。在现有市场中算一块好砖了。不过这分有吓到我……
