user_name,star,comment_time,vote,short
金色面包机,1,2012-08-31 18:55:45,172,只有曲婉婷wanting知道谁是原创
poppyxong,NaN,2012-04-28 14:04:53,106,够了！先做人再做音乐！
夏日扬帆,4,2012-04-26 22:15:32,70,呃……我觉得词很普通啊。但是这种欧美的唱腔唱中文还是蛮好听的
停用豆瓣勿cue,1,2012-12-27 00:30:26,48,这个条目早该被合并了
办公室甜心,2,2012-08-31 18:58:22,26,"爱情买卖2.0时代，""你存在我深深的脑海里""，慢慢游吧太深了我自己都找不到！"
欣欣向荣,4,2018-04-05 09:30:41,33,这首歌很流行啊当时
已注销,3,2018-04-08 12:23:22,18,挺好听的，还是不错的，有点爵士范儿。
翠蝶🌸羽生✨💫,5,2018-05-02 15:12:29,16,她嗓音宏亮，真的是深深地存在了我的脑海中。。。。。
海棠依旧,3,2018-03-17 20:17:06,18,你存在我深深的脑海里
阿朽,4,2011-10-27 19:29:49,2,被推荐了确实挺好听的
小小吃货,4,2018-04-08 10:59:37,18,有点词穷不知道咋夸，但是好听啊(๑•́₃•̀๑)，你存在，我深深的脑海里，我的梦里，我的心里，我的歌声里，这么久没听，还是这么熟悉，歌词旋律还是能哼出来。
EL_CR,4,2018-04-08 12:55:33,13,你存在…我深深的脑海里…多少人听错了哈哈哈哈…可是好听…不管怎么恶搞都好听…连我父母都喜欢…
锐利修蕊,3,2012-07-08 22:18:30,0,你存在，我深深的脑海里。——不用再为是否相爱而苦恼，我掌握了喜欢的决定权。
半袖,3,2011-04-17 16:06:38,1,还是觉得太技巧感了。
ztlpoppy,4,2011-06-14 23:07:31,1,你存在，我深深的脑海里，我的梦里，我的心里，我的歌声里
tlmgt,3,2012-03-19 21:06:48,1,旧版的还能凑合。新版的感觉歌曲表情里“笑”的成分太多？很奇怪，反正是这个感觉。
33迟来_小小岛,5,2012-04-15 13:14:11,1,声音真的太赞了绝对只有“温暖”来形容或者是一个“满”
zard砸得王大崩,5,2012-02-15 17:19:27,2,你存在，我深深的脑海里，我的梦里，我的心里，我的歌声里
影志,5,2013-02-19 15:43:17,4,我爱你
shuli23333,5,2012-04-08 12:18:19,1,艾玛。我最近就哼哼一句，你存在~~
Claire,4,2011-04-24 20:28:58,1,你存在，我深深的脑海里，我的梦里，我的心里，我的歌声里。
少年夏不安,4,2012-02-17 18:43:18,1,这支单曲最近好红啊～
不宁,5,2012-01-13 13:06:49,1,强推！
肥匪廢·老🐰,5,2012-05-02 08:00:14,2,最近火得一塌糊涂啊。。。
固力果guriko,4,2012-02-15 10:49:26,0,过耳不忘
丶,3,2012-04-27 11:14:23,0,还行
苏不西,4,2011-07-22 22:50:16,0,你曾带给我意想不到的快乐。
何牧歌,3,2011-08-27 14:11:58,0,比不上邓紫棋
凡人,4,2018-04-08 12:30:36,13,总之这歌我喜欢，超有感觉
鸭酱,4,2012-05-13 17:59:35,0,洗脑歌，看多好多歌的影子。
grace-xhu,4,2018-04-08 12:48:50,14,说真的要不是那位男歌手真不知道这首歌，两个人唱的都很好听，各有个的特点。
竹子哟竹子✨,5,2012-05-27 13:48:16,1,有点像王若琳，但是声线更饱满
Hao,3,2012-08-05 17:48:21,2,歌尚且不错，但唱得太烂，减分。
河堤上的貓,5,2018-03-10 23:46:07,26,你存在我深深的腦海裏～獨特的嗓音滿觸動人心的
倉鼠,3,2012-01-11 11:09:44,0,声音还是很有特点的。
十六。,5,2012-10-08 17:22:59,1,念在那么多人给我唱过这歌儿的份上。
老楠,4,2012-02-15 10:20:08,1,清新又婉转啊~好听死了！！！
evilgracula,2,2012-08-26 17:55:21,1,这歌能红？？？那句歌词倒是记得满清楚的，有句说句不如民族风
李念河重出江湖,4,2012-03-04 03:30:24,1,评价真的很高啊，我和氯哥曾经讨论过这首歌歌词有一部分很狗血，旋律也算普通，可是曲婉婷就是唱得很好听啊。她唱腔真的蛮做作的，可是做作得让人很喜欢。
𝙎𝙥𝙖𝙧𝙠𝙮 | ✟,3,2011-04-25 15:12:41,0,这声线震了！
叶叶叶小丝,3,2012-03-04 20:41:11,0,还不至于被捧到那样一个高度吧。
莊小壞,4,2012-08-02 00:52:59,0,4－－－我覺得這首還不錯。
雷貝卡,3,2012-03-02 22:39:56,0,到底是有多少條目阿………………………………………………
猛汉世雄,5,2012-06-01 14:05:58,2,挺好听的，POP点的王若琳
Hey Johnny,3,2012-11-01 20:14:15,1,再好听的歌也经不住烂大街
○Ⅴ○,3,2012-04-06 17:24:26,0,死样。
Luffyjun,4,2012-11-01 18:40:06,1,客观的说，还是不错的，有点爵士范儿。。。。现在女人都肿么了。。声音都好“嘶哑”。。。
彼方有荣光,5,2012-04-05 18:35:15,0,这首歌的意思是你存在于我的歌声里。这首歌是为了纪念那些在你生命中出现过的人们，她们成就了今天的你。但此时她们并不在你的生命中出现了，也许是你们分手了，也许是因为你们不在有一个地方了，但不论哪种情况，你依旧记得，正是这些人成就了今天的你。
團團是個團|囧囧是個囧。,4,2012-07-07 22:49:05,0,是蛮好听的，管他烂不烂大街呢~！
桃文西,5,2012-01-20 18:07:13,0,nicevoice
剑气凌厉的江南,5,2012-03-05 16:42:33,0,单曲循环
娅,5,2011-04-14 22:51:22,0,一个人的爱情···呵···其实只是错过··
Bartholomew,4,2012-07-02 17:55:44,0,啊，原来就是这个东北女人唱的。
M2,5,2012-08-27 13:20:11,0,嗓音真棒
亞麻君,5,2012-03-17 21:55:09,0,谢谢你。夜晚的温暖的声音。
Fornever,5,2012-01-27 12:07:00,1,好多歌手都欠选秀一顿饭
Yome,4,2011-05-17 13:44:37,0,這個也是公鴨嗓吧不過是很有感情的公鴨嗓
肥西肥西,5,2012-03-05 11:10:10,0,最近才发现，这首歌真的爆好听！！！！！！！！！！！！
呓语流年～小文,4,2012-07-26 14:38:10,0,老赖之女，扣一星，原则问题o(╥﹏╥)o缺评了，补上。唱这首歌的时候，在开口第一句前要找一种节奏和韵味，菲林对了一切也就对了。
沉城,4,2012-04-28 15:58:41,0,仅有的最好听的一首了吧
天亮天黑,5,2012-04-19 10:17:41,0,迷死我了！
IVAN,5,2012-05-13 15:17:04,0,56网微博江湖4月1日辑出现过。。默默版http://www.56.com/u38/v_NjcxOTk5NTY.html
神不能法式湿吻,5,2012-02-15 15:01:19,0,2012必定大红。
A L E X,1,2012-08-31 18:49:23,1,哥屋恩
Seamoon,4,2011-04-27 23:27:36,0,值得一听。
kokki@靠模子,5,2012-02-15 19:14:41,0,感动
铎奇,4,2011-10-24 12:47:59,0,王若琳+1
某S,5,2011-10-17 10:39:17,0,太牛逼了。。。。。
吴异.nova,5,2012-02-13 17:28:44,0,唱歌时，我喜欢你性感的嘴巴张的更大些～
godeau,NaN,2012-03-01 10:41:03,0,像Tanya了囧。。。
花音妙,3,2012-01-10 22:53:48,0,听着比较舒服。听过没有印象。
笑一步是好青年,5,2012-08-29 19:53:55,0,我是真觉得好听啊~demo版的感情比较high，比较喜欢。到了专辑里的那个版本就平静了很多唱腔也有像大婶..不过还是可以。但。。。现场版真是完全幻灭啊！！！KTV里都很多人唱比她好。。。
千寻｜Scorpio,5,2012-03-08 23:32:46,0,全垒打！
第五象限,4,2012-11-25 20:28:38,0,世界之大　　　　　　为何我们相遇　　　　　　难道是缘分　　　　　　难道是天意
昏睡的哦莫纳,4,2012-02-11 19:30:42,0,今晚上我是非得把自己戳哭么。。。
捌朵,4,2012-05-29 00:18:17,0,歌是好歌，就怕是又要被小清新们毁了。。
每天一粒茶叶蛋,3,2012-05-12 19:55:35,1,听了一圈翻唱我觉得这首歌儿还行原唱呢就再说吧=。=
克莱德思构坡,5,2012-06-25 12:08:30,0,无限循环
旧客,5,2010-12-28 22:15:31,0,单曲循环
五月微蓝,NaN,2012-07-17 13:13:00,0,这歌最近太火了，以至于我不知道该如何来评价了。
爱罗武勇,4,2011-05-27 14:53:20,0,真好听。。。。。真耐听。。。。。。。无限重复。。（毛毛推荐）
xiaoxu,5,2011-04-11 23:32:23,0,你存在我深深的脑海里。
hua,4,2012-05-21 21:27:52,0,我喜欢霸气的妞儿~
西部獭仔,3,2012-03-07 13:33:24,0,豆瓣上这么高分于是跟风了。。。声音挺独特
蒜 | BOY A 🌈,4,2011-11-22 14:02:26,0,嗯，好听！~
甜m i l k 。,4,2012-03-25 13:13:42,0,难得一见的中音。。
直布罗陀岩石,4,2012-04-06 23:43:22,0,这首歌吧，有一点点Adele的感觉……
KAVA,4,2012-05-26 16:04:15,0,我想知道为什么这首歌要有两个名字，发两张单曲。。这不是骗人点击吗？！
柴犬的柴,3,2011-04-27 23:37:41,0,也没有说的那么好听嘛
豆友,5,2011-10-19 13:02:44,0,封面是温哥华的41街这首歌好棒
XA™,5,2011-11-26 16:47:19,0,单曲循环~
十个斗的眼窝浅,4,2012-05-21 16:31:40,0,听听就会了！
SoftLip Jo,5,2012-05-31 16:55:15,0,整张听完，把我今年的眼泪都流光了。
李二公子@心空万物，因果由然,5,2012-01-10 22:44:46,0,强推
斯 琰 🌈 🍭,4,2012-07-24 16:15:43,0,最近一直在被这首歌洗脑……
言叔,4,2010-12-17 00:10:26,0,好久没听见这样清新的歌
花非花,5,2012-02-27 06:53:23,0,好听~~0.0~~
页页梓,5,2012-07-11 21:38:37,0,适合KTV
elsa,4,2012-03-23 10:28:46,0,高潮很好听。
可可爱爱郭麒麟,5,2012-06-04 16:12:01,0,她的歌就听过这一首。
