user_name,star,comment_time,vote,short
礼士路西岛秀俊,3,2009-09-18 03:36:48,66,平生最讨厌的就是一出再出的精选
PabloHoney,4,2009-07-15 17:15:56,17,好吧，我没买碟，这个选曲大部分都是。。。骗钱啊
门柱,NaN,2009-08-10 09:56:42,12,盖棺论定——10分！
塘坑一姐小渡边,2,2014-01-18 23:41:13,11,内地的别买了，毛病太多。1，内地版写明了有DVD字样，但里面只有3CD。2，选的歌曲少了好多经典也少了个性，有电子dj混音版，不是原版。3，卖价高，近70元，最近还在上涨。在香港看到了CD+DVD的版本，应该不会有假。反正也不是很喜欢这张选的曲子，好多mix收进来的。。。
影志,5,2009-07-10 15:54:45,9,任何时间感触如初
tlmgt,5,2012-07-13 21:39:31,6,百年孤寂。前几天跑书店顺便去逛了一下CD架，上面摆的最多的就这个····然后我翻遍了都没有发现有卖《寓言》和《天空》。精选也很多张，但是收录了寓言五部曲的精选没有。《浮躁》倒是有。
阿落,4,2011-11-12 15:54:00,1,faye
光年‖影视歌三栖民工,4,2011-07-06 17:01:14,2,好听，但远不到5星的程度。喜欢冷战。
Kreuzberg,4,2010-05-14 22:24:59,1,选歌都不怎么样。都怪我一时冲动在书店听到了就买了下来...
Μουσαι,4,2011-09-09 00:54:31,1,容易受伤的女人|我愿意(弦乐版)|红豆|棋子|流年|容易受伤的女人(国语版)|迷魂记
zard砸得王大崩,4,2009-06-23 22:19:08,1,走过一段长长的路，听一些淡淡的歌。dvd也不错啊
陆秋槎,5,2009-07-20 22:37:30,0,其实以前就都听过……
L+,1,2009-06-23 23:25:54,0,A钱
Ding,5,2010-12-22 11:33:39,0,以前从没听过《有缘的话》，可是只听旋律不懂歌词就已经感动到哭了
33迟来_小小岛,5,2011-09-27 19:55:03,0,无数张精选
香水瓶,5,2009-10-06 15:34:11,0,附赠DVD里的演出我大都没看过看时像穿越了时空
苏格,5,2009-06-24 12:41:38,0,老歌大放送
YoyoRan,5,2010-09-06 12:04:30,0,怎么想的出这个……
usquebaugh,4,2009-06-29 15:08:07,0,这辈子还能不能再听到新歌。
[已注销],4,2009-06-24 16:44:49,0,4.5
易召,4,2010-10-28 21:25:03,0,阿灰正传。即便一看封面和歌单就知道是冷饭热炒的敛财砖，可还是听得很投入并且边听边在内心止不住发问灰灰你到底啥时复出啊？我说的复出是再发新碟重返歌坛而不是办几站玩票似的巡演啊啊。
banana*🌈,5,2011-08-22 00:55:20,0,《冷战》《《我爱雀斑》
洛野,5,2009-07-04 17:55:36,0,即使只是一张唱片公司的炒冷饭之作，但就凭封面上的faye字样
Topfun,5,2013-01-19 22:42:58,0,天后Faye
神威太太,5,2009-06-29 11:24:16,0,說實話這套製作的有點糙，爲了DVD還是要買一下滴~PS：我愛雀斑是翻唱校長的吧……
雷貝卡,3,2009-06-24 19:28:49,0,说实话，我讨厌炒冷饭的精选。加上论坛那些脑残动不动就粗口奉上的所谓“菲迷”们，我对它一点儿兴趣都没了。
眠去,5,2009-06-26 15:08:53,0,好多精选了，真不必再出了
Luffyjun,5,2014-09-24 16:39:36,0,女神就是有范儿啊~~不管别人说什么，我只是来听歌的~无疑这张专辑的经典，但是还有一些喜欢的没有收录进来，所以说，你是让人多么喜爱啊
孤独心俱乐部,5,2010-02-12 10:10:10,0,她进入听觉的过程，是一个后知后觉，纠结无比，反复拉锯的过程
Kiki,3,2009-06-25 01:53:58,0,炒冷饭。
夏日良人°,5,2009-07-10 11:19:18,0,新发的唱片，给了我一个重新温习王菲的理由。
小偷|隐忍沉定,3,2009-08-25 22:42:26,0,太老
Yome,5,2009-06-26 12:44:44,0,awonderfulretrospection！
走走走走一,5,2009-07-15 11:38:01,0,其实也不知道为什么王菲不是我的女王也不是我的女神我对她始终无感。我姐姐喜欢她的时候我不喜欢，我喜欢的偶像们喜欢她的时候我还是不喜欢，但是又不得不承认，她的有些歌，是极迷人的。或者说，她的有些态度，是极迷人的。就是那种，说，我会唱歌，我知道的态度。是天生要作天后的。
··不联络··,5,2011-08-30 17:46:42,0,这封面谁画的啊？
牙3牙,NaN,2009-08-05 11:10:07,0,在电驴拖下来了OAO
安蓝·怪伯爵𓆝𓆟𓆜,4,2009-07-01 11:23:42,0,跟大丫头在海淀公园大草坪上基本扫了一遍，回忆起好多很久以前的歌。
Fantasy,5,2010-08-06 11:15:00,0,阿菲我爱你
haidb,4,2009-06-24 18:00:38,0,虽然是炒冷饭，不过确实经典
逅宝,5,2009-06-26 21:33:51,0,faye
挂拉,5,2010-01-10 19:28:55,0,一路上只看见沙漠，哪里有么子骆驼。
老夏天___,4,2010-04-24 01:15:33,0,她不是藝人不是明星，只是一個喜歡唱歌的做了媽媽的女生。
Gong Shore,NaN,2009-06-28 18:30:41,0,給自己的情書_
一絲不掛,5,2009-11-18 00:07:09,0,大神快复出开演唱会吧！
雪翎,5,2010-07-28 00:27:21,0,嘛，傳奇就該是這樣的。
听临,3,2009-08-19 11:38:50,0,可能之前对王菲没有爱，所以打分很低。
小岩菽,5,2009-07-21 02:17:16,0,一而再再而三地入迷，叹相遇太迟，这纯粹超然的美。对你的了解不过尔尔，你却释放出灵魂的笙歌来让我触摸到那个迷离徘徊坚定信仰足够的内核。
劉咳暝,NaN,2009-08-26 11:43:48,1,不完全是我杯茶。
低調小姐 - VG,4,2009-06-24 11:54:42,0,冷飯炒啊炒--
JasmineJasmine,5,2013-06-20 18:01:09,0,好在她有新作了
ishine,4,2009-11-23 21:03:11,0,选曲太有问题啦质素太参差不齐~
nevering,3,2009-08-12 14:20:46,0,没有什么会永垂不朽。
Ｖ. 半调,4,2009-06-24 18:36:24,0,我还是理智一点。。里面好多我最爱的歌都没有==
TristanShen,4,2009-06-28 11:32:38,0,4
Bukki：不是同学。,4,2009-06-30 12:59:41,0,歌五星。专辑三星。最后四星。
[已注销],5,2009-07-22 18:53:06,0,完全是以量取胜啊……
baichi0038,5,2013-06-30 12:02:24,0,好听呀！
靠谱青年™🌈,4,2009-08-20 14:02:49,0,需要到9.4这么夸张吗？
得我艳与天齐,5,2009-06-28 16:03:51,0,环球唱片？这是哪门子的生意？
大佑,5,2009-10-29 18:18:10,0,她是真的天後
豆腐脑敢死队,4,2011-01-22 18:49:29,0,結果長大就是DoWeReallyCare的國語版比EyesOnMe好聽
万俟祺,5,2011-06-11 16:16:55,0,真心赞叹！
杨小歪,4,2015-08-26 15:24:10,0,CA989飞机上边听边睡觉过了最为平稳的三个小时
tavico,3,2009-08-07 19:51:15,0,收歌莫名其妙的
勤劳de小懒熊,5,2015-09-17 17:46:46,0,好多mix和version的不同以前的版本。发现cd2里很多歌都没听过，本来以为菲姐的歌基本都听过了，可能还有些早期的遗漏了。还有迷魂记原来是谢霆锋作曲，不知道李亚鹏有没有写过。。。
yu,5,2009-09-01 20:46:45,0,狂顶！
小鹿e^x,5,2012-01-30 16:16:27,0,但我不过是人非梦，总有些真笑亦有真痛
0405|Love&Life,5,2010-02-16 10:56:10,0,五星音乐。
靡靡菲斯特,4,2012-08-24 09:38:34,0,这个可以顶
小柔♥,3,2009-06-25 08:24:07,0,不惯==
Zelta,5,2009-09-05 21:31:00,0,灵魂还是随波逐流
每天一粒茶叶蛋,5,2011-05-14 23:56:57,0,执迷不悔我愿意天空红豆你快乐笑忘书刘娘当时的月亮迷魂记给自己的情书
[已注销],5,2012-09-28 00:33:50,0,此物最相思
马努,4,2009-07-30 11:35:05,0,一张足以回顾王菲纹路的遥遥之路
夏一慕,4,2009-10-22 21:47:50,0,这个精选不太出彩……
古都的树,5,2009-11-17 21:07:43,0,boughton29thOctober2009@环城西路，Kunming||阿菲早年边唱边跳真可爱！
洗头油|盖盖儿,5,2009-08-13 19:21:04,0,女王。
Chimney,5,2009-09-03 23:47:54,0,2009/永远的王菲
.,1,2009-06-26 12:08:13,0,Remix的很无语，这种圈钱货就要唾弃之!!!
wangzhy,4,2011-02-16 13:12:07,0,值得推荐的精选集，我陪同学买的木质版CD。。。就是我个人不太喜欢……
psy,4,2009-07-31 09:48:00,0,饭祥云不断逝去的学生时代
Lillian,5,2009-09-29 21:40:56,0,精选。
豆友2990390,5,2010-10-03 15:05:49,0,曾反复听过无数夜晚，只为见面时为你唱一首红豆。
Yasmine.L,5,2010-03-25 22:00:12,0,林夕。
>Out_Of_vOice<,5,2009-08-05 16:24:59,0,阿菲正传足矣。她的碟太多了。
Silence🌸🌸,5,2022-08-02 01:33:24,0,国语+粤语+特别编曲版，还有和歌神的动感合唱呢https://open.spotify.com/album/4ZbJoeEuABq9woLhU1l7bX?si=MCSyq9PqT0WGGEuPdrDA6Q
木木青争,4,2011-12-24 17:15:29,0,听。
邈邈,1,2009-06-24 15:51:18,0,什么玩意儿！拿王菲来赚钱环球太不是人了一朝卖了版权一世都收不回来啊王老师
甜心老爺叔,5,2010-10-17 14:31:23,0,每次听见给自己的情书。都有种想要看破红尘的欲望、
姬长安,4,2015-11-02 21:54:44,0,除了流年、闷、又见炊烟还有但愿人长久，我似乎最喜欢的是很偏门的百年孤寂还有守望麦田。一想到王菲的嗓子唱英式摇滚才是我的最爱，百听不厌中。
奈斯,5,2014-12-22 00:43:37,1,想全部标心
揍敌客小丸子,5,2011-02-25 17:51:55,0,王菲的怎能不好听
Pangur Ban,5,2009-07-17 13:16:52,0,··回忆
洋,5,2009-06-30 20:34:35,0,很多经典老歌。天后就是天后，隐退都有人免费为她出专辑！
Aragorn,5,2011-11-19 06:58:34,0,难得有华语专辑听下来整体感觉不错的（虽然是精选辑）
Yuennnnn,5,2010-06-04 21:55:22,0,妙
marill,5,2009-08-02 17:00:18,0,最喜欢disc1.还是忍不住打了下5星。其实有些歌也没怎么喜欢。
六月十五,5,2009-07-07 22:36:23,0,她是我们心里躺着的那个声音。
xx@百年孤独,5,2009-07-12 10:36:29,0,发现喜欢的还是后来的她
cheervivian,5,2012-05-22 23:44:39,0,物是人非的景色里我最喜欢你
