user_name,star,comment_time,vote,short
Song³,4,2008-09-07 16:27:12,391,事实证明，周董做音乐比做电影更有天赋
Bill,4,2007-10-09 13:31:39,205,未看电影先闻其声也会如此美妙
豆友36396401,4,2011-08-08 22:35:26,115,斗琴好爽啊！
小海,5,2015-01-13 13:42:06,68,脚踏车。
Sophie  Z,5,2010-04-07 23:31:08,35,就电影红的那几年，每次路过学校琴房都能听到人在练secret还有黑键~~
不万能青年,5,2011-08-24 14:35:45,34,最美的不是下雨天，是曾与你躲过雨的屋檐。
UrthónaD'Mors,NaN,2009-11-13 16:45:20,12,那就别说了
Topfun,4,2012-01-18 17:46:13,17,当年的女孩
乡愁,4,2010-07-28 22:36:08,21,那篇豆瓣影评这样说：“多么多么清新的微风，还有多么多么温和的阳光，心中隐藏着秘密的少女，计算着从琴房到教室的距离。因为，当天她睁开眼睛看见的第一个人，才能看见她的身体。距离。距离。从琴房，到他身边的距离。108步。”
Claire,4,2008-03-19 23:36:44,10,唤起了心底对钢琴的偏爱。
DeerColin,5,2012-11-17 10:54:57,14,那些电影原声或许都不记得了，但《不能说的秘密》这首歌确实是周杰伦这一时期的好作品！
Shudoku,5,2014-02-26 07:02:52,18,周杰伦的古典音乐造诣没得挑剔
何牧歌,5,2011-06-19 09:51:20,11,如果不是本片在音乐风格上和电影本身一样过分追求模仿《蝴蝶效应》，这张原声很有可能会成为真正的经典原声之一。但实际上抛开那几首抄袭味道严重的曲子，其他原创歌曲依然值得一听，两首慢板快板的《秘密》结合剧情更让人沉浸其中。此外，周杰伦演唱的主题曲更是他这么多电影主题曲里最好的一次。
ladybird,5,2007-09-02 05:34:29,6,surprise...
香水瓶,5,2008-01-23 21:27:04,6,喜欢这部电影喜欢两个人
Ding,5,2010-12-22 11:34:22,5,淡水海边
Inevitable,5,2008-05-11 05:23:08,4,他的才华一如既往
眼角的花朵,3,2008-02-12 20:13:54,1,充斥着萧邦，和那首《秘密》
丶,4,2011-11-08 19:08:21,1,OST
高歌,5,2013-03-27 14:01:47,3,记忆中的美好
薇羅尼卡,4,2007-08-21 13:55:04,2,钢琴很不错~
mumu,5,2010-02-13 14:13:51,2,总偏爱他的。
寂多蔓生,4,2012-03-01 17:39:06,1,那是一个不能说的秘密
妈妈我想吃肉,5,2007-10-24 18:58:42,4,淡淡的音乐~~纯纯的爱恋~~
书庭,5,2008-02-18 14:18:03,3,很棒的配乐~
莊小壞,3,2009-06-29 16:26:18,1,2.7－－－嗯，不知道呢。
迪,4,2015-07-12 19:03:37,1,没看过片子，OST是挺不错的。钢琴很美。
神秘金针菇,5,2011-04-22 10:22:32,1,极致精美
大头绿豆,3,2007-09-08 01:30:58,0,电影的糟糕影响了我对原声带的判断。
怀山鹿,4,2010-07-13 15:29:26,1,又是豆瓣电台帮我放完了。。我只记得一首《不能说的秘密》
不擅长,5,2009-10-09 02:27:30,0,http://www.xiami.com/album/32898
润物,5,2015-08-03 03:27:36,7,极品的一张OST，这张原声完全地把周杰伦的音乐素养给展现出来了，即便不看电影，光听就已是非常享受，如果看过再听，更是有一种强烈的倒带画面感，风格当然是与日式纯爱如出一辙，而水准也绝不输于他们，多数是拿手的钢琴演奏，演唱的曲目也是极佳。这部电影可能倾注了他太大的精力，这是他的分水岭
挂拉,5,2007-09-02 14:41:56,1,看电影的时候心里一直默念我要听肖邦啊我要听肖邦
Arness,5,2012-08-11 15:26:52,0,湘伦小雨四手联弹&斗琴
亞麻君,4,2009-11-20 18:38:13,0,还好还好~~~
Aragorn,4,2009-04-10 16:52:25,1,好听都是那泰国人的功劳吧？
卢儿,NaN,2008-04-30 17:56:32,1,钢琴socool
Белка,4,2007-11-22 19:55:54,0,还是不错的
Paul,5,2008-12-04 01:59:46,0,好音乐烂电影
soloye,5,2008-10-28 21:42:09,0,这只是一种情怀，还没有长大的，或者还没有老去时的
MOEの魔导☆,5,2011-06-28 12:56:29,0,http://www.xiami.com/album/32898
≌菩提风花,5,2007-09-22 14:03:50,2,我怎么才能述说这音乐给我的震撼与感动
小岩菽,4,2007-08-19 17:09:53,0,琴音浮动的时候眼前有电影画面，没有幻境。所以。
你是桌子我是布,4,2010-06-26 14:27:31,1,最喜欢《路小雨》
五月微蓝,4,2009-02-12 22:18:38,0,音乐让一切变得美好。
水果君,3,2009-08-10 16:44:52,0,阅！
Ancora*山妮,5,2008-04-23 17:36:19,0,桥段与心情，此起彼伏，那些年，那些人，渐行渐远...
一又,4,2007-10-12 19:28:38,0,可以在任何时候捡起来听的音乐。
我觉得我们有病,4,2011-08-01 10:53:27,0,电影一般.不过这张我唯一喜欢的他的东西..
DG,2,2009-01-01 23:28:29,0,装逼。
林喜喜喜喜。,5,2008-08-17 01:16:19,1,还不错。
給料泥棒,3,2010-02-11 15:08:24,0,嘘，初恋的味道、
XA™,4,2008-11-15 12:19:22,0,Secret分快版和慢版～
女侠乌雪雪,NaN,2012-03-18 10:48:17,0,原声
S.Rice 。,5,2011-06-24 12:27:12,1,那么多年我觉得这才是他最出色的作品
fake,5,2010-03-08 17:20:21,1,这是一张隐身的杰作。
小小,4,2010-12-02 22:08:36,1,听完后就是想再看一遍电影。就这样。
Noooodle King,4,2008-07-10 10:40:09,0,仅作怀念
Épiméthée,3,2009-11-27 16:39:48,0,在医院的时候从广播里听完的。
徐李夫人,5,2011-10-06 12:05:02,0,非常好听的原声喜欢情人的眼泪
烟,5,2010-10-29 03:19:10,0,经常注意音乐忘了情节。。。情人的眼泪太赞了。
0405|Love&Life,5,2010-09-06 12:01:07,0,很喜欢的背景音乐。
已注销,4,2018-02-18 21:56:13,20,每个人心中都有一个不能说的秘密
minhe,5,2010-12-31 21:50:10,0,话说我挺喜欢的
少女胸怀总是湿,4,2008-04-20 14:55:35,0,主题曲比同名电影萌。
朵拉小姐,5,2008-12-21 18:51:31,0,喜欢钢琴曲。
韩大,5,2008-05-24 12:06:21,0,作为电影原声带，很出色
►ErIc,5,2009-03-20 13:54:39,0,百听不厌
晚晴先生夏雨庭,4,2011-08-29 15:03:45,0,即使有周杰伦这坨万年瑕疵，也没有泯灭桂纶镁的温暖光辉
Felix,5,2007-10-10 10:11:51,0,不能说的秘密电影原声带
Chimney,5,2009-06-12 17:53:10,0,钢琴曲，小情调，弹了其中许多首！
井行,5,2011-05-27 23:59:54,0,明天你和周太太是要还什么装呢==
我係我一蚊網,5,2011-04-03 21:32:43,0,不打五分都不行！！80%都有爱。尤其女孩别为我哭泣，四手联弹，与父共舞，路小雨，Secret。
朱大侠。,3,2011-10-21 17:50:06,0,强烈的电影感。
放开那个浪味仙,5,2008-07-30 10:59:09,0,美~！
Molly,5,2009-06-06 13:03:45,0,好稀饭。
猫丢了的莫教授,5,2011-10-02 13:12:42,0,两首歌就能让这电影变得不错。。那首不能说的秘密跟桂纶镁唱的那个晴天娃娃。
大圣夫人宋鱼骨,5,2009-08-01 10:38:06,0,听故事，听自己在剧中的角色
讓-克勞德.浮雲,NaN,2008-10-26 14:15:49,0,可以聼一聼
你的希澈笑嘻嘻,5,2011-06-06 19:42:19,0,奈斯~
Lea | 等待光。,NaN,2007-12-22 20:06:54,0,我们家JAY吖~~~^^
Lsophia,4,2010-05-20 20:44:06,0,美和凄地让我想哭。你不是让人得抑郁症么。。==||
freesia,5,2007-12-28 21:02:22,0,ITUNE里好多都给了五星喔。
Ms 球球,4,2007-09-06 19:49:54,0,那首晴天娃娃不错
段乔小青,4,2008-05-03 18:27:07,0,这部电影唯一好的就是音乐
Sunrise,5,2008-02-07 14:32:34,0,又一种享受
猫不然,4,2008-09-14 16:32:30,0,看我们相爱吧陈柏霖和智孝在台湾的高中里面聊天时候，响起了这里的原声。突然觉得好幸运在我们正好上高中的时候周杰伦拍了这么一部电影，留下了这些音乐。让当时傻乎乎的我们充满了浪漫的幻想和回忆。而且在陈柏霖说话的时候，觉得周作的这些曲子太适合台湾了。
鼓浪青蛙,5,2009-09-07 00:30:27,0,周董虽然外表欠扁，却是个很乖很孝顺的好dd。
boooooby,5,2009-02-24 09:19:17,0,喜欢钢琴的桥段
独行侠杀手阿何,5,2013-12-28 00:41:55,0,充满惊喜、新意，把电影气氛点燃到恰到好处的音乐，每一首都很好听，改编肖邦圆舞曲的技巧甚为精湛。
橋,5,2009-03-03 11:07:11,0,四手联弹--
Dr.Melon,5,2008-04-12 04:10:37,1,周杰伦把一年的灵感都爆发在电影原声里。却没爆发在专辑里。
March❤秋天,5,2009-05-30 11:52:51,0,最美的不是下雨天，是曾與你躲過雨的屋簷。
游牧人·芳汀,5,2015-10-31 23:22:32,0,非常棒
Μουσαι,5,2016-01-25 16:22:14,0,【服务于整部电影的加分
;),5,2013-09-24 12:13:09,0,前两天电视里又放这个电影，确实是部好电影，配乐也很好
多寶,5,2015-08-24 16:46:21,0,小雨对叶湘伦说：能够遇见你，已经不可思议。
Ｈ·今天·你·Ｈ·了沒？,2,2009-01-11 00:53:54,0,不能說的秘密-一個主旨-就是愛現。
Bonnie,5,2010-10-16 13:45:59,0,怎么听也听不腻的原声，恩....我要是会钢琴该多好啊啊啊啊
Lunatic🍑,4,2011-03-09 16:28:45,0,路小雨
