﻿,书名,豆瓣链接,作者,译者,出版社,出版日期,价格,评分,评分人数,一句话评价
0,红楼梦,https://book.douban.com/subject/1007305/,[清] 曹雪芹 著 ,, 人民文学出版社 , 1996-12 , 59.70元,9.6,413446,都云作者痴，谁解其中味？
1,活着,https://book.douban.com/subject/4913064/,余华 ,, 作家出版社 , 2012-8-1 , 20.00元,9.4,805477,生的苦难与伟大
2,1984,https://book.douban.com/subject/4820710/,[英] 乔治·奥威尔 , 刘绍铭 , 北京十月文艺出版社 , 2010-4-1 , 28.00,9.4,275446,栗树荫下，我出卖你，你出卖我
3,三体全集,https://book.douban.com/subject/6518605/,刘慈欣 ,, 重庆出版社 , 2012-1 , 168.00元,9.5,177655,地球往事三部曲
4,哈利·波特,https://book.douban.com/subject/24531956/,J.K.罗琳 (J.K.Rowling) , 苏农 , 人民文学出版社 , 2008-12-1 , 498.00元,9.7,99161,从9¾站台开始的旅程
5,百年孤独,https://book.douban.com/subject/6082808/,[哥伦比亚] 加西亚·马尔克斯 , 范晔 , 南海出版公司 , 2011-6 , 39.50元,9.3,414216,魔幻现实主义文学代表作
6,飘,https://book.douban.com/subject/1068920/,[美国] 玛格丽特·米切尔 , 李美华 , 译林出版社 , 2000-9 , 40.00元,9.3,208282,革命时期的爱情，随风而逝
7,房思琪的初恋乐园,https://book.douban.com/subject/27614904/,林奕含 ,, 北京联合出版公司 , 2018-2 , 45.00元,9.2,366241,向死而生的文学绝唱
8,动物农场,https://book.douban.com/subject/2035179/,[英] 乔治·奥威尔 , 荣如德 , 上海译文出版社 , 2007-3 , 10.00元,9.3,154074,太阳底下并无新事
9,三国演义（全二册）,https://book.douban.com/subject/1019568/,[明] 罗贯中 ,, 人民文学出版社 , 1998-05 , 39.50元,9.3,164068,是非成败转头空
10,福尔摩斯探案全集（上中下）,https://book.douban.com/subject/1040211/,[英] 阿·柯南道尔 , 丁钟华 等 , 群众出版社 , 1981-8 , 53.00元/68.00元,9.3,130279,名侦探的代名词
11,白夜行,https://book.douban.com/subject/10554308/,[日] 东野圭吾 , 刘姿君 , 南海出版公司 , 2013-1-1 , 39.50元,9.2,457675,一宗离奇命案牵出跨度近20年步步惊心的故事
12,小王子,https://book.douban.com/subject/1084336/,[法] 圣埃克苏佩里 , 马振聘 , 人民文学出版社 , 2003-8 , 22.00元,9.1,742486,献给长成了大人的孩子们
13,撒哈拉的故事,https://book.douban.com/subject/1060068/,三毛 ,, 哈尔滨出版社 , 2003-8 , 15.80元,9.2,167445,游荡的自由灵魂
14,安徒生童话故事集,https://book.douban.com/subject/1046209/,（丹麦）安徒生 , 叶君健 , 人民文学出版社 , 1997-08 , 25.00元,9.2,128943,为了争取未来的一代
15,天龙八部,https://book.douban.com/subject/1255625/,金庸 ,, 生活·读书·新知三联书店 , 1994-5 , 96.00元,9.2,130257,有情皆孽，无人不冤
16,呐喊,https://book.douban.com/subject/1449351/,鲁迅 ,, 人民文学出版社 , 1973-3 , 0.36元,9.2,155284,新文学的第一声呐喊
17,悉达多,https://book.douban.com/subject/26980487/,[德] 赫尔曼·黑塞 , 姜乙 , 天津人民出版社 , 2017-1 , 32.00元,9.3,86462,
18,杀死一只知更鸟,https://book.douban.com/subject/6781808/,[美] 哈珀·李 , 高红梅 , 译林出版社 , 2012-9 , 32.00元,9.2,141614,有一种东西不能遵循从众原则，那就是——人的良心
19,邓小平时代,https://book.douban.com/subject/20424526/,【美】傅高义 (Ezra.F.Vogel) , 冯克利 , 生活·读书·新知三联书店 , 2013-1-18 , 88.00元,9.3,65694,个人命运背后的历史变局
20,明朝那些事儿（1-9）,https://book.douban.com/subject/3674537/,当年明月 ,, 中国海关出版社 , 2009-4 , 358.20元,9.2,166001,不拘一格的历史书写
21,失踪的孩子,https://book.douban.com/subject/30172069/,[意] 埃莱娜·费兰特 , 陈英 , 人民文学出版社 , 2018-7 , 62.00元,9.2,76634,我的整个生命，只是一场为了提升社会地位的低俗斗争。
22,新名字的故事,https://book.douban.com/subject/26986954/,[意] 埃莱娜·费兰特 , 陈英 , 人民文学出版社 , 2017-4 , 59.00元,9.2,87179,探索青年时代的激情、困惑、挣扎、背叛和失去
23,沉默的大多数,https://book.douban.com/subject/1054685/,王小波 ,, 中国青年出版社 , 1997-10 , 27.00元,9.1,147664,沉默是沉默者的通行证
24,野草,https://book.douban.com/subject/1915958/,鲁迅 ,, 人民文学出版社 , 1973-3 , 0.20元,9.5,44856,我以这一丛野草，在明与暗，生与死，过去与未来之际，献于友与仇，人与兽，爱者与不爱者之前作证。
25,中国历代政治得失,https://book.douban.com/subject/1003479/,钱穆 ,, 生活·读书·新知三联书店 , 2001 , 12.00元,9.2,69510,一部简明的“中国政治制度史”
26,局外人,https://book.douban.com/subject/4908885/,[法] 阿尔贝·加缪 , 柳鸣九 , 上海译文出版社 , 2010-8 , 22.00元,9.1,230425,人生在世，永远也不该演戏作假
27,人类简史,https://book.douban.com/subject/25985021/,[以色列] 尤瓦尔·赫拉利 , 林俊宏 , 中信出版社 , 2014-11 , 68.00元,9.1,194509,跟着人类一同走过十万年
28,白鹿原,https://book.douban.com/subject/10564071/,陈忠实 ,, 人民文学出版社 , 2012-9 , 39.00元,9.2,102241,一轴关于我们民族灵魂的现实主义画卷
29,平凡的世界（全三部）,https://book.douban.com/subject/1200840/,路遥 ,, 人民文学出版社 , 2005-1 , 64.00元,9.0,318703,中国当代城乡生活全景
30,乡土中国,https://book.douban.com/subject/1795079/,费孝通 ,, 上海人民出版社 , 2006-04-01 , 38.00,9.2,84950,中国乡土社会传统文化和社会结构理论研究代表作
31,围城,https://book.douban.com/subject/1008145/,钱锺书 ,, 人民文学出版社 , 1991-2 , 19.00,9.0,441864,幽默的语言和对生活深刻的观察
32,笑傲江湖（全四册）,https://book.douban.com/subject/1002299/,金庸 ,, 生活·读书·新知三联书店 , 1994-5 , 76.80元,9.1,109605,欲练此功，必先自宫
33,罗杰疑案,https://book.douban.com/subject/21371175/,[英] 阿加莎·克里斯蒂 , 常禾 , 新星出版社 , 2013-3 , 28.00元,9.3,68017,
34,彷徨,https://book.douban.com/subject/1449348/,鲁迅 ,, 人民文学出版社 , 1973-3 , 0.37元,9.3,62643,路漫漫其修远兮，吾将上下而求索
35,我与地坛,https://book.douban.com/subject/1209899/,史铁生 ,, 春风文艺出版社 , 2002-5 , 25.00元,9.2,102145,这是你的罪孽与福祉
36,东方快车谋杀案,https://book.douban.com/subject/1827374/,[英] 阿加莎·克里斯蒂 , 陈尧光 , 人民文学出版社 , 2006-5 , 18.00元,9.1,135990,谋杀诡计惊人，波洛的抉择耐人寻味
37,肖申克的救赎,https://book.douban.com/subject/1829226/,[美] 斯蒂芬·金 , 施寄青 , 人民文学出版社 , 2006-7 , 29.90元,9.1,118899,豆瓣电影Top1原著
38,献给阿尔吉侬的花束,https://book.douban.com/subject/26362836/,[美] 丹尼尔·凯斯 , 陈澄和 , 广西师范大学出版社 , 2015-4 , 36.00元,9.1,98948,当声称能改造智能的科学实验选中心智障碍主角
39,许三观卖血记,https://book.douban.com/subject/4760224/,余华 ,, 作家出版社 , 2012-9 , 24.00元,9.2,150441,
40,基督山伯爵,https://book.douban.com/subject/1085860/,[法国] 大仲马 , 周克希 , 上海译文出版社 , 1991-12-1 , 43.90元,9.1,127046,一个报恩复仇的故事，以法国波旁王朝和七月王朝为背景
41,江城,https://book.douban.com/subject/7060185/,[美] 彼得·海斯勒 , 李雪顺 , 上海译文出版社 , 2012-1 , 36.00元,9.1,60530,外国人眼中的涪陵
42,霍乱时期的爱情,https://book.douban.com/subject/10594787/,[哥伦比亚] 加西亚·马尔克斯 , 杨玲 , 南海出版公司 , 2012-9-1 , 39.50元,9.0,277587,义无反顾地直达爱情的核心
43,卡拉马佐夫兄弟,https://book.douban.com/subject/25887924/,[俄] 陀思妥耶夫斯基 , 荣如德 , 上海译文出版社 , 2015-2-1 , CNY 78.00,9.6,29648,
44,城南旧事,https://book.douban.com/subject/1254588/,林海音 文 ,, 中国青年出版社 , 2003-7 , 16.00元,9.1,152412,长亭外，古道边，芳草碧连天
45,故事新编,https://book.douban.com/subject/2046909/,鲁迅 ,, 人民文学出版社 , 1973-12-01 , 0.31 元,9.4,40824,拾取古代传说，取一点因由，随意点染
46,万历十五年,https://book.douban.com/subject/1041482/,[美] 黄仁宇 ,, 生活·读书·新知三联书店 , 1997-5 , 18.00元,9.0,196798,见微知著，历史观的颠覆
47,月亮和六便士,https://book.douban.com/subject/1858513/,[英] 毛姆 , 傅惟慈 , 上海译文出版社 , 2006-8 , 15.00元,9.0,204444,有多少人会经历顿悟，就有更少的人甘愿自我放逐
48,艺术的故事,https://book.douban.com/subject/3162991/,[英] 贡布里希 (Sir E.H.Gombrich) , 范景中 , 广西美术出版社 , 2008-04 , 280.00,9.5,25380,从最早的洞窟绘画到当今的实验艺术
49,朝花夕拾,https://book.douban.com/subject/1449352/,鲁迅 ,, 人民文学出版社 , 1973-4 , 0.25元,9.1,149819,在纷扰中寻出一点闲静
50,射雕英雄传,https://book.douban.com/subject/1044547/,金庸 ,, 生活·读书·新知三联书店 , 1999-04 , 47.00元,9.1,83671,侠之大者，为国为民
51,追风筝的人,https://book.douban.com/subject/1770782/,[美] 卡勒德·胡赛尼 , 李继宏 , 上海人民出版社 , 2006-5 , 29.00元,8.9,784593,为你，千千万万遍
52,厌女,https://book.douban.com/subject/25836270/,上野千鹤子 , 王兰 , 上海三联书店 , 2015-1 , 28.00,9.1,76036,
53,置身事内,https://book.douban.com/subject/35546622/,兰小欢 ,, 上海人民出版社 , 2021-8 , 65.00元,9.1,70550,
54,寻路中国,https://book.douban.com/subject/5414391/,[美] 彼得·海斯勒 , 李雪顺 , 上海译文出版社 , 2011-1 , 33.00元,9.0,55432,《纽约客》驻北京记者驾车漫游中国大陆的经历
55,刀锋,https://book.douban.com/subject/2035162/,[英]毛姆 , 周煦良 , 上海译文出版社 , 2007-3 , 18.00元,9.0,88549,一把刀的锋刃不容易越过；因此智者说得救之道是困难的
56,树上的男爵,https://book.douban.com/subject/6789605/,[意大利]伊塔洛·卡尔维诺 , 吴正仪 , 译林出版社 , 2012-4-1 , 30.00元,9.1,56552,是不是真的只有先与人疏离，才能最终与他们在一起？
57,秋园,https://book.douban.com/subject/34998019/,杨本芬 ,, 北京联合出版公司 , 2020-6 , 38.00元,9.0,90467,
58,格林童话全集,https://book.douban.com/subject/1043008/,[德国]格林兄弟 , 魏以新 , 人民文学出版社 , 1994-11 , 21.45元,9.0,93613,一本有教育意义的书
59,中国少年儿童百科全书（全四册）,https://book.douban.com/subject/1028409/,林崇德 主编 ,, 浙江教育出版社 , 1991-4 , 168.00元,9.4,17760,
60,无人生还,https://book.douban.com/subject/3006581/,[英] 阿加莎・克里斯蒂 , 祁阿红 , 人民文学出版社 , 2008-3 , 19.00,9.0,144938,童谣杀人案
61,嫌疑人X的献身,https://book.douban.com/subject/3211779/,[日] 东野圭吾 , 刘子倩 , 南海出版公司 , 2008-9 , 28.00,8.9,514596,数学好是一种极致的浪漫
62,鼠疫,https://book.douban.com/subject/24257229/,[法] 阿尔贝·加缪 , 刘方 , 上海译文出版社 , 2013-8 , 34.00元,9.1,74170,用别样的监禁生活再现某种监禁生活，与用不存在的事表现真事同等合理
63,史记（全十册）,https://book.douban.com/subject/1077847/,司马迁 , （索隐）司马贞，（正义）张守节 , 中华书局 , 1982-11 , 125.00,9.5,24174,史家之绝唱，无韵之离骚
64,黄金时代,https://book.douban.com/subject/1089243/,王小波 ,, 花城出版社 , 1999-3 , 19.00元,8.9,163596,我想爱，想吃，还想在一瞬间变成天上半明半暗的云
65,傲慢与偏见,https://book.douban.com/subject/1083428/,[英] 奥斯丁 , 张玲 , 人民文学出版社 , 1993-7 , 13.00元,8.9,229828,所有现代言情小说的母体
66,西游记（全二册）,https://book.douban.com/subject/1029553/,吴承恩 , 黄肃秋 注释 , 人民文学出版社 , 2004-8 , 47.20元,9.0,85503,神魔皆有人情，精魅亦通世故
67,始于极限,https://book.douban.com/subject/35966120/,[日] 上野千鹤子 , 曹逸冰 , 新星出版社 , 2022-9-20 , 59,9.1,63199,
68,悲惨世界（上中下）,https://book.douban.com/subject/1205054/,[法] 雨果 , 李丹 , 人民文学出版社 , 1992-6 , 66.00元,9.0,62766,现实主义与浪漫主义的至高杰作
69,诗经,https://book.douban.com/subject/1883245/,孔丘 编订 ,, 北京出版社 , 2006-7 , 19.90元,9.5,27998,思无邪
70,台北人,https://book.douban.com/subject/5337248/,白先勇 ,, 广西师范大学出版社 , 2010-10 , 38.00元,9.0,70009,白先勇短篇小说集
71,永恒的终结,https://book.douban.com/subject/25829693/,[美] 艾萨克·阿西莫夫 , 崔正男 , 江苏凤凰文艺出版社 , 2014-9 , 32.00元,9.1,44914,关于时间旅行的终极奥秘和恢宏构想
72,神雕侠侣,https://book.douban.com/subject/1255624/,金庸 , 有1996年11月北平第4次印本 , 生活·读书·新知三联书店 , 1994-5 , 76.80元,8.9,99473,至情至性，情大于武
73,上帝掷骰子吗,https://book.douban.com/subject/1467022/,曹天元 ,, 辽宁教育出版社 , 2006-1 , 32.00元,9.2,33941,量子物理史话
74,孽子,https://book.douban.com/subject/5337254/,白先勇 ,, 广西师范大学出版社 , 2010.10 , 46.00元,9.2,44311,写给那一群， 在最深最深的黑夜里， 独自彷徨街头， 无所依归的孩子们
75,历史深处的忧虑,https://book.douban.com/subject/1027191/,林达 ,, 生活·读书·新知三联书店 , 1997-5 , 19.00元,9.0,45104,窥见美国社会的一扇窗
76,可能性的艺术,https://book.douban.com/subject/35819419/,刘瑜 ,, 广西师范大学出版社 , 2022-4 , 82.00元,9.1,36457,
77,刘擎西方现代思想讲义,https://book.douban.com/subject/35313227/,刘擎 ,, 新星出版社 , 2021-1 , 79.00元,9.2,33298,
78,一个叫欧维的男人决定去死,https://book.douban.com/subject/26672693/,[瑞典] 弗雷德里克·巴克曼 , 宁蒙 , 四川文艺出版社 , 2015-12 , 35.00元,9.1,64698,这个发生在瑞典的故事，如生命庆典般绚丽斑斓
79,唐诗三百首,https://book.douban.com/subject/1013267/,蘅塘退士 ,, 中华书局 , 1984-07-01 , 0.65,9.4,26097,熟读唐诗三百首，不会吟诗也会吟
80,哭泣的骆驼,https://book.douban.com/subject/1029111/,三毛 ,, 哈尔滨出版社 , 2003-6 , 15.80元,9.0,56617,沙漠中寻常的生与死
81,美丽新世界,https://book.douban.com/subject/27002046/,【英】奥尔德斯·赫胥黎 , 陈超 , 上海译文出版社 , 2017-6 , 45.00元,9.2,52341,
82,文学回忆录,https://book.douban.com/subject/20440644/,木心 口述 ,, 广西师范大学出版社 , 2013-1-10 , 98.00元,9.1,43624,木心留给世界的礼物
83,灿烂千阳,https://book.douban.com/subject/2143732/,[美] 卡勒德·胡赛尼 , 李继宏 , 上海人民出版社 , 2007-9 , 28.00元,8.9,119741,唯有希望与爱可以驱散阴霾
84,最好的告别,https://book.douban.com/subject/26576861/,[美] 阿图·葛文德（Atul Gawande） , 王一方 主编 , 浙江人民出版社 , 2015-7-31 , 54.90元,9.0,48731,关于衰老与死亡，你必须知道的常识
85,美的历程,https://book.douban.com/subject/3410718/,李泽厚 ,, 生活·读书·新知三联书店 , 2009-7 , 43.00元,9.2,30949,中国美学经典之作
86,四世同堂,https://book.douban.com/subject/3183775/,老舍 ,, 北京十月文艺出版社 , 2008-07 , 36.00元,9.4,37753,北平沦陷时代广大平民的悲惨遭遇
87,窗边的小豆豆,https://book.douban.com/subject/1007914/,[日] 黑柳彻子 著 , 赵玉皎 , 南海出版公司 , 2003-1 , 20.00元,8.8,207310,真正懂孩子的教育经
88,人间词话,https://book.douban.com/subject/1203426/,王国维 ,, 上海古籍出版社 , 1998-12 , 9.80元,9.0,54276,以新眼光评旧文学
89,道德经,https://book.douban.com/subject/1059258/,黄元吉 ,, 陕西人民出版社 , 1996-10 , 4.50元,9.5,19786,中国历史上首部完整的哲学著作
90,呼兰河传,https://book.douban.com/subject/1060852/,萧红 ,, 百花文艺出版社 , 2005-01 , 19.00,9.0,82042,萧红的童年往事
91,冬牧场,https://book.douban.com/subject/10522856/,李娟 ,, 新星出版社 , 2012-6 , 29.80元,9.1,36087,阿勒泰的精灵
92,看见,https://book.douban.com/subject/20427187/,柴静 ,, 广西师范大学出版社 , 2013-1-1 , 39.80元,8.8,333908,在这里看见中国
93,绝叫,https://book.douban.com/subject/35031587/,[日] 叶真中显 , 林佩瑾 , 北京联合出版公司 , 2020-7 , 58.00元,8.9,93015,
94,浪潮之巅,https://book.douban.com/subject/6709783/,吴军 ,, 电子工业出版社 , 2011-8 , 55.00元,9.0,33200,了解IT领域的入门读物
95,罪与罚,https://book.douban.com/subject/1858568/,[俄] 陀思妥耶夫斯基 , 岳麟 , 上海译文出版社 , 2006-8 , 23.00元,9.3,33862,描绘人内心的全部深度
96,棋王·树王·孩子王,https://book.douban.com/subject/26734559/,阿城 ,, 江苏凤凰文艺出版社 , 2016-3-1 , 58.00,9.3,26405,
97,离开的，留下的,https://book.douban.com/subject/27104959/,[意] 埃莱娜·费兰特 , 陈英 , 人民文学出版社 , 2017-10 , 62.00元,8.9,70950,探索中年的虚无、困惑、野心和近乎残暴的爱
98,也许你该找个人聊聊,https://book.douban.com/subject/35481512/,[美]洛莉·戈特利布 , 果麦文化,上海文化出版社 , 2021-7-28 , 68.00元,9.0,45124,
99,爱你就像爱生命,https://book.douban.com/subject/3071717/,王小波 ,, 上海锦绣文章出版社 , 2008-5 , 18.00元,8.8,113176,王小波与李银河的两地书
100,毛泽东选集 第一卷,https://book.douban.com/subject/1139360/,毛泽东 ,, 人民出版社 , 1991-6 , 40.00元,9.6,26351,
101,失明症漫记,https://book.douban.com/subject/20428302/,[葡] 若泽·萨拉马戈 , 范维信 , 南海出版公司 , 2014-2 , 29.50,9.1,35837,失明症迅速蔓延，整个城市陷入一场空前的灾难
102,我们仨,https://book.douban.com/subject/19958089/,杨绛 ,, 生活·读书·新知三联书店 , 2012-9 , 23.00元,9.1,44385,
103,叫魂,https://book.douban.com/subject/10471333/,[美] 孔飞力 , 陈兼 , 生活·读书·新知三联书店 上海三联书店 , 2012-5 , 38.00元,9.1,29863,1768年中国妖术大恐慌
104,人生的智慧,https://book.douban.com/subject/3261600/,(德)叔本华 , 韦启昌 , 上海人民出版社 , 2008-10-01 , 28.00元,9.2,31701,对世俗、实用问题深刻而透彻的讨论
105,人生的枷锁,https://book.douban.com/subject/2035171/,[英] 毛姆 , 张柏然 , 上海译文出版社 , 2007-3 , 32.00元,9.1,30087,在混沌纷扰的生活漩流中，寻求人生的真谛
106,巨人的陨落,https://book.douban.com/subject/26698660/,[英] 肯·福莱特 , 于大卫 , 江苏凤凰文艺出版社 , 2016-5-1 , CNY 129.80,8.9,83955,五个家族，一场战争
107,教父,https://book.douban.com/subject/1092335/,[美]马里奥·普佐 , 周汉林 , 译林出版社 , 1997-8 , 23.30元,9.0,39952,“教父三部曲”电影原著
108,看不见的城市,https://book.douban.com/subject/10555509/,[意] 伊塔洛·卡尔维诺 , 张密 , 译林出版社 , 2012-4 , 25.00元,9.0,35523,
109,海子的诗,https://book.douban.com/subject/1011754/,海子 ,, 人民文学出版社 , 1999-04 , 15.40,9.0,45396,
110,飞鸟集,https://book.douban.com/subject/1058661/,[印] 罗宾德拉纳德·泰戈尔 , 徐翰林 , 哈尔滨出版社 , 2004-6 , 16.80元,8.9,65081,一个淡泊清透的世界
111,受戒,https://book.douban.com/subject/1760432/,汪曾祺 ,, 漓江出版社 , 1987-10 , 3.95元,9.4,25586,江南乡镇民间生活，健康淳朴的人性
112,桶川跟踪狂杀人事件,https://book.douban.com/subject/35094680/,[日] 清水洁 , 王华懋 , 四川人民出版社 , 2021-2 , 45.00元,9.0,44159,
113,斯通纳,https://book.douban.com/subject/26425831/,[美] 约翰·威廉斯 , 杨向荣 , 上海人民出版社 , 2016-1 , 49.00元,8.8,61974,即使不能拥有完美的生活，所幸追求过完整的自我
114,鹿鼎记,https://book.douban.com/subject/1212893/,金庸 ,, 广州出版社 花城出版社 , 2008-3 , 108.00元,8.9,55011,武侠的解构，流氓的狂欢
115,太白金星有点烦,https://book.douban.com/subject/36328704/,马伯庸 ,, 湖南文艺出版社 , 2023-6 , 45.00,9.0,37142,
116,少年凯歌,https://book.douban.com/subject/1091203/,,,人民文学出版社 , 2001-6 , 10.00元,9.4,16874,
117,梦里花落知多少,https://book.douban.com/subject/2070844/,三毛 ,, 北京十月文艺出版社 , 2007-6 , 28.00元,8.8,96613,哀而不伤
118,陆犯焉识,https://book.douban.com/subject/6880158/,严歌苓 ,, 作家出版社 , 2011-10 , 35.00元,8.9,56470,翻手为苍凉，覆手为繁华
119,克莱因壶,https://book.douban.com/subject/33658616/,[日] 冈岛二人 , 张舟 , 化学工业出版社 , 2019-9 , 48.00元,8.9,61669,
120,茶馆,https://book.douban.com/subject/1036613/,老舍 ,, 人民文学出版社 , 2002-1 , 9.80元,9.2,31720,清末、民初、抗战胜利以后三个历史时期的北京生活风貌
121,边城,https://book.douban.com/subject/1057244/,沈从文 ,, 北岳文艺出版社 , 2002-4 , 12.00元,8.7,226225,一切充满了善，然而到处是不凑巧
122,十万个为什么,https://book.douban.com/subject/2160556/,,,少年儿童出版社 , 1962 , 30.00元,9.2,19038,
123,遥远的向日葵地,https://book.douban.com/subject/27184303/,李娟 ,, 花城出版社 , 2017-11 , 38.00元,9.1,28826,
124,时间简史,https://book.douban.com/subject/1034282/,[英] 史蒂芬·霍金 , 许明贤 , 湖南科学技术出版社 , 2010-4 , 45.00元,8.9,61404,探索时间和空间的核心秘密
125,这些人，那些事,https://book.douban.com/subject/6388661/,吴念真 ,, 译林出版社 , 2011-9 , 28.00元,8.8,66468,平淡叙述下的惊心动魄
126,金色梦乡,https://book.douban.com/subject/5038409/,[日] 伊坂幸太郎 , 李彦桦 , 译林出版社 , 2010-9 , 35.00元,9.0,29589,伊坂幸太郎代表作
127,王尔德童话,https://book.douban.com/subject/1119839/,[英] 王尔德 , 王林 , 译林出版社 , 2003-6 , 6.00元,9.1,23474,一颗纯美纯善、永难泯灭的童心
128,人间草木,https://book.douban.com/subject/1253310/,汪曾祺 ,, 江苏文艺出版社 , 2005-01 , 20.00元,9.2,30850,我就是要这样香，香得痛痛快快
129,面纱,https://book.douban.com/subject/26757680/,[英] 威廉·萨默塞特·毛姆 , 于大卫 , 江西人民出版社 , 2016-4-1 , 39.8元,9.0,35250,
130,小径分岔的花园,https://book.douban.com/subject/25796120/,[阿根廷] 豪·路·博尔赫斯 , 王永年 , 上海译文出版社 , 2015-7 , 23.00,8.9,43893,一个谜语，谜底正是时间
131,昨日的世界,https://book.douban.com/subject/1062343/,[奥] 斯蒂芬·茨威格 , 舒昌善 , 广西师范大学出版社 , 2004-5-1 , 32.00元,9.2,14324,一个高贵而残破的昨日镜像
132,你当像鸟飞往你的山,https://book.douban.com/subject/33440205/,塔拉·韦斯特弗 , 任爱红 , 南海出版公司 , 2019-10 , 59.00元,8.7,178015,我来自一个极少有人能想象的家庭，教育给了我新世界
133,13 67,https://book.douban.com/subject/25897884/,陳浩基 ,, 皇冠文化出版有限公司 , 2014-6-9 , NT$350,9.1,20070,
134,绿毛水怪,https://book.douban.com/subject/3518332/,王小波 ,, 时代文艺出版社 , 2009-1 , 30.00元,9.1,24221,我们好象在池塘的水底，从一个月亮走向另一个月亮
135,故事,https://book.douban.com/subject/25976544/,[美] 罗伯特·麦基 , 周铁东 , 天津人民出版社 , 2014-9 , 68.00元,9.2,18663,材质、结构、风格和银幕剧作的原理
136,经济学原理（上下）,https://book.douban.com/subject/1028842/,[美] 曼昆 , 梁小民 , 机械工业出版社 , 2003-8 , 88.00元,9.1,21795,经济学家们的世界观
137,海的女儿,https://book.douban.com/subject/1765512/,安徒生 , 叶君健 , 上海译文出版社 , 1978年6月 , 0.43,9.1,23348,
138,國史大綱（上下）,https://book.douban.com/subject/1046492/,錢穆 ,, 商务印书馆 , 2013-8 , 76.00元,9.4,15917,钱穆中国通史
139,长日将尽,https://book.douban.com/subject/30142261/,[英] 石黑一雄 , 冯涛 , 上海译文出版社 , 2018-5 , 48,8.9,34548,
140,一间只属于自己的房间,https://book.douban.com/subject/34835082/,[英] 弗吉尼亚·伍尔夫 , 周颖琪 , 天津人民出版社 , 2019-10 , 45.00元,9.2,22567,
141,我的天才女友,https://book.douban.com/subject/26878124/,[意] 埃莱娜·费兰特 , 陈英 , 人民文学出版社 , 2017-1 , 42.00元,8.7,108481,“那不勒斯四部曲”第一部，两个女人，50年的友谊和战争
142,西线无战事,https://book.douban.com/subject/35272817/,[德] 埃里希·玛丽亚·雷马克 , 姜乙 , 上海文艺出版社 , 2021-1 , 49,9.5,17063,
143,鹿川有许多粪,https://book.douban.com/subject/35517022/,李沧东 , 春喜 , 武汉大学出版社 , 2021-8 , 58.00元,8.9,30496,
144,一句顶一万句,https://book.douban.com/subject/3633461/,刘震云 ,, 长江文艺出版社 , 2009-3 , 29.80,8.8,76238,一句胜过千年
145,阿勒泰的角落,https://book.douban.com/subject/4881850/,李娟 ,, 万卷出版公司 , 2010-6 , 25.00元,9.1,20464,白雪和阳光，青草和白桦林
146,全球通史(上),https://book.douban.com/subject/1922216/,[美]斯塔夫里阿诺斯 , 吴象婴 , 北京大学出版社 , 2006-1-10 , 42.00,9.2,18242,
147,一个陌生女人的来信,https://book.douban.com/subject/2154960/,[奥] 斯蒂芬·茨威格 , 张玉书 , 上海译文出版社 , 2007-7 , 20.00元,8.7,143843,暗恋的极致
148,万水千山走遍,https://book.douban.com/subject/1036490/,三毛 ,, 哈尔滨出版社 , 2003-08 , 13.80,8.9,45404,从遥远的撒哈拉到敦煌戈壁
149,苏菲的世界,https://book.douban.com/subject/2284311/,[挪] 乔斯坦·贾德 , 萧宝森 , 作家出版社 , 2007-10 , 26.00元,8.8,57267,哲学启蒙书
150,温柔的夜,https://book.douban.com/subject/2068249/,三毛 ,, 北京十月文艺出版社 , 2007-5 , 28.00元,9.1,23152,三毛在加纳利群岛的生活
151,德米安,https://book.douban.com/subject/3578470/,[德] 赫尔曼·黑塞 , 丁君君 , 上海人民出版社 , 2009-3 , 25.00元,8.9,35795,少年辛克莱寻找通向自身之路的艰辛历程
152,爱的艺术,https://book.douban.com/subject/3026879/,[美] 艾·弗洛姆 , 李健鸣 , 上海译文出版社 , 2008-4 , 15.00元,8.8,47483,谦恭地、勇敢地、真诚地和有纪律地爱他人
153,强风吹拂,https://book.douban.com/subject/26210487/,三浦紫苑 , 林佩瑾 , 广西师范大学出版社 , 2015-1-1 , 39.00元,9.0,25630,明明这么痛苦，这么难过，为什么就是不能放弃跑步？
154,史蒂夫·乔布斯传,https://book.douban.com/subject/6798611/,[美] 沃尔特·艾萨克森 , 管延圻 , 中信出版社 , 2011-10-24 , 68.00元,8.7,60029,完美主义者的最高形态
155,筚路维艰,https://book.douban.com/subject/26171466/,萧冬连 ,, 社会科学文献出版社 , 2014-10-1 , 45.00元,9.5,12005,
156,2001：太空漫游,https://book.douban.com/subject/30471298/,[英] 阿瑟·克拉克 , 郝明义 , 上海文艺出版社 , 2019-5-10 , 62.00元,9.3,20400,
157,霸王别姬,https://book.douban.com/subject/1088711/,李碧华 ,, 人民文学出版社 , 1999-1 , 10.20元,9.1,21924,人间，只是抹去了脂粉的脸
158,安娜·卡列尼娜,https://book.douban.com/subject/2253380/,[俄] 列夫·托尔斯泰 , 草婴 , 上海文艺出版社 , 2007-8 , 37.00元,9.2,27721,
159,古文观止,https://book.douban.com/subject/1014561/,吴楚材 ,, 中华书局 , 1987-1-1 , 21.00元,9.1,18750,收录自先秦至明末的散文二百二十二篇
160,我不知道该说什么，关于死亡还是爱情,https://book.douban.com/subject/25884880/,[白俄] S·A·阿列克谢耶维奇 , 方祖芳 , 花城出版社 , 2014-6-15 , 34.80元,9.1,19759,真实记录切尔诺贝利核灾难事件
161,亮剑,https://book.douban.com/subject/1088022/,都梁 ,, 解放军文艺出版社 , 2005-3 , 28.00元,9.0,30133,面对强大的对手，明知不敌，也要毅然亮剑
162,球状闪电,https://book.douban.com/subject/1192090/,刘慈欣 ,, 四川科学技术出版社 , 2005-6 , 22.00元,8.7,85386,量子之外，没有真相
163,我的阿勒泰,https://book.douban.com/subject/4884218/,李娟 ,, 云南人民出版社 , 2010-7 , 22.00元,8.9,27208,描写疆北阿勒泰地区生活和风情的原生态散文集
164,不能承受的生命之轻,https://book.douban.com/subject/4920007/,米兰·昆德拉 , 许钧 , 上海译文出版社 , 2010-8 , 29.00元,8.8,45937,
165,恶意,https://book.douban.com/subject/26877752/,[日] 东野圭吾 , 娄美莲 , 南海出版公司 , 2016-11 , 39.50元,8.7,118869,
166,平面国,https://book.douban.com/subject/35170896/,埃德温·A·艾勃特 , 鲁冬旭 , 上海文化出版社 , 2020-8 , 39.80元,9.2,17133,
167,草房子,https://book.douban.com/subject/1052990/,曹文轩 ,, 江苏少年儿童出版社 , 2009-6 , 18.00元,9.0,50864,男孩桑桑刻骨铭心、终身难忘的六年小学生活
168,流俗地,https://book.douban.com/subject/35430425/,【马来西亚】黎紫书 ,, 北京十月文艺出版社 , 2021-4-1 , 55,9.2,16113,
169,社会心理学,https://book.douban.com/subject/1476651/,[美] 戴维·迈尔斯 , 张智勇 , 人民邮电出版社 , 2006-1 , 68.00元,9.0,26520,人们是如何思索、影响他人并与他人建立联系的
170,地下室手记,https://book.douban.com/subject/34990839/,(俄罗斯) 陀思妥耶夫斯基 , 曾思艺 , 浙江文艺出版社 , 2020-5 , 39.8,9.3,19615,
171,南京大屠杀,https://book.douban.com/subject/26545308/,[美]张纯如（Iris Chang） , 谭春霞 , 中信出版社 , 2015-8 , 49.00元,9.7,15182,
172,半生缘,https://book.douban.com/subject/10757938/,张爱玲 ,, 北京十月文艺出版社 , 2012-6-1 , 29.60元,9.1,29647,
173,冰与火之歌,https://book.douban.com/subject/25826936/,乔治·马丁 , 谭光磊 , 重庆出版社 , 2013-10-1 , 330.00元,9.5,17804,乔治·R·R·马丁史诗奇幻小说
174,我也有一个梦想,https://book.douban.com/subject/1014825/,林达 ,, 生活·读书·新知三联书店 , 2004-08 , 25.00元,9.0,15806,在法治国家里，民众怎样运用法律
175,麦琪的礼物,https://book.douban.com/subject/1051193/,[美] 欧·亨利 , 张经浩 , 上海社会科学院出版社 , 2003-7 , 25.00元,8.7,74757,日常的奇迹
176,激荡三十年（上）,https://book.douban.com/subject/1970428/,吴晓波 ,, 中信出版社 浙江人民出版社 , 2007-1 , 35.00,8.8,31613,这是一个最好的时代，也是一个最坏的时代
177,额尔古纳河右岸,https://book.douban.com/subject/3311253/,迟子建 ,, 北京十月文艺出版社 , 2005-12 , 29.00元,9.0,25873,东北少数民族鄂温克人生存现状及百年沧桑
178,海风中失落的血色馈赠,https://book.douban.com/subject/26357614/,[加拿大] 阿利斯泰尔·麦克劳德 , 陈以侃 , 上海文艺出版社 , 2015-6-1 , CNY 20.00,9.0,19970,男女之间、父母与子女之间紧密的纽带和难以逾越的鸿沟
179,倾城之恋,https://book.douban.com/subject/1985223/,张爱玲 ,, 北京十月文艺出版社 , 2006-12 , 29.80元,8.7,50996,“一对平凡的夫妻”之间的“一点真心”
180,檀香刑,https://book.douban.com/subject/26905337/,莫言 ,, 浙江文艺出版社 , 2017-1 , 56.00元,9.3,27152,
181,天朝的崩溃,https://book.douban.com/subject/1675478/,茅海建 ,, 生活·读书·新知三联书店 , 2005-7 , 32.00元,9.1,14812,鸦片战争再研究
182,天生有罪,https://book.douban.com/subject/30125030/,[南非] 特雷弗·诺亚 , 董帅 , 北京联合出版公司 , 2018-2-1 , 58.00,9.1,19231,
183,万物有灵且美,https://book.douban.com/subject/4187411/,[英] 吉米·哈利 , 种衍伦 , 中国城市出版社 , 2010-1 , 28.80,8.9,22754,活泼的生命完全无须借助魔法，便能对我们述说至美至真的故事
184,翦商,https://book.douban.com/subject/36096304/,李硕 ,, 广西师范大学出版社 , 2022-10 , 99.00元,9.0,21412,
185,一桩事先张扬的凶杀案,https://book.douban.com/subject/24382569/,[哥伦比亚] 加西亚·马尔克斯 , 魏然 , 南海出版公司 , 2013-6 , 25.00元,8.7,48289,我如此急切地想要讲述这桩案件，也许是它最终确定了我的作家生涯
186,亲密关系（第6版）,https://book.douban.com/subject/26585065/,[美] 罗兰·米勒 (Rowland S. Miller) , 王伟平 译 , 人民邮电出版社 , 2015-6 , 138.00元,9.3,23800,
187,九州·缥缈录,https://book.douban.com/subject/1321017/,江南 ,, 新世界出版社 , 2005-6 , 20.00元,8.8,31447,乱世的英雄史诗
188,理想国,https://book.douban.com/subject/1004821/,[古希腊] 柏拉图 , 郭斌和 , 商务印书馆 , 1986-8 , 28.00元,8.8,35944,人类历史上最早的乌托邦
189,倚天屠龙记,https://book.douban.com/subject/1070851/,金庸 ,, 生活·读书·新知三联书店 , 1999-04 , 47.00,8.7,60836,不识张郎是张郎
190,浮生六记,https://book.douban.com/subject/1088581/,（清）沈复 ,, 人民文学出版社 , 1999-1 , 38,8.7,69449,苟不记之笔墨，未免有辜彼苍之厚
191,情书,https://book.douban.com/subject/1080370/,[日] 岩井俊二 , 穆晓芳 , 天津人民出版社 , 2004-7 , 18.00元,8.6,106046,一场同名同姓的误会，两段可贵的爱情
192,送你一颗子弹,https://book.douban.com/subject/4238362/,刘瑜 ,, 上海三联书店 , 2010-1 , 25.00元,8.6,142646,在这本书里，被“审视”的东西杂七杂八
193,渴望生活,https://book.douban.com/subject/3054821/,[美] 欧文·斯通 , 常涛 , 北京十月文艺出版社 , 2008-4 , 29.80元,9.2,11653,梵高悲惨而成就辉煌的人生
194,罗生门,https://book.douban.com/subject/3136271/,[日] 芥川龙之介 , 林少华 , 上海译文出版社 , 2008-7 , 12.00元,8.7,68844,人生，远比地狱更像地狱
195,孩子你慢慢来,https://book.douban.com/subject/4207781/,龙应台 ,, 生活·读书·新知三联书店 , 2009-12-1 , 28.00元,8.7,78874,我们现在怎样做母亲
196,东晋门阀政治,https://book.douban.com/subject/10758290/,田余庆 ,, 北京大学出版社 , 2012-5 , 49.00元,9.5,11711,
197,尼罗河上的惨案,https://book.douban.com/subject/1818347/,[英] 阿加莎·克里斯蒂 , 宫英海 , 人民文学出版社 , 2006-5 , 22.00元,8.7,48831,阿加莎·克里斯蒂代表作
198,雷雨,https://book.douban.com/subject/1013416/,曹禺 ,, 人民文学出版社 , 1999-05 , 9.20,8.7,77737,一幕人生大悲剧，在一个雷雨夜爆发
199,最好的我们,https://book.douban.com/subject/24754316/,八月长安 ,, 湖南文艺出版社 , 2013-8-5 , 55,8.8,71595,耿耿余淮
200,雨季不再来,https://book.douban.com/subject/2136140/,三毛 ,, 北京十月文艺出版社 , 2007-7 , 28.00元,8.8,54423,三毛少女时代的成长感受
201,荒原狼,https://book.douban.com/subject/3131626/,[德]赫尔曼·黑塞 , 赵登荣 , 上海译文出版社 , 2008-7 , 13.00,9.0,22538,“超现实主义”风格作品，德国的《尤利西斯》
202,从零开始的女性主义,https://book.douban.com/subject/35523099/,[日本] 上野千鹤子 , 吕灵芝 , 北京联合出版公司 , 2021-9 , 52.00元,8.7,63359,
203,一千零一夜,https://book.douban.com/subject/1035848/,纳训 ,, 人民文学出版社 , 2003-01 , 22.00,8.7,58180,阿拉伯地区的古代民间传说
204,当呼吸化为空气,https://book.douban.com/subject/26896859/,[美] 保罗·卡拉尼什 , 何雨珈 , 浙江文艺出版社 , 2016-12 , 48.00元,8.9,28152,你在死亡中探究生命的意义，你见证生前的呼吸化作死后的空气
205,雕刻时光,https://book.douban.com/subject/26435510/,[苏] 安德烈·塔可夫斯基 , 张晓东 , 南海出版公司 , 2016-5 , 45.00元,9.5,8518,
206,野火集,https://book.douban.com/subject/1426971/,龙应台 ,, 文汇出版社 , 2005-8 , 25.00元,8.7,34951,中国人，你为什么不生气
207,论语,https://book.douban.com/subject/1964774/,刘胜利 ,, 中华书局 , 2006-12 , 9.80元,9.1,23334,仁远乎哉？我欲仁，斯仁至矣
208,孙子兵法,https://book.douban.com/subject/1949420/,孙武 , 郭化若 , 上海古籍出版社 , 2006-7 , 20.00元,9.4,13108,我国最古老最杰出的一部兵书
209,水浒传（全二册）,https://book.douban.com/subject/1008357/,[明] 施耐庵 ,, 人民文学出版社 , 1997-1 , 50.60元,8.7,76264,替天行道
210,银河系漫游指南,https://book.douban.com/subject/1394364/,[英] 道格拉斯·亚当斯 , 徐百柯 , 四川科学技术出版社 , 2005-6 , 16.00元,8.8,22063,一场穿越银河的冒险
211,庄子,https://book.douban.com/subject/2046236/,孙通海 译注 , 方勇 译注 , 中华书局 , 2007-04 , 20.00元,9.4,11494,野马也，尘埃也，生物之以息相吹也
212,你好，旧时光（上 下）,https://book.douban.com/subject/4166819/,八月长安 ,, 新世界出版社 , 2009-12 , 39.80元,8.7,48608,原作名切题
213,你一生的故事,https://book.douban.com/subject/26295448/,[美] 特德·姜 , 李克勤 , 译林出版社 , 2015-5 , 36.00元,8.8,35232,特德·姜科幻小说集
214,银河帝国：基地七部曲,https://book.douban.com/subject/26389895/,[美] 艾萨克·阿西莫夫 , 叶李华 , 江苏凤凰文艺出版社 , 2015-10-1 , 328.00元,9.5,14918,阿西莫夫经典科幻小说
215,现代艺术150年,https://book.douban.com/subject/26854318/,[英] 威尔·贡培兹 , 王烁 , 广西师范大学出版社 , 2017-3 , 65.00元,9.2,14204,
216,在细雨中呼喊,https://book.douban.com/subject/20421947/,余华 ,, 作家出版社 , 2012-11-1 , 25.00元,8.8,64122,
217,不存在的骑士,https://book.douban.com/subject/6789551/,[意] 伊塔洛·卡尔维诺 , 吴正仪 , 译林出版社 , 2012-4 , 22.00元,8.9,23039,
218,骆驼祥子,https://book.douban.com/subject/1043815/,老舍 ,, 人民文学出版社 , 2000-3-1 , 12.00,8.6,204145,旧中国老北京贫苦市民的典型命运
219,生死疲劳,https://book.douban.com/subject/35587028/,莫言 ,, 浙江文艺出版社 , 2022-1 , 69.90,9.1,30780,
220,二手时间,https://book.douban.com/subject/26704403/,[白俄] S. A. 阿列克谢耶维奇 , 吕宁思 , 中信出版社 , 2016-1 , 55.00元,8.9,23908,用最为细小的马赛克拼出了一幅完整的后苏联时代图景
221,显微镜下的大明,https://book.douban.com/subject/30414743/,马伯庸 ,, 湖南文艺出版社 , 2019-1 , 52.00元,8.7,40358,
222,解忧杂货店,https://book.douban.com/subject/25862578/,[日] 东野圭吾 , 李盈春 , 南海出版公司 , 2014-5 , 39.50元,8.5,751686,现代人内心流失的东西，这家杂货店能帮你找回
223,顾城的诗,https://book.douban.com/subject/1033825/,顾城 ,, 人民文学出版社 , 1998-12 , 20.00,8.8,25982,火焰是我们诗歌唯一的读者
224,象棋的故事,https://book.douban.com/subject/2158684/,[奥] 斯蒂芬·茨威格 , 张玉书 , 上海译文出版社 , 2007-7 , 23.00元,9.1,12687,纳粹法西斯对人心灵的折磨及摧残
225,枪炮、病菌与钢铁,https://book.douban.com/subject/1813841/,[美] 贾雷德·戴蒙德 , 谢延光 , 上海译文出版社 , 2006-4-1 , 45.00元,8.7,50268,人类社会的命运
226,火星救援,https://book.douban.com/subject/26586492/,[美]安迪•威尔 , 陈灼 , 译林出版社 , 2015-10 , 38.00,8.9,19424,跟火星来一场不是你死就是我活的过家家游戏
227,众病之王,https://book.douban.com/subject/20507206/,[美] 悉达多·穆克吉 , 李虎 , 中信出版社 , 2013-2 , 42.00元,9.0,12967,癌症传
228,会饮篇,https://book.douban.com/subject/21570668/,[古希腊] 柏拉图 , 王太庆 , 商务印书馆 , 2013-1 , 12.00元,9.3,10971,
229,总统是靠不住的,https://book.douban.com/subject/1056315/,林达 ,, 生活·读书·新知三联书店 , 2004-08 , 21.80,8.8,20793,美国政治法律制度的基本原理和操作细节
230,毛姆短篇小说精选集,https://book.douban.com/subject/10774752/,[英] 威廉·萨默塞特·毛姆 , 冯亦代 , 译林出版社 , 2012-11 , 36.00元,9.1,12426,在各种光怪陆离的场景中，迷失的人性引发了一连串的悲剧
231,上学记,https://book.douban.com/subject/1859140/,何兆武 口述 ,, 生活·读书·新知三联书店 , 2006-8 , 19.80元,8.9,13995,20世纪中国知识分子的心灵史
232,父权制与资本主义,https://book.douban.com/subject/34896921/,[日] 上野千鹤子 , 邹韵 , 浙江大学出版社 , 2020-3 , 58.00元,9.2,16432,
233,规训与惩罚,https://book.douban.com/subject/1012307/,[法] 米歇尔·福柯 , 刘北成 , 生活·读书·新知三联书店 , 2003-1 , 21.80元,9.3,10498,伴随着惩罚的人性化，自由反而日益丧失了
234,李光耀观天下,https://book.douban.com/subject/26413154/,李光耀 ,, 北京大学出版社 , 2015-6 , 58.00元,9.2,11743,
235,认识电影,https://book.douban.com/subject/2326403/,[美] 路易斯·贾内梯 , 焦雄屏 , 世界图书出版公司 , 2007-11 , 68.00元,8.9,18356,电影入门经典之作
236,目送,https://book.douban.com/subject/3995526/,龙应台 ,, 生活·读书·新知三联书店 , 2009-10 , 39.00元,8.6,210609,不必追
237,从一到无穷大,https://book.douban.com/subject/1102715/,[美] G. 伽莫夫 , 暴永宁 译 , 科学出版社 , 2002-11 , 29.00元,9.1,13859,科学中的事实和臆测
238,亲爱的安德烈,https://book.douban.com/subject/3369793/,龙应台 ,, 人民文学出版社 , 2008-12 , 26.00,8.6,120978,弭平代沟，跨越文化阻隔
239,金锁记,https://book.douban.com/subject/3017857/,张爱玲 ,, 哈尔滨出版社 , 2005-6 , 13.5元,8.6,61908,一个小商人家庭出身的女子曹七巧的心灵变迁历程
240,时间的秩序,https://book.douban.com/subject/33424487/,[意] 卡洛·罗韦利 , 杨光 , 湖南科学技术出版社 , 2019-6 , 56.00元,8.9,21258,
241,帷幕,https://book.douban.com/subject/26292535/,[英] 阿加莎·克里斯蒂 , 李杨 , 新星出版社 , 2015-2 , 26.00,9.1,14546,
242,跨越边界的社区（修订版）,https://book.douban.com/subject/30116399/,项飙 ,, 生活·读书·新知三联书店 , 2018-3 , 68.00元,9.5,8980,
243,黑箱：日本之耻,https://book.douban.com/subject/30484795/,[日]伊藤诗织 , 匡匡 , 雅众文化,中信出版集团 , 2019-4 / 48.00元,8.9,21952,
244,分成两半的子爵,https://book.douban.com/subject/10555486/,[意] 伊塔洛·卡尔维诺 , 吴正仪 , 译林出版社 , 2012-4-1 , 20.00元,8.8,26239,
245,青铜时代,https://book.douban.com/subject/1085883/,王小波 ,, 花城出版社 , 1997-5 , 29.00元,8.8,26740,唐人传奇贯注现代情趣
246,中国哲学简史,https://book.douban.com/subject/1021273/,冯友兰 , 赵复三 , 新世界出版社 , 2004-1 , 38.00元,8.9,19920,中国哲学入门书
247,坟,https://book.douban.com/subject/1974029/,鲁迅 ,, 人民文学出版社 , 2006-12 , 16.00元,9.6,11413,
248,如父如子,https://book.douban.com/subject/27611824/,[日] 是枝裕和 , 丹勇 , 湖南文艺出版社 , 2018-4 , 49.80,8.9,26290,
249,荆棘鸟,https://book.douban.com/subject/1086249/,[澳] 考琳·麦卡洛 , 曾胡 , 译林出版社 , 1998-7 , 28.00元,8.6,51925,澳洲乱世情
