﻿,专辑名称,专辑链接,专辑评分,评分人数,歌手,发行日期,类型,介质,曲风
0,We Sing. We Dance. We Steal Things.,https://music.douban.com/subject/2995812/,9.1,116183,Jason Mraz,2008-05-13,Import,Audio CD,民谣
1,Viva La Vida Death And All His Friends,https://music.douban.com/subject/3040149/,9.0,118408,Coldplay,2008-06-17,专辑,CD,摇滚
2,华丽的冒险 華麗的冒險,https://music.douban.com/subject/1427374/,9.0,89971,陈绮贞,2005-09-23,专辑,CD,流行
3,范特西 Fantasy,https://music.douban.com/subject/1403307/,9.5,177661,周杰伦,2001-09-14,专辑,CD,流行
4,後。青春期的詩 后青春期的诗,https://music.douban.com/subject/3259411/,9.0,95550,五月天,2008-10-23,专辑,CD,摇滚
5,是时候 It's Time,https://music.douban.com/subject/5958397/,8.7,82009,孙燕姿,2011-03-08,专辑,CD,流行
6,Lenka,https://music.douban.com/subject/3184419/,8.6,83412,Lenka,2008-09-23,专辑,Audio CD,流行
7,Start from Here 从这里开始,https://music.douban.com/subject/3041487/,8.8,75838,王若琳,2008-01-11,专辑,CD,爵士
8,旅行的意义,https://music.douban.com/subject/1395089/,9.1,99372,陈绮贞,2004-02-02,单曲,CD,流行
9,太阳 Immortal,https://music.douban.com/subject/3390002/,8.7,76260,陈绮贞,2009-01-22,专辑,CD,流行
10,Once (Soundtrack) Once / 电影《曾经》原声大碟,https://music.douban.com/subject/2131368/,9.2,72987,"Glen Hansard,Marketa Irglova",2007-05-22,Soundtrack,CD,原声
11,Not Going Anywhere 守候,https://music.douban.com/subject/1394765/,8.9,62458,Keren Ann,2004-08-24,Import,Audio CD,民谣
12,American Idiot,https://music.douban.com/subject/1396380/,9.0,72974,Green Day,2004-09-21,Explicit Lyrics,Audio CD,摇滚
13,思念是一种病 OK,https://music.douban.com/subject/2134548/,8.8,82565,张震岳 Csun Yuk,2007-07-06,专辑,CD,流行
14,無與倫比的美麗 无与伦比的美丽,https://music.douban.com/subject/3717116/,8.8,89965,苏打绿,2007-11-02,专辑,CD,流行
15,亲爱的...我还不知道 親愛的…我還不知道,https://music.douban.com/subject/2131595/,8.8,65618,张悬,2007-07-20,专辑,CD,流行
16,城市 The City,https://music.douban.com/subject/3801228/,8.7,64227,张悬,2009-05-22,专辑,CD,流行
17,O,https://music.douban.com/subject/1394590/,9.1,52859,Damien Rice,2003,专辑,CD,流行
18,Wake Me Up When September Ends 九月结束的时候叫醒我,https://music.douban.com/subject/1431596/,9.4,54498,Green Day,2005-06-13,单曲,CD,摇滚
19,叶惠美 葉惠美 / Yeh Hui-Mei,https://music.douban.com/subject/1406522/,9.3,107599,周杰伦,2003-07-31,专辑,CD,流行
20,七里香 Common Jasmin Orange,https://music.douban.com/subject/1401853/,9.1,164994,周杰伦,2004,专辑,CD,流行
21,21,https://music.douban.com/subject/5351500/,9.3,73933,Adele,2011-01-24,专辑,CD,流行
22,My Life Will...,https://music.douban.com/subject/1788174/,8.8,57769,张悬,2006-06-09,专辑,CD,流行
23,寓言,https://music.douban.com/subject/1402531/,9.4,68741,王菲,2000,专辑,CD,流行
24,你在煩惱什麼 你在烦恼什么,https://music.douban.com/subject/6816154/,9.0,58224,苏打绿,2011-11-11,专辑,CD,流行
25,感官/世界 Senses Around,https://music.douban.com/subject/4738592/,8.6,59527,林宥嘉,2009-10-30,专辑,CD,流行
26,Nevermind 别介意,https://music.douban.com/subject/1394568/,9.3,64911,Nirvana,1991,专辑,CD,摇滚
27,八度空间 The Eight Dimensions,https://music.douban.com/subject/1403832/,9.2,90205,周杰伦,2002-07-19,专辑,CD,流行
28,Jay,https://music.douban.com/subject/1422300/,9.4,94666,周杰伦,2000-11-13,专辑,Audio CD,流行
29,Parachutes 降落伞,https://music.douban.com/subject/1463061/,9.2,54963,Coldplay,2000-07-10,专辑,CD,摇滚
30,我要的幸福 My Desired Happiness,https://music.douban.com/subject/1405028/,9.0,62339,孙燕姿,2000-12-7,专辑,CD,流行
31,还是会寂寞 Lonely Without You,https://music.douban.com/subject/1394547/,9.1,53231,陈绮贞,2000,专辑,CD,流行
32,Let Go 展翅高飞,https://music.douban.com/subject/1394992/,8.9,56054,Avril Lavigne,2002,Enhanced,Audio CD,摇滚
33,十一月的萧邦 November's Chopin,https://music.douban.com/subject/1436975/,8.9,98059,周杰伦,2005-11-01,专辑,CD,流行
34,橙月 Orange Moon,https://music.douban.com/subject/3313612/,8.6,50723,方大同,2008-12-19,专辑,CD,放克/灵歌/R&B
35,小宇宙 Little Universe,https://music.douban.com/subject/1900796/,8.9,52281,苏打绿,2006-10-20,专辑,CD,流行
36,若你碰到他 若你碰到他,https://music.douban.com/subject/4323489/,8.1,51628,蔡健雅,2009-08-19,专辑,CD,流行
37,Lady & Bird,https://music.douban.com/subject/1394763/,8.8,43653,Lady & Bird,2003,Import,Audio CD,民谣
38,万能青年旅店,https://music.douban.com/subject/5344708/,9.5,88884,万能青年旅店,2010-11-12,专辑,CD,摇滚
39,Meteora 流星圣殿,https://music.douban.com/subject/1395785/,9.1,45544,Linkin Park,2003-03-25,Enhanced,Audio CD,摇滚
40,Back To Bedlam 不安於室,https://music.douban.com/subject/1401550/,9.0,43388,James Blunt,2004,Explicit Lyrics,Audio CD,流行
41,苏打绿同名专辑,https://music.douban.com/subject/1421488/,8.9,54513,"苏打绿,蘇打綠",2005年9月,国语,CD,流行
42,静茹&情歌 别再为他流泪 别再为他流泪,https://music.douban.com/subject/3427630/,8.5,47238,梁静茹,2009-01-16,专辑,Audio CD,流行
43,美妙生活 Perfect Life,https://music.douban.com/subject/6113840/,8.7,48935,林宥嘉,2011-05-06,专辑,CD,流行
44,Le Fabuleux destin d'Amélie Poulain 天使爱美丽,https://music.douban.com/subject/1394798/,9.4,44733,Yann Tiersen,2001-04-23,Soundtrack,Audio CD,原声
45,Joanna & 王若琳,https://music.douban.com/subject/3335374/,8.3,43194,王若琳,2009-01-16,专辑,CD,爵士
46,A Plea En Vendredi,https://music.douban.com/subject/1776145/,9.0,39428,Tamas Wells,2006,Import,Audio CD,民谣
47,To Hebe 給 自己,https://music.douban.com/subject/4935955/,8.2,45323,田馥甄 Hebe,2010-09-03,专辑,CD,流行
48,逆光 Against the Light,https://music.douban.com/subject/2009904/,8.6,72145,孙燕姿,2007-03-22,Import,CD,流行
49,只爱陌生人,https://music.douban.com/subject/3590980/,9.4,58522,王菲,1999-09-10,Import,CD,流行
50,Music For Tourists,https://music.douban.com/subject/1960229/,8.8,39109,Chris Garneau,2007-01-23,引进版,Audio CD,民谣
51,The Moment 关键时刻,https://music.douban.com/subject/1402385/,9.1,43468,孙燕姿,2003-08-22,专辑,CD,流行
52,七,https://music.douban.com/subject/1406094/,9.4,43156,陈奕迅,2003-11-20,选集,CD,流行
53,春·日光 日光,https://music.douban.com/subject/3671026/,8.3,45885,苏打绿,2009-05-08,专辑,CD,民谣
54,100种生活,https://music.douban.com/subject/3039969/,8.4,42593,盧廣仲,2008-5-27,专辑,CD,民谣
55,崇拜 J'adore,https://music.douban.com/subject/2282388/,8.6,49862,梁静茹,2007-11-09,专辑,CD,流行
56,陈绮贞精选 Cheer 精选,https://music.douban.com/subject/1408468/,9.2,36968,陈绮贞,2005,选集,CD,民谣
57,菊次郎の夏 Kikujiro (1999 Film),https://music.douban.com/subject/1419282/,9.5,50228,Joe Hisaishi,1999-05-19,专辑,CD,原声
58,Fearless 无畏,https://music.douban.com/subject/3220185/,8.7,54288,Taylor Swift,2008-11-11,Enhanced,Audio CD,流行
59,Life In Cartoon Motion,https://music.douban.com/subject/1968390/,8.8,37140,Mika,2007-02-05,专辑,CD,流行
60,H³M H3M,https://music.douban.com/subject/3603814/,8.7,45162,陈奕迅,2009-03-23,专辑,CD,流行
61,神秘嘉宾 神秘嘉宾,https://music.douban.com/subject/3076388/,8.5,46270,林宥嘉,2008-06-03,专辑,CD,流行
62,Les Choristes 放牛班的春天,https://music.douban.com/subject/1394803/,9.5,38052,Bruno Coulais,2004-05-03,Soundtrack,Audio CD,原声
63,赤子 Innocent,https://music.douban.com/subject/3871896/,8.2,39735,范晓萱&100%,2009-08-10,专辑,CD,摇滚
64,9,https://music.douban.com/subject/1889074/,9.0,36986,Damien Rice,2006-11-06,专辑,Audio CD,民谣
65,将爱,https://music.douban.com/subject/1401392/,8.9,47988,王菲,2003,专辑,CD,流行
66,遇见我,https://music.douban.com/subject/1449452/,8.4,39672,曹方,2005年12月,专辑,CD,流行
67,梵高先生 B&BⅡ,https://music.douban.com/subject/1958731/,9.1,52484,李志,2007-01-11,CD,CD,民谣
68,Timeless 可啦思刻 方大同 2009全新大碟 自選輯 / 可啦思刻,https://music.douban.com/subject/3821598/,8.4,38345,方大同,2009-08-11,自选集,CD,放克/灵歌/R&B
69,依然范特西 Still Fantasy,https://music.douban.com/subject/2210561/,8.6,73209,周杰伦,2006-09-05,专辑,CD,流行
70,风筝 Kite,https://music.douban.com/subject/1407437/,8.9,45186,孙燕姿,2001-07-09,专辑,CD,流行
71,完美的一天 A Perfect Day,https://music.douban.com/subject/4725615/,8.3,46138,孙燕姿,2005-10-07,专辑,CD,流行
72,Say I Am You,https://music.douban.com/subject/1547155/,8.6,39930,The Weepies,2006,Import,Audio CD,民谣
73,黑色柳丁 Black Tangerine,https://music.douban.com/subject/1395092/,9.1,56293,陶喆,2002-08-09,专辑,CD,流行
74,Under My Skin,https://music.douban.com/subject/1394994/,8.6,40340,Avril Lavigne,2004-05-12,Import,Audio CD,摇滚
75,Stefanie,https://music.douban.com/subject/1406256/,8.7,39409,孙燕姿,2004-10-1,专辑,CD,流行
76,The Fame,https://music.douban.com/subject/3179585/,8.5,42857,Lady Gaga,2008-08-19,Import,Audio CD,流行
77,Mr. A-Z 英语老师,https://music.douban.com/subject/1823439/,9.0,34615,Jason Mraz,2005-07-04,Import,Audio CD,流行
78,为爱而生 為愛而生 / BORN TO LOVE,https://music.douban.com/subject/1948359/,8.6,40932,五月天,2006-12-28,引进版,CD,流行
79,Daniel Powter dp,https://music.douban.com/subject/1421922/,8.7,35429,Daniel Powter,2006,专辑,Audio CD,流行
80,I'm Yours,https://music.douban.com/subject/3097879/,9.4,39332,Jason Mraz,2008-12-16,Single,Audio CD,民谣
81,时光·漫步,https://music.douban.com/subject/1408378/,9.1,38949,许巍 Wei Xu,2002-12-01,专辑,CD,民谣
82,生如夏花 Life Like Summer Flowers,https://music.douban.com/subject/1407656/,9.0,61095,朴树,2003-11-28,专辑,CD,流行
83,我很忙 JAY CHOU ON THE RUN,https://music.douban.com/subject/1846771/,8.3,72117,周杰伦,2007-11-01,专辑,CD,流行
84,夏 / 狂热 Fever,https://music.douban.com/subject/3838018/,8.7,42102,苏打绿,2009-09-11,专辑,CD,摇滚
85,绝世名伶,https://music.douban.com/subject/1424317/,8.8,35984,范晓萱,2001-08-25,专辑,CD,爵士
86,哼一首歌 等日落,https://music.douban.com/subject/4116446/,8.2,33552,曹方,2009-11-11,专辑,CD,流行
87,未完成 To Be Continued......,https://music.douban.com/subject/1408461/,8.7,37889,孙燕姿,2003-01-10,专辑,CD,流行
88,OK Computer,https://music.douban.com/subject/1394653/,9.4,45205,Radiohead,1997,专辑,Audio CD,摇滚
89,Born to Die 向死而生（大陆） / 生死相守 （台）,https://music.douban.com/subject/10448971/,8.8,50556,Lana Del Rey,2012-01-31,专辑,Audio CD,流行
90,The Wall 迷墙,https://music.douban.com/subject/1394664/,9.4,46687,Pink Floyd,1979,专辑,Audio CD,摇滚
91,不要停止我的音乐 The Music Won't Be Stopped,https://music.douban.com/subject/3236064/,8.6,47127,痛仰,2008-10,专辑,CD,摇滚
92,Hybrid Theory 混合理论,https://music.douban.com/subject/1394771/,9.0,33612,Linkin Park,2000,专辑,CD,摇滚
93,MTV Unplugged in New York,https://music.douban.com/subject/1394566/,9.6,34952,Nirvana,1994-11-01,Live,Audio CD,摇滚
94,After 17,https://music.douban.com/subject/1400651/,9.2,31969,陈绮贞,2004年12月,EP,CD,流行
95,In Between Dreams,https://music.douban.com/subject/1395432/,9.1,29872,Jack Johnson,2005-03-22,专辑,Audio CD,民谣
96,神的孩子都在跳舞,https://music.douban.com/subject/3526294/,9.0,35857,五月天 Mayday,2004-11-05,专辑,CD+VCD,流行
97,离开地球表面Jump!,https://music.douban.com/subject/2150115/,8.8,41609,五月天,2007-07-20,专辑,CD+DVD,流行
98,不想放手 Don't Want to Let Go,https://music.douban.com/subject/3088329/,8.4,36887,陈奕迅,2008-06-30,专辑,CD,流行
99,我的歌声里,https://music.douban.com/subject/5395505/,8.7,47611,曲婉婷,2010-02-24,单曲,数字(Digital),流行
100,The Legend of 1900 海上钢琴师,https://music.douban.com/subject/1415369/,9.5,36156,Ennio Morricone,1999-10-12,Soundtrack,Audio CD,原声
101,孤独的人是可耻的 Shameful being left alone,https://music.douban.com/subject/1407472/,9.2,40827,张楚,1994,专辑,CD,摇滚
102,徐佳瑩La La首张创作专辑 La La首張創作專輯,https://music.douban.com/subject/3746394/,8.5,38378,徐佳莹,2009-05-29,专辑,CD,流行
103,The Best Damn Thing 美丽坏东西,https://music.douban.com/subject/2044199/,7.9,37165,Avril Lavigne,2007-04-17,Import,Audio CD,摇滚
104,知足 just my pride 最真杰作选,https://music.douban.com/subject/1422072/,9.3,33476,五月天,2005-11-18,专辑,CD,摇滚
105,1 The Beatles 1 / No.1,https://music.douban.com/subject/1394818/,9.5,31418,The Beatles,2000,选集,CD,摇滚
106,魔杰座 Capricorn,https://music.douban.com/subject/3222423/,7.9,61519,周杰伦,2008-10-09,专辑,CD,放克/灵歌/R&B
107,X&Y 染色体,https://music.douban.com/subject/1394600/,8.6,35145,Coldplay,2005-06-07,专辑,CD,摇滚
108,19,https://music.douban.com/subject/2347182/,8.6,35921,Adele,2008-01-28,Import,Audio CD,放克/灵歌/R&B
109,时光机 mayday's time machine,https://music.douban.com/subject/1408748/,9.1,34083,五月天,2003-11-11,专辑,CD,摇滚
110,Yan Zi 孙燕姿同名专辑,https://music.douban.com/subject/1405022/,9.1,35764,孙燕姿,2000-06-08,专辑,CD,流行
111,Time Flies 时日如飞,https://music.douban.com/subject/4706451/,8.9,33174,陈奕迅,2010-03-12,EP,CD+DVD,流行
112,失败者的飞翔,https://music.douban.com/subject/3143363/,8.6,29550,陈绮贞,2008-07-13,单曲,CD,流行
113,My Love,https://music.douban.com/subject/6722110/,8.4,35961,田馥甄,2011-09-02,专辑,CD,流行
114,亲亲 親親,https://music.douban.com/subject/1891318/,8.2,34848,梁静茹,2006-10-06,专辑,CD,流行
115,你王菲所以我王菲,https://music.douban.com/subject/1769327/,9.5,35866,王菲,2002,选集,CD,流行
116,Stranger Under My Skin,https://music.douban.com/subject/6082657/,8.8,32165,陈奕迅,2011-02-22,EP,CD,流行
117,Come Away with Me 远走高飞,https://music.douban.com/subject/1394747/,8.9,30908,Norah Jones,2002,专辑,CD,爵士
118,平凡之路 电影《后会无期》宣传曲,https://music.douban.com/subject/25927970/,9.1,80912,朴树,2014-07-16,单曲,数字(Digital),原声
119,认了吧 Admit it,https://music.douban.com/subject/2052256/,8.9,38766,陈奕迅,2007-04-24,专辑,CD,流行
120,21st Century Breakdown,https://music.douban.com/subject/3533452/,8.7,30916,Green Day,2009-05-15,专辑,CD,摇滚
121,神的游戏 Games We Play / 神的遊戲,https://music.douban.com/subject/11027027/,9.1,41595,張懸,2012-08-10,专辑,CD,流行
122,唱游,https://music.douban.com/subject/1394808/,9.4,40803,王菲,1998,专辑,CD,流行
123,花的姿态：演唱会经典实录 花的姿態經典實錄精裝版2CD+DVD,https://music.douban.com/subject/2078050/,9.3,26690,陈绮贞,2007-05-18,演唱会/Live,CD DVD,民谣
124,我去2000年,https://music.douban.com/subject/1405324/,9.4,45385,朴树,1999-1,专辑,CD,流行
125,Young For You,https://music.douban.com/subject/1758337/,8.8,30521,GALA,2004,专辑,CD,摇滚
126,自选集 Start Yan-zi,https://music.douban.com/subject/1405050/,9.0,29601,孙燕姿,2002年1月,专辑,CD,流行
127,理性与感性 作品音乐会 Sense and Sensibility,https://music.douban.com/subject/2266925/,9.6,28530,李宗盛 Jonathan,2007-09-28,专辑,CD,流行
128,比天空还远,https://music.douban.com/subject/2350942/,8.5,27696,曹方,2007-11-20,EP,CD,流行
129,黑梦 黑夢,https://music.douban.com/subject/2299845/,9.4,43790,窦唯,1994-10,专辑,CD,摇滚
130,不能说的秘密 不能說的秘密,https://music.douban.com/subject/2164654/,9.1,45975,"周杰倫,Terdsak Janpan,詹宇豪,陳承麒,黃婉琦,姚蘇蓉,黃俊郎,江語晨,長榮交響樂團",2007-08-13,Soundtrack,CD,原声
131,丝路 通往爱的路途,https://music.douban.com/subject/1427941/,8.3,32500,梁静茹 Fish,2005-9-16,专辑,CD,流行
132,All The Lost Souls,https://music.douban.com/subject/2153935/,8.6,26541,James Blunt,2007-09-18,Import,Audio CD,流行
133,F.I.R.,https://music.douban.com/subject/1408794/,8.9,42153,飞儿乐团 F.I.R.,2004-04-29,专辑,CD,摇滚
134,上五楼的快活,https://music.douban.com/subject/4009831/,7.8,29740,陈奕迅,2009-09-23,专辑,CD,流行
135,Minutes to Midnight,https://music.douban.com/subject/2042799/,8.4,27665,Linkin Park,2007-05-15,专辑,CD,摇滚
136,GOODBYE & HELLO,https://music.douban.com/subject/2264207/,8.7,28737,"蔡健雅,Tanya",2007-10-19,专辑,CD,流行
137,Someone Like You,https://music.douban.com/subject/6064884/,9.5,41329,Adele,2011-01-24,单曲,数字(Digital),放克/灵歌/R&B
138,迟到千年,https://music.douban.com/subject/1875211/,9.0,27306,苏打绿,2006-09-18,EP,CD,流行
139,The Dark Side of the Moon,https://music.douban.com/subject/1395685/,9.5,48776,Pink Floyd,1973,专辑,黑胶,摇滚
140,王菲 Faye Wong 2001,https://music.douban.com/subject/3837067/,9.2,32955,王菲,2001,专辑,CD,流行
141,夜空中最亮的星,https://music.douban.com/subject/6974122/,9.2,61667,逃跑计划,2011-04-12,单曲,数字(Digital),摇滚
142,追梦痴子心,https://music.douban.com/subject/6047523/,8.9,37359,GALA,2011-03-24,专辑,CD,摇滚
143,宝贝,https://music.douban.com/subject/4884299/,8.0,27381,莫文蔚,2010-07-26,专辑,CD,流行
144,"黑白灰 Black, White & Grey / 黑·白·灰",https://music.douban.com/subject/1401759/,9.1,28119,陈奕迅,2003,专辑,CD,流行
145,安和桥北 献给张先诺先生,https://music.douban.com/subject/25709562/,8.9,47199,宋冬野,2013-08-26,专辑,CD,民谣
146,Prisoner of Love 爱情的俘虏,https://music.douban.com/subject/3035043/,9.3,26899,宇多田ヒカル,2008-05-21,CD IMPORT,Audio CD,流行
147,Groupies 吉他手 Groupies,https://music.douban.com/subject/1394549/,9.3,34032,陈绮贞,2002-08-02,专辑,CD,流行
148,Now The Day Is Over 美好的一天,https://music.douban.com/subject/1404703/,8.5,24735,The Innocence Mission,2004,专辑,CD,民谣
149,Apologize 抱歉,https://music.douban.com/subject/2285727/,9.2,33353,"Timbaland,OneRepublic",2007-11-06,Single,Audio CD,放克/灵歌/R&B
150,阿菲正传 阿菲正傳,https://music.douban.com/subject/3815932/,9.4,26440,王菲,2009-06-25,选集,CD,流行
151,跨时代,https://music.douban.com/subject/4820650/,7.8,43211,周杰伦,2010-05-14,专辑,CD,流行
152,Leave 離開,https://music.douban.com/subject/1949354/,8.8,27515,孙燕姿,2002-5-21,专辑,CD,流行
153,被禁忌的游戏,https://music.douban.com/subject/1933017/,9.0,30313,李志,2004-12,专辑,CD,民谣
154,What's Going On....?,https://music.douban.com/subject/1920622/,9.3,29986,陈奕迅,2006,专辑,CD,流行
155,第二人生 末日版 SECOND ROUND - NO WHERE,https://music.douban.com/subject/7065468/,9.2,27219,五月天,2011-12-20,专辑,CD,流行
156,樂之路 Ultrasound 1997-2003 / 乐之路,https://music.douban.com/subject/1407536/,9.2,27099,陶喆,2003-08-08,选集,CD,流行
157,It Won't Be Soon Before Long It Won't Be Soon Before Long,https://music.douban.com/subject/2032823/,8.4,25576,Maroon 5,2007-05-22,专辑,CD,流行
158,如果你冷 如果你冷,https://music.douban.com/subject/3264192/,8.6,26729,张悬,2008-10-20,Bootleg,数字,民谣
159,陌生人,https://music.douban.com/subject/1408650/,8.7,26557,蔡健雅 Tanya Chua,2003-06-00,专辑,CD,流行
160,浮躁,https://music.douban.com/subject/1395176/,9.4,39033,王菲,1996,,Audio CD,流行
161,C'est La Vie 这就是生活,https://music.douban.com/subject/1442576/,8.3,25031,自然卷,2004,专辑,CD,民谣
162,在一起 Together,https://music.douban.com/subject/5355197/,7.9,24823,刘若英,2010-04-16,专辑,CD,流行
163,These Friends Of Mine,https://music.douban.com/subject/1999781/,8.8,23286,Rosie Thomas,2007-03-13,专辑,Audio CD,民谣
164,陪我歌唱 苏打绿台北小巨蛋演唱会Live Cd:陪我歌唱,https://music.douban.com/subject/3226297/,9.2,24161,苏打绿,2008,引进版,CD,
165,It＇s Not Me It＇s You 非我即你,https://music.douban.com/subject/3770091/,8.2,24236,Lily Allen,2009-02-09,专辑,Audio CD,流行
166,The Rose~I Love Cinemas~,https://music.douban.com/subject/2977909/,9.3,24305,手嶌葵,2008-03-05,Import,CD,流行
167,我爱南京,https://music.douban.com/subject/4060882/,9.0,33416,李志,2009-10-16,专辑,CD,民谣
168,消失的光年 消失的光年,https://music.douban.com/subject/2144752/,8.3,23637,大乔小乔,2007-07-12,平装版,CD,民谣
169,还有别的办法吗,https://music.douban.com/subject/1439133/,8.7,23078,范晓萱,2004,专辑,CD,流行
170,日光倾城,https://music.douban.com/subject/2058669/,8.2,24622,卡奇社,2007-04-20,专辑,CD,流行
171,A Little Love 一点爱,https://music.douban.com/subject/3566603/,8.5,23525,冯曦妤,2008-11-20,专辑,CD,流行
172,Yellow 黄色,https://music.douban.com/subject/1458367/,9.5,37847,Coldplay,2000-07-03,EP,Audio CD,摇滚
173,Hopes And Fears,https://music.douban.com/subject/1395452/,8.9,23090,Keane,2004,专辑,Audio CD,摇滚
174,U87,https://music.douban.com/subject/1394541/,9.4,30072,陈奕迅,2005-06-07,专辑,CD+DVD,流行
175,Lady Sleep 睡美人,https://music.douban.com/subject/1419566/,8.8,21563,Maximilian Hecker,2005,Import,Audio CD,摇滚
176,天空の城ラピュタ サウンドトラック 飛行石の謎 天空之城 原声碟,https://music.douban.com/subject/1395762/,9.6,26816,"久石譲(Joe Hisaishi),杉並児童合唱団,井上杏美",1993-12-21,Soundtrack,Audio CD,原声
177,新长征路上的摇滚,https://music.douban.com/subject/1394742/,9.5,33225,崔健,1989,专辑,CD,摇滚
178,小飞行,https://music.douban.com/subject/3567851/,8.0,22859,"棉花糖,katncandix2",2009-05-01,专辑,CD,民谣
179,春生,https://music.douban.com/subject/10831759/,8.9,24030,好妹妹乐队,2012-07-01,专辑,CD,民谣
180,讓我想一想 让我想一想,https://music.douban.com/subject/1788941/,9.1,26247,陈绮贞,1998-07-14,专辑,CD,民谣
181,未来 Wonderland,https://music.douban.com/subject/2359692/,8.4,24443,方大同,2007-12-28,专辑,CD,放克/灵歌/R&B
182,爱爱爱 愛愛愛 / THIS LOVE,https://music.douban.com/subject/1950025/,8.8,26381,方大同,2006-12,专辑,CD,流行
183,世界 Earth,https://music.douban.com/subject/10430415/,9.0,27511,逃跑计划,2014-12-09,专辑,CD,摇滚
184,七天 盧廣仲 Crowd Lu 2009 New Album 2009 全新創作專輯,https://music.douban.com/subject/4032611/,7.9,22656,"盧廣仲,卢广仲",2009-10-30,专辑,CD,民谣
185,Nirvana,https://music.douban.com/subject/1416697/,9.3,22909,Nirvana,2002-10-29,Extra tracks,Audio CD,摇滚
186,A Rush of  Blood to the Head,https://music.douban.com/subject/1455695/,8.8,25962,Coldplay,2002,专辑,Audio CD,摇滚
187,The Velvet Underground & Nico 地下丝绒与妮可,https://music.douban.com/subject/1986653/,9.3,32976,"The Velvet Underground,Nico",1967-04,专辑,CD,摇滚
188,Love The Way You Lie,https://music.douban.com/subject/5322559/,9.3,28720,"Eminem,Rihanna",2010-08-20,Single,Audio CD,说唱
189,天空 Sky,https://music.douban.com/subject/1776070/,9.4,30683,王菲,1994,专辑,CD,流行
190,The Boat That Rocked,https://music.douban.com/subject/3788747/,9.3,20272,Original Soundtrack,2009-03-30,Import,Soundtrack,CD
191,(What's The Story) Morning Glory?,https://music.douban.com/subject/1395617/,9.3,28835,Oasis,1995,专辑,CD,摇滚
192,PUSSY,https://music.douban.com/subject/1982538/,8.7,21566,陈绮贞,2007-02-08,单曲,Audio CD,民谣
193,呼吸 Breathe - All About Lily Chou-Chou / Lily Chou-Chou：呼吸,https://music.douban.com/subject/1421569/,9.1,22550,Salyu,2001,专辑,CD,原声
194,Fallen,https://music.douban.com/subject/1394997/,8.5,21246,Evanescence,2003,专辑,Audio CD,摇滚
195,黑豹,https://music.douban.com/subject/1413627/,9.3,27774,黑豹,1992-12-01,专辑,CD,摇滚
196,十年一刻,https://music.douban.com/subject/4923069/,9.0,24137,苏打绿,2010-08-27,视频,CD+DVD,流行
197,恋爱的力量 The Power Of Love Songs,https://music.douban.com/subject/1403802/,9.0,22769,梁静茹,2003年3月,专辑,CD,流行
198,Suede,https://music.douban.com/subject/1394569/,9.0,25015,Suede,1993,专辑,CD,摇滚
199,The Bends,https://music.douban.com/subject/1394652/,9.3,31909,Radiohead,1995,专辑,CD,摇滚
200,琵琶相 Pipa images LIN HAI & FRIENDS 2,https://music.douban.com/subject/1462686/,9.4,21937,林海,2004,专辑,CD,轻音乐
201,？ 问号,https://music.douban.com/subject/6903119/,8.1,24608,陈奕迅,2011-11-11,专辑,CD,流行
202,少年故事,https://music.douban.com/subject/2154228/,8.2,22180,彭坦,2007-07-23,专辑,CD,流行
203,黑暗之光,https://music.douban.com/subject/1923738/,8.9,21520,雷光夏,2006-12-01,专辑,CD,民谣
204,我要我们在一起,https://music.douban.com/subject/1419831/,8.8,24338,范晓萱,1999-11-1,国语,CD,流行
205,人生海海,https://music.douban.com/subject/1419375/,9.3,26467,五月天,2001-07-06,专辑,CD,摇滚
206,Maybe I'm Dreaming 可能我在做梦,https://music.douban.com/subject/3021469/,8.4,20762,Owl City,2008-03-18,Import,CD,流行
207,工体东路没有人,https://music.douban.com/subject/3435496/,9.2,23222,李志,2009-01-22,专辑,数字,民谣
208,Let It Be,https://music.douban.com/subject/1401365/,9.5,26518,The Beatles,1990-10-25,Enhanced,Audio CD,摇滚
209,"Alright,Still 一如既往",https://music.douban.com/subject/1796484/,8.4,20413,Lily Allen,2006,Import,Audio CD,流行
210,大小說家 Fiction,https://music.douban.com/subject/10767657/,8.2,25191,林宥嘉,2012-06-22,专辑,CD,流行
211,越长大越孤单,https://music.douban.com/subject/3013779/,7.8,28034,牛奶@咖啡,2008-03-18,专辑,CD,流行
212,燕尾蝶 燕尾蝶-下定愛的決心,https://music.douban.com/subject/1403801/,8.1,26039,梁静茹,2004,专辑,CD,流行
213,原谅我就是这样的女生 原諒我就是這樣的女生,https://music.douban.com/subject/3729307/,7.7,21797,戴佩妮,2009-05-16,专辑,CD+DVD,流行
214,传奇,https://music.douban.com/subject/5365287/,9.0,26849,王菲,2010-11-05,单曲,CD,民谣
215,Under the Radar 墜入琴網,https://music.douban.com/subject/3158576/,8.4,19422,Daniel Powter,2008-10-14,专辑,Audio CD,流行
216,知足 MV / Karaoke DVD,https://music.douban.com/subject/2083053/,9.3,20110,五月天,2006,视频,DVD,流行
217,我的歌声里,https://music.douban.com/subject/11524982/,8.1,21703,曲婉婷,2012-07-01,专辑,CD,流行
218,王菲 快樂/不快樂,https://music.douban.com/subject/1394693/,9.4,32055,王菲,1997-09-30,专辑,CD,流行
219,信仰在空中飘扬,https://music.douban.com/subject/3843530/,8.8,21071,汪峰,2009-07-25,专辑,CD,摇滚
220,[i] Karen Love,https://music.douban.com/subject/1403573/,8.8,22799,莫文蔚,2002-04-29,专辑,CD,流行
221,Songs About Jane,https://music.douban.com/subject/1395446/,8.8,22181,Maroon 5,2002,专辑,Audio CD,流行
222,Back To Black 重回黑色怀抱,https://music.douban.com/subject/1937036/,8.9,23359,Amy Winehouse,2006-10-30,专辑,Audio CD,放克/灵歌/R&B
223,Demo 3,https://music.douban.com/subject/5292091/,9.2,20108,陈绮贞,2001-11-09,Demo,CD,流行
224,克卜勒 Kepler,https://music.douban.com/subject/25811077/,8.7,33417,孙燕姿,2014-02-27,专辑,CD,流行
225,E=MC² 爱的方程式,https://music.douban.com/subject/3005450/,8.6,21560,Mariah Carey,2008-04-16,专辑,CD,放克/灵歌/R&B
226,9 Crimes,https://music.douban.com/subject/2286005/,9.4,18788,Damien Rice,2006-11-27,单曲,Audio CD,民谣
227,如果有一件事是重要的 如果有一件事是重要的+粉红色(demo),https://music.douban.com/subject/3579420/,8.3,20381,陈珊妮,2008-11-22,专辑,CD,流行
228,赤裸裸 赤裸裸?!,https://music.douban.com/subject/1404457/,8.9,24556,郑钧,1994,专辑,CD,摇滚
229,阿岳正传 Useless Guy,https://music.douban.com/subject/1410613/,9.0,20597,张震岳,2004-06-24,选集,CD,流行
230,3颗猫饼干 三颗猫饼干 / Three Cat Cookies,https://music.douban.com/subject/1408372/,9.2,17500,"朱玫玲,董運昌,王雁盟,何真真",2004/04/26,,专辑,CD
231,21 Guns,https://music.douban.com/subject/3807272/,9.2,20550,Green Day,2009-07-14,Single,Audio CD,流行
232,看我72变,https://music.douban.com/subject/6540851/,8.1,35957,蔡依林 Jolin Tsai,2003-03-07,专辑,CD,流行
233,第二人生 明日版 SECOND ROUND - NOW HERE,https://music.douban.com/subject/7065469/,9.2,20745,五月天,2011-12-20,专辑,CD,流行
234,Definitely Maybe 绝对可能,https://music.douban.com/subject/1395280/,9.2,25277,Oasis,1994-08-30,专辑,CD,摇滚
235,First Love 初恋,https://music.douban.com/subject/1397751/,9.2,25511,宇多田ヒカル,1999,专辑,CD,流行
236,阿密特 意识专辑,https://music.douban.com/subject/5325161/,8.1,24431,张惠妹,2009-06-26,专辑,CD,流行
237,心·跳 心跳,https://music.douban.com/subject/3323600/,7.3,23909,王力宏 Leehom Wang,2008-12-26,专辑,CD,流行
238,xx 同名专辑,https://music.douban.com/subject/4010504/,8.9,22736,The xx,2009-08-17,专辑,CD,摇滚
239,回蔚,https://music.douban.com/subject/3767208/,8.1,20244,莫文蔚,2009-06-23,专辑,CD+DVD,流行
240,"如果看見地獄，我就不怕魔鬼 If I See Hell, I Won't Be Afraid of Demons",https://music.douban.com/subject/3313756/,8.2,19259,Tizzy Bac,2009-02-13,专辑,CD,流行
241,我们是五月天,https://music.douban.com/subject/1438249/,9.4,21891,五月天,2003年4月17日,专辑,CD,流行
242,王妃 王妃,https://music.douban.com/subject/3803120/,7.9,24467,萧敬腾,2009-07-17,专辑,CD,流行
243,Poker Face 扑克脸,https://music.douban.com/subject/3313848/,8.8,25611,Lady Gaga,"September 23, 2008",Single,Audio CD,流行
244,唐朝 梦回唐朝,https://music.douban.com/subject/1395143/,9.1,22978,唐朝,1992-12,CD＋DVD,CD,摇滚
245,寻找周杰伦,https://music.douban.com/subject/1407700/,9.1,30176,周杰伦,2003-12-1,EP,音乐CD,流行
246,她说 概念自选辑,https://music.douban.com/subject/5360525/,8.3,35911,林俊杰,2010-12-08,专辑,CD,流行
