user_name,star,comment_time,geo_ip,vote,short
胡克,4,2010-12-07 00:25:43,,13452,某山渣树怎么好意思说自己是史上最纯？？！！！！！这个真打动我了。。。女孩是第二眼美女！！！！！！！！！！
不流ᝰ,4,2010-12-18 12:27:04,,6183,上学的时候早恋，父母反对；上班了不恋爱，父母反对。你真是羡慕人家老外啊。
鹿 卡,5,2010-11-28 22:39:46,,17071,外公说的话：有些人浅薄，有些人金玉其外败絮其中，但是总有一天，你会遇到一个绚丽的人，她让你觉得你以前遇到过的所有人都只是浮云。片尾曲Everlybrothers的Letitbeme很好听。
❤yone.小米,4,2010-11-28 21:09:59,,5130,篮子男孩，好萌的活动，怎么我们学校以前没有啊！
图灵莉莎,5,2010-12-02 10:41:07,,15358,我看完后也对这女孩感触特别深，她独立而勤劳，恪守自尊但又不敏感到浑身长刺，正像邦妮另外一条说的，没有那个男孩，她也会生长得很好。对于成长电影来说，它对孩子和家长都很有教育意义，不论面对挫折还是爱，它都有非常正向的可贵的价值观。
Esse,5,2010-12-03 21:13:45,,13381,当你喜欢我的时候，我不喜欢你；当你爱上我的时候，我喜欢上你；当你离开我的时候，我却爱上你；是你走得太快，还是我跟不上你的脚步……
黄青蕉,4,2012-11-18 22:07:57,,3306,斯人若彩虹，遇上方知有
熊大柚小內內,5,2010-12-01 10:49:29,,7198,………………我能給十星嗎！
七沐妹妹,4,2018-01-31 10:48:17,,2898,一连看了两遍《怦然心动》，真的是怦然心动。一对小孩，一棵树，特别简单的故事，讲得荡气回肠。我感触最深的一点是：女生十来岁就有超脱的自省意识，审视自己爱的人到底值不值得爱。一旦触及她的自尊，立刻决定放弃这个男生。我们文化里的“爱”，似乎都要低到尘埃里，舍弃自尊才叫爱，犯贱当真爱
Doublebitch,4,2010-11-26 14:00:57,,1961,赤果果的早恋啊！在天朝肯定要被禁！
桃色響尾蛇,5,2010-11-24 13:08:03,,6290,萌死我算了，男主太帅了吧！
abby,4,2010-11-23 23:46:44,,1380,越看越觉得自己真是老了。。。。。
狷介有乌青,5,2010-12-12 16:52:05,,5775,当她在他身边蹦跶乱窜，他始终不屑一顾。当他意识到原来自己的眼神早已无法离开她时，她已优雅、自信、美丽得如同女神一般。
浅。,5,2010-12-18 16:39:03,,4870,Someofusgetdippedinflat，someinsatin，someingloss.Buteveryonceinawhile，youfindsomeonewho'siridescent.Andwhenyoudo，nothingwillevercompare.有些人浅薄，有些人金玉其外而败絮其中。有天你会遇到一个彩虹般绚丽的人，当你遇到这个人后，会觉得其他人只是浮云而已。
Phyllis,5,2010-11-25 14:30:55,,4927,Flipped，怦然心动，喜欢这个翻译的片名，就像第一次看到那棵树上的美景，就像第一次看到你闪亮的眼睛，那一瞬，就莫名心动了
大奇特(Grinch),5,2010-12-02 23:53:46,,2256,罗伯.莱纳强势回归！手法流畅洗练，丝毫没有落入俗套和滥情之处。对两小无猜的男孩儿/女孩儿巧妙地互动关系下，呈现出他们不同的性格、观点与差异，旁白充满纯真、幽默和浪漫，在两者巧妙地互动关系下，也对成长有了一番细腻的描绘。男女主角很萌，一个像莱昂纳多，一个有娜塔莉波曼的气质~
tina,5,2011-03-05 15:05:14,,2139,爱情是树不是花。
肖浑,5,2010-12-10 19:06:19,,2197,这算完美吗？小镇美景、帅正太、酷萝莉、家庭温情、成长点滴。。。双线结构，视角切换，细节丰富，过程明晰。。。爱就该是这样悠悠扬扬、婉婉转转、一阵冷、一阵热、一阵抽风、一阵颤抖的过程。。。睿智外公和脑残叔叔是惊喜。。。爱到最后拼的果然还是人格魅力啊。
yuci2,5,2010-11-29 11:39:19,,1787,可能比山楂树还纯哦！
九尾黑猫,4,2013-03-26 23:33:49,,831,希望每个人都能遇到这样的女孩，吻醒那些腐朽的心。
Q。,4,2010-11-30 13:06:25,,702,"“IblessthedayIfoundyou.""有人或许会认为这种以独白为主和双角度的叙事表现方式会降低故事的感染力，但我却十分喜欢这种表现形式。故事虽然单薄，也很模式化，结尾也略显仓促，但看过以后是绝对不会想要给予低分的。Btw，字幕后那段钢琴曲太美妙了。★★★★☆"
UrthónaD'Mors,5,2010-12-02 00:36:55,,856,真好，两小无猜只是相知过晚。如果你遇到像彩虹一般的ta一定要抓住并珍惜！有些人浅薄，有些人金玉其外败絮其中，但是总有一天，你会遇到一个绚丽的人。ps片尾曲Everlybro的歌词真好，虽然我不相信永远不过如果我可以和相知的ta在一起的话，那么我希望那个人就是我。这片感觉到就够了
荔枝超人,2,2010-12-12 22:42:08,,446,干脆去电台朗读小说就好了。
刘一涵,3,2010-12-16 18:40:10,,1094,事实证明，很多人还是喜欢绣花枕头的
桃桃林林,4,2010-12-05 09:16:04,,474,很喜欢《伴我同行》，罗伯·莱纳在蛰伏了差不多20年之后，终于又回到了他的童年故事。关于回忆，关于金色的美好时光。初恋的故事。那些小感动，他始终有一手。
ssxy,5,2010-11-25 23:19:20,,674,真好小鹿乱撞啊
赫恩曼尼,4,2012-06-29 14:38:45,,512,学着像这个小姑娘一样有尊严地爱。不过最打动我的还是那句，总有一天，你会遇见一个如彩虹般绚烂的人；到那个时候，你会觉得之前的都是浮云。
抖啊抖,4,2011-02-12 02:16:37,,351,我想任何一段感情都是有时差的你先注意到我把我默默看在眼里和我很久以后才确信你是唯一的最好的只想要度过一生的人很多年后你跟我随意谈起那些我从不自知和早已遗忘的琐碎细节我想起当时自己是如何把所有心思都花在另一个人身上而仿佛被施了障眼法时间看似残忍却默不作声地容忍我们暂且做伴
亵渎电影,4,2011-01-02 00:39:34,,339,结局过于仓促了点，但过程却是那种的清新而美妙！遇到一个对的人那种瞬间悸动被导演还原了，再次带观众清纯年轻了一次，回想那一年的怦然心动！★★★★
刷鞋大王,2,2018-08-03 21:56:50,,153,校园青春片的一股清流。只是我既没怦然也没心动，不明白为什么会被捧上天
苏更生,3,2010-12-03 09:58:50,,537,什么乱七八糟的心动……小孩的幼稚你就以为是爱情了……家庭的温情和励志不就好莱坞的那些老一套嘛。。。。。。。
亚比煞,3,2011-03-10 18:27:18,,273,很纯的故事，也许是太纯了，所以让我喜欢不起来，总让我联想到心灵鸡汤，读者之类的故事，中间有几个小波折，最后是励志的皆大欢喜的结尾。不痛不痒，也看不到新意和发人深省的东西。难道是我心理太阴暗，太挑剔？我宁愿要看血肉模糊的现实。
米姐起飞,4,2010-12-09 15:29:23,,359,当他爸爸画了棵大树扛到伤心的她面前，我哭了呢~
lowdive,5,2010-12-24 15:08:29,,717,我想对我将来的儿子说，你可以14岁的时候就恋爱，但你喜欢的女孩一定要像JuliBaker一样。
朝暮雪,4,2013-11-07 12:52:36,,184,叙事手法很赞，同一件事在不同人的眼中可能截然不同。
mon babe,5,2010-12-05 20:17:37,,828,又一部让我痛哭流涕的片子。让我想起Melody，以及一切怀有美好情感的故事。我羡慕朱莉安娜的家庭，听到兄弟俩完美的和声，当时就落泪了；我羡慕她有一个好爸爸，为她画下心爱的梧桐树。更羡慕有一个布莱斯那样的可爱男孩，最后慢慢的意识到自己喜欢她。原本没怀有期望，可是，在童话面前，我输了
顾盼,4,2018-01-25 17:56:20,,184,有趣的内心比美丽的外表更有魅力。唉，老夫的少女心…
不良生,4,2012-05-24 08:27:28,,156,某段时间我们都是那个少女，某段时间我们都是那个少男。
沉歌,5,2010-12-23 01:44:27,,557,这女孩让我想起了十几年前的老电影《小丫头》里的女主角——越看越觉得这男孩根本配不上她，好想成为这样的女孩。
影志,5,2010-12-05 14:44:20,,483,融入了一切我喜欢的电影元素，画风怀旧，演员超萌。60高龄的导演罗伯·莱纳在2010年奉献了一部极像是80年代电影的「两小无猜」式爱情小瘙痒，不及《伴我同行》深刻，却同样令人“怦然心动”。
尽欢,4,2018-01-25 17:51:54,,121,在最好的年纪遇到你。电影中的场景，色彩，人物都很美。喜欢女主多一点。
马赛克,2,2010-12-08 20:53:56,,81,尴尬肤浅的低幼小清新，这种片在你瓣也能捧上天
杨东,3,2021-01-02 00:02:25,,194,这部电影为什么能那么高分呢，不太懂，剧情不算很出彩，女主也不是我喜欢的外貌。不过男主倒挺像小李子小时候的。不错的小朋友恋爱片，但应该没那么高分。
韦思嘉,5,2016-06-07 12:48:37,,352,女主角这种类型的姑娘，以后一定会长成参天大树保护周围所有人的，男主太囊了，但是架不住皮囊太好啊，如何不喜欢。
小十三,4,2017-12-30 23:43:45,,265,看了三遍，每年都会拿出来看，起初觉得男女主一定要在一起，为什么男主这么别扭，到现在，觉得其实有没有在一起又如何，成长才是最重要的吧，看人不是凭一时冲动，学会全面的认识那些对自己重要的人，才是本事
苏午饭,4,2018-01-25 20:45:42,,77,好久好久之前看过已经忘了具体的剧情了只记得那段美好的感情叫做“怦然心动”
战国客,4,2010-12-12 21:51:41,,88,如果当年我上学时有“篮子女孩”的活动，又会怎样？……哈哈
大宸,4,2010-12-01 09:55:56,,76,美国小清新罢了，CallanMcAuliffe真是帅气...
滚滚的麻麻,4,2017-08-15 00:39:36,,64,清新自然，不过我这样晚熟的人，不容易代入孩子们的小世界。
bekey,4,2018-03-24 22:45:13,,87,今晚刚看完，分别从男女主角的视角出发将初恋的那种感觉细腻的表达了出来。女主洒脱开朗，男主内敛沉静。但是当爱前后来到时，他们都表现的很勇敢，觉得挺难得的。不喜欢的一点是男主一家太小家子气，尤其是他的爸爸，很想知道为什么对音乐有那么大的成见及希望交代一下他那么有优越感的原因。
蚂蚁没问题,5,2010-12-13 19:14:17,,357,譬如说女追男然后女的放弃然后男的突然开窍了开始反追然后女的拒绝然后男的继续无所不用其极然后你来我往几个回合最后皆大欢喜在一起的情节其实隽永美好的跟灰姑娘也快差不多了，我最喜欢也不是那句好莱坞俗套一般的“有天你将遇到一个人巴拉巴拉”，而是小孩儿应该怎么正能量的长大，遇到爱情也不卑微
葵花卷,4,2012-04-11 09:02:49,,102,有人住高楼，有人在深沟，有人光万丈，有人一身锈，世人万千种，浮云莫去求，斯人若彩虹，遇上方知有。
grace-xhu,4,2018-02-27 09:48:25,,63,很纯爱的电影，两个小孩子其实从见面的第一眼就注定会喜欢对方，只不过因为性格的原因，小女孩比较主动，而小男孩后知后觉。还是很美好的。
同志亦凡人中文站,5,2011-06-25 14:35:56,,243,让人怦然心动的青涩童年
酒鬼一家小迷妹,5,2018-01-20 18:25:27,,171,女孩之于男孩，就是那个彩虹般绚烂的人，虽然我是女的，但是也想要个善良，真诚，有主见如女主的小青梅啊。一部处处有哲理的温情片，强烈推。
毛利,3,2011-01-04 23:56:34,,197,一个暗恋女苦尽甘来的故事，美式罐装心灵鸡汤，看来很多人都喝high了。
TORO VAN DARKO,4,2010-12-01 10:33:55,,39,莱纳继《伴我同行》后再度讲述上世纪六十年代的成长故事，只是这一次是关于爱情。影片的双线旁白在最后合二为一煽情效果不俗。不过之前对两人情感纠葛过多的描述稍显拖沓。“整体和部分“不止存在于人身上更是在生活中，至于结果是谁大于谁，是由我们自己决定。一个如此萌的正太站在面前，谁不会心动？
橐龠,5,2018-02-22 16:24:44,,99,看完真的很有触动，初恋原来是那个样子，而且国外人举办那个活动也好有意思，尽然可以拍卖对象。拍得真不错呀
蓝色啄木鸟,5,2017-01-08 20:34:04,,63,偶然看到的剧，意外的好看，浓浓的美式乡村小清新纯爱剧，中英文版都看了一遍。外国小男生小女生好早熟哦，学校还安排这种与喜欢的男生独处时间的拍卖，场面蛮搞笑的！男主颜挺正，眼睛很好看！女主是童星拍了不少温情片，演技超厉害，很有灵气，期待他们的成长！
吃薯片的猫,5,2012-06-12 12:35:35,,53,非常温暖的一个片，看完心情很好
临城酒肆lz,4,2018-02-12 08:57:18,,44,很经典的一部温情电影同学一直推荐看，终于找时间看完了。少年时期的感情永远是那么美好，珍惜吧这最后的青春时光。
插头,2,2021-07-04 22:13:43,,79,再看一次还是觉得9.1分认真的吗
STAYREAL,5,2022-09-10 10:25:18,北京,73,长大之后再一次看这个电影，发现这个关于初恋的电影的外沿远大于爱情。关于家庭，女主的家庭虽然拮据，但是充满了尊重，理解和快乐，父亲不抛弃智力低下的弟弟，母亲深爱坚强和热心肠的父亲，在睡觉前妈妈会贴着女儿的脸颊说她是自己最大的福气。女主并没有因为自己的家庭感到羞耻，而是相信自己有最好的父母。对于爱情，也没有全程恋爱脑。懵懂时期的怦然心动和心智成熟后的逐渐清醒，我看到了一位独立理智的青春期女孩。在看清帅哥的“整体小于部分之和”之后，放下悸动走向平和。双视角叙事，能让观众感知到男主其实也没有特别坏，只是很怯懦，所幸他最后终于战胜怯懦的内心，希望他能够更勇敢吧。
CyberKnight电子骑士,5,2010-12-06 11:07:40,,47,robreiner又回来了！不亚于standbyme的优秀之作！让拍个莎莫500天就显得很牛的人看看，老家伙玩小清新更纯属有味道。毫不刻意煽情，男孩的转变非常细腻可信，年度最温馨可爱的电影之一。
烂ོ桃ོ核ོ,3,2021-03-06 16:56:08,,153,豆瓣高分片单里这部是真的疑惑……太一般了
Dust N Bones.,5,2021-09-07 18:13:12,,71,斯人若彩虹，遇上方知有。“我心都要碎了，可他们却在讨论永动机。”我暗恋她的时候，也是这样的感受。
西楼尘,5,2013-08-21 22:43:13,,45,真希望能和更多这样美好文艺的怦然心动相遇。人设不是我喜欢的类型，但是就是恰到好处地戳中你的心坎。
淡了你就加点盐,2,2012-03-01 18:31:02,,78,真的理解不了了，怎么就那么高分，每天看个5分钟，看了半个月才勉强看完
迪古桥,2,2010-12-13 13:14:14,,47,豆瓣上的小朋友太多了
juvenile,5,2018-02-08 10:25:37,,60,是真的让人怦然心动了，高高的梧桐树上开阔的风景，我也想拥有
白洛猫,3,2022-04-05 02:31:51,,102,不理解为什么9.1分还在top250排这么靠前，感觉就是很普通的美式家庭电影……抱歉纯爱也并没有打动我。整部片完全不能共情
维城乱马,5,2013-02-23 10:15:30,,60,看了十分钟之后我就明白了，为什么我只是在豆瓣上点一看想看就获得了几十个“赞”……有一个朱丽这样懂事和坚强的女儿或者女朋友实在太幸福了。
伊兰月,4,2021-10-05 14:36:46,,47,我以为女孩看到男孩腐朽的内心，便不再迷恋，没想到还是:世间风景万千，不及绣花枕头般的男孩多看你一眼。或许我不该用大人的眼光去看待小孩纯粹的初恋。
是我啊,5,2022-05-03 18:20:19,,75,▲女生十几岁就有超脱的自省意识，审视自己爱的人到底值不值得爱。一旦触及她的自尊，立刻决定放弃这个男生。我们文化里的“爱”，似乎都要低到尘埃里舍弃自尊才叫爱，把犯贱当真爱。▲“相爱的父母胜过富有的父母”有一对相爱的父母是孩子一生的幸福，这的确比任何东西都要重要
樱花飞舞时,4,2018-03-30 07:26:56,,36,青春成长过程中，初恋的美好与悸动，它会让你困惑，它会让你窃喜，它会让你难以忘记。
荔枝蜜薄荷苏打,4,2017-12-20 23:56:51,,152,Juli真是满身光环，绚烂如彩虹，怎么可能不为她心动呢。
李斯本,4,2011-08-30 22:48:08,,52,爱人的眼睛都会笑，其他人的眼睛都看不到。
艾小柯,4,2010-12-11 17:27:31,,40,4.5星，年度最令人感动的电影。
徐公好酒,2,2017-06-12 13:52:11,,40,我真他妈讨厌这种爱情故事
听君一席话,3,2018-01-13 00:20:20,,94,还可以吧青梅竹马不过没有打动我
林文清,1,2017-12-20 10:41:10,,374,豆瓣最不可理喻打分之一……
事儿妈,4,2016-09-22 09:58:13,,34,有的爱情，没有波澜壮阔，不是撕心裂肺，却仍旧叫人怦然心动。本片描述的是一对平凡的青梅竹马之间的那些看起来平凡普通的日常小事，但是却仍旧动人心弦充分体会到爱情的美妙。我想这就是本片细节描写及真诚用心的妙处。
鳞片爪爪,3,2021-03-26 11:44:31,,71,我真的Get不到啊！全程看得难受。一个很棒的小女孩，喜欢上一个讨厌鬼男孩的故事。这哪里甜了，这不是一个颜控遇到混蛋的悲惨故事吗
宁宁,5,2018-03-28 00:24:36,,36,纯纯的初恋，很甜很暖，里面的插曲也很好听，必须五星！
luna的森林,5,2016-05-21 20:00:24,,22,很好看(｡･ω･｡)ﾉ♡
江户川乱语,5,2020-12-02 22:01:21,,59,当我们还在反对中学生早恋的时候，人家中学生在干什么？！爱不是洪水猛兽，它可以和我们一起成长。“斯人若彩虹，遇上方只有”。
shininglove,3,2022-03-28 23:54:26,,59,如果二十岁看时没有被打动，三十岁就更不会了，电影一旦有洁癖，便很难投入共情。
刘康康,4,2012-12-27 09:37:50,,28,初恋的悲剧就在于跟初中女生相比初中男生就是个傻逼啊，这片儿要搁亚洲拍绝对是一悲剧结局，就像那些年或者建筑学概论，男人念叨着曾经有一份真挚的感情摆在我面前可惜我没有珍惜等到失去时才后悔莫及。双视点的运用导演控制得恰到好处，反正我作为观众没有因为相同情节讲两次而感到烦躁。女主角真美。
默默的蘑菇,3,2016-11-04 12:42:00,,44,年少时的心会随着一个笑容而有变化，一件非常小的人事都会被放大再放大，所以需要被保护，有些东西来得太容易，所以才不被珍视。无论是别人对你的哪一张善意，都应该被珍视。
文泽尔,4,2010-12-23 08:12:18,,22,Gimmeyourlipsforjustamomentandmyimaginationwillmakethatmomentlive.Gimmewhatyoualonecangive，akisstobuildadreamon.
挽梦忆笙歌,4,2018-05-23 17:01:59,,29,纯纯的爱恋，第一眼就是一眼万年，遇到对的人，爱情并不需要多惊心动魄
沧海一小生,4,2017-05-27 12:41:56,,24,影片把这份怦然心动的情感演绎地好美啊！
已注销,5,2018-01-22 14:46:32,,144,这是一部百看不厌的小清新电影，真的很治愈。这样美好、勇敢的朱莉·贝克，谁能不喜欢呢。最喜欢电影里的那颗高大的梧桐树，爬上它，就好像能看到全世界。
甜椒Oli,5,2017-03-10 15:24:20,,32,没有人真正的需要救赎。ThehigherIgot，themoreamazedIwasbytheview.
豆瓣酱,4,2017-01-01 16:09:05,,24,很小清新的一部影片，男女主角在青春年少时那样的懵懂纯真的感情，怦然心动的美好。
遇见彩虹🌈,4,2018-04-08 09:38:11,,28,分别从男女主两个视角讲述他们的成长恋爱故事。同一段经历在两个孩子眼中是那么不同。男主的父亲始终带着高人一等的偏见去看待生活窘迫的邻居，实际上却很虚荣。女主的一家虽然因为叔叔的病而拮据，偶尔也会有争执，但却很温暖。
米粒,4,2011-01-08 13:35:31,,19,很堅強很特別的小女孩帥帥傻傻的小男孩：）如果能再為你怦然心動一次我甘願！
默,5,2017-12-27 20:30:49,,126,我心中最美好的一部青春电影，很喜欢。男女主都好看，演的也很好，两个人各自的角度和转变很自然，让人跟着主角的心理活动如戏。每个人青春中都有那么些自以为是和小傲娇，小心思，也许以后某刻幡然醒悟，后悔曾经那不懂事的自己，可都是美好的经历，因为当初的傻乎乎，才有那样的记忆。
你看起来很美味,5,2012-04-30 15:30:34,,37,看完了之后我对男主角怦然心动了怎么办......
大島,5,2018-07-01 00:43:55,,35,女权主义者梦想中的大会在1963年的美国已经召开
桃星,5,2016-10-17 22:46:37,,40,虽说男主的颜好看，但是非常讨厌他的性格！
喜喜,5,2015-10-19 22:19:45,,38,青少年的爱情没有算计没有利用。即使他们走不了太远，但是假装计划未来的样子仍然让我门这些满脑子利益和功利的成年人羡慕不已。
蓝下老婆,5,2017-05-27 11:31:55,,26,很羡慕女主，有对自己的认知，感性和理性完美的结合
遇见彩虹🌈,4,2018-04-08 09:38:11,,28,分别从男女主两个视角讲述他们的成长恋爱故事。同一段经历在两个孩子眼中是那么不同。男主的父亲始终带着高人一等的偏见去看待生活窘迫的邻居，实际上却很虚荣。女主的一家虽然因为叔叔的病而拮据，偶尔也会有争执，但却很温暖。
米粒,4,2011-01-08 13:35:31,,19,很堅強很特別的小女孩帥帥傻傻的小男孩：）如果能再為你怦然心動一次我甘願！
模范小学生,3,2021-12-18 18:20:25,,66,票房惨淡却被中国网友捧上天？果然白嫖不心疼钱，这片预算1000万美元，票房才140万，美国人民不瞎。
🧸,3,2013-12-13 08:39:01,,57,觉得不太好看为什么分这么高呢
花落  思量错,4,2017-03-08 19:44:58,,20,美式乡村早恋的小孩，体现出一个家庭的温情和素养，追求梦想的小孩，有主见的小孩。拍的真好。
卡比巴拉的海,3,2017-04-06 15:26:35,,26,真正的幸福是来自内心深处
美神经,4,2017-05-11 22:43:26,,18,总有那么一次怦然心动。
撒旦的表妹,5,2013-06-30 15:59:26,,34,男主好帅，julie的两个哥哥也很帅啊
大头绿豆,5,2011-05-29 21:12:56,,24,前半截会觉得过了，但，可能那样才是最合适的。”我们中有的人暗淡无光，有的平平无奇，有的则光彩照人。但是很偶尔，你才会遇到那些彩虹般绚烂的人。当你真正遇到时，其他人都不再重要了。“met&miss.”一路上的沉默胜过千言万语。“
曾于里,5,2011-08-13 15:59:29,,21,真的会把人萌倒
青山绿水,4,2018-05-23 20:20:46,,20,初恋可能就是当时在你眼里美好到世上除了他，你看不到其他人，而外人看着却很一般。
shield,4,2017-03-08 17:21:31,,45,拍的太好了，好像真的能让人怦然心动
温泽,5,2015-06-29 12:22:29,,19,看介绍很平庸，但其实很精彩。可惜梧桐树是假的。
Luke,5,2012-11-07 23:31:55,,22,puppylove.真是令人怦然心动。
斑斑点点,5,2017-02-17 22:01:38,,35,每个人心中都有一个属于自己的无花果树。
ᥫ᭡້໌,5,2017-02-08 15:29:55,,62,刷了至少十五遍，每次难过就刷一遍，女主刚开始不讨喜，但越看越喜欢，男主的帅气也抵挡不了女主的魅力。这部剧没有别的经典剧那种厚重压抑感，是个能让你放松开心温暖的剧。
大志的小耳朵,5,2016-12-30 11:50:02,,23,超喜欢这部电影。有些爱情发生的很早，有些爱情可能在认识之后历经多年才产生，无论如何，它发生的那一刹那，那份怦然心动都是最珍贵最美丽的情愫。愿所有美好的心灵不被辜负。
昏金暗玉,4,2011-11-21 13:54:21,,16,简单大方，返璞归真。否则RobReiner大可以追述小男孩的父亲为何未能改变一个既定的事实：他无法成为一个萨克斯风手，只能对家人和邻居怀着不动声息的怒火。RobReiner不想玩深度，他只怀念那份甜。
Ms_underwater,3,2011-01-01 22:26:23,,29,评分这么高的点到底在哪里？
原来是西门大嫂,4,2011-01-02 00:06:26,,32,吃着全家桶看完后杨巴巴说，猴子你等我我去把鸡翅种到家门口。。。
王明,5,2022-12-13 10:07:50,黑龙江,28,女孩的成熟真不是同龄男孩能招架的住的
琴酒,5,2012-12-28 18:40:48,,22,重看真是觉得太好看了，淳朴，真挚。最好的女孩子。
李彬BinLee,5,2011-07-01 18:04:49,,20,真好看的青春片！
幻觉共有,2,2020-09-13 22:07:35,,35,从头到尾都觉得男主太讨厌了感觉男女主的感情全靠颜值支撑没有精神面的化学反应无法共情
宋小君,5,2011-01-15 12:09:53,,19,美好……
心生,5,2014-12-03 00:40:26,,19,美好得让人喘不过气。
👹天神的审判,4,2018-03-26 18:18:08,,30,这就是情窦初开的感觉吧，很美好的感觉！女孩子真的比男孩子早熟很多啊，女孩子善良，独立，有个性，真的是什么样的家庭教出什么样的孩子，很喜欢男孩子的外公，真是一个很好的长辈。
sharon,4,2017-03-17 20:25:50,,17,美式清新，在谈清纯的爱慕同时又有一些生活的哲理，动人又不是乏味
shu,5,2011-01-26 23:57:28,,17,很动人。对于大多数人，这样的事儿在当时都是差一点儿发生或者只发生了一点儿吧，所以看到电影里的种种都像是想象和期望的延伸。
向生,4,2018-02-09 16:04:39,,15,最好的就是青梅竹马。那一瞬间就被打动
袁长庚,5,2011-05-15 16:09:00,,22,我可以给这片子6颗星么？
阿暖,3,2010-12-26 18:10:57,,17,评价好高啊为毛我觉得很无聊==而且这姑娘长得真像我一高中同学看到她我就觉得好悲剧……
岛上的夏奈,5,2014-02-07 01:51:41,,24,自己没有机会经历的话，跟着电影经历一次也算了了心愿了。
哪吒男,5,2012-10-10 19:35:05,,17,我曾爱过一个男孩。
嘻嘻,5,2018-03-26 21:10:14,,15,斯人若彩虹，遇上方知有，曾经的个签，很喜欢这种青涩懵懂的感情
Vamei,4,2016-08-16 03:45:43,,16,educateyourkidswithpatience
LORENZO 洛伦佐,4,2010-12-02 22:37:50,,19,超温馨我也喜欢那个女孩
乌鸦火堂,5,2010-12-10 09:42:13,,18,青春版当莎莉遇到哈利，单纯版伴我同行，温柔版危情十日，罗布雷纳集大成之作，这才是搞对象的必看电影
邓若虚,3,2010-12-13 16:49:33,,16,傲慢与偏见的故事。
杨大志°,4,2017-03-21 22:50:54,,15,有些人浅薄，有些人金玉其外败絮其中，但是总有一天，你会遇到一个绚丽的人，她让你觉得你以前遇到过的所有人都只是浮云。
風人,4,2022-08-19 22:40:25,四川,16,对于男生，真爱的标志是腼腆、害羞、胆怯。对于女生，真爱的标志是勇敢、奔放、直率。因此，这部影片里面的男生显然是不合格的。而女生，已经是溢出满分了。
海洋小饼干🍪,5,2011-01-01 18:50:03,,22,“我们中有的人暗淡无光，有的色泽艳丽，有的则光彩照人，但是偶尔你也会遇到色彩斑斓的人。当你真遇到时，其他的一切都不重要了。”——《怦然心动》
不吵的猫,4,2017-02-10 19:49:05,,14,真正的幸福来自内心深处
Ocap,4,2016-06-29 11:02:03,,9,16.2.5又是以知音式观感强侵人心的电影，罗伯·莱纳能拍出《伴我同行》和这部，想必是个情商又高记忆力又好的人。用至俗技法去回寻青春的鲜明点滴，暖人心窝又引人叹恨的记忆就这样呼之欲出了，似是而非的的鸡汤中，释放非命题的真善美。片子让我想起初恋，女主却又像极了另一个人，搞我心塞。
大白能喵,2,2012-10-18 17:25:30,,17,不喜欢这么外露的女主+优越感到天上去的男主视角，女主越变越丑一点不萌，而且有必要这么低三下四抛弃自尊去迎合有一个不喜欢你的人么==坐在树上看风景的情节还不错。不过双重叙述好歹看出点区别来不行么。半小时都不到就看不下去了。
听説,5,2018-02-09 15:41:51,,82,喜欢这纯纯的爱，男女主从小算是青梅竹马，一起成长。这部爱情片是我最喜欢的一部。评分还不到九分，不应该啊
呢昵喵,4,2017-02-11 23:23:59,,8,纯纯的爱，纯纯的味道。
emillyhom,4,2018-05-28 23:36:25,,10,纯纯的，简简单单的爱最触动人心了
如是,5,2018-06-27 11:16:37,,13,真的是怦然心动。
Sophie  Z,5,2011-01-31 11:53:44,,15,有些人浅薄，有些人金玉其外而败絮其中，有天你会遇到一个彩虹般绚丽的人，当你遇到这个人之后，会觉得其他人都只是浮云而已。
凉面加辣两勺半,5,2017-09-11 22:32:38,,10,很纯
左胸上的吸盘,3,2014-09-20 15:04:07,,10,故事很简单，罗伯莱纳好像也不接故事复杂的活儿，其实这片子说起来，故事又简单、形式又很PPT，是没什么意思的，但是看的时候心情还算愉悦
我lu不会飞,4,2017-04-27 22:26:32,,13,斯人若彩虹，遇上方知有，看完了真的是满满的感动
司令,4,2012-01-19 12:34:02,,9,多一星给男主，好帅
仲楚,4,2018-06-21 20:06:58,,16,世人千万种，浮云莫去求，斯人若彩虹，遇上方知有。
匡轶歌,3,2010-12-22 01:08:28,,10,有的人浅薄，有的人金玉其表败絮其中。有一天你会遇到一个彩虹般绚烂的人，当你遇到这个人后，会觉得其他人都只是浮云而已。　　
鬼腳七,3,2010-12-14 22:34:15,,5,所以说嘛，男人和女人永远是无法互相理解的。角度很不错，旁白有点冗长。and我不明白这片子为什么这么高分，我太不文艺了！
桃子,2,2010-12-11 00:11:54,,13,是有声书吗？旁白唠叨死了！
世界尽头,5,2018-07-15 07:09:45,,17,有的人浅薄，有的人金玉其表败絮其中。有一天你会遇到一个彩虹般绚烂的人，当你遇到这个人后，会觉得其他人都只是浮云而已。
贝果在唱歌,4,2016-08-05 14:32:00,,17,这他妈才叫青春片呢，里面发生了关于青春所有惊天动地的大事。。。
曼仔,4,2014-06-20 12:35:49,,13,叙事很好，拍的很细腻，表演也很细腻，配角也颇有可挖掘处，但是唯一的缺点就是真的只有我一个人觉得Juli长的真的不好看么……特别像电视剧手机里的牛彩云……看到她我的脑海中就盘旋着“牛三斤，牛三斤，你的媳妇叫吕桂花”然后分分钟跳tone。刚开始镜头里那个小Juli长的是真好看！Bryce长的也好看。
闫妮,5,2015-02-01 14:09:38,,14,记得当年年纪小，你爱谈天我爱笑。依然是迄今最喜欢的片子，触到心里最柔软的地方。
眠去,4,2010-12-11 00:52:34,,11,像《初恋的回忆》的童年版
超神的我妻由乃,5,2017-04-04 13:34:18,,8,上个世纪的故事电影色调很暖故事简单但很甜还有男主真的好帅
爱情海,4,2017-04-27 21:34:14,,7,是一部清新自然的青春年少时感情，懵懂纯真的感情，最让人怦然心动。
novich,4,2017-08-11 23:58:36,,17,平行结构，明显偏向女方。讽刺的是，被动阴柔、以色相取胜的是男性，主动、真实、勇敢的却是女性，也是此片诱人之处。女性主义色彩的青春片。
圆满金秋,4,2015-05-11 10:18:38,,17,你不用为谁变成他们想要的样子，你自己本来的样子就是最美好的，现在的你只是一颗种子，以后会一定开出灿烂的花朵。
程四夕,5,2022-02-24 14:32:10,,23,比起两个小主角之间的感情，家庭成员之间的相处模式，和带来的不同思考，真的不错。
蒜 | BOY A 🌈,5,2011-01-01 18:22:37,,10,2011年第一部电影《怦然心动》：有些人浅薄，有些人金玉其外而败絮其中，有天你会遇到一个彩虹般绚丽的人，当你遇到这个人之后，会觉得其他人都只是浮云而已。
艾晨,5,2011-02-18 01:53:17,,8,真是美好啊
榴莲妹,4,2017-06-30 07:38:04,,7,怦然心动，初恋的感觉挺好，其实也不是童话般的故事，但也会向往。女主很优秀独立，会值得有更好的
北欧以北,5,2012-02-01 07:02:52,,19,有些人浅薄，有些人金玉其外，败絮其中，有一天你会遇见一个彩虹般绚烂的人，当你遇见这个人后，会觉得其他人只是浮云而已。会发光的人，是能拯救他人的人生的。怎么都觉得男主角是绣花枕头，但有双迷人的眼睛。我总觉得是女孩挽救了他的人生，否则他是否会和他父亲一样最后从骨子里腐烂掉呢。
还不过来扶着朕,5,2017-03-26 12:14:15,,8,像少女的一个梦，女主太可爱了，男主有点讨气但幸好最后醒悟，我爱这部电影
波波维奇,5,2018-06-27 18:53:10,,12,纯纯的初恋的感觉，生活的点点滴滴细水流长，喜欢这样的电影。
你不喜欢文渊吗,4,2017-06-17 17:31:33,,13,初恋是最棒的也是最瞎的
寒枝雀静,3,2019-04-03 00:27:43,,8,D＋/半醉。男主也太好看了吧8。感觉有些家庭身份什么的完全可以更深入一点。
兽与面具,5,2018-06-27 12:05:14,,9,在绚烂人生来临前，你是否已做好怦然心动的准备？
小海,4,2012-03-31 05:05:15,,11,导演居然是一个47年的大叔，他是多有童心啊……小男演员真的好帅……还有很遗憾的感叹，我想早恋可是TM已经晚了！！！
冰红深蓝,4,2015-11-29 16:43:17,,17,温馨感人的青春片。双重视角交替切换叙事，并将男孩女孩不同的心理活动通过旁白细腻地呈现，让这个纯真青涩的初恋故事显得新意十足又不乏代入感。影片染上了一层朦胧的暖黄色，配乐清新，对白诙谐而暗含哲理，没有俗套滥情的渲染，唯一不足是收尾稍显仓促。你送给我鸡蛋，我为你种上梧桐树。（8.5/10）
做一件事很难吗,3,2018-03-28 12:13:56,,11,很清新的电影两个小孩内心的独白可以看到美景的梧桐树
昵称被占不开心,5,2017-02-11 20:44:35,,40,两个孩子一棵树，荡气回肠
追风筝的人,5,2010-12-20 10:25:13,,12,完美的爱情片，就叙事角度和手法而言，甚至超越两小无猜
花衬衫,4,2018-06-27 22:38:51,,8,相当喜欢这种纯粹，朦胧的感情，很美好。
一蓑烟雨任平生,5,2018-07-11 19:33:48,,8,小女孩太可爱了，以为一直待在树上树便不会被砍掉。男孩和女孩之间的对话，我感受到了一种情窦初开的感觉。
Giroro,4,2017-05-27 14:22:23,,12,听力课上看的电影，怦然心动，就只是一眼，一眼万年，初恋总是美好的
奥特曼,5,2018-05-21 20:18:28,,4,有些人浅薄，有些人金玉其外而败絮其中。但是总有一天，你会遇到一个彩虹般绚丽的人，她让你觉得你以前遇到过的所有人都只是匆匆浮云。
久久鸭脖,5,2021-04-06 19:24:41,,54,导演功力太深厚了！明明是再日常不过的鸡零狗碎十几岁少男少女的小心思却探讨了人生成长亲情爱情梦想正义……丝毫不落俗套扣人心弦
比巴卜巴比,5,2023-06-30 17:31:11,河北,28,朱莉是个内心强大的女孩，说实话，这个男孩不怎么配得上她。喜欢这两个人视角的切换，挺细腻的。景色拍的很美，氛围不错，我也挺喜欢女主的那个女朋友，也是一个勇敢开朗的女孩。
暴富的女孩是我,4,2017-02-08 00:01:26,,9,每个年轻男女心中都有那么一棵树吧，不知道还在不在，不知道还能不能再重新种下。
席德,4,2023-02-19 05:53:00,英国,24,给三分太刻薄，给四分又太慷慨。三点五分四舍五入吧。温馨的电影，缺乏深度，老爷爷完全是被安插进来推动剧情的工具人，哈哈。
欢乐分裂,4,2010-12-18 18:42:09,,14,不仅是青春和爱情，还有责任和自立。
春风绿江南,5,2016-05-21 12:05:56,,7,一个特别简单的故事，讲得荡气回肠。
丑人雷达,3,2021-08-09 09:30:16,,41,看完丝毫没有心动是我的问题吗🚬
途经一个你,5,2017-04-30 14:45:34,,8,斯人若彩虹，遇上方知有。真的是怦然心动。
蜉蝣,4,2011-01-25 10:24:38,,8,大胆又坚定的姑娘。
豆友171203623,5,2023-07-13 15:24:52,河北,30,这个故事好迷人，女主角像个小精灵，她脑袋里总是有各种奇妙的风景，好有趣！现实中，像男主那么帅的人很少，但是像女主这样拥有丰富精神世界人更少，越长大，越贫瘠，希望我的另一半不是男主爸那样垃圾的成年人，希望未来的我不要成为男主爸这样垃圾的成年人！
媛木子,5,2017-03-12 22:56:46,,6,非常喜欢的经典电影之一，每次看完都感觉心里暖暖的，爱情总是在不经意的瞬间。
小A,4,2011-12-27 05:18:16,,6,9.25转换旁白角色的时候画面会翻转，响应标题'flipped'。罗伯·莱纳真有意思，从'摇滚万万岁'开始就新奇想法不断，而且表达这些想法和使用资金一样很到位，布朗克斯人都喜欢打一枪换一个地方么。跟着思绪走的剧本行进流畅。一口气看这么多美国小甜妞有点眼晕啊。
小豆小瓣儿,5,2020-11-24 01:26:29,,18,清爽宜人的青春爱情片儿仿佛吃了根脆黄瓜清新过后一丝甜平行蒙太奇的运用让两主角的心思徐徐道来真好
美女菜kun,4,2017-04-27 21:00:14,,11,真正的怦然心动，好心水啊！
Alain,5,2016-02-25 22:20:09,,10,中国的小孩子是被迫没有初恋的。
纤纤,4,2017-04-11 14:03:40,,10,让你相信一见钟情确有发生，怦然心动感觉很美好。
草威,4,2010-12-06 23:32:10,,9,这个片子的感觉太准了，小时候喜欢一个人就是不断地找她麻烦，和她纠缠。
肆食二,4,2022-02-28 00:16:56,,6,如果按小说来算，算作花季雨季甜宠文了，优点就是对心理描写得比较细致。在两人感情合二为一前，先虐女，再虐男，再加上若有若无的情思铺垫，最终谅解，两个主人公走向一起。对女孩儿独立自主刻画得比较好。男孩本应该还有更深度地从懦弱中走出来（和爸爸不同）获得新生的过程，但这一部分仅仅是成功走向女孩，有些遗憾。总体来说，小清新，有点儿不理解占据25的高位。
伊卡洛斯,5,2011-09-13 18:52:59,,10,因为喜欢你所以想去去拉你的手，所以在众目睽睽之下就去抱你，所以给你送新鲜的鸡蛋。你若是也喜欢我就为我种一棵树吧。
ღ 狐不悔，,5,2016-05-01 20:48:01,,12,这大概是我看过的最最简单的故事，可它又是那么不平凡，特别到仅仅是一个眼神就能让你怦然心动。当她走出那扇门时，他看到了Chet说的色彩斑斓的人。
连翘,3,2019-08-21 15:47:26,,6,高中时和初恋躲在墓地用他的平板看的，他很喜欢。但我很讨厌女主，不仅讨厌她的外貌也不喜欢她那种上赶着的性格，坐树那段我内心毫无波动甚至觉得矫情。论纯爱，比不上仙境之桥百分之一。现在长大了才知道，原来我那么年轻就讨厌白莲女主了哈哈哈。
大耳朵图图_,5,2017-03-27 23:03:52,,10,喜欢这种美丽的爱情，温暖又治愈，重点是男主我好喜欢😍😍😍😍花痴中
汪金卫,4,2013-08-15 23:00:55,,8,小清新的青春爱情童话。故事很俗套，但拍的很好。同一情景双重角度这一想法很棒。剧本很扎实，干净利落不拖沓。即使配角也对剧情各有用处。《当哈利遇上莎莉》导演罗伯·莱纳回归纯爱题材，果然手法流畅凝练。但就是觉得缺了点什么东西，能让其更完美一点，更动人一点。
茹影随形,5,2017-05-31 13:39:45,,4,初恋的故事总是简单又动人，多么美好。我的青春呢？
国王KING,4,2015-08-15 08:51:21,,8,一个关于爱情的故事，男孩与女孩的相识的那一刻就开始怦然心动。成长的故事总是那么让人喜欢。画风怀旧，始终有明亮的暖色调。喜欢里面的叙事方式，双线交替并行推进，虽然内心独白蛮多，可是并不闷。
你说呢,5,2018-01-19 22:01:08,,43,我最喜欢的一部电影。斯人若彩虹，遇上方可知。真好，最后他们还是在一起了，还想再看一遍😘
小森林,5,2017-03-22 16:41:53,,10,两小无猜，温暖美好
去你爹的,3,2017-02-09 15:02:44,,12,到底哪里好了=。=
小川   靜,5,2017-03-10 18:26:47,,6,兩小無猜~~有的人看一眼就喜歡，一眼萬年啊....單純稚嫩的心思，認定了就無法改變.鄉下好美.
高詩遠,5,2018-12-23 01:25:46,,3,堪称完美。从表现手法上看最令我惊喜的是分别以男女视角来推动剧情。一开始认为女主长大长残了，到最后才发现这是我的理想型啊，又成熟又独立！！临近片末的那个男生拍卖我也觉得特别有意思。另外这部片的每一个角色都特别有个性，也特别善良，当然包括刻薄的男主爸爸。两小无猜的感情令人羡慕，也希望拥有能够互相了解的另一半。
SydneyCarton,4,2011-02-05 10:56:16,,7,还真的让我有一点点动心，本来觉得结尾有点煞，但现在回想下，是我觉得93分钟过得太快了。
穆青,5,2017-05-12 23:20:02,,9,有一天你会遇上一个彩虹般绚丽的人，让你怦然心动，无与伦比美丽。
慕詩,4,2018-06-26 18:32:24,,7,单纯美好。
bornfreeyolo,5,2017-03-21 19:23:21,,6,怦然，但不仅仅是心动。简单的故事却荡气回肠，非常非常喜欢，看了好多遍！
随意,5,2017-05-08 22:50:06,,8,每个人都有青涩的时候，这就是那个让人怦然心动的青春回忆。
乔迦,4,2013-06-16 11:56:40,,10,女生总是比男生早熟，女生明白爱情时男生还在懵懂，当男生明白爱情时，女生却已经开始反思爱情了，这也是现实里很多年轻情侣分手的原因
Muto,4,2019-03-25 19:07:25,,5,家庭主题最能考验导演的功力。事实证明，洗尽铅华的莱纳交出了一份令所有人都《怦然心动》的答卷。他深知人们对于同一件事物怀有不同的看法并很难达到感同身受式的共情体验，因此影片睿智的采取了辩证叙事视角。正如影片中父亲提出的概念，所谓“整体大于部分之和”并非是眼前的风景而是指我们浮动流转的视野。人生的悲凉在于生命的长度会随着时间的推移而不断缩减，但幸运的是生命的宽度（感知力）却是随着成长而逐渐提升。最终在两小无猜的互动当中，我们看到一颗包罗万象的《树》深埋在充满水分的泥土里。
淡水无香,4,2017-05-26 21:14:50,,4,一个如此萌的正太站在面前，谁不会心动？
会笑的昨天,4,2015-12-27 15:41:23,,4,挺不错的电影看后很有感触，好想成为这样的女孩。
lost7,NaN,2010-12-02 23:37:00,,11,纯真
傻冒叔,4,2012-07-08 22:12:42,,8,不做作的纯真，总是容易打动人。
JulyChan,NaN,2011-02-02 11:39:48,,3,只是这个小女孩绚烂的成长史。
Juria的恶童妹,4,2012-05-24 01:47:19,,0,someonelikeu怦然心动
同学李,5,2012-05-23 22:57:10,,0,挺不错的电影看后很有感触
Chase,NaN,2012-05-24 10:14:42,,0,Yes，thatis...
柠檬海盐,5,2017-03-26 22:29:35,,5,初恋
姜星星,4,2020-10-18 22:44:08,,12,更打动我的是西方这种对孩子的爱的教育，放手让他们去爱，了解爱，学会爱。
Olivia,4,2012-03-18 01:45:04,,7,少男少女必看，爱与美的启蒙。
Marni,1,2023-07-16 21:33:48,韩国,10,这可以叫带讲解的PPT，也可以叫为抖音而生的长视频，总之肯定不能叫电影。。。。
咯咯精,3,2013-05-26 13:17:55,,4,这片子打太高不好吧…反正我在low的时候一边看一边哭…
吴嘎嘎,5,2010-12-16 17:12:53,,2,好久没看这么抓人的电影了
容貌焦虑主理人,1,2020-05-30 06:51:53,,13,改编自美国张小娴吗？我为什么对此无动于衷，觉得好做作。这种鸡毛蒜皮的事情，纠缠了这些人一辈子。像是英语教材上的一篇散文。
明安,4,2017-01-07 16:40:19,,12,好看！！！！！！！！！！！！
松萝,5,2016-03-15 14:00:53,,10,很喜欢这种视角不断切换交替的叙述方式，将少年少女的成长心事描述的多么动人。女孩总是比男孩早慧，所以她在树梢看风景时他漠然不解，她送的鸡蛋他悄悄丢弃，男孩往往混淆自己的感情，于是以别人的观感代替自己的判断。但幸好他们的人生路上都有指路人，也幸好他在努力追赶的路上她肯停一停。
Lottie,5,2011-12-31 21:18:11,,16,我一直相信，这个世界上是有一些爱情如同宿命般无从逃避，不可取代，色授魂予，需以性命相拼。
奇拉,5,2013-11-08 21:56:24,,7,有些人沦为平庸浅薄，金玉其外，而败絮其中。可不经意间，有一天你会遇到一个彩虹般绚丽的人，从此以后，其他人就不过是匆匆浮云。
思考的猫,4,2011-10-06 22:54:13,,7,男孩和女孩各自角度的双线程叙事，最终汇合成爱的成长与成熟。
黑樱桃摩卡,5,2010-12-01 16:24:08,,0,有些人浅薄...有些人金玉其外而败絮其中...有天你会遇到一个，彩虹般绚丽的人...当你遇到这个人后..会觉得其他人只是浮云而已...
壳子,4,2017-01-29 22:26:16,,6,网上看到经典台词才来看的期待有点儿高反而没多大感觉传达的价值观还挺正感染力欠一点
朝阳区陆依萍,4,2012-05-17 22:35:27,,3,山楂树怎么有脸出来见人。。。PS：不是影片故事爱情太纯洁，只是现实太残酷了，所以我们才要去在电影里感受纯洁，真TM的贱。。。
暖暖的阳光,5,2017-05-30 00:41:37,,5,就是很日常很细水长流的青梅竹马很喜欢
赫舍里清如,4,2017-02-24 20:47:14,,6,遇见你的那一瞬，我就确定对你怦然心动，直到我们行至白首，心动依然如故
杨桃,5,2016-09-19 12:22:18,,7,两个人之间关系好萌一对小孩，一棵树，特别简单的故事，讲得荡气回肠
已注销,5,2017-04-01 21:10:22,,3,单纯的初恋的感情
艾尓格曼,5,2012-01-08 11:02:00,,0,good
樹一,5,2011-02-15 22:59:33,,9,好久没有看过那么美好的电影了~！
© 自由过客,4,2010-12-14 04:47:38,,0,很可爱很温馨
Makiiii,4,2012-06-18 17:07:16,,0,感动到
大-燕-威-王,5,2010-12-25 18:48:08,,6,有些人浅薄，有些人金玉其外而败絮其中。有天，你会遇到一个彩虹般绚丽的人……当你遇到这个人后，会觉得其他人只是浮云而已。
neil_1985,5,2012-06-18 15:06:43,,0,小清新电影~
媛媛,4,2018-07-15 08:58:33,,7,一对小孩，一棵树特别简单的故事，却真的怦然心动了！
是灼灼,5,2015-06-06 22:04:45,,9,天呐真的好甜♡哈哈哈哈哈哈哈我简直是女主角的性格脑洞女配角的命运哈哈哈哈哈哈哈[泪目]
间歇性机智症,5,2018-09-26 01:59:54,,8,年轻真好，有那么多感情可以挥霍……
徐若风,3,2014-01-01 13:18:27,,107,美好清新，容易令人喜欢，片名可以叫《小鹿乱撞地翻动下一页》。评分过高，8分左右可以接受，何至于9.1分....
bookbug,5,2012-06-06 21:23:36,,11,超喜欢的情绪和调调，真心被感动了，大爱的佳作！
电影爱好者,5,2012-05-23 15:29:25,,0,这部电影真的不错~
圆小圆,5,2012-05-23 13:29:50,,2,简单的剧情，确能触动我的心灵，有机会要看原著！
Cava,NaN,2012-05-23 11:59:57,,0,青春期的爱情故事，美好的不忍触及。
XiaoMing,NaN,2012-05-22 23:02:54,,0,真的很棒的一部电影，关于成长的思考，至今任然在回味成长的瞬间
小丸子,NaN,2012-05-23 09:13:44,,0,简直纯粹不纠结的青梅竹马的爱情。
YN,5,2012-05-23 13:09:18,,1,小说一样的电影，浪漫无比
一叠昨天,4,2012-05-23 09:30:46,,0,懵懂的才是这个世界最好的。。。
bloune,5,2012-05-22 23:01:47,,0,很美，很纯，很不错
小鹭,4,2012-05-23 08:52:04,,0,电影里不喜欢自己喜欢某个人的感觉真妙早安
我是你的爱妃呀,5,2012-05-23 09:57:11,,0,当有一个如彩虹般绚丽的人出现。你会发现。其他人不过是匆匆浮云。
side'4,5,2012-05-22 22:14:44,,1,它令我想起曾经怦然心动的轻吻
梦到sf,5,2012-05-23 00:53:56,,1,成长中不可缺少去爱和被爱
Clementine,4,2012-05-22 21:01:21,,1,很少有看美剧看出看韩剧的那种flipped的心情
Dark倌,NaN,2012-05-22 22:27:58,,1,当时觉得很没内涵。。。
为小婷,5,2022-06-05 18:50:19,,30,July有超强的人格魅力。勇敢去爱，并且爱的干干脆脆；人格超级独立，从没想过去改变自己，并且还会自省去看所爱的他是否值得；脚踏实地去实现心之所想，包括保护梧桐树，养小鸡，修理草坪和看叔叔。在July的影响下，Bryce在思想上逐渐长大了。July的家庭尽管不富裕，但很有爱。当父母吵架后，轮流去安慰July，让July不自责并且感受到爸妈间的爱。也是在这个爱的大家庭中，July的内心无比强大。
King Sitcome,4,2011-01-12 23:27:49,,1,好大一棵树~~~这棵大树有荫凉！
大發,5,2010-12-27 02:34:17,,0,情节错落有序，很严谨的结构，故事简单，却怦然心动！
🐈,5,2017-03-17 13:32:04,,7,有些人浅薄，有些人金玉其外败絮其中，有一天你会遇到一个彩虹般绚丽的人，当你遇到这个人之后，会觉得其他人只是浮云而已
请你吃童话,4,2016-09-18 10:52:39,,8,淡淡的美好纯纯的爱恋
恰卜恰布,5,2011-08-04 10:32:09,,0,这种纯爱系列的也是我的胃口···故事很喜欢··
panger,5,2010-12-04 00:33:03,,0,所以说女追男隔层纱。早恋没什么不好的，见得多才能识得广。
✖,5,2011-12-12 15:43:23,,0,等他们长大后又会怎样呢？
懒得要死.,5,2021-04-01 22:16:02,,51,有些人沦为平庸浅薄，金玉其外，而败絮其中。可不经意间，有一天你会遇到一个彩虹般绚丽的人，从此以后，其他人就不过是匆匆浮云。
NeoCon,4,2011-02-09 17:51:20,,0,nicefilm.BetterwithoutJoeBidenandBillClintonandalltheRepublicancliche.
老佛爷小银子,5,2021-01-26 19:25:39,,14,以前因为密集的台词听得我头晕被劝退，现在重新捡起来看，发现了不少惊喜。大部分普通女生可能都是女主的家庭，甚至比她家还要好一点，但女主却一直很乐观，很有主见，这和她父母的教育分不开。无论是她养鸡，还是造院子，他父母都全力支持，她自己也能说到做到，是个果敢无畏的性格。每个人都有可能是个整体大于部分之和的个体，但很多人又不是。
cxdx,4,2012-06-18 10:06:18,,0,轻松而深刻的故事~
青树,4,2012-06-18 12:07:51,,1,年少的感情最纯真
心念27,NaN,2012-06-18 11:48:02,,1,心动的感觉，心知道。
RRRRRi,5,2012-06-18 08:47:32,,1,whenIfirstmetyou，Iflipped
春暖花开,4,2010-12-24 22:33:59,,0,boyisbeautiful.girlislovely.
狗富贵,5,2017-05-03 13:43:30,,3,清新淡雅，主线简洁明确，很不错。
林井林,5,2022-10-17 23:35:17,上海,8,精准戳中小学到初中那几年的懵懂。男生版，女生版，时而相反，时而互相补充。最后她说“我们似乎从未交谈过”，真是初恋精髓。《情书》如此，我亦如此。向詹詹复盘我的“纸条事件”“饭盒事件”，什么口是心非词不达意永远绝交，都真实地上演过。当然，那句“整体大于部分”也是识人的关键。
连城易脆,5,2015-07-24 15:23:36,,6,本片给我最大的感受就是俩字：羡慕。导演的叙事手法还是很有一套的....
Lucifer,4,2011-01-14 10:02:06,,0,很简单，很怀旧，很有爱
小肉兔,4,2017-07-23 21:55:01,,4,怦然心动的感觉很美好
邈邈,5,2011-01-07 18:58:23,,0,好喜欢
Mr.Cheung__,5,2012-05-25 21:10:34,,0,两小无猜，青梅竹马，说的就是这的故事吧
一灯,4,2010-12-26 20:50:40,,0,主角不是俊男美女更能让我们撇开别的想法，贯穿的插曲也是那种很朴实的有点乡土的老歌曲
邹小樱,5,2011-01-09 15:07:14,,0,又找到一个“XXX式的”对老婆的形容词了！！
且听风吟,4,2011-12-27 13:41:17,,0,sointeresting!
一只麦麦,4,2010-12-18 00:28:47,,2,男人来自火星，女人来自金星
清和下弦,5,2021-02-11 17:50:49,,14,Someofusgetdippedinflat，someinsatin，someingloss.Buteveryonceinawhileyoufindsomeonewho'siridescent，andwhenyoudo，nothingwillevercompare.有些人沦为平庸浅薄，金玉其外，而败絮其中。可不经意间，有一天你会遇到一个彩虹般绚丽的人，从此以后，其他人就不过是匆匆浮云。世人万千种，浮云莫去求。斯人若彩虹，遇上方知有。
熊小瓦,4,2012-08-02 17:20:09,,0,看的我怦然心动！你怎么好意思比《山渣树之恋》还纯呢？
糯木,4,2011-10-01 22:44:52,,3,山楂树表示真不好意思说自己史上最纯！柔光打得连雀斑都变美了，但就是这么纯的电影为毛会出现长达两分钟的特写蛇吞蛋！！蛇！吞！蛋！噢卖糕的那货是条蛇！吞了那颗蛋！
Queenside,5,2017-04-12 22:09:15,,3,有一天你会遇上一个彩虹般绚丽的人，让你怦然心动，无与伦比美丽。从此以后其他人不过匆匆浮云。我想多年以后我都会记得，当时对你那一秒心动时的感受。
谢谢你们的鱼,3,2014-04-27 20:41:32,,5,又看了一遍，这种不灵光的双线叙事只能支撑一半的时间，影片的后半部分真的完全弱掉了。影片用喧宾夺主的小聪明回避了自身在情感表达上的粗糙，果然还是形式大于内容。
忍花草,5,2011-01-17 23:13:22,,1,初恋的感觉。
原罪,4,2012-05-25 22:26:48,,0,又是一个从2/3开始看进去的剧情片纯纯的小片儿
fallingraining,4,2011-09-15 20:19:23,,1,平平淡淡才是真啊。
:-O一觉醒来,5,2017-03-20 23:15:37,,4,棒棒哒
蹲屎少女,3,2022-03-28 11:37:38,,26,论颜控普信女如何追懦弱社恐男
Kiss&Cry_Joy,5,2012-06-18 19:02:28,,0,初恋多美好。。哈哈
timeriver,5,2010-12-16 21:33:07,,0,nice，nice，verynice的清新！
影享者,4,2012-06-18 20:29:27,,0,嗯，不错。
Ray,NaN,2012-04-24 18:10:37,,0,无数旁白
茕茕白兔,5,2018-06-15 12:18:39,,5,很温暖，很治愈，勾起了心中那不愿忘记的回忆。
森川葵(已变美,5,2011-01-28 22:58:47,,4,我终于明白为什么我会那么喜欢《AWalkToRemember》，就像现在喜欢这部电影一样：Becausethegirlandtheboy，theydeserveit;TheydeservethistrueandpureLOVE.
EVANGELION,4,2011-07-28 21:03:56,,0,从傻逼到牛逼大家都需要一个过程的，莫名对美女帅哥的态度好过别人，虽然这是人之常情吧，包括自己，还是觉得挺愚蠢的。
Lucifer@CCC,5,2011-09-05 23:21:51,,0,看到最后不得不说，最拙劣的才是最美好的，人总要失望几次才会反思什么才是属于自己的。。。
比芭宝,4,2011-06-09 14:19:47,,0,总有一天，你会遇到一个绚丽的人，让你觉得其他人都是浮云。
火娃,3,2014-05-03 04:42:40,,6,7/10。脸谱化的人设，甜腻到都不靠谱的小清新故事，这种双重视角反映同一事件不停的闪回来闪回去搞得人有点烦，过分依赖独白曝露了导演在感情刻画上的底气不足。不就是角色互换（追求-倒追）这样终成眷属的俗套爱情嘛，而且讲得又不有趣。
vivi,3,2012-02-12 21:13:43,,5,男生就是比女生幼稚些~
夜观风,4,2012-02-18 12:57:00,,1,预算：1400万首周末票房：22万北美票房：175万全球票房：N/A上映日期：10.08.06上映周数：10周分级：PG最高院线数：442北美最高排名：24
言知檀,5,2011-08-11 13:23:51,,0,也许每对同龄情人之间都有这种烦恼，女孩总是比男孩成熟的早。
独立日,5,2011-01-09 15:16:21,,0,温馨又不失趣味的片子，看完感觉暖暖的
小鱼走失1890,5,2014-09-21 23:51:46,,5,男生的心理年龄总是要比女生差很多，会做很多傻逼的事情。「宽恕不可宽恕之人，并且爱他」
Earl Mists,5,2011-05-21 00:42:15,,0,这是早恋吧，为什么老美可以这样。。。
豆豆是罐酱,5,2012-05-25 21:31:25,,0,letitbeme
江边一只鸟,3,2011-01-18 17:55:51,,0,小姑娘卖相减一星
mattia,4,2011-01-16 17:56:32,,0,有些人浅薄，有些人金玉其外败絮其中。但总有一天，你会遇到一个彩虹般绚丽的人，她让你觉得你以前遇到过的所有的人都只是浮云
Dx,5,2012-06-19 09:50:21,,0,纯真
小手拔凉,4,2017-05-04 17:29:24,,3,翻译得真好，怦然心动，女主见到男主的第一眼就心动了，而男主在发现女主的美的那一刻，怦然心动。另外，中国什么时候能有篮子男孩那样的活动
无语望天,5,2017-03-16 21:25:14,,4,浪漫温暖
棲qi木聪,4,2011-02-10 02:40:31,,1,好纯真的年代~~喜欢这种复古情怀
[已注销],5,2011-02-25 14:24:13,,0,touchy
托尼·王大拿,4,2010-12-18 23:24:34,,3,这才是真正的不打折不内涵的小清新，两个小演员不错，尤其是小萝莉的表演真是一个自然；双线交织对比叙事的形式是很好，但为了从始至终保持这种形式的一致性，而忽略了许多支线人物的故事，例如正太的父亲外公，萝莉的父母哥哥，不得不说这是一种缺憾。
睡懒觉的cc,4,2010-12-15 15:41:45,,0,两小无猜的年代。
我还是我,4,2011-08-03 22:16:07,,0,x
BLUE,3,2012-11-29 21:24:42,,0,我只能说这种不适合我。。。
软,5,2012-09-03 16:25:42,,0,差点就错过了这么好的
王神爱,4,2011-01-07 20:34:26,,0,男娃帅这是一部女权主义片啊
三文鱼,5,2012-05-25 16:01:59,,0,这部电影让我想起你看到最后就自然而然的掉泪了呢
kylegun,5,2010-11-22 10:23:16,,3,被脸谱化的真善美感动到了怎么办？
陶子冬,4,2010-12-16 14:41:07,,0,独特的似乎是同一个版本的，两种心理状态，比起初恋那件小事，有点小儿科了。
支离破碎,4,2012-12-09 13:12:45,,6,很不喜欢男主，但最后他的倒追道歉和种树让我原谅了他。幼齿时期的爱情多么坦率。比起细腻的怦然心动与成长，关于树的一切更感动我。
鳥肉叉燒包,5,2011-06-07 00:13:34,,0,穷人的孩子早当家
半夏,NaN,2011-06-02 17:28:24,,1,纯情！
莱尼圆,4,2010-12-21 01:14:26,,0,RobReiner再次涉猎青少年题材。影片有着明亮清新的画面，甜蜜舒缓的节奏，使用了双重视角双线旁白的讨巧叙事，对初恋的细节的呈现像一堂生活的课程，让看过很多青梅竹马故事的成年观众回归到纯洁懵懂的时代，找寻到当初遗失的美好。“有人住高楼，有人在深沟，有人光万丈，有人一身锈，世人万千种，浮云莫去求，斯人若彩虹，遇上方知有”
草莓__三月,4,2017-03-19 20:16:38,,3,纯纯的感觉，看起来很舒服
望仔放弃减肥了,5,2011-08-13 22:53:00,,7,那个勇敢聪明又坚强的少女终于赢得了少年的醒悟。不是所有的勇往直前都能得到回应，不是所有的一往情深都要放弃自己的尊严，不是所有的怦然心动都能收获美好的回忆。但下一次，我想我还会继续仿佛要燃烧掉自己一般的表达我的感情，哪怕再一次失败。
Nicole走来走去,5,2012-09-03 21:09:25,,0,Someofusgetdippedinflat，someinsatin，someingloss....Buteveryonceinawhileyoufindsomeonewho'siridescent，andwhenyoudo，nothingwillevercompare.7岁不早恋，楞森就此不完整.
Aaroncae,4,2010-12-15 10:12:37,,0,越看越觉得时光一去不回头呀~~~~~~
小熊大人难忘记,5,2010-12-14 21:24:00,,0,虽然我不相信永远不过如果我可以和相知的ta在一起的话，那么我希望那个人就是我。
恰恰,4,2018-10-06 20:43:03,,6,数年前第一次看，被女孩儿错付的热情尴尬到立马弃片。如今再看，只觉得甜丝丝、软绒绒、暖洋洋。可能是足够老了，不用再去代入少女情误背后的所有可能发生的现实龃龉，隔着时间远远地看少年情愫时，懵懂是美，委屈是美，悸动是美。我们这一代人是不会有那么坦然自若面对爱的少男少女了，希望下一代能有。
精神病有所好转,5,2012-05-25 22:30:17,,0,超赞的温情片，把小男生小女生情窦初开时刻的温情复杂纠结的小心思刻画得如此细腻自然小清新，导演确实花了不少心思的。片中的出现的很多柔美画面，经典台词和恰到好处的配乐，都能击中人心灵中最软弱的部分，that's真善美啊......P.S.再赞一句：此片的画面处理得真柔美！
小塚ai艾,5,2010-11-30 21:56:40,,0,男主是个很经看的澳大利亚帅小孩~~童年版的女主morganlily也太太太太可爱了吧！！美死了~~长大后的女猪脚是什么情况...就是邻家特工里面的欠扁小孩~眼睛还能再吊一点么...葫芦娃啊！！？？PS.爸爸richard是邦尼和琼里的哥哥...岁月啊~~！
momo,4,2010-12-04 23:00:23,,0,有一天，你会遇到一个彩虹般绚丽的人，当你遇到这个人后，会觉得其他人只是浮云而已。
bayer04,4,2010-12-18 15:03:14,,0,Youcan'tfindacorniermoviethanthis!AndImeanthatinthebestwaypossible
咖啡与橙,5,2012-06-18 16:06:10,,0,给五星是说不出来为什么，就是喜欢，喜欢整部电影，喜欢电影里的每一处！
Chris,5,2012-06-18 17:43:52,,0,喜欢死了!!!完全戳中我的taste啊TT拿来练听力了已经~
巫山云,NaN,2012-06-18 16:59:02,,0,挺好的一部爱情片，最早是因为韩寒喜欢它的。还是喜欢他的影评：斯人若彩虹，遇上方知有。
Demi,4,2012-06-18 16:21:00,,0,看过了好久了，只依稀记得是青梅竹马的那种感情
七色潜水艇,5,2011-09-14 15:32:42,,0,怀旧画面让人看得很舒适、小主角们很可爱很养眼、一部真的能使人怦然心动的清新纯爱电影。真可惜只有90分钟啊、这样的电影就算有三个小时我也不会觉得长。
周鱼,3,2010-11-30 14:12:29,,1,简单浪漫幼齿轻喜
毛毛,4,2010-12-23 14:48:45,,0,他怎么不知道，我只是想静一静
听风,5,2011-01-09 17:24:54,,0,轰轰烈烈的恋爱，积极的人生态度，我们曾经口口声声说想要在大学得到的人家小学到初中就有了，你还想挑剔什么？Letitbeme!
蓝色竖琴手,5,2010-12-11 12:37:19,,3,看得我都心动了，年轻真好
影子的影子,5,2011-03-26 00:20:17,,0,那么纯洁干净而又真诚不做作的电影真是很久没看到了，最后居然差点哭了。小正太真美啊，我也想买下他一起吃午餐，哈哈！
[已注销],5,2011-04-17 13:11:01,,0,萌翻了。
Singin'in rain,5,2010-12-07 01:59:54,,0,单纯美好的小幸福。。。看的怦然心动
我不是盆栽啊,5,2011-04-26 18:36:31,,7,就是单纯的喜欢这个小姑娘，她有一堆堆让人心动的美好品质。还有细腻的、入骨的心理描写——人心啊人心，突然又觉得人心美好起来。其实不止动心于他们纯粹的喜欢，还动心于他们对于世界的感知和认识，一步步看到更宽广的世界，不就是生活的意义。回想起来并没有惊心动魄的情节，可谁说淡淡的不是爱呢。
SUNTORY,5,2012-08-12 11:56:33,,0,如果你也曾遇见过一个彩虹一样的小妞。。。
追忆,4,2013-02-15 14:32:23,,0,简单清纯的少年早恋电影，没有明显的高潮，也没有什么明显的缺点
闲人,3,2010-12-18 16:21:52,,2,没那么夸张吧还不错而已
风间隼,5,2017-01-20 14:31:09,,5,双重视角交替叙事，节奏轻快，人物心理刻画细腻，看得人心情大好。
Icey,5,2017-02-08 21:44:35,,3,酥酥麻麻的青春。
ss,4,2012-05-25 15:34:31,,0,青春与成长的故事。
我头像超萌,4,2018-08-05 09:45:32,,4,很经典，包含了亲情，朦胧的爱情和成长，心理刻画很细腻很真实
困难户,4,2011-01-02 15:18:27,,0,我一没觉得男猪脚有多帅，二没觉得故事有多纯。就是一个普通的小清新电影罢了，而且过程真的对我来说点冗长，只是开头结尾我都很喜欢，而且配乐很不错，最后实在没办法，我被猫王的《letitbeme》给打败了
鱼鱼,5,2011-01-06 08:11:45,,0,很好看很好看很好看
左宜右有Haak,5,2010-12-15 12:43:23,,14,《老男孩》之后的又一个感动这才是真正的“初恋这件小事”~青涩温暖两小无猜青梅竹马天生一对....嗯电影很自然丝毫不做作真实富有力量同时也发现，本片真实的主题讲的是人与人之间的距离与沟通的关系
已注销,5,2011-12-01 22:44:24,,0,看得心里痒痒的，好多爪子在挠。。伤心没有一个男孩能陪我走过那美好的少年时光了TT
苏艾之,4,2012-05-25 18:02:05,,0,flipped.
他人的眼光,5,2012-05-25 22:37:52,,0,同年龄段的女孩总是比男孩成熟，硬伤！电影的叙事角度，背景音乐，小演员等等都是上品啊！
饮歌,4,2010-12-14 15:42:34,,0,超凡脱俗怦然心动！~~~
juice,5,2011-02-11 01:29:35,,0,看得我也想戀愛了真美好
北极熊7,5,2011-09-19 02:36:58,,1,很喜歡一起種樹的場景
♣ 9,4,2011-08-07 22:02:56,,0,(125653人评价)，，，，
Frankie.,5,2010-12-07 18:47:38,,0,这才是真正成长~多美好！！
七心海棠,5,2012-06-15 13:13:32,,0,飞机上看的，困得都睁不开眼了还是坚持看完了，厦航还是很有品位的，很有趣的片子，还以为是欧洲的。
宽松睡裤又如何,4,2012-06-02 23:14:15,,3,一颗梧桐树，两个痴心人。这故事不仅传递给内心以温暖的力量，也关乎我们每个人的青春与成长。就像九把刀所说“同年龄段的女生总是比男生早熟”，这种差异始终流淌在青春的缝隙之中，一点点消磨彼此的情感。所以，无论如何请抓住怦然心动的感觉，哪怕此生只此一次。
怪猫,5,2012-05-25 16:52:40,,0,萝莉小小年纪就能如此理性实属难能可贵。米帝的小清新够纯啊
阿错,4,2010-12-17 14:27:40,,0,这俩孩子。。。
常乐,5,2010-12-13 22:26:32,,1,以一种成熟的口吻讲述青春懵懂的爱情。让它原本光彩的颜色更加鲜艳。
皮皮哟,5,2011-04-17 15:13:27,,0,关于这个故事，很久就看过了，每次都没看完，每次都被感动，终于有机会把它看完了。（感动）
wakandawula,5,2011-05-07 21:06:05,,0,怦然心动
鱼丸粗面,4,2011-08-20 10:33:33,,0,小萝莉与小正太的青涩爱情，拍得非常老派而纯洁，人物尤其好，小萝莉的性格我也爱。
cocomars,4,2011-03-19 15:15:27,,0,很唯美很干净。
姜小白,5,2015-06-27 23:53:25,,6,Somedaysthesunsetswouldbepurpleandpink.Andsomedaystheywereablazingorangesettingfiretothecloudsonthehorizon.Itwasduringoneofthosesunsetsthatmyfather'sideaofthewholebeinggreaterthanthesumofitspartsmovedfrommyheadtomyheart.
Scar59,5,2011-05-16 19:38:50,,0,太可爱的一对.
阿童木升级ING,5,2011-03-26 20:37:17,,0,两个视角讲述了一个相当有意思的故事
理想多钱一斤啊,5,2010-12-27 17:12:35,,6,好
贝贝CATⅡ,4,2010-12-20 15:45:50,,0,看来我是老了。
阿毛,3,2011-10-19 15:44:09,,0,没看出哪好
夜摩刀,4,2012-07-13 17:25:25,,0,【“有些人浅薄，有些人金玉其外败絮其中，但有天你会遇到一个彩虹般绚丽的人，当你遇到这个人之后，会觉得其他人只是浮云而已”】
一片两片三四片,5,2016-08-27 14:24:30,,3,没有小竹马的我默默看完了这部片
♬ CaR,3,2010-12-14 20:04:16,,5,其实没想象中的好TT
Kylin,4,2017-01-04 10:08:52,,3,这种青春真美好但一路跌跌撞撞摸滚带爬的我无法感同身受
呜里瓦拉,5,2010-12-05 22:51:34,,0,难得的小清新片子
暗黑4出了吗,4,2011-08-04 05:30:59,,0,童话女主像艾伦佩吉
邈邈,4,2010-11-28 09:01:46,,0,很日记很从容很有爱很简单不单调
假面Vic小飛俠,5,2010-12-22 19:01:43,,0,要不要这么感人？？？？？？
大鱼,5,2011-02-09 20:53:59,,0,那年，我也8岁
bill910,5,2012-09-23 23:47:37,,0,心理描写太赞了，而且还分开两位主角去描写，开头20分钟就马上代入，然后变得好吸引，故事也铺排得当，剧情发展水到渠成，结局也情理之中意料之外，男主角真帅！正就一个字！
长江七号,4,2011-01-03 15:40:41,,0,那个女孩很有爱
热心网友方先生,5,2017-02-11 12:21:04,,4,从两个人的思想方面来讲述初恋真是很有意思，不同的思想碰撞起来的火花也会遇到不同的结果。电影从树方面来写他们两个人的感情。不得不说，小女孩实在是太可爱了。
Andrea1949,5,2010-12-27 16:36:07,,0,你喜欢吗，不要思考，凭你的感觉说。是的，我非常喜欢。
whyzhenzhen,5,2011-04-06 06:01:29,,1,家庭教育做得很不错。对于一段感情，如果感觉来得太迟，或者就这样就错过了。
归去来兮,5,2011-02-02 15:52:36,,0,简单的爱情
浅笑ソ安然,5,2017-02-13 17:13:54,,4,《怦然心动》看完真让人怦然心动，真心好看。
阿宅Doooooris,4,2011-05-17 12:32:41,,0,小时候真好看
9,5,2011-08-03 16:18:14,,0,种树时配着片尾曲实在是感人到不行。比什么山楂树好看纯洁到哪儿去了，太纯洁了真是男女在最初最朦胧的感觉美好到不知怎么说
Narciso,3,2012-05-25 20:21:56,,0,最后那一刻，的确有怦然心动的感觉
石小po,5,2010-12-03 14:49:03,,0,成长的时候我们总会犯傻，可只要彼此的爱都还在，无论我们曾把它误读成什么字句格式，都总有明白的那一天
Rainelf,5,2011-01-21 22:07:05,,0,看了前5分钟就决定5星了，女主小时候真甜啊，男主有点像莱昂纳多小时候
zoefriend,5,2012-06-18 23:10:00,,0,男女孩各自的心理刻画得很到位，非常棒的电影~
SUN,5,2010-12-13 23:07:40,,0,令人怦然心动的电影
B&B,5,2012-09-03 22:28:57,,0,这么可以这么纯啊啊啊啊，我去
垣原阵,5,2011-09-23 13:26:54,,0,两个小孩的第一视角交错，树和鸡蛋是很好的符号。
Panda的影音,5,2012-09-15 02:07:10,,2,如果你还没遇到一个让你“怦然心动”的人的话，那你就去看《怦然心动》吧！~~~SeethefilmFlipped，体验“怦然心动”的感觉！太棒了！~~~（真正的幸福是来自内心深处。）~~~SeethefilmFlippedagain，又一次“怦然心动”了-2013.04.03~~~每次看都被情窦初开的纯爱逗得“怦然心动”。-2016.02.14
徐小花,3,2010-12-29 23:48:57,,5,这种类型的片子太多鸟~
甜m i l k 。,3,2011-02-08 14:00:39,,0,我竟然会喜欢上我最讨厌的人呐
峰峰峰峰,4,2012-08-25 07:38:23,,3,有些人沦为平庸浅薄，金玉其外，而败絮其中。可不经意间，有一天你会遇到一个彩虹般绚丽的人，从此以后，其他人就不过是匆匆浮云。
Demi,4,2010-12-13 22:54:39,,0,沟通很重要。
酚酞,4,2010-12-23 13:00:54,,0,谁还记得第一次的，怦然心动？
七月,5,2011-05-30 16:53:19,,0,感謝上天讓我遇到你，不要讓我的夢望破滅。斯人若彩虹，遇上方知有。
summer,5,2010-12-17 15:37:46,,0,那一天，我遇到你……
KOlO物 质,5,2012-01-01 18:14:18,,0,2012开年最美好的电影，小男生和小女生经历几番误会，最终遵循内心的选择，因为纯爱牵手。记住了戏中外公说的话：有些人浅薄、金玉其外败絮其中，但是总有一天你会遇到一个绚丽的人，她让你觉得你以前遇到过的所有人都只是浮云。这种感觉就叫怦然心动~
面,5,2011-01-12 21:02:29,,0,完美的初恋~
Cpt. 切尔卡西,4,2011-06-14 21:16:49,,0,愛情就是在互相追逐中完成的。
【兔子】,5,2017-03-21 21:27:20,,5,懵懂的爱情，挺好的，青春期的我看的
婉若清扬,3,2012-08-12 20:42:56,,0,挺纯情滴嗷~
天涯·明月·风,4,2010-12-27 00:27:08,,0,呵呵，严格来说，这算早恋。
幸运卢克,5,2011-04-16 00:54:42,,0,美国能拍出这样的东西少见
勵帝或,3,2011-07-15 02:00:58,,0,罗伯·莱纳再次以其细腻温情述说了一个两小无猜的“爱情”故事，油画般饱和度的画面，轻快的民谣配乐，有“矛盾”的剧情冲突，虽然有些俗套，但讲述得诚恳，坦率，如同小女孩的性格，看过都会深受触动。家家有本难念的经，简洁的故事，刻画却很深入，活脱，通过男女主角两条旁白分别表达，年轻真好！
Rábano,3,2017-06-26 00:26:46,,4,6.5/10小姑娘小时候真好看啊……然后……没了。女主前半段完全就是我嘛……可惜我的男主永远不会像电影里那样倒追
四夕之由,3,2012-09-03 07:53:33,,0,3.5it'snotabouttoteachyousomethingbuttoremindsomethingofyouthatyoualmostforgot.whenheplantsthesycamoretreeforher...gosh
Violet何舒,4,2011-03-10 14:01:16,,4,我想，我的小孩子也要让他锻炼一下爬树的能力。
Yes张嘉乐，三月是春光明媚的,5,2010-12-12 17:45:33,,0,外国人的院子真的是好美好美啊！
青黛,5,2010-12-22 14:08:04,,0,我怎么觉得我才刚刚看到高潮，故事就戛然而止了。似乎还有些人物的命运没有交代清楚。爸爸的烦恼，智障叔叔，还有两家人最后的关系？
花二刀,NaN,2012-12-31 16:51:31,,3,突然想起上个学期，一个初三小男生指着他们班一个小女生说“你知道我为你哭了多少次吗？”
Aether,5,2011-01-03 18:40:46,,1,让我想起我初中的暗恋故事，只是没有电影那么好的结局，只是它也成为我美好的回忆。
lara,4,2011-03-20 16:18:48,,0,爱情多美。
Reloaded,4,2011-05-03 00:15:48,,0,挺纯净的。
花都满,4,2010-12-22 23:39:20,,0,结尾后劲略显不足但想信我纯爱片就该这么拍
杜奇利,1,2021-02-27 00:57:05,,9,男主全片的行为尴尬到令人发指，女主除了看男人的眼光不行以外没有任何缺点。
游牧人·芳汀,5,2010-12-24 00:28:24,,4,摄影风格暖黄怀旧，双向式平行并叙结构也还紧凑。要不是结局太过草草收场感觉会更好些，但是我的的确确有了那种清新干净的“怦然心动”的感觉，男主角只有15岁，长相个性很符合我的口味。正太真是个宝！
呼笑成疯弗雷德,5,2010-12-11 11:40:07,,0,闹铃没响于是乎早上没起来
飞鸟,5,2017-03-08 12:47:20,,5,这部电影里面男女主的心理活动变化刻画的很好，里面有很多感人的点，比如女主角的舅舅还是叔叔的，还有送鸡蛋的梗，感觉女主成长了很多，男主是真的帅，看这个片子能引起共鸣，不自觉随着情节深入掉眼泪。
Obtson,4,2010-12-14 01:30:51,,0,没有嫩萌的萝莉女主，没有梦幻的两小无猜，二元人称叙事明快清晰，这是心动，更是成长。怦！本年度最中意的青春爱情片！
疯狂的二狗,3,2012-07-27 04:56:44,,0,爱情没有定论所以才奇妙一切条条款款都是狗屁都是瞎琢磨
kalcium,4,2010-12-31 15:44:12,,0,这才是今年最纯电影吧...那小女孩演过2012吧？
蛋定,5,2011-01-11 10:28:40,,0,让我找到了初恋的感觉
左眼看电影,4,2010-12-19 21:16:27,,1,两个视角叙事让本来只90分钟的戏更显得短篇。男主太懦弱，除了小白脸外有什么可爱的。
sideshowbob,5,2010-12-04 00:01:50,,0,乖死了！！！CallanMcAuliffe长得真好看····
良孬孬,5,2010-12-02 19:26:14,,1,想起我曾经没有结果的五年，不是每个人都像女孩一样幸运……
晴耕雨读,5,2012-07-15 08:54:54,,11,啊女主好像我高中喜欢的女孩子
我爱大猪宝儿,4,2011-05-28 23:48:05,,0,我的童年怎么就没有这么个女生~~
啼幽,5,2011-03-06 00:15:54,,0,对比穿插的技巧在这里用得出神入化！！！！！还有刻画很细腻，好片~问题是我觉得男猪和女主都是幼年的时候比较萌……
豆友182975599,2,2019-01-28 01:20:18,,8,纯纯傻傻的爱情，哪里值得9.0。
yrh,4,2012-04-30 22:42:59,,0,说是爱情片，其实是伦理片吧。
十夜,5,2010-12-04 01:07:45,,0,他说他的青梅竹马，她说她的两小无猜……
suki_1001,4,2012-02-16 15:43:00,,0,sweet，buttoomuchsweet
番茄杀人狂,5,2011-01-16 12:53:50,,0,男猪早帅女猪像张柏芝
清真王贼膘,4,2012-02-18 12:54:15,,0,萌萌纯纯流。。。
茕茕白兔,4,2010-12-25 15:35:46,,0,小贱男，笑死我啦~~哈哈哈~~
威治魚,5,2014-02-28 22:36:18,,6,真好
今日上映,4,2010-12-09 22:35:08,,0,不亚于山楂树
大浦洞二号,5,2011-02-09 12:05:05,,0,确实很有爱
明日冰雪封山,4,2010-12-21 21:09:32,,0,那小伙子帅疯了！\(≧▽≦)/
小暖,4,2011-01-30 06:11:13,,0,难得的能让人静下心来观看的电影
生煎馄饨秃子,4,2011-05-24 18:49:55,,1,这照搬小说的痕迹也太重了吧，过多的旁白，可以直接做成有声书了。暗恋这种纠结的情感真是看多了一点儿也共鸣不起来。倒是两个家庭的对比很深刻，温情而互相理解的朴素平凡的家庭才真正造就了Julie这样勇敢有爱又独立的女孩。
炸酱面在肯尼亚,5,2010-12-10 13:43:37,,0,有些人浅薄，有些人金玉其外败絮其中，有天你会遇到一个彩虹般绚丽的人，当你遇到这个人后，你会觉得其他人只是浮云而已——《怦然心动》
Kiddie,5,2011-03-13 18:49:20,,0,Loveatthefirstsight.Itmeanttobeflipped.
麦,5,2011-04-12 22:46:33,,0,我要是不喜欢你了多好。
siji小猪头moli,5,2010-12-25 15:45:00,,0,我也可以这样感动你吗
400blows,3,2011-03-30 23:14:21,,0,啰嗦，台词不好，演得也不好。看书应该好很多很多
微风拂面微微凉,5,2011-01-29 19:47:21,,0,很温暖的故事。也许两个人就是应该这样互相帮助一起成长的，没有一个青梅竹马是我最大的遗憾
咬住嘴唇,5,2018-05-20 22:15:54,,4,需要一个这样的外公，向我们传授生活的经验。
晚安好运©️,5,2010-12-13 15:04:12,,1,青少年版傲慢与偏见，透过男孩和女孩两条内心独白，成长过程的美好和纯真显露无遗，只不过觉得两人结尾最终和好稍显仓促了点~
麦伦与coleen,4,2012-05-25 22:31:36,,0,怦然撩心忽情动
陈先生的火龙果,5,2012-06-17 10:39:27,,0,flipped~
艾 扣 酱 。,4,2012-08-12 20:40:27,,0,爱他，就送他一打鸡蛋。爱她，就为她种一棵梧桐树。这就是欧美小清新。
古正中,5,2011-11-24 14:50:29,,0,你知道吗，我怎么就想起我小的时候，和我一起玩泥巴到处乱爬的那邻居小女生，就是那种好闺蜜的感觉，可惜她却搬家了。无论多险阻，你还是我的一见钟情。
lolica,5,2011-01-04 03:01:17,,1,当有一个小女孩儿对你痴心的时候，千万不要伤害她。虽然伤害她以后她也依旧爱你。。。。。。。。
梅林,4,2013-09-16 21:24:35,,1,当有一天你真正遇到你爱的人，你会觉得其它神马都是浮云。人性自然的纯比大时代愚昧下的纯要美丽许多。
fingcat,5,2011-01-09 15:04:09,,0,眼花缭乱的格子衫
V。,5,2010-12-03 18:53:38,,0,太美了~！！！
也许的小狐狸,5,2010-12-01 01:10:41,,0,第一次心动的感觉~~懵懵懂懂却又如此真切
贱宝宝小明,5,2010-12-27 12:58:46,,2,《初恋这件小事》，《山楂树之恋》这种标榜纯爱的电影在这片子面前就是灰烬！！！！！
W之芮,5,2018-05-29 12:35:13,,5,斯人若彩虹，遇上方知有。很欣赏女主，在自己喜欢的人面前她会摆正自己的位置，既不会低微，又不会过于自傲，而是靠自信和魅力抓住了爱情
Pearciac,5,2011-01-10 16:12:31,,9,太美好动人的故事~男主长得像N多巨星年幼版混合体，声音也很好听
山楂卷,5,2010-12-16 18:32:44,,0,突然就沦陷了。如彩虹般绚丽。
阿朽,4,2010-12-18 14:23:58,,0,对这电影怦然心动
Yuri,5,2011-01-01 11:40:07,,0,很简单。很美
NOMORECHILDISH,5,2012-02-21 05:20:39,,0,我要和导演吃个饭，聊天，握手，扑在他怀里哭，年少时的那一点小心思成年后就丢失了。
joker,5,2010-12-03 04:43:51,,0,它让我忘记了两小无猜
六比特,5,2011-02-03 19:05:05,,0,哭得稀里哗啦，正太太正。
皓宇,4,2010-12-27 09:41:12,,0,整体之和大于部分。有些人浅薄，有些人金玉其外败絮其中，但是总有一天，你会遇到一个绚丽的人。
雷鬼膠囊套子啊,5,2012-07-03 08:39:00,,6,听过一句话：我一直相信，这个世界上是有一些爱情如同宿命般无从逃避，不可取代，色授魂予，需以性命相拼。當你遇到這個人你才能感受這種美好，电影里的外公说：有的人浅薄，有的人金玉其表败絮其中。有一天你会遇到一个彩虹般绚烂的人，当你遇到这个人后，会觉得其他人都只是浮云而已。
搁浅,5,2011-01-04 13:23:59,,2,一系列的误解，你们可以跨过吗
该用户未命名,5,2010-12-01 03:30:38,,0,每年都有那么几部电影给我们惊喜，去年这个时候是《第九区》，今年是《怦然心动》，也好久没有一部电影可以让我一口气看到这么迟了。
penpen,4,2010-11-16 20:22:14,,1,裸看的，正太和萝莉...故事也不错。
艾拉也是Isla,5,2010-12-02 14:32:19,,0,《怦然心动》让我怦然心动鸟~
至尊寶『x_x』,5,2012-10-04 11:12:13,,0,hcjdaqy.zztpbkzhyddshtrxqhtbkxds，rhsjjdll.smshcnwjnyarnxj.ayy...好看。
蓝浅海蝶,4,2012-06-18 22:46:15,,0,电影厅好的，可以让你发现自己的单纯的思念，暗恋挺残酷的，何不勇敢说出来
长恨,4,2012-06-18 21:27:43,,0,淡淡的小清新，结局暖暖的。
MissZ,5,2012-06-18 23:01:44,,0,有些人浅薄，有些人金玉其外，而败絮其中，有一天你会遇到一个人，像彩虹般绚烂，从此你发现没有人能进入你的内心。一对小孩，一棵梧桐树，美好而简单的故事。ps.小时候的女孩以及长大后穿西装的男孩真的秒到我!!
dlarkin,5,2012-06-19 00:37:19,,0,家庭和初恋，太多感动了。真实且真诚，感动~~~~
超级必杀兔,5,2012-06-18 20:57:59,,0,小年轻，小初恋
YY,5,2012-06-18 23:57:36,,0,绝对治愈系
Blair Chang,NaN,2012-06-18 22:30:01,,0,很喜欢这部片子，当时记得看到半夜，两个懵懂的孩子长大，很美的爱情的有很妙的感觉
vaniris,4,2012-03-01 17:32:22,,0,首先，我表示被森森滴治愈了。其次，是哪个坑爹的字幕组找抽啊！！全篇大面积的“#￥%&*#@”，“这是一段关于母鸡/树/等等等的对话”。。。在如此清新美妙的氛围中被字幕雷得几欲撒手人寰，字幕组你们居心何在何在何在！！
beglobetrotter,5,2010-12-26 19:47:20,,0,beautiful...
kysun,3,2010-12-10 10:07:37,,0,其实一般文不文艺不艺的！！
godannar,4,2011-01-08 15:21:04,,4,在一个打冷光泛滥成灾的时代，RobReiner拍了一部让暖光之于镜头如此恰如其分的电影。唯一遗憾的是，少那么一首歌。
时光与我,4,2012-05-25 22:14:02,,0,2011年年初？
懒羊羊的蛋糕,4,2012-09-17 21:49:50,,0,很久很久没有看这么清透干净的作品了，刚开始怀疑是否能从重口味回到单纯美好的小清新，担心是否能看得下去，看到小女孩的笑容时发现，原来我心里还为最初的喷然心动而心悸。
小白冬瓜嘿嘿,5,2011-01-15 21:35:14,,0,很感人的电影，evencried.Renee，哈哈
熊院长大人,5,2012-12-08 21:12:35,,0,全五颗星，简单而令人赞叹
尖头叉子,3,2010-12-27 21:56:34,,0,导演用唯美的画面，动人的配乐，以及恰到好处的旁白向我们讲述了一段动人的初恋。但是故事却略显刻意，尤其是几个配角的故事线。片尾曲以及字幕结束后的一段钢琴实在太好听了。
超cute侠,4,2012-08-24 13:07:29,,0,影片情感充沛，且价值观积极，导演罗伯·莱纳把一个早恋故事讲得一点儿也不矫情，而且他采用的视角交替叙事手法让影片显得很有趣。
Lisaaaaaa,3,2011-03-27 00:58:56,,0,不知道为什么我对这片不能怦然心动
shlaiyaya,3,2011-03-21 20:29:09,,0,也许是期望太高，这部电影还真没打动我。不过编剧对于儿童心理学的细腻拿捏犹如神经刀般精确。
doiwant,3,2011-03-15 21:54:35,,0,短短的开场就趣味十足，不仅仅是校园爱情轻喜剧，还有如何对待家人，对待生活的态度。女主其貌不扬，但敢爱敢恨、坚毅独立的性格令人印象深刻。
Invoker,5,2012-02-17 10:56:00,,0,尼玛！快把我看湿了好嘛！Ihatemyparents!
Sancruz,5,2011-07-11 20:49:17,,0,看不到一半就开始哭了，我这是肿么了。。。
island,5,2013-01-31 15:23:26,,0,“有些人浅薄，有些人金玉其外败絮其中，但是总有一天，你会遇到一个绚丽的人，他让你觉得你以前遇到过的所有人都只是浮云。”
么妮,3,2011-01-23 16:16:23,,0,纯爱太纯了。。。
樂,4,2013-02-09 15:30:46,,0,青梅竹马，两小有猜。
［你 被 惊 吓 了 么］,5,2010-12-02 20:02:18,,2,当我第一眼看见你，因为你漂亮的蓝眼睛，让我怦然心动；当和你相处的七年时光匆匆而过，因为你不断地出现在我的脑子里，我对你难以舍弃。高大的梧桐树能看到很远很远的美丽风景，一个最纯最纯的接吻则是我一直想要的，你在院子里种下我们以后一起爬高的梧桐树，于是，我就那样又重新爱上了你。那歌好听
庚金少女,4,2010-12-18 22:17:23,,0,Itfeltgoodtotakecharge.Ifeltstrong，incontrol.
-M-,3,2011-04-08 16:00:18,,0,我们以为我们能不爱，但是其实我们不能。。。
forfaen,5,2010-12-28 08:16:51,,0,喜欢
Sally?imdb9?9,5,2010-12-06 14:08:55,,0,不止关乎爱情，关于人间微妙感情
球,4,2012-06-19 10:00:52,,0,斯人若彩虹，遇上方知有
虾坨坨艺仔,4,2011-11-01 13:21:39,,3,温暖温馨可爱的电影，对小孩电影完全木有抵抗力。
宛若多重的相遇,5,2010-12-03 22:51:14,,4,我们在相互喜欢的过程中分享了为人的价值。
猫小浅大外婆,4,2011-01-16 21:58:59,,0,用一下午看完，越到最后越觉得，这是个不错的故事.小树苗，再慢慢成长.
殘荷聽雨聲,5,2010-12-18 23:44:13,,0,男人来自火星，女人来自金星，最值得珍惜的往往就在身边，可是却猜不透对方，更重要的也更难的是看不清自己……
宅一叩,4,2011-01-08 17:49:33,,0,给这么高分都是冲那男孩儿吧哈哈太帅了谁见着不怦然心动啊
青,5,2011-11-16 23:17:20,,0,一部好片，很感动很迷人的呢
绛蓝（等华版）,4,2021-02-07 19:23:19,,28,Juli喜欢Bryce完全就是因为颜值吧
Louis,5,2010-12-06 09:13:20,,0,成长的烦恼，青春的萌动，节奏处理如温情小品，怦然心动。
隔岸之雨,5,2011-02-15 23:43:37,,0,宝贝儿，那个小姑娘没我好看啊~~~~
鸭梨三打,4,2011-08-17 00:04:30,,0,拍卖男生，好牛逼的活动
蜜蜂,5,2011-02-16 13:09:19,,5,忽然想起上学时的校花，好像所有男生都喜欢。你敢不敢喜欢别人讨厌，而自己有感觉的呢？喜欢为什么要被别人的意见所左右。
Helenhelen,5,2011-02-04 10:17:54,,0,本来是很简单的小故事，但是非常真实。演员的气质、形象、演技，拍摄画面的唯美，从两人不同角度的叙事方法，女主角的性格，以及那棵梧桐树，让这部影片异常出彩。而且他们的衣服超漂亮。
๑۩۞۩๑拜晶女๑۩۞۩๑,5,2010-12-13 13:45:53,,0,轻松愉快简单
Ting sir,5,2011-09-25 02:30:20,,0,看着两小无猜的他们那纯洁而干净的爱情，就如同爬上那参天梧桐树般，眼前的景色，心动，怦然。
修门叫我来巡山,5,2017-08-15 14:03:10,,11,看了好多遍，每次看都有种初恋甜甜的感觉。
Cristina,5,2012-07-01 20:46:51,,0,特别喜欢记录一下
瑞波恩,5,2017-08-25 16:41:49,,5,不要轻易拒绝一个爱你的女孩，特别在小时候。
Tia,5,2010-12-17 23:34:53,,0,这才叫青村片儿。
Frank,3,2011-03-25 19:38:01,,1,流水账……
飞行官小北,5,2010-12-13 16:35:18,,7,如此美好却真实。PS电影对男生父亲恶劣行径的不作为，反倒是最大的讽刺。
赵无眠,5,2016-09-07 23:28:18,,2,斯人若彩虹，遇上方知有。#方知有你给我出来！#
大剋歪,5,2012-05-26 00:26:46,,0,最喜欢的爱情电影
mitheo,5,2012-05-25 22:30:59,,0,Someofusgetdippedinflat，someinsatin，someingloss....Buteveryonceinawhileyoufindsomeonewho'siridescent，andwhenyoudo，nothingwillevercompare
Alejaaaaandro,4,2012-05-26 01:54:47,,0,Ihadflipped.Completely.
Bruja,5,2012-05-25 23:49:58,,0,绝对能触动心弦，就是最后总觉得差点什么。。。唉，这就是不再年轻的悲剧吧
一路的寻着,5,2012-05-25 19:13:00,,0,好看。
朱耷的白眼儿,5,2012-05-25 15:47:32,,0,flipped~
豆腐,3,2012-05-25 22:24:53,,0,小屁孩儿瞎折腾啥，还是太嫩
晴天下的ET,4,2012-05-25 22:57:21,,0,真的好看
SEN,5,2012-05-25 20:23:53,,1,女主角很美。
AFreeFarmer,4,2012-05-25 22:40:42,,0,片名翻的超贴切啊，flipped
嘀嘀也能打车,NaN,2012-05-26 02:27:07,,0,怦然心动，故事就像这名字一样，清新，真切。感叹我们那逝去的最美好的时光，如果在遇见你，我一定会努力，一定会坚持。
wslina,5,2012-05-25 22:15:26,,0,青春期的懵懂成长道路上最美好的记忆一见钟情砰然心动一部关于友情爱情亲情价值观的好电影！或许你已长大，终日忙忙碌碌却从未停下脚步回头看看那逝去的青春，那时的你在这儿。。。。。。《怦然心动》
nitessss,5,2012-05-25 16:19:45,,0,很浪漫=0=我很喜欢那个小女孩
绿绮儿,5,2012-05-25 23:41:41,,0,为什么有人会成功，而另一些人无论做什么都会成为屌丝，这看起来没有任何解释.Itdependsontheequalities.Sojustbesensibleandsensitive.Itdeserves.
私の話,NaN,2012-05-26 00:41:03,,0,确实让人怦然心动，那些青涩一去不复返的岁月@五月中下旬这个很适合你看，小清新
子爵91,NaN,2012-05-25 20:10:27,,0,如果我们国家和他们国家一样，把情感这事不隐藏得这么深，不管是亲情，友情，爱情，那该有多好？
豆友61501220,NaN,2012-05-25 20:38:42,,0,单纯美好
大 象,NaN,2010-12-23 03:06:43,,0,拍的挺好的商业片。
Gaby,5,2010-12-09 00:30:18,,0,男猪脚萌的我肝颤。
狐狸糊涂,5,2011-05-31 12:31:07,,0,感谢上天让我遇到你
有多远走多远,2,2012-06-06 17:17:54,,0,错误的相信了韩寒的推荐...故事和拍摄手法都非常的boring，小男孩完全不会演戏....简单的故事是最能看出导演各方面功力的，越老套简单的故事越应该有过硬的编剧和演技，否则就傻的要死，不能动人心.....
轻飘飘的旧时光,4,2011-02-05 20:22:08,,0,很有感觉的电影
邱胖胖,5,2012-08-12 16:11:03,,0,太美好
风雨骑老师,5,2010-12-10 13:17:34,,0,细腻，真诚，流畅，明快，如歌，如诗，如画。
nikki,4,2011-01-27 19:52:36,,0,真美好……
任染,4,2011-08-16 00:38:41,,0,青春期~
AGPの黄昏,4,2010-12-14 10:44:05,,0,难道是因为我没连续看完，或者是女主角长得不够讨喜？我看完没有那么震撼的感觉。
猫知道,4,2011-04-01 18:04:38,,0,感觉剧情弱了一点点，深度和灵气不够……
Ice,5,2010-12-31 23:19:03,,0,好温馨哦
