user_name,star,comment_time,geo_ip,vote,short
bayer04,5,2008-08-29 22:07:30,,18955,诺兰接手后蝙蝠侠和其它漫画英雄片完全不是一个等级了
粟熙,4,2008-11-21 12:41:29,,4880,赞誉众口一致夸上了天，百闻不如一见，这种连环画超级英雄故事居然能扯到第六集真是要把编剧逼跳楼了，最后呈现的暗夜骑士全然超越了原著，悲怆到迷人的境界，着实是个奇迹。剧本确实很卓越，导演确实很出色，还有演技真是不得不叹服一下太tmd震撼
Lan~die,5,2008-09-05 00:00:06,,10642,蝙蝠侠、双面人和小丑这三个形象把人在善恶两面的矛盾及选择映射得淋漓尽致，于是成就了史上最佳漫画和英雄电影。时光网：“诺兰让关于艺术片和商业片的讨论变得毫无价值。《黑暗骑士》不但拍出了古典悲剧的感觉，还探讨了恐怖主义、越界权力等美国当代的热点话题。最关键的是，电影好看得无懈可击。”
fishlee,5,2009-07-28 10:21:42,,7449,大片中很有内涵的一部，不管是人们心中暗自涌动的对小丑疯狂灭世主义的不安的共鸣，还是对蝙蝠侠孤独暗夜行走的英雄惜英雄般同情，其实都是人们对这个世界失望的一种情绪释放。其实小丑说的很对，他和蝙蝠侠很像，都是异类，只不过蝙蝠侠把痛苦留给自己，顽固地去坚守一丝信仰，而小丑把痛苦还给世界。
evonne||芝士命,5,2009-05-16 11:12:11,,6597,好到一秒钟都不曾浪费
云倾,5,2008-09-10 11:56:30,,5790,小丑把该说的不该说的都说了蝙蝠侠把该做的不该做的都做了生命在于抉择英雄的时代已经逝去了
穆玉修,5,2008-10-17 18:46:13,,5631,ChristopherNolan太厉害了，好莱坞漫画类型片居然能拍到这样的高度...
小M,5,2008-09-29 21:32:44,,5250,光明与黑暗是同一个人的两张脸
J,5,2008-09-15 12:48:37,,3891,对于这么优秀的电影来说，再多的赞美都是多余的。
根,4,2017-08-28 22:47:39,,3150,一直在搜索“为什么还有人想住在哥谭市”
影志,5,2008-12-14 15:32:12,,2476,“有些人并不喜欢那些常人偏爱的东西，比如金钱，他们不被收买、不会被恐吓、不可理喻、更不接受谈判，有些人就想看人间地狱。”也只有蝙蝠侠，才能让小丑变得完整。无尽的黑暗。
荔枝超人,5,2008-11-29 16:36:15,,2270,Batman是最不漫画的漫画英雄，也正因为这一点，使之最有可能成为跨越犯罪剧情片和漫画英雄片界限的特例。而这一次，编导精准的抓到了这一点，把这部电影打造得丰富严谨又酷劲十足，无论是满足视听还是人性复杂层面的挖掘上都做到了堪称完美！
illusion不忘记,5,2008-09-10 15:35:09,,2010,当之无愧最出色的商业电影！
陀螺凡达可,5,2011-12-28 05:13:50,,1781,从此无人再敢挑战漫画英雄电影的巅峰，包括诺兰本人
五色全味,4,2008-12-02 00:05:09,,3141,诺兰的叙事能力不但在于结构上。。他总有一个与众不同的主题
M,5,2008-09-23 11:11:54,,1745,绝对是杰作，大陆上不了院线在广电的耻辱柱上划了浓墨重彩的一笔～
朝暮雪,5,2012-08-18 00:59:42,,1161,纵然人们污蔑他、陷害他、诋毁他，他也始终坚守内心的信仰。面对无数的指责和误解，他依然坚持做一个好人。人们不理解他为什么凌驾于法律之上，不理解他为什么殴打警察……无论你为他们做了多少，永远有人不识好人心。不能因为有人黑你，你就放弃，或者黑化。骂声再多，困难再大，他永远不忘初心。卧薪尝胆，忍辱负重，背负诋毁和指责前行，换世间美好和安定。因为世界上只有一种真正的英雄主义，就是认识生活的真相后依然爱它。他不在乎人们的看法，永远去做别人不会去做的正确的抉择。即便人们会因此恨他，但这才是蝙蝠侠。从当初卸任、把拯救世界的希望寄托在别人身上，到后来身披铠甲、战斗到底，这正是英雄比反派更加伟大的原因。他不仅仅是想当个英雄，他想比英雄做得更多。正如诺兰拍的不仅仅是超英片，更是一部力透纸背的人性史诗。
苏仁,4,2012-05-08 19:36:09,,561,剧情很诱人，总体很赞。不过，坏人的形象太完美而不真实，在智商情商上都是超一流，远胜主角。漏洞太多，哪有那么快就能搞到详尽的内幕信息？哪有说请了一帮小匪徒却跟受过严格训练的军人一样恪尽职守按时按点执行计划没有分毫不到位的？要搬运大量的汽油桶这种事怎么能在不引起官方注意的情况下实现？
浮生若梦,5,2009-01-27 22:23:16,,618,08年最好的一部片子。
眠去,5,2008-11-15 16:42:13,,427,惊见越狱FBI。。。诺兰我爱你！莱杰我爱你！小丑我更爱你！！！
文泽尔,5,2012-08-28 14:49:40,,376,补记：都说三部里面第二部最佳细想确实如此毕竟忍者大师和贝恩都有人间羁绊固定指向的动机是不可能与小丑那种纯粹的恶相提并论的另一方面一三两部的反派在肉搏武功上同出一门各较长短而小丑则完全是凭着超群智力和疯狂将蝙蝠压制得服服帖帖黑化一人残杀一人最终令蝙蝠自我放逐八年难超越
zero,5,2009-08-13 13:40:59,,453,这是蝙蝠侠电影系列中的巅峰之作，无与伦比。无可否认，无论是希斯莱杰的重低音假声“Whysoserious？！”还是克里斯蒂安诺兰的“Whyyouwanttokillme！”，每个演员的表现都很到位。黑暗，矛盾，残忍，混乱，人性的阴暗面。。。我们每个人都是小丑。。。
bamboo,5,2017-01-01 12:14:13,,304,甩普通英雄片一个宇宙
同志亦凡人中文站,5,2020-08-01 13:14:45,,171,以后还会看很多诺兰电影，但这是第一次也是最后一次在IMAX银幕上看到希斯·莱杰。罪恶从未如此华丽。
流浪达摩,5,2009-05-23 23:48:46,,432,每隔十年都会出一部票房口碑双丰收的大作。十年前的《泰坦尼克》，08年的《黑暗骑士》。
张小北,5,2008-10-23 00:02:51,,190,我在巴黎和中国电影资料馆一共看了三遍胶片拷贝放映。可惜没能看成IMAX版。
飞刀员外,3,2009-07-07 23:07:40,,626,没感觉出彩在哪……
思郁,5,2008-09-05 04:46:09,,341,这一部太黑暗了，但精彩无以复加
伍德与夏洛蒂,4,2011-02-27 00:31:25,,589,本来想给5星，但看的我累死了，4星，三颗都给希斯莱杰，剩下一星给累的半死的诺兰
圆首的秘书,4,2016-08-25 11:20:25,,272,整部片子因为希斯·莱杰的死而高度过誉，而且真心没觉得希斯·莱杰的表演有多好。小丑这个角色本身并没有什么发挥余地，作为一个反派心理还是太单薄了些，什么表演也撑不起来。编剧其实比较大条，关于善恶的讨论还到不了哲学层次，关于行善行恶的手段、转化、对比，比这个好的一箩筐。
原来是西门大嫂,5,2008-10-14 05:03:58,,224,诺兰的贝尔牌蝙蝠侠最牛逼之处在于塑造了一个无超能的苦行僧式黑暗英雄。贯穿的主题是：一个人如何克服内心的恐惧和恶（前传中建立了他对世界不信任的根源，如何痛苦的克服它并选择用善对待世界。）所谓正义是相较于世人定义的丑恶暴力才会存在的，而选择哪一种方式对待世界才是对的？于是小丑出现了
奇爱小姐,2,2008-08-17 23:01:37,,1035,整部片子，逻辑混乱，剪辑无序，故事情节夸张。看完我只记得那个犯人把炸弹控制器扔入船外那一个片断。
亚比煞,4,2012-08-31 22:06:22,,376,希斯莱杰真是戏疯子。
胤祥,4,2012-07-22 21:17:00,,134,这片儿不提最佳影片合情合理啊！MaggieGyllenhaal不适合这个角色。小丑的戏还算不错。可是木有心理剪辑还能叫诺兰么？吐槽中国到这个程度，无怪不能引进。
沉歌,4,2014-06-10 14:32:04,,154,即使这是我最讨厌的电影类型，也必须赞叹一句导演技法的纯熟，完成度之高。这已经不是普通的超级英雄电影了。
水木丁,5,2017-10-13 10:05:53,,139,快十年过去，终于敢看这部片子了，但是他一出场，还是忍不住落泪啊……
Vamei,4,2012-11-25 16:11:23,,76,韦恩如何能在这个世界的疯狂中保持一颗蝙蝠侠的心呢？这对于我来说是个未解之谜。地区检查官尽管不幸，但和韦恩比差远了。可不可以把韦恩也理解为小丑那样的偏执狂呢？
同人于野,5,2008-09-12 07:25:20,,276,看的时候感觉非常压抑。我不知道他们是怎么拍出这种压抑感的，但是整个电影无疑代表了电影技术和艺术的最新水平。
恶魔的步调,5,2008-09-05 23:31:39,,81,timburton的batman是带着他诡异的幽默感的东西；而nolan的batman则是让人感觉满满，持续移动联通着的快感。
米粒,5,2009-07-20 22:05:09,,159,史诗
巽,2,2008-12-11 00:13:51,,587,我明白为什么会一而再再而三的看睡着而不喜欢这个系列了：丫一边想要玩阴暗绝望一边又把态度端着，唧唧歪歪整个一事儿妈~
YoyoRan,2,2008-10-30 23:18:14,,218,很久没看过这么老套的商业电影了　　从来不喜欢蝙蝠侠小时候都没有喜欢过　　这么肤浅的正义与邪恶的英雄主义就是打架杀人外加噱头式的台词　　用科技糊弄眼睛没有任何意义
思阳,3,2008-11-24 11:43:13,,137,拍这些电影真是浪费资金啊……
奇爱博士,5,2012-08-03 22:36:04,,127,伟大、通俗又深刻的商业殿堂级佳作。【电影资料馆】
小肚子✨,3,2008-11-16 22:34:49,,132,哪有那么好看啊
猎户星座,5,2022-03-18 23:29:20,,90,与其花钱看新蝙蝠侠，不如重温黑暗骑士
小老鼠,4,2008-09-06 08:49:31,,92,也没牛逼到那种地步，剧情不少牵强之处，整体气氛确实强悍
薇羅尼卡,5,2008-09-29 00:21:00,,71,真的很棒，不仅仅是动作场面，更触及人性。Heath的表演太精彩，愿他安息。
西楼尘,5,2013-08-21 22:54:15,,96,最棒的一部超级英雄的电影，带着看无脑片的心情看到了诺兰的惊喜。隐喻影射着我们的社会，好电影就是能把现实生活的不完美巧妙告诉你。
叶扬 | 独眼,3,2009-02-08 17:44:01,,125,对情感的描写太泛泛，而动作镜头也没有那么精彩。小丑确实是其中演得最好的了。
易老邪,2,2010-04-19 19:17:26,,55,重温，观感更差了，空洞、乏味、无聊、腻歪，恕我欣赏无能，再扣1星。
南笙,5,2013-02-01 18:22:19,,76,挚爱希斯莱杰，永远的小丑，无人可超越。癫狂的演技，已分不清那是戏还是人
Ocap,5,2014-04-28 23:02:19,,54,启蒙我的电影重作之一。以最痛快的方式，直面黑暗，相信黑暗。
杜若,2,2020-10-18 09:45:20,,34,这部片子被严重高估，各种毫无逻辑。小丑是催眠大师吗？可以让那么多黑帮小弟不图钱、随时死跟随他？电影里警察智商为负数，各种蜜汁操作！警察每一次行动，都能被小丑安排自己人也是太扯了！入狱胖子身上的手机和两船的炸弹能没发现？还有检察官的黑化也是全无清理可言，居然放过了小丑，真是太扯了。这片子为了提高立意，各种不合逻辑，完全神化小丑，故事逻辑性为零。
Rebel Scum,5,2010-02-19 22:04:35,,53,Theherowedeserve.
Over5,5,2008-12-23 00:16:22,,145,人的恶念就像地心引力，只需轻轻推上一把～大片儿且有品
丁一,3,2019-09-11 09:52:37,,105,看短评区，好像进了个夸夸群~
大島,4,2018-11-12 08:39:33,,59,可贵的是他不是超级英雄，而是人类的极限，阐述的不是正义，而是人性。
何倩彤,5,2008-08-06 00:14:09,,64,11-3-20096:30pmimax&28-2-20096:30pmimax&25-1-20096:30pmimax&5-11-20085:50pmimax&20-10-20089:40pmimax&13-10-20089:40pmi
猛汉世雄,4,2010-05-14 16:17:23,,38,太喜欢小丑了
菲利普,4,2011-11-14 17:19:44,,29,我觉得没有第一部好，第一部比较从容。这部想表达许多东西，反而乱了手脚。
yar2001,2,2020-10-16 23:58:10,,10,不理解这部片子为什么能有这么高的评分。据说给豆瓣高分电影打低分会显得“故作聪明”，但对于这样一部片子，充斥偏见，滥用隐喻，堆砌故作高深的台词，我实在无法视若无睹。没有逻辑，没有经得起推敲的情节，所有人物都在强行烘托出深度感。豆瓣热评所用的溢美之词更是夸张，不喜欢这部电影的讨论者遭受了各种攻击，实为费解。我不在乎这部影片的导演是谁，不过难以接受这样一部有点肤浅的电影能拿到如此夸张的分数，很失望。
Leon Winters W,5,2015-06-11 11:36:12,,45,蝙蝠侠版的铁血丹心！即便蝙蝠侠真的没有了抵抗能力，任他宰割时，他会放弃。或者，他会杀掉这个蝙蝠侠，然后再去找一个蝙蝠侠去杀。如果这个世界上只有一个蝙蝠侠的话，他会舍不得杀的。这不只是为了不断斗下去而活在“一个不那么无聊的世界”，也是他内心深处那个小男孩的一点微弱而坚定的呼声。
yyb,5,2017-02-26 22:08:20,,72,补了一年美漫再回来看黑暗骑士，终于明白经典为什么是常看常新。没有读过蝙蝠侠，你无法理解蝙蝠侠不杀原则，没有读过小丑和致命玩笑，你不明白蝙蝠侠和小丑是一枚硬币的两面。这部电影有巨大的背景门槛（诺兰对于蝙蝠侠和小丑的理解令人惊叹），条目下的长短评论基本是瞎扯，大多只浮于表面
LORENZO 洛伦佐,3,2010-05-04 05:58:45,,82,我觉得没那么好看
林愈静,3,2011-10-18 10:11:22,,93,2011-10-15诺兰硬是把一部动作片搞的很哲学，so，有点失败。
汝就做吾的犬吧,5,2012-03-31 15:51:31,,32,个人还是比较偏爱前传1，但是2里船上那段戏确实是蝙蝠侠系列所有真人翻拍电影的最高峰…很多人都喜欢这个版本的小丑和阿福，而我恰恰觉得这两个角色不尽如人意，不是演员演技不行的原因；Joker因为剧本和台词的关系狠辣有余但幽默不足，阿福则是因为演员太有气场故使老管家这个角色看起来太过强势…
曾于里,5,2015-12-26 23:34:16,,39,虽然是老套的超级英雄主题，但关于人性善与恶、正义与法律悖论的思考非常深刻
托尼·王大拿,5,2010-09-11 02:51:18,,42,唏嘘感叹，泪流满面
冰红深蓝,5,2012-02-02 00:12:14,,48,最好的漫画英雄电影之一。
欢乐分裂,4,2013-08-31 15:34:08,,26,三部曲2>1>3，此片最富戏剧冲突，对人性的拷问也最具深度，也可以预测其没落的征兆，因此即使在没看过之前两部的情况下，依然能感受到第三部的无力和无奈，不过再回过头去看，也理解了其中的悲凉和力不从心；平行线非常漂亮，不过最完美的当数小丑，每个人心中不敢直面的阴影和恐惧。
香水瓶,5,2008-10-04 20:28:59,,28,才看了一半这片子让人感觉太压力了确实非常好看编剧简直是疯子！
曼仔,3,2022-06-18 11:49:59,,32,时隔四年重看这部，希斯莱杰确实是真正的天赋型体验派；但诺兰确实不懂人。诺兰对“人”的解读是模式化且抽象化的，只能隔着距离去想象大众的善恶，呈现粗糙的“普遍人性”，一旦涉及个体幽微复杂的心理性情，除非演员天才，否则人物的工具感和匠气感非常明显。结尾蝙蝠侠自污名节深藏功与名的设置简直给我看笑了，能说什么，这种“清者自清是于无声处对无人的承诺”式的自怜审美真是跨越中外，鹤唳华亭、庆熹纪事、琅琊榜里的男主角，每一个都在做出一模一样的沉浸式自怜，以自污来自我升华。想象中的孤胆英雄铁肩担道义吗？只怕“载不动许多愁”。
艾小柯,4,2008-07-21 11:11:49,,24,小丑与电锯狂人之对比
契阳,3,2022-06-08 11:44:31,,28,我大概永远无法欣赏，英美的混乱美学。正直精英靠钱堆出来的科技变身暗夜骑士，以哲学理念包装行为偏好的小丑，微笑疤痕的来历，见一个人就换一个说法。。。。。警察市长法庭。民众。无法对任何一方共情。感觉像好几个道德困境选择题连缀起来的一篇作文说不出啥感觉，就是经不起仔细推敲。毕竟真空状态下的完美哲学难题，在漏洞百出的现实当中是不存在的没有人是掌控一切的出题者，各有自己的信息优势，在有明有暗的混沌当中朝各自的目标摸索，才更像我理解的世界。我看到的灰色的风格，跟创作者眼里黑白交织的织法太不一样了。大概真的是跟诺兰没有缘分吧6部片了，看到的都是背后那个有制造场面的才华、但真的让我很想劝他重新接受基础文科教育的偏执者
杨迪,5,2009-12-17 01:26:12,,42,一直知道它是部神作，2009看这部片子是怎样的我居然只打了三颗星。2020年再次重温，直接超五星好评。小丑的癫狂，蝙蝠侠的隐忍，双面人的沉沦，庆幸我再次看了一遍。
momo,5,2016-11-21 18:42:08,,45,知道诺兰擅长烧脑类电影，没想到动作大片也如此带感。主角蝙蝠侠演的很好，但发挥空间不大。反派小丑很变态，获得奥斯卡最佳男配实至名归。卢修斯和阿福是蝙蝠侠的左膀右臂，都是超级熟悉的实力派。人们津津乐道英雄的风采，却不知英雄的无奈。
请保持高冷,4,2017-01-14 15:49:18,,20,在面对着这个有史以来最具针对性、最恶毒的对手时，“蝙蝠侠”却不得不从他的地下军械库里搬出每一件能够用得上的高科技武器，还得时刻纠结着为他曾经信仰的一切寻找答案。
Eve|Classified,5,2010-01-01 21:43:50,,38,要么跟随蝙蝠侠，要么向小丑倒戈。有一天我面对这个世界，突然间想要吐。
熬夜季军,4,2018-02-02 16:08:30,,27,最让人叫绝的就是两艘船上的人们做的选择，人性没有那么好，也绝没有那么坏。还是要说诺兰出品，必属精品，这不是简单的超级英雄片，还有对人性的探讨。
我的苦難史30天30夜也講不完,5,2009-05-31 23:24:34,,138,好过瘾啊要是可以在电影院看就更爽了
后天的雨,5,2016-11-21 21:12:41,,33,作为诺兰吹贝尔颜粉必须给五星，很纯熟的商业片，除去商业片元素之外还有些能打动人心的部分
征服者张袭,3,2017-07-06 00:41:24,,29,★★★☆
朝阳区陆依萍,NaN,2013-03-03 16:35:56,,30,看的我下巴快掉下来了。。。。
有心打扰,5,2010-04-19 12:29:25,,35,1.无与伦比的黑暗！2.节奏控制得很好；3.恶意成为兴趣、无差别残杀结合在一起，那才是真正的恐怖，是人性里最黑暗的部分。
大头绿豆,3,2020-08-26 11:04:02,,49,如果仅仅作为不讲道理的无脑爽片来看，是非常过瘾、值得五星的。但诺兰显然不甘于此，非得逼着观众强行思考一些他自己也没弄明白的大道理，结果呈现出来的，变成一堆似是而非、经不起推敲的价值观。
大耳朵图图_,5,2017-03-29 14:37:25,,36,最强的人类——蝙蝠侠。虽然是超级英雄片儿，诺兰却把它拍出了人文气质，同类题材的真的会很难超越
kiki,3,2012-03-17 21:29:04,,39,这种类型的片子不适合我。如果不是为了尊重导演，差点看一半就退出了。就因为自己喜欢的人死了，立刻从光明骑士变成terminator了，难道就为了突出小丑智商1200么？好弱智的片子。
皮革业,4,2008-09-21 17:29:15,,13,又看了一遍，到后半段，还是会感觉累。觉得ChristopherNolan几乎被自己过于庞大的叙事吞噬掉似的。
和时间做朋友,5,2023-07-06 15:11:54,上海,38,跟其他的超级英雄片相比，这部片子的立意真的是在nextlevel。btw我很悲观，我一点都不相信两艘游轮上的选择在现实中会真的出现。
许季山,3,2014-08-04 11:14:14,,38,看电影过程中一直困扰我的是小丑怎么完成诸多不可能的任务？他真是天仙下凡，只看到结果不解释过程。如果这个问题不解决的话，这电影的根基在哪呢？
Song³,5,2009-01-05 20:27:42,,13,希夫列特遗作/光明与黑暗是同一个人的两张脸
徐若风,5,2012-08-28 12:54:32,,20,完美诠释GRAVITY.
方枪枪,5,2009-11-12 17:30:02,,17,希斯莱杰表演很精彩！+1
王写写,5,2009-05-19 12:30:11,,20,无法言说的伟大电影，莱杰版的小丑真是魔鬼附身一般的演技！
把噗,5,2011-12-31 16:10:00,,13,爽爆了！！！
X,5,2017-03-31 16:37:34,,25,私以为蝙蝠侠是一众超级英雄电影里最有深度的一部，非常有讽刺意义
焚紙樓,5,2017-08-02 18:50:57,,18,成功原因：諾蘭兄弟（10%）+法蘭克米勒（10%）+華納公司放手一搏的膽識（80%）
Bill,5,2008-07-22 21:17:36,,17,曾经力压TheGodfather的IMDb第一猛片久久无法平静最喜爱的superheromovie其实决不仅仅是一部superheromovieHeathLedger演得令人意外地好两艘船的引爆很揪心投硬币定生死让人想起NoCountryforOldMen
尚在影,5,2014-12-22 07:33:19,,15,看过最多遍的电影！
UrthónaD'Mors,5,2012-09-02 08:34:25,,23,其实我想说，小丑说的话多半是真理Itrytoshowtheschemershowpathetictheirattemptstocontrolthingsreallyare.itsafunnyworldwelivein
孑秩,5,2017-11-25 22:43:44,,14,随着超级英雄片批量下线，越发怀念这部
A L E X,5,2009-04-20 20:39:58,,15,HEATHLEDGER..............................ILOVEU!!!!!!!!!
kiki,3,2012-03-17 21:29:04,,39,这种类型的片子不适合我。如果不是为了尊重导演，差点看一半就退出了。就因为自己喜欢的人死了，立刻从光明骑士变成terminator了，难道就为了突出小丑智商1200么？好弱智的片子。
等一个人,5,2008-12-12 20:57:19,,23,小丑一人，就值得满分
顶天立地咩抹酱,5,2017-11-26 21:14:46,,12,不是脑残粉也觉得这片子拍得实在是好
法外之徒,5,2022-04-27 21:39:25,,22,在诺兰的眼中蝙蝠侠从来不是一个穿着紧身衣的超级英雄他是另一种形式的世界警察从诞生到死亡都被宿命般的悖论所萦绕：究竟是谁给了BruceWayne权力让他能够超出法律的边界仅凭意志做出价值判断？如果这种权力来自于城市的腐败和普通人对正义的渴求那么打击罪恶的代价又应该由谁来承担？而这一质问完全可以延伸到美国在反恐战争中所扮演的角色如果说小丑这种恐怖分子的诞生是源于作为义警的蝙蝠侠的存在那么自诩世界警察的美国进行反恐战争的合理性自然需要打上一个问号正如决战处蝙蝠侠通过监控所有人的通讯设备来找到小丑这简直就是“棱镜计划”的翻版在用监视所有人而获得虚无安全感的前提下谎言的破灭引发了更大的信任危机
许季山,3,2014-08-04 11:14:14,,38,看电影过程中一直困扰我的是小丑怎么完成诸多不可能的任务？他真是天仙下凡，只看到结果不解释过程。如果这个问题不解决的话，这电影的根基在哪呢？
汪金卫,5,2009-11-08 16:47:58,,12,第一次看是高三时躲被窝在小MP4上看的；第二次看是“蝙蝠侠大战中国国宝”事件时在电脑上看；如今终于在IMAX银幕圆满三刷。航拍镜头大场面都是16:9的数字IMAX满屏画幅，加上高潮迭起的剧情、小丑的绝佳演技、汉斯寂寞的鼓点配乐、DC粉丝的五度鼓掌欢呼，营造出年度最佳最爽最HIGH最震撼观影效果！
办公室甜心,5,2012-08-19 02:09:30,,17,不多说，这是一部伟大的电影。
yar2001,2,2020-10-16 23:58:10,,10,不理解这部片子为什么能有这么高的评分。据说给豆瓣高分电影打低分会显得“故作聪明”，但对于这样一部片子，充斥偏见，滥用隐喻，堆砌故作高深的台词，我实在无法视若无睹。没有逻辑，没有经得起推敲的情节，所有人物都在强行烘托出深度感。豆瓣热评所用的溢美之词更是夸张，不喜欢这部电影的讨论者遭受了各种攻击，实为费解。我不在乎这部影片的导演是谁，不过难以接受这样一部有点肤浅的电影能拿到如此夸张的分数，很失望。
老罗Lazzaro,5,2013-08-25 11:25:17,,10,诺兰经典无法超越，燃cry+1。
DEPARTURES,5,2018-04-15 17:37:11,,10,BJIFF2018Day3金逸大悦城2号厅，TDK十周年，总算补上大银幕，无需多言！多年以后仍旧是同类型难以逾越的巅峰，超英漫改题材范畴能有的都有了。不能有了也有了。十年以后依然屹立不倒！DC有这一部就够留名，话说JNH配乐明明贡献不小，怎么老被无视。
FrozenElsa,5,2016-05-05 17:33:50,,10,【9.4】5.5.2016重温！千言万语说不尽我对黑骑的爱，从这部开始入的DC坑，爱上美漫，爱上蝙蝠侠。感谢诺兰拍出了这么棒的作品，特别现在看来，如果没有三部曲撑腰DC会被嘲讽成什么样子。TDK完全值得给满分，不过这部没有太多情感的渲染，感觉还是扣点分吧。
RUNE,5,2016-10-23 09:13:12,,16,诺兰成功的将一部超级英雄电影极尽升华，在正邪交锋中，用以探讨人性，用以诠释选择，将商业与文艺完美结合，将蝙蝠侠从失落的泥潭中拉起，塑造出了超英电影一个前无古人后无来者的巅峰，精彩到无以复加！由此诺兰便成为了我最喜欢的导演，没有之一
凹凸,5,2015-02-02 19:35:44,,11,4.5唯一的败笔大概是双面人的转变太过突兀了把超级英雄电影拍得如此深刻又悲怆都没能提名81届奥斯卡的BP和BD学院也是有点可悲
爱的镇魂歌,5,2015-02-05 00:14:40,,17,正气与狂气碰撞交织，冲破底线人性畸变，转折层层突进，多重高潮共鸣。通过小丑催生堕落的双面人，通过哈维鼓舞奋起的哥谭市，三艘船构建猜疑链，同样生杀在握却走向不同于自然选择号的结局，给予了蝙蝠侠背负起罪名的意义，结尾将小丑赚走的风头一把抢回，老爷赛高!
Adrian,3,2008-09-05 23:31:43,,23,toomuchbugs
望仔放弃减肥了,5,2011-06-09 12:02:15,,12,他不要钱，不要名利，甚至不要命。他永远在脸上涂着厚重的油彩，却一直要求另一个人摘下面具。他从来都没想过要杀他，他想要的是被他亲手杀死。他在夜空中仰望他，命悬一线，我们注定了一直这样纠缠下去，情牵一线。忘掉那个口是心非的女人吧，忘掉那个道貌岸然的男人吧，只有小丑才是最懂蝙蝠侠的人
Sen,5,2015-04-05 13:00:12,,13,这次从头到尾彻彻底底地重看了一遍，以前看是被小丑吸引，后来看是被蝙蝠侠所感动，现在看有一种感觉是诺兰剪辑后本来应该有四小时长的，后来硬是剪成这样，但居然无尿点，赞。每次再看都有新的感慨。
猫语猫寻,5,2012-12-27 10:58:42,,20,刚刚看到说，这个片子里有陈冠希，你们发现了么？我怎么一点印象都没有！要不要再看一遍呢！好犹豫，如果他是去拍照的，那不是很亏么！唉！
Q。,5,2009-01-11 11:57:31,,17,蝙蝠侠为小丑点燃最后的烟花。★★★★★
渡口无边,4,2011-06-18 16:11:40,,11,蝙蝠侠不同于英雄系列电影的地方在于，让人体会到更多关于黑暗关于人性的诠释。诺兰对人物个性色彩的刻画和内心动作的表达淋漓尽致。至于大场面又完全不亚于其他英雄大片。
撒旦的表妹,5,2016-06-10 16:37:03,,12,很久之前看了一半没看完，就记得整部电影的色调都是黑乎乎看得人太压抑，这次终于分两次看完，然后更压抑了。
秋里,5,2016-03-04 21:01:23,,24,重看一遍，想起王尔德的一句话：把人分成好的与坏的是荒谬的，人要么迷人，要么乏味。小丑就是那个迷人有趣的人，而蝙蝠侠不仅弱爆了，还很乏味。我真的是三观不正吗。另外小丑看到船竟然没炸的时候，他应该是感到一种巨大的怅然若失吧。
fateface,5,2011-02-06 23:28:10,,17,這部電影的主角是Joker。最後兩艘渡輪互相決斗的情節設計真神來之筆啊。
川总,3,2011-09-17 22:38:08,,16,女猪脚丑死了！AaronEckhart帅的让人崩溃！整个故事还是显得矫情，过于主旋律
国王KING,5,2014-02-01 19:41:05,,14,【电影之夜】暗黑英雄最强力作！
九尾黑猫,4,2008-11-17 02:28:55,,9,不错的大片，但显然不能算有史以来最好的大片，这么说就过誉了。
岛上的夏奈,4,2010-09-06 09:40:59,,13,ChristopherNolan似乎总是想把人性最黑暗的一面展露在众人面前，让人无法逃避无法不面对
左胸上的吸盘,2,2021-07-01 20:45:04,,13,蓝光重刷。这部的动作场面依旧非常差，不过构图、色调、配乐这些元素和上部有所区别，外景有些怪诞的空旷，配色浓郁，呈现出一种类似黑泽清的后工业时代奇观的质感。希斯·莱杰的小丑上线，他的演技在这里比较突出，19年的《小丑》的表演方式与性格设定都脱胎于此。女主换成吉伦哈尔姐姐，依旧没看点。剧情还是一泡污，无所顾忌的小丑抢尽风头，上一部完成自我确认的蝙蝠侠在这里又陷入了公义与民主的困境，像这种能力超群却自我迷失、原则清晰又遭大众反噬的形象，在DC作品里已经是臭大街的存在，而受小丑蛊惑的正义检察官相当于把上一部蝙蝠侠的主题又演了一遍，剧情主线是小丑反复胁迫而蝙蝠侠反复纠结，这一大堆啰嗦重复的内容令人难耐。这种剧情老套拖沓、制作廉价粗糙的东西却能获得市场成功是很难复写的，除非导演是诺兰这种自带死粉的且运气爆棚
匿名用户,5,2023-06-21 19:39:41,福建,19,前2小时只是一部优秀的超英电影，后半小时主题突然升华
Mr. Infamous,5,2012-08-28 08:46:20,,11,对于孤寂与绝望有着腐蚀性的刻画，在小丑诡异疯狂的思维逻辑下，其实有着对世态最精明深刻的透视，人性两面翻飞颠仆，神速地侵吞着信仰与底线。蝙蝠侠这一次浓重的阴郁、无助与动摇，无不是为他百炼成钢铺就一种可能。坐等下一部神话的重塑。（MG是我所好，但Rachel换人还是不惯。又话说，有冠希哎。）
岛马,5,2019-01-08 23:05:29,,7,回看第二十一遍！每当有朋友没看过，我都会带着他重看一遍。因为每一句台词都是有用的，剧情从头到尾都是连贯的，所以每次都有新的发现。尽管一个榜单一个标准，在我心里这永远是影史第一！P.S.20190108之前一直想不通为什么瑞秋会搭上一个光明骑士，今天想通了，因为黑暗骑士晚上老往外跑......
铲铲,3,2020-11-14 22:07:57,,23,居然评这么高？只觉得很黑暗但是没啥特别的感觉，想拍人性但是可看性一般，差点睡着。不至于不至于。
丘不早,3,2023-08-18 20:42:34,广东,9,通篇过于上流，有些不适。唯独小丑形象深刻至极，三颗星都为希斯·莱杰，这部电影完全是他的个人solo，此外的部片无聊到可以随时停止播放。
闲菜大姨,4,2014-05-25 18:25:53,,16,英雄总是寂寞的，罪犯却从不缺帮凶。还是普通人最幸福，生活在粉饰的太平中。
Multivac,5,2008-11-23 19:46:13,,18,缀好的蝙蝠电影。没有之一。
开膛手贝塔,4,2012-08-27 15:24:24,,17,所谓英雄，难的不是在高楼挺立抱着救来的美人受万人敬仰，而是为世人之福祉，担得起所有的唾弃、怪责与嘲弄。
哟          .,5,2022-03-23 14:37:23,,19,大概是第四遍了，一不小心打开就停不下来。其讨论问题之深，演员演绎之绝，超英电影至今大概无人能出其右。布鲁斯韦恩不断的自我怀疑，以及面临的数次道德抉择都令人动容：正义与善良，理智与情感，正直与极权，希望与谎言……最终蝙蝠侠一瘸一拐地逃跑，那一大段放在别的地方也许伟光正、也许矫情的对白，在这两个半小时的讲述后都成立了。我们都知道他承受了什么。这也许正是诺兰导演的高明之处，在最适合的故事下讨论最适合的主题，在最合适的语境下说最合适的话。
狼大疯,5,2008-12-14 17:25:29,,12,快餐电影也开始走向牛逼了
战国客,5,2008-09-10 14:23:11,,13,诺兰归来，尽显王者风范；小丑登基，我们拭目以待！
泽帆,5,2009-12-12 23:32:34,,13,喜欢里面的配角小丑就像喜欢《无耻混蛋》里面的配角纳粹军官一样。
刘番茄,3,2019-09-01 21:24:05,,31,评分高的吓人，我看时只觉得累，虽然节奏很快，真的只觉得眼花缭乱～像说教一样的电影，某些桥段太刻意表现人性美好～可能我就是不喜欢超级英雄电影，即使是诺兰导的…
小崔,5,2009-02-01 09:49:34,,8,两小无猜的人儿到了第二集也换。换的太频繁了点儿吧
深邃,5,2018-04-07 23:19:54,,12,#BJIFF#回溯了一下这是我完整看完的第四遍（部分片段看过次数数不清了），IMAX4K的配置，全场集中鼓掌六次，分别是影院黑灯、小丑出场（伴有高声尖叫与欢呼）、结尾随寂寞神配乐出片名黑暗骑士、字幕出西斯莱杰、字幕出诺兰、全片字幕滚动完毕。相信黑暗骑士的荣耀，仍将震撼我的余生。
老Ben蘇,5,2012-10-07 12:02:03,,11,从没有一部商业电影可以做到这种高度，也許說這是一部商業片是在侮辱這部電影了。小丑这个人物无疑是美国超级英雄系列电影里最伟大的反派，希斯萊傑毫無疑問已經超越演技同樣神級別的傑克尼克爾森了，希望他R.I.P..諾蘭用他黑暗風格加一個一個虛構的哥譚市完美呈現出人性的光明和黑暗，詳見三位主人公
绿酱（冷萃版,5,2015-07-15 14:01:31,,9,诶，我还是觉得老爷比较帅啊，小丑什么不是我的菜呢(嘻嘻)
爱幻想的小孩,5,2013-03-24 17:50:17,,10,个人缘故，特别喜欢这种片子的质感。各方面处理的都很到位，引人深思
小海,5,2011-12-24 23:48:28,,15,抑或舍身取义，抑或长生久视，坐等与恶人为伍……你们将来追捕我，你们将来审判我，你们会让我恶名远扬，因为那本来就是你们的职责所在。因为有时候，真相是远远不够的，有时候人们需要得到更多，有时候人们应该得到他们对于信仰的回报……他是沉静中的守护者，一位警觉的卫士，黑暗中的骑士。
D I D A,5,2009-04-05 18:54:37,,10,商业式的古典戏剧，重要的是，身临其境
石墙,4,2012-11-30 23:24:02,,8,现实世界中的暧昧性让很多真正的好人必须去做一些坏事；但是虚构世界中的蝙蝠侠虽然声名不好做的却全是好事。两者都保留了事实的复杂性，但是前者是现实的，后者是理想的。蝙蝠侠只能是一个理想中的英雄，市民对他的误解其实更强化了他的英雄形象。小丑的形象则没那么含混，他不考验伪善，他考验真善。
qw0aszx,5,2014-12-24 21:20:34,,15,奇怪的是诺兰之前居然没人想到胶片IMAX相机可以用来拍剧情片
Walt,5,2015-01-30 16:52:16,,10,我从小梦想做大英雄长大后梦的破碎并非我无法成为英雄而是这儿根本没有英雄这个世界上从来没有人堪称英雄在此之前没有但也正是因此我们有了抛开过往一切所有有关英雄的定义重新开辟一个新的有关英雄的词条属于每一个人自己的词条
石头星,5,2017-02-24 23:00:13,,9,可惜大陆未公映，没有大屏幕前欣赏。对人性的拷问直击人心，太经典，小丑也是。
方方土君,5,2012-07-30 00:38:31,,22,其实小丑才不是疯狗，他是人性大师与博弈大师……
草威,5,2008-09-10 17:17:00,,34,诺兰是个侠客。
🌞娘卷卷🌙,NaN,2011-01-07 13:25:19,,7,资料馆2011.1.6我就想说，也太壮观了吧，600人的大厅呀！踩着人头坐过道台阶上看的。
灰色堡垒,5,2014-09-04 10:28:37,,4,我心目中的最佳商业片之一。
卡比巴拉的海,3,2017-04-06 15:29:29,,9,无尽的黑暗
晚不安,5,2011-12-24 18:43:26,,8,我以为蝙蝠侠会摘下面罩，和哈维坦诚相见，但是他没有。祝愿每个伟大的斗士，在领受痛苦的同时，都能收获一份幸福。
柴郡猫,5,2021-02-10 01:38:15,,35,哈维有他决定命运的硬币，布鲁斯也有，但他从来不掷。
danver,5,2008-08-03 00:27:22,,6,暗黑度不如预想，很多地方很顾及大局地正义了。但镜头极流畅，比赤壁还长的片子进度又快，居然没有任何仓促感也没有时间感，直到看完才反应过来。老演员们都是人精啊。
不说也罢,3,2022-03-27 16:14:02,,11,没有什么超能力，没有什么高科技，像是一个警匪片。而且反派还特聪明，把三个主角耍得团团转😧小丑做什么都顺风顺水，想干啥干啥……电影拍得还可以，但剧情一般了，好像小丑才是值得歌颂的主角。想到同样是厉害反派的灭霸，格局比小丑大多了。钢铁侠们的正义感也没那么容易崩塌，世界上的人都没了一半，也没说变成坏人的去报复社会的。
王大盆,5,2017-09-27 00:24:43,,9,蝙蝠侠不是这个电影的主角，小丑才是。
云城,5,2018-01-23 09:37:38,,5,希斯莱杰今天离开十年了
豆友2454628,5,2012-09-03 23:26:00,,6,"在第一部冗长的铺垫和热身之后，诺兰终于放开手脚，让蝙蝠侠2脱离了多年来漫画超人大片的乏味套路。小丑这一角色的成功塑造，使这部片的内容甚至胜过形式，变得真正有料可挖起来。只不过，我真是受够150分钟的电影了，观影舒适度在90分钟后就开始逐渐下降，如今难道都没人崇尚""短小精悍""了吗？！"
。,5,2017-11-18 16:51:51,,8,【重温】看了无数遍，结局仍然看哭。环环相扣，引人入胜。几乎大部分台词都有所铺垫且耐人寻味。更别提及其出色的人物设定，最爱的蝙蝠侠，最经典的反派。如果可以打一百颗星就好了。
故里,5,2008-11-15 00:03:25,,10,神作
思路乐,5,2016-12-10 09:28:40,,20,【Great】最后那个背影到底承受了多少黑暗和光明
Yeoman,5,2011-01-07 11:41:06,,12,希斯·莱杰创造了影史上绝无仅有的坏角色，一个集高智商、组织力、悲剧命运和变态人格于一身的怪异人物。开场镜头从远处推进到摩天大楼的玻璃窗，一枪爆裂，行动开始，低角度先拍小丑手中的面具……好开头。
是灰小猫啊,3,2020-04-18 22:20:25,,21,我和各位超级英雄真的八字不合
[己注销],4,2019-11-27 15:33:38,,8,（８／１０）《小丑》是小丑的起源，《侠影之谜》是蝙蝠侠的起源，《黑暗骑士》则似乎是蝙蝠侠和小丑的首次交锋+双面人的起源。希斯·莱杰演绎的小丑很出彩，看了花絮介绍莱杰参考了1989版杰克·尼科尔森的小丑。说起来早期小丑只是个很普通的反派，但尼科尔森在演绎方式进行了突破，赋予了这个反派角色邪恶的魅力，之后包括莱杰在内的诸多小丑都多少有点尼科尔森版小丑的影子。不过话说回来，小丑如此受观众欢迎，也说明了如果希特勒活在了这个时代，他也会有很多粉丝吧？或者，“如果”二字完全可以去掉。
纸风筱龙,5,2014-11-06 19:20:10,,7,莱杰极致的完美演出让影片中所有角色黯淡失色，诺兰这次把写实犯罪风发挥到极致，蝙蝠侠成了只是披上披风头盔盔甲和一堆高科技的普通人，tdk中依旧由季默和纽顿霍华德作曲。无可挑剔的剧本、登峰造极的演技、近乎完美的配乐，商业电影的极高境界，诺兰把商业电影结合艺术让这部商业电影有一半是文艺片
Arrhyth,3,2012-07-30 12:26:13,,9,平平淡淡…不过导演告诉我们，如果正派的男主不够帅，他早晚要变成反派的。
高歌,5,2012-09-25 01:01:36,,9,竟能把美式大片拍成这样，我已无话可说。
。。。。。。,5,2008-07-26 13:50:52,,6,第一次看的时候吓到了，给了三星，缓过来以后回味了一下给了四星，看完第三部回头再看一遍，一对比，给了五星。
陆钓雪de飘飘,5,2017-11-26 02:03:34,,14,果然是系列最佳，燃爆。Becausehe'snotahero.Heisasilentguardian，awachfulprotector，adarkknight.
掉线,5,2016-05-30 03:46:06,,84,【A-】四年后重看感觉好多了，但依旧不是心中神作。诺兰太聪明，能够如此精确的抓住观众的情节期望并推翻，最出色的还是在漫画英雄类型片里达到了前所未有的主题高度。和剧本相比其他就显得逊色了，过于依赖非线性剪辑显示了导演单场景调度能力不足，以及部分动作场面真的满难看
春衫薄,3,2021-06-14 01:16:58,,8,对不起诺兰，此类题材依然欣赏不来
SELVEN,5,2016-07-06 22:00:22,,6,88/100第二遍看还是cry了
千堆雪与长街,5,2020-08-21 17:07:37,,14,这座城市需要有品味的罪犯还有我居然一眼认出了出镜只有一秒的陈冠希
豆腐脑敢死队,5,2008-11-28 23:43:05,,5,黑暗颠覆燃烧票房完美谢幕
Elizen,4,2022-05-14 01:57:52,,6,讨论人性的超级英雄，怕狗。
felt u,5,2009-12-15 18:44:35,,8,ChristopherNolan从没让我失望过
豆友36105243,5,2010-10-19 22:42:26,,6,以后无法再忍受烂片了……
小刀周远,4,2010-08-22 18:05:42,,5,aherocanstandanything.两艘船上的普通人和罪犯们，他们才是整个影片的精神所在。
开朗米奇罗,4,2022-08-28 22:52:43,北京,9,结尾只好为蝙蝠侠献上一首：爱你孤身走暗巷爱你不跪的模样爱你对峙过绝望不肯哭一场
HarperDie,5,2018-04-08 00:13:28,,7,四星半。诺兰把蝙蝠侠的精神内核推到这样的高度，令人太难拒绝对其赞美。可为了承载这样的体量，情节不留余地的加速推进，强硬到不讲道理，角色皆为影片附属品。即便希斯·莱杰与小丑已融为一体，却也只是诺兰扯下人性伪装的一隅。可敬又可惜。
寒枝雀静,3,2017-08-09 01:06:31,,3,看完新蝙蝠侠后改三星。
phoebe,4,2019-09-28 14:42:43,,6,小丑应该开创了一个反派类型吧，佩服。
本味何知,4,2022-10-04 22:00:33,湖南,3,这部基本脱离了超英的趣味。片中的一些探讨谈不上深刻（无论是社会运作还是群众道德都跟开玩笑似的），但概念玩得挺溜，小丑、双面人、黑暗骑士互为对照，在犯罪片里也算出类拔萃。
判官,3,2016-08-12 14:50:37,,5,小丑这角色真是屌炸了，真男人从不回头看爆炸啊。
la dolce vita,5,2023-05-09 12:58:01,湖北,22,真正意义上的神作，太好看了。蝙蝠侠、小丑和双面人三个人，分别代表着正义、邪恶和选择。当大家发现选择无底线的恶比坚守正义更容易时，人们就会堕落，向下是轻松的、简单的、付出很小代价的。而向上却意味着要冷静、清醒、牺牲。具有古希腊悲剧的色彩的现代寓言故事，蝙蝠侠选择自我牺牲来守护正义、守护光明。希斯莱杰演的太太太太好了，癫狂又可悲，真的演活了小丑
shelley,4,2012-09-02 09:07:06,,1,我不是粉啦
高詩遠,4,2021-01-20 12:40:00,,2,这一部已经是蝙蝠侠的天花板了，与小丑的博弈之中存在多重反转，完全摸不透这一局谁是赢家。打破了非黑即白的世界观设定，几乎每一个人都是双面的，蝙蝠侠最后承载了绝对的正义与邪恶，双面人又从黑暗之中驱散光明给活着的市民们给予希望，绝对的正义无法独自享受光明，有时也需隐忍，没有非黑即白的世界，只有黑白颠倒的乱世。
包子,5,2012-07-22 19:11:43,,8,陈老师亮瞎了==这龙套跑的。。。
g9421,4,2008-09-16 12:21:49,,3,看了快版……经典的好莱坞范式啊……小丑的表演有点过。
Medellín,1,2009-08-08 03:52:08,,18,被高估的典范啊
糖罐子.,4,2018-06-29 13:36:27,,11,希斯莱杰的表演犹如魔鬼附体。英雄总是外表坚强内在脆弱，此部中小丑在气势上完全喧宾夺主压过了主角，一切仿佛都在堕落边缘。然而，正是这种临界状态的坚守才使正义变得可信，才使光明成为可期盼的将来#仍旧不爱此系列，但不能否认，艺术与商业的完美结合体现于「黑暗骑士」。
朋克布莱克,5,2011-07-14 00:27:14,,23,何谓正义？文明社会无法回避的问题，本片让人陷入漫长的沉思。
Fleurs.哼哼,5,2012-09-23 10:05:52,,4,完美
書衣偵探華斯比,4,2013-10-09 23:22:54,,3,个人观影感觉上，没有其他推荐人说得那么经典，没有超能力的蝙蝠侠前传电影真心不科幻，但还是相当不错的犯罪电影。实体正义和程序正义的关系问题也一直是超级英雄电影要涉及的内容。
杨清嘉,4,2022-03-24 02:10:25,,15,最好的情节是货轮没炸，能在黑暗中拯救人们的只能是人们自己，真正的英雄主义是一个个普通人不屈服于恐惧。Superhero就像童话里的王子，弱鸡如白雪公主只能等待被拯救，普通人可比白雪公主强大多了，能在混沌中坚韧不拔地活下去，他们比英雄更有力量。
sonic monk,4,2008-09-13 14:58:14,,0,其实感情分有一部分当然片子也不差
啊撒酷啦哟,4,2012-08-30 23:23:41,,0,不难看，有点期待第三部的说~
睡懒觉的cc,4,2011-05-23 16:17:24,,0,【第81届（2009）奥斯卡最佳男配角】为英年早逝的HeathLedger，为小丑，为能把《断背山》里的俊美男子整成小丑这般怪胎样的造型师。
芥末蘸酱,5,2009-07-05 21:46:22,,6,2008年度电影！2018.04.14@CBD万达IMAX版重温，激动湿了。
笨锅,4,2011-05-19 17:35:06,,1,这片我好象没看完全，下次记得再下载
豆瓣酱,NaN,2012-09-02 14:21:51,,1,最喷血的是居然有陈冠希打酱油。。。。吐血。。。
周鱼,4,2009-05-04 21:10:38,,0,JOKER已成绝唱
🐳 居北望南 9¾,2,2012-04-13 23:38:25,,1,美国那么多的superheros，最不喜欢的就是蝙蝠侠了。。
教授,5,2014-11-08 13:00:30,,2,最后真是人性trick大连击我就不懂了为什么非要把女主搞成这种德行上一分钟还在那和双面人说myanswerisyes一掉头又和老爷说什么等你一万年这么理直气壮的劈腿真是吓裂
bird,5,2013-05-25 22:20:51,,6,牛逼
某四,4,2008-10-26 19:55:53,,4,超英为啥那么蛊惑人哩，因为偶们滴内心一样狂野@_@
阿麦,4,2012-09-02 12:40:46,,1,3星+希斯莱杰
David,4,2012-09-02 21:03:21,,0,打斗场面略显平淡，小丑确实厉害……
唐朝,4,2020-07-13 23:11:54,,2,大学时看过，感觉分高得有点出奇，可能是诺兰让挑剔的影迷体验到超级英雄电影爽快的同时，还投喂了人文主义者喜欢探讨的善恶对立转化的主题。
wangzhy,4,2011-02-27 15:08:57,,0,自我认知迭代三次后就诺兰和希斯莱杰塑造的小丑真是右翼自大傲慢独裁同理蝙蝠侠所以在肯洛奇面前诺兰就是要不得的被批判的
[已注销],NaN,2012-09-09 14:56:14,,0,永远的希斯莱杰
记忆错觉,5,2012-08-25 21:39:34,,0,2012-299.重看，明夜崛起！！
桃子,5,2010-11-28 23:41:45,,4,太喜欢这集了！为HeathLedger的“小丑”加一星。准备把ChristianBale的片子都看齐。
吴屠龙,5,2012-09-02 20:00:09,,0,TT
歪歪,4,2010-09-12 12:43:58,,0,内涵什么的我看不出来，我就是被各种炫目各种闹腾折服了
皮皮哟,4,2011-04-17 17:08:22,,0,失望有点
Amadeo,NaN,2012-09-13 21:27:15,,0,新的一集终于平反了…还立了塑像…
dormant,5,2008-09-05 19:24:00,,1,5starsforJoker.
猫咪先生,4,2012-09-02 20:46:10,,0,老规矩，复习一下上一部!下周找个时间去看黑暗骑士的崛起。
Karo,5,2012-09-02 10:54:50,,2,诺兰电影最有趣的地方在于挖细节彩蛋，这电影可挖性极高
独行侠杀手阿何,5,2010-07-13 19:10:49,,3,对犯罪心理的深入探究，对人性的透彻剖析，诺兰给我们上了一堂课。
悠悠兔,4,2012-09-10 17:40:45,,0,为希斯莱杰而看。
七月,4,2012-08-27 19:15:51,,1,小丑是個有意思的人，第三部上檔前，把前面的都給回顧了。
七瑾安,4,2012-09-02 21:52:03,,0,小丑的形象实在太成功了，让我至今对小丑有阴影。大格局电影，不只是特效。
Demi,NaN,2011-11-19 13:33:54,,0,一半滴时间在睡觉。
十六,4,2008-12-04 16:43:04,,0,我真不认为好看
malegirl·beer,4,2012-09-02 23:41:42,,0,小丑一角真犀利，道出人间百态人性善恶，容我想想。
饲养幻想,4,2012-11-06 12:28:59,,0,joker20121020+withchasebarnes
方人也文。,4,2012-09-02 19:52:12,,0,为了去看蝙蝠侠3的补课！
橘猫爱吃鱼,5,2018-08-07 22:21:22,,4,剧情流畅，配乐出色，演技精湛，小丑形象深入人心。
美女菜kun,4,2017-03-31 19:57:04,,9,我们国家什么时候才能拍出这样的片子，要拍出我们自己的英雄，中国历史博大精深不缺好故事好人物！
Karuto,5,2020-05-27 16:35:07,,5,2008年的时候，所有人都以为它能改变超级英雄漫改电影，很遗憾，它没有——做到了这点的是隔壁的《钢铁侠》。然而，诺兰出乎意料地做到了的，是给了我们一出迟来的《蝙蝠侠：第一年》改编。漫画里所有的点它都符合：罪恶都市里紧凑的小规模悬疑剧，与超能力或邪恶组织无关，每一个转折都是如此personal，都朝着角色们最不愿暴露的软肋进击，节奏之快容不下任何喘息的时间。但我一个漫画粉也要承认的是，本片结尾的处理，无论是戈登家人被绑那场戏，还是最后蝙蝠侠的觉悟，都比米勒的原作更高明。
esoteric,5,2020-03-07 23:44:39,,1,小时候大概没有看懂。这次本想看个无脑爽片放松一下，没想到探讨了这么复杂的人性问题。炸船情节很精彩，展示了人性的“胜利”。蝙蝠侠的命运，属于善战者无赫赫之功。但最可贵的不是当一个英雄，而是甘心当人们心中的坏人。只有如此，才能拯救乱世。民众需要光明，而骑士需要肩负黑暗。一个超级英雄电影却解构英雄，有意思。
可乐杨,4,2008-10-02 07:22:54,,1,很不错～ChristopherNolan的电影基本没有一部让我失望过～
赵鹏,4,2013-01-14 23:06:42,,0,蝙蝠侠。。。。
word999,4,2012-07-19 14:00:07,,0,相比前几部，明显提升
jinying,4,2016-11-11 22:01:06,,3,前半段觉得节奏很慢剧情也无聊，然后到一个半小时小丑被抓起来时，感觉普通类型片应该也就这里结束了，没想到这里只是全剧的中点，后半部分突然平地起高楼
一灯,4,2010-04-14 22:33:18,,2,Joker不经意间把他的道家思想直接表述出来了
有病的乃提乃,4,2012-08-29 05:57:31,,0,商业片拍成这样，任何赞美都显多余，诺兰牛掰！光明骑士和黑暗骑士就是硬币的正反两面，双面人和小丑的角色设置真是不要太妙！印象最深的镜头：穿护士装的Joker；凶巴巴的黑人囚犯把遥控器扔出船外；陈冠希模糊的侧脸（囧。片末Joker在空中话痨我在脑中为他奏响《失败者的飞翔》。谁跟我去看3啊？
肥匪廢·老🐰,4,2012-07-26 05:29:38,,1,小丑！
Larisa,4,2008-09-15 09:03:33,,1,场面够大的，老美真他妈肯砸钱
芒果,4,2012-02-16 19:29:01,,0,西斯莱杰的小丑确实挺经典，不过杰克尼克尔森的小丑我也很喜欢，我最喜欢的还是蝙蝠侠的车
GOGO Dr.Gore,4,2008-12-09 20:39:24,,0,总觉得不太对劲
Jarr,4,2008-08-24 16:27:09,,2,花了8.35欧在kinepolis看了这部有期待的动作片是冲着动作效果去的，却没想到拍得这么人文和伤感比ChristopherNolan上次拍得<BatmanBegins>要有企图的多也算是气质不凡
狗头,4,2012-09-02 13:59:14,,0,在阴谋中的大果决与大绝望
水鸟叫秧秧,4,2012-04-18 22:40:59,,1,又长又有深度又是大片又没看过原漫画又不是常看的型儿又不是大屏幕因为诺兰团队，蝙3一定要去电影院看！
楚翰彻,5,2016-02-24 17:59:25,,3,补，继承了《盗火线》紧锣密鼓的情节铺排与严丝合缝的宏大格局，用150分钟讲述了一个可以被拖到3个小时的故事，并且将视角由行侠仗义的简单诉求转化为对于恐怖主义的反思和集权者冷静的换位思考。手法上辅以快节奏的剪辑与激动人心的配乐，拥有一种当代史诗的戏剧气魄。而希斯莱杰的表演更堪称绝唱。
莱尼圆,5,2008-11-21 23:59:01,,3,诺兰展示了惊人的造诣，将一部漫画电影赋予诸多内涵深意，让影片成为商业和艺术结合的范本。在重要段落采用多场景平行剪辑叙事，再于同一时间点交汇的手法，复杂的剧情以目不暇接的高密度方式呈现。蝙蝠侠、双面人、小丑三个角色将人性的善恶体现得淋漓尽致，希斯莱杰的小丑集疯狂与谋略于一体，是无政府主义、chaos的使者，坚信从光明到黑暗、从秩序到混乱只需轻微推动，双面人便是他的杰作，影片中他设计的那些生死边缘博弈的人性选择题，让人拍案。蝙蝠侠完成了作为一名超级英雄的内心蜕变与成长，从法外秩序执行者到舍身背负罪恶的黑暗骑士。
已回不读,3,2020-02-28 17:06:18,,9,不得不说诺兰把爆米花题材的电影提升了一个高度，精彩的地方很精彩，但是那种强行给我灌价值观的地方实在像是在给我喂shit
菠萝西,4,2012-08-11 17:38:12,,0,看了评论才返回去看到了出现了3秒钟的冠希哥...
时间的玫瑰,5,2012-12-27 12:34:59,,4,我一开始都没搞清楚究竟哪个是黑暗骑士==！
Mannialanck,4,2010-08-24 17:15:44,,1,7。蝙蝠侠确实比超人、蜘蛛侠等拉风很多，也比较真实点。这部电影当年冲到top1，现在看完的确分数虚高。另冠希哥酱油打的比马宏还酱油，佩服。
落花也灿烂,NaN,2012-09-02 23:32:32,,0,剧情推进感觉慢了一些，没有上一部好看。rachel换人实在是不太喜欢。
Pagliacci,4,2010-08-11 13:38:53,,0,四星给Joker!!!我要愤世嫉俗了TT
[已注销],3,2011-01-06 22:50:40,,1,三星给影片五星给JOKER我果然钟爱大反派~~~依旧不待见英雄的美人同理可证各种侠。。。
无能狂怒人,5,2010-04-30 03:22:18,,2,“复杂得像给婴儿做脑科手术”——《守望者》的导演说的
FM不是调频,4,2012-09-02 15:31:05,,0,比前一部好
该用户未命名,5,2010-02-03 14:15:17,,1,诺兰+贝尔+希斯莱杰，还有什么好说的
minhe,5,2012-07-29 14:15:22,,2,坏只是好的一个伪装，反之，同理可证。
一只银刀,5,2012-09-02 23:19:49,,1,哎。
王德发,5,2008-09-06 21:30:57,,1,最棒的前传电影
祥瑞御兔,5,2010-09-21 20:01:23,,4,诺兰太厉害了……
Yolanda,5,2012-09-01 18:52:48,,2,如果小丑让德普大叔来演会不会更sexy一点？不得不说，蝙蝠侠把人性解读的太够彻底！就是哈佛的一堂心理课吧，火车不得不撞伤人的时候，是要牺牲一个无辜的孩子，还是五个正在工作的工人。影片处处令人屏息！
Ex,NaN,2013-01-22 11:15:08,,0,20121212凌晨看完。
阿多,5,2012-09-02 22:26:48,,2,让人看了想犯罪电影系列二代
蓝人,5,2010-11-22 00:53:58,,2,小丑的价值观，谁能说是全恶呢！还是膜拜诺兰
了不起的克莱德,5,2011-09-20 23:43:44,,2,3个小时没觉得长。。。就是牛逼的表现啊
SilentTyler,5,2008-11-27 15:31:38,,0,完美的小丑，DK成配角了.
Emma,5,2012-08-13 00:46:44,,2,影片从中间开始瞬间异常精彩，后面让人屏息凝神，超级英雄的片子能有如此深度，诺兰真是神一样的存在
一只麦麦,4,2012-08-28 19:30:58,,1,S-laughteristhebestmedicine./Becausehethoughtitwasgoodsport.Becausesomemenaren'tlookingforanythinglogical，likemoney.Theycan'tbebought，bullied，reasonedornegotiatedwith./Sowe'llhunthim...becausehecantakeit.
狗娃山下一棵草,4,2012-07-18 20:47:24,,0,果然还是对美国人这种自以为是的优越感无感
不问鬼神,5,2012-10-14 22:17:10,,3,1000颗星；我只是伤心，世上再无小丑。。。
竹子哟竹子✨,5,2012-06-16 01:31:24,,3,除了Rachel好丑，其他真是无可挑剔！以及最后我觉得那个船上的引爆器就是自己船的，又其实是手里拿的是炸哪个船的都无所谓。joker在最大的赌博上输了，却在Harvey个人上赢了。HeathLedger真是绝无仅有，再也无法重复了~第一次发现batman其实终究还是普通人~
电影人生,5,2014-04-20 20:54:21,,2,小丑经典中经典，诺兰的蝙蝠侠，最英雄的超级超级英雄。无可挑剔。
一袋米要扛几楼,5,2013-10-15 23:24:25,,2,不可否认前传三部曲里最爱的就是2里的小丑还有超级英雄电影的剧情一般不太复杂注重的是特效而只有诺兰能做到二者兼顾个人评分：8.9分
慢半拍de刀刀,5,2012-09-02 16:22:34,,2,小丑是个神，最佳配角，空前绝后。
超cute侠,5,2008-12-29 15:02:22,,2,诺兰的蝙蝠侠系列已经成为超级英雄电影的业界标杆。
Invoker,5,2011-06-30 01:50:11,,2,小丑和《七宗罪》里的John类似，境界高到。。。佩服啊！
黄色动力伞,5,2012-08-31 10:47:24,,3,第一次看到大片的高潮不是炸而是不炸
维城乱马,5,2008-11-20 21:48:34,,4,这应该是我看过最多遍的外语片……只为一遍又一遍欣赏HeathLedger癫狂而伟大的表演！！！
水里没有鱼,5,2012-08-21 10:27:46,,2,与《盗梦空间》一起为克里斯托弗·诺兰的典范与巅峰之作，在原有内容（漫画或相似题材）的基础上爆发出的强大的创造力和个性魅力，真是令人叹为观止。
大米,4,2012-09-17 13:33:59,,0,无与伦比的joker。什么侠什么的彻底沦为打酱油的。
D,5,2012-09-01 08:55:27,,1,希斯莱杰的Joker无人能及
Indecent time,5,2011-04-23 13:59:19,,2,#有种电影叫灵魂#有一种电影，我每一年都会看至少两遍，假期结束前一晚的不二之选，每一句台词，对应的人物表情，配乐，每一个人，布鲁斯，小丑，哈维，阿福，福克斯。。有一种电影除了不停的如第一次看一样受到震撼，再也没有别的方式别的语言抒发自己的爱，这种电影，叫黑暗骑士
Sally?imdb9?9,4,2011-01-02 18:24:40,,1,IloveJoker.
噬辣狂魔小泽条,5,2012-08-11 00:53:17,,1,先说阿尔弗雷德吐了一口好槽，第二部把有关人性正义的内涵加深了，但是信息量略大，最后给韦恩一个众叛亲离的绝处等待下一部的重生。小丑虽然不是全片最大亮点，但是后面护士服什么的神经感觉还是很抢戏的，为这个年轻的方法派演员惋惜…牺牲掉了前期两个不好看的女主，最终章要拿安妮和玛丽昂补回来
西蒙,5,2009-02-09 01:21:22,,1,最近温习蝙蝠侠，诺兰太棒啦！！
Max,5,2008-09-06 09:49:16,,2,　　★美国电影学院十佳影片★洛杉矶影评人协会最佳男配角HeathLedger、影片第二名、导演第二名、艺术指导第二名★华盛顿影评人协会最佳男配角HeathLedger★国家评论协会奖年度十佳★波士顿影评人协会最佳男配角HeathLedger★《滚石》年度十佳NO.3★《纽约时报》之曼诺拉·达吉斯年度十佳NO.7
Pearciac,5,2014-05-03 22:31:11,,6,一代神片
小徐师傅,4,2010-03-18 21:25:39,,0,小丑实在太creepy，超乎我能承受的极限了
青,5,2011-11-17 13:39:12,,2,超五星的一部，蝙蝠侠系列的极限，超越所有蝙蝠侠蜘蛛侠各种侠的一部。。。
巫,5,2009-09-11 19:56:28,,2,很好看很好看你怎會想像得到你反面的黑暗
像一颗滚石,5,2008-09-09 13:38:41,,2,神作！正义与邪恶，光明与黑暗，一墙之隔
白日梦老板娘,4,2012-09-02 12:41:57,,0,这片子的好不仅仅因为小丑，但小丑的的确确是最好的。我不是漫画迷也不是超能英雄迷，所以只是斗胆问一句，除了外星球来的以及那些遗传高帅富，存在屌丝英雄吗？
Anakin,5,2012-01-28 04:10:49,,2,蝙蝠侠、双面人和小丑这三个形象把人在善恶两面的矛盾及选择映射得淋漓尽致，于是成就了史上最佳漫画和英雄电影。时光网：“诺兰让关于艺术片和商业片的讨论变得毫无价值。《黑暗骑士》不但拍出了古典悲剧的感觉，还探讨了恐怖主义、越界权力等美国当代的热点话题。最关键的是，电影好看得无懈可击。”
@花皮球@,5,2009-01-30 18:52:39,,2,续写经典
菠菜逛基辅,5,2012-07-22 19:39:20,,2,希斯莱杰版小丑真是经典~永垂不朽碉堡之
zizi,5,2012-09-30 13:16:09,,2,小丑的确出彩，故事的高潮在最后，一个英雄的坠落，实在好看。
大鱼梦溪,5,2008-12-11 00:27:56,,2,bestfilmever，beststory，bestscreenplay，bestcast，bestJoker，best，HeathLedger
Maggie,4,2012-12-05 08:12:23,,0,看第二遍黑暗骑士，有begins的基础就更能理解了。超水准的商业作品。但故事有点过于杂糅，前面的节奏非常好，导致后面都点hold不住。
s,5,2010-04-07 22:09:00,,2,神作
陈雨,5,2012-09-02 10:24:47,,2,这部相当不错
|,5,2008-09-06 20:32:47,,2,太棒
prost,5,2010-12-29 13:32:22,,2,正邪双刃剑搅和的一部人性电影，节奏太快，快到来不及看~&这又是一部悲伤电影
小瑾,5,2012-09-12 16:34:09,,2,总算把前面的补齐了，第二部相当不错～
怪猫,5,2012-05-25 17:03:35,,2,蝙蝠侠是唯一没有超能力有血有肉的英雄，人性的抉择
初尘,5,2010-12-17 21:52:05,,4,呀，蝙蝠侠你没啥超能力，看到最后又是两行热泪
直布,3,2008-12-05 00:54:51,,3,哎呀哎呀我就是想看个华丽丽的好莱坞片儿，妈的还没看懂，太打击人了...
""" Vera",4,2008-09-11 02:43:15,,0,林被是来看bale的。。。
Evan,5,2012-08-12 19:07:52,,1,小时候看动画片看得痴迷，孙悟空和他到底谁厉害？现在看前传看得痴迷，原来做英雄也要腰缠万贯……
Tune Rainbow,5,2012-08-12 21:53:14,,0,他是小丑，他才是犯罪大湿
逃跑的Alley,5,2012-08-12 08:35:02,,0,心头爱的电影。大爱希斯！！！！！！！！小丑真的太经典，难以再超过他，真可惜。
渡水“,5,2012-08-12 08:25:33,,0,纪念希斯莱杰
珀尔修斯,5,2012-08-12 04:57:51,,0,好多人心目中的神作就是有几处情节是在太假有点故弄玄虚
Exia,5,2012-08-12 23:13:01,,0,快节奏的商业片，人性的闪烁只在最黑暗的地方才灿烂
乔纳森,5,2012-08-12 19:21:52,,1,太棒了
WilliAmmmmm,4,2012-08-12 14:33:30,,0,蝙蝠侠系列算是第一次看完全是为了看最新的黑暗骑士崛起而补看的一部电影每次看到男主都会想起神父估计是十二钗先入为主了女主不知道在干嘛打打酱油就走了看到一半删了回来看看评分如此之高又还原继续看下去看到最后只能说的确是够大片但完全不是我的菜可是依旧可以考虑看崛起为安妮
纠结死算了,3,2012-08-12 14:31:04,,1,貌似男生会比较喜欢的电影吧。看过但是已经完全忘记讲什么了。
笑子,5,2011-10-22 04:54:02,,0,永远怀念小丑先生
轻飘飘的旧时光,5,2011-04-16 12:45:12,,0,只为那唯一的小丑
hungry,5,2009-09-04 20:33:30,,0,看过的最好的漫画英雄改编电影。精彩之极，无与伦比！
王不甩,5,2012-12-03 10:38:59,,0,商业电影里这么好看的也算是巅峰了
mark,5,2009-08-14 12:47:23,,0,最爱！看过无数遍！
生·人,5,2010-11-10 18:46:54,,0,现在，我们不仅仅需要一个骑士，光明骑士甚至一个暗夜骑士，尽管他也许是一个JOKER!整个电影就是一个精致的谎言（尽管有漏洞），JOKER才是真实存在的，光明骑士尤其是暗夜骑士只是他们的面具。他似乎把人性摆在试炼场上，但并未真正让人性去选择，而是给了一个对于现代而言，美丽又尽量真实的谎言
nikki,4,2010-11-10 19:33:12,,0,BATMAN系列一部不拉。。。
爱吃橘子,5,2011-11-30 16:49:21,,0,看完之后情不自禁哇哦的电影
徐小贼,5,2012-09-02 22:55:13,,0,今天重新撸了一遍，不得不说，这部是经典中的经典，炸医院那一幕，希斯莱杰演神了～天妒英才么，不然还在的话现在肯定也是诺兰御用了！
SeAn,4,2012-06-17 13:10:39,,0,看过这个我喜欢上了蝙蝠侠。呃，电影有几个地方做的很不错……
Mignon松弛地,4,2008-11-01 22:08:54,,1,忒长了点Heath是唯一的亮点啊！！！
Bruce Stark,5,2012-12-01 21:03:01,,0,换个女猪脚分数会更高！
任染,5,2011-08-16 00:41:50,,0,NOLAN的BATMAN最好的BATMAN
Mr.示元,4,2012-09-02 23:39:00,,0,还行····场面和音乐都很震撼···
阿玖不骗人！,5,2012-09-02 22:44:23,,0,戈登哈感人的
AGPの黄昏,5,2010-03-13 11:53:23,,0,基督教文化中强烈的罪的意识，无时无刻压抑着整个画面，让我很难受。剧本太完美了，闪光点很多，好难遇到电影能让人那么兴奋又难受。难怪票房那么高，口碑那么好。从小被洗脑出来的非黑即白的世界观严重被打击，看到《TheDarkKnight》标题在剧末闪出来时，闭上了眼睛。
longhann,5,2012-11-02 00:01:12,,0,希斯莱杰啊啊啊啊
猫知道,5,2011-02-20 09:59:58,,0,史上最强的美国英雄电影，而它最强的地方在于它造就了一个人，而非英雄。
卡卡洛特,4,2011-01-07 22:04:51,,0,喜欢里面的小丑
晃晃悠悠,3,2012-11-29 21:58:14,,1,三星全给希斯莱杰好了。
维维,4,2008-12-07 10:14:26,,0,缅怀西斯莱杰
kk,5,2009-04-23 14:51:02,,0,小丑无法超越
弄臣,5,2009-03-08 15:17:48,,0,情节紧凑~太cult了太黑色了~要是船爆炸了就更好了~
大象,5,2012-10-29 14:19:09,,0,怎么可能会有真正正义的人，还不被女纸所爱的？
ME2,4,2009-01-05 21:11:15,,0,caine太萌了
飞天PP猪,4,2008-10-06 22:48:53,,0,前一个半小时不在状态。
momo,5,2012-09-24 19:48:57,,1,也许纳博科夫会赞一句“神话”（如果他受得了好莱坞电影的话）。到这份上，蝙蝠侠已经拍到头，第三部的失败几乎是不可避免的。
坐在海底支着下巴的鱼,4,2009-01-28 22:56:23,,0,小丑的故事，蝙蝠侠成了罗宾
Fo.,5,2012-04-02 22:18:22,,0,DearHeathLedger!
老泰瑞,5,2012-02-06 21:06:51,,0,拉轰的一比
Dangdang,5,2008-11-24 10:53:30,,0,这电影无与伦比~太震撼了
Dita,5,2009-11-21 02:38:04,,0,无比纠结癫狂的小丑，希斯的离世更加上些悲怆的色彩--
l.m.,5,2008-08-11 22:07:37,,0,有史以來看過最完美的美國大片.演員出彩的表演，IMAX下畫面的震撼，環環緊扣的優秀劇本，Nolan執導下其立意的表現力，都令到這部漫畫改編的電影不僅僅只是一部俗套的荷李活票房漫畫英雄大片.
叠石,4,2008-09-07 08:47:48,,0,也就四星。
凉白开养鱼,5,2012-09-03 23:15:51,,2,人人心中都有一个小丑~~两个半小时的压抑过后感到精疲力竭~~
空心菜的心,5,2012-09-02 15:28:53,,0,果然有了乔纳森·诺兰加入之后片子变得探向人性，所以这完全不是一部科幻片啊……
Drew,5,2011-01-27 13:30:37,,0,有点压抑总感觉邪不压正以前一直不看好pian蝠侠系列不过这部还不错有点透视人性的感觉
憨大仁,4,2012-01-28 01:53:25,,0,还是阿汤嫂美
月灵萧,5,2012-09-03 02:01:04,,0,小丑的演绎无与伦比，注定了这片影片在蝙蝠侠系列中难以超越
顾盼兮,5,2012-06-23 02:29:27,,0,从来没有至善的人和至恶的人。PS：双面人的妆吓死老子了！！！
donchen,4,2010-05-22 20:31:26,,0,黑骑士忍辱负重，双面人身后留名。
小明的屍體,5,2011-09-08 20:08:02,,0,此片已阅7遍（4年内）
miootree,5,2009-05-17 15:03:09,,0,帅气!!!!
Akira Sensei,5,2012-09-08 00:04:00,,0,Youeitherdieahero...oryoulivelongenoughtoseeyourselfbecomethevillain.
该Yann你去光禹,5,2012-09-10 18:08:27,,0,看过3遍竟然没有收藏！为了希斯莱杰！
轻思雾,4,2012-07-29 00:09:03,,1,最恐怖的反面角色不需要多高智慧，多强大，而是这个反面角色发现是你自己
张大毛喝美年达,5,2011-11-27 02:29:11,,1,场面、故事性、导演对影片各方面的把控、几位老戏骨的演技都让这部影片超越了普通商业大片但诺兰的高度、以及本片关于人性反思的深度被过度追捧了终究还是一部商业片人性方面也没有太大深度只是让本片更饱满而已
二月雪,4,2012-09-21 20:33:18,,0,高潮迭起，可惜到最后小丑确那么轻而易举被抓了，一场场人性的考验，最后蝙蝠侠继续逃难，为下一部铺垫
土土,5,2012-09-02 11:05:52,,0,纪念永远的小丑-希斯莱杰
旧书君,5,2008-09-10 14:18:12,,2,[BatmanBegins]是内心对于恐惧的征服，而[TheDarkKnight]是灵魂突破痛苦的枷锁。
楚恻,5,2012-01-22 03:04:20,,0,看第三遍了，喜欢得不得了。
horsefaCe,4,2012-08-31 18:00:01,,0,纯商业电影中的佼佼者
会说话的枕头,5,2008-08-30 06:04:00,,0,希斯和这剧本都真不是盖的
旭,5,2008-12-07 19:37:41,,0,小丑侠
然而,5,2010-11-18 20:48:22,,0,希斯莱杰真的可惜了。。
领导同事在天堂,3,2020-04-09 02:40:06,,9,不知道有多少像我一样对超级英雄电影提不起一丁点兴趣的年轻人，不管是漫威还是dc，我的观影情绪实在难以融入他们虚幻的宇宙之中，尽管本片的技法远在这之上我仍然打了三星，这是很私人的理由。主要想夸的是希斯莱杰，饰演小丑让他舍弃了本身英俊的脸庞，取而代之的是一张大白脸和让人陡生寒意的微笑唇，用融入角色骨髓的演技塑造了一个“完美”的反派，一个可以留名影史的反派。
killuahxh,5,2010-08-14 19:25:44,,0,小丑成功抢戏
EVA_征服天堂,4,2013-07-30 12:12:54,,3,小丑的表演和故事模式升华！
marsemigrant,4,2010-12-28 22:58:24,,0,这一系列的需要补课
大麻,5,2009-04-11 10:21:25,,0,等不住了~~让我无限HC的片~~骑摩托那段太帅了~怀念小希
品客,4,2015-12-01 01:42:10,,1,蝙蝠侠与小丑从某种角度来看其实是同一个人，相同的做法，相同的命运，相同的混乱立场，都是建立在彼此的孤独之上。双面人的双反派比起后来超凡蜘蛛侠2的双反派有深度得多，这也说明乔纳森和克里斯两人对电影的造化。
sabrinayao,5,2012-09-02 11:46:39,,0,赞
0932313,4,2008-08-08 10:18:08,,0,withfoolatcineleisure
未分级,5,2009-01-19 11:19:10,,0,德2BD+新电视试机～爽～
八月微光,3,2011-01-14 14:56:11,,1,还行吧。蝙蝠侠后来弱爆了。。。
summeric小超人,5,2012-09-02 21:39:26,,0,棋逢对手，恰如硬币两面。
豪子的书桌,4,2012-11-12 15:10:39,,0,好吧，我没看懂
邢肉肉,5,2012-06-25 14:24:40,,0,配乐太棒了
kerrysun,5,2012-09-05 16:20:01,,0,这哪里像是漫画英雄？诺兰真是太有想法了。
汽车大师,5,2008-11-27 10:05:19,,2,史诗
海洋生气啦,4,2012-09-02 20:30:38,,0,剧情很深刻，但可能是因为我是在电视ing木上看的缘故吧，所以要不是前边有提示，后期看了些影评，真怕自己会错过对它最深刻地方的反思了。但会不会也因为有它本身的缘故呢？比如渲染方面？？很喜欢其中的那个小丑，我觉得我能读懂他的心。看完了，相比那个英雄，我跟喜欢反面的角色..
S逹瑞奈特,5,2012-09-15 17:45:09,,0,谎言与正义人性最后的一面小丑就是想看着人性的堕落可是人心都还是有善良的一面的~
安蓝·怪伯爵𓆝𓆟𓆜,4,2012-09-23 02:11:21,,0,不允许小丑有其他替代者出演！Gordon也是！！！
长个儿,4,2008-10-01 06:00:55,,0,ToHeathLedger
墨,4,2012-09-18 16:58:49,,0,看了第二遍，第一遍只为看陈冠希，我承认，当年我还小！后来看过断臂山后完全不敢相信joker居然和ennis这两个相差甚远的角色是同一人饰演，就当是纪念HeathLedger。
高梵,5,2012-01-03 16:07:15,,0,唯一一部被漫画改编电影震撼了！！！我想给10颗星
🐾chlorophylle,5,2012-09-09 23:41:45,,0,碉堡了。。。除了电影最后几十分钟是捂着眼睛从指缝里看完的。。。
路诶诗不昂,5,2008-10-08 13:51:24,,0,难忘小丑！
包子岛,5,2012-07-16 12:11:53,,0,克里斯托弗·诺兰---WearereadyforFriday.今个把诺兰的蝙蝠侠都复习看了，又把TimBurton的1989年蝙蝠侠给看了.跟诺兰比，Tim的蝙蝠侠简直就是crap.Burton的影迷千万别拍我.我星期五准备好了TheDarkKnightRises!!
南條艾草,4,2009-05-13 21:41:29,,3,喜欢这个蝙蝠侠，也为最后那种被唾弃的英雄姿态所感到哀伤。
懒癌晚期喵小姐,5,2012-11-23 18:57:33,,0,蝙蝠侠系列。。倒追中。。。
拒绝彦祖300次,5,2012-08-11 21:10:13,,0,这才是真正的英雄
雪夜难行,4,2012-10-22 21:52:26,,0,小丑太经典了~
黄无苏,5,2012-02-22 19:59:26,,0,赞！
一树梨花落晚风,5,2012-09-03 00:18:56,,0,牛逼的一塌糊涂
Vince♫,5,2009-02-23 00:24:33,,0,hero
白日美人_S,5,2012-07-17 12:24:52,,3,诺兰真是鬼才。哭了。。。无话可说。。。
马克兔温,4,2012-07-21 20:27:34,,0,”Bcuzhe'stheheroGothamdeserves，butnottheoneitneedsrightnow，sowe'llhunthim.“总觉得换在某些地方仍然合适
∞,5,2010-10-06 17:25:50,,0,反英雄的英雄
阿久,5,2012-09-18 20:55:34,,0,开始接受此类片并且不亦乐乎，多得某人领上道。
钟笑乂,5,2011-03-03 14:56:46,,0,诺兰，大师就是大师，吧蝙蝠侠这么烂的片拍成这么有内涵
dsdshcym,5,2012-09-02 21:48:11,,0,顶级漫画改编。。Joker的演绎绝对是经典中的经典
盛世美颜小师傅,5,2012-08-25 15:29:45,,5,片尾戈登的那段话太震撼。。。有种「基督的最后诱惑」里的那种痛苦与坚定的感觉。。。荣誉归于他|祂，痛苦归于我（犹大、基督、蝙蝠侠）。高潭市就是蝙蝠侠的以色列。
宋不吃,5,2012-09-16 13:15:29,,0,一个镜头都不能错过，缜密的逻辑，让人类无处可躲。
少室山宅男,5,2013-01-24 23:15:40,,0,小丑癫狂
大蝎,5,2012-09-05 20:12:28,,0,三步曲中最好看的一部！！！！joker太给力！！！五星全部给你~~~~
山原,5,2017-11-20 08:21:39,,4,五遍？六遍？七遍？托尼·斯塔克扮演钢铁侠，而蝙蝠侠却在扮演布鲁斯·韦恩。想来蝙蝠面具下，应该是一片平静吧。可以做自己的人是自由的。
一片云,5,2008-10-20 09:26:26,,0,内核呀内核，不管你穿什么样的战衣，关键还是要看你有什么样的内心.做人\当英雄\拍戏皆是如此.
兰云,5,2008-10-07 13:29:45,,3,很棒，已经跳出了超级英雄片的窠臼
苏伊赛德娜,4,2012-09-02 02:33:37,,0,这部不喜欢，瑞秋太丑，屁股下巴的哈维看到就想扇一巴掌
beborn,5,2010-09-20 17:12:10,,0,超级英雄，虽然不大清楚他们之间那么复杂的恩怨，但电影是好看的
下雨不愁,5,2011-04-21 16:56:12,,0,小丑演的真不错，英年早逝太可惜了
veronique,5,2011-12-04 19:18:15,,0,原来一直没看昨天看了展现了人性的多方面每个人都要面临选择
霍伯森的选择,4,2009-01-20 07:26:54,,0,我的第一部蝙蝠狭...
洛城克吾,5,2011-08-29 05:46:19,,0,希斯，你让杰克一个人怎么办？
blb,5,2011-10-16 23:00:45,,0,文斗比武斗更精彩！
冷杉,5,2009-08-27 21:19:44,,0,结尾不好
利奥波德,5,2008-11-26 20:32:21,,0,坏蛋和英雄都被重新定义
山中一客,4,2008-07-28 13:47:21,,2,推荐哪天放投影独自再看一遍
Andy,5,2011-02-11 23:35:27,,0,诺兰把希斯莱杰玩神了！
最后的第二空间,5,2012-09-15 23:41:13,,0,蝙蝠侠
老鸭,5,2011-02-01 22:05:39,,0,！！！！！！！！！！！！！！！！！！！！！！！！！！！！！湿了！！！！！！！！！！！！！！！！！！！！！！！！
茬嘴王,4,2012-08-30 18:07:41,,0,冠希就那一眼啊……这集看的很不爽，断断续续的，很卡，有机会补个流畅的~小丑很帅气
方方酱,5,2010-03-22 19:32:53,,0,莱杰一个人的电影黑暗到不行
一脸坏笑,5,2012-09-03 01:01:28,,0,心理坚守的东西容不了半点污染
鱼三三,4,2012-09-07 13:33:21,,0,Heath！！！
=_=秋叶,5,2010-12-30 19:57:35,,0,whysoserious?人性美与丑、善与恶，都在这部作品中体现淋漓尽致！
夏夏夏夏夏夏夏,5,2010-11-10 21:08:46,,0,mymyheath
小小白药不能停,5,2010-10-05 13:41:27,,0,当年看这个片子把我给震了~~反复看了好几遍，最后得出一个结论：外国的月亮真TMD圆。
Nagisa,4,2009-09-02 23:22:56,,0,不至于打五星
寒江雪,4,2009-03-09 22:59:44,,0,诺兰用娱乐片讲了一个大道理，混乱即是混乱本身
向日葵d兽,4,2012-11-29 23:43:55,,0,Nolan兄弟的招牌术：大量的细节、铺垫、比喻、对比……还有结尾的独白1922《赌徒马布斯博士》加1995《盗火线》
ly莉,5,2008-10-07 11:17:04,,0,Howdistressful!ItremindsmeofJackieChan'sNewPoliceStory.HeathLedgerisremarkable!Sosadhe'spassed...--2008-10-6
包人三,5,2012-09-05 22:17:42,,0,之所以诺兰的蝙蝠侠脱颖而出，正是因为这已经不是普通的英雄电影
Coldblue,5,2009-08-12 12:08:46,,0,heath的伟大遗产
annief,5,2019-04-30 00:08:57,,5,连妇联都值8.8这个不值10分？
★冰凌宫★,4,2010-01-02 15:43:27,,0,这片子没想到会这么长，好吧小丑演的真不错，但是还不够给5星的程度！
!nspiration,5,2012-08-31 20:10:57,,0,joker太经典！
仨门儿,5,2008-10-10 23:07:14,,0,onlyseeyou
章远何洛,4,2012-06-18 21:42:57,,0,黑暗中的守护者，背后的英雄！
莫沫。,5,2012-09-18 22:59:09,,0,哲学+社会学课本。
九秋蓬,5,2008-10-02 23:14:06,,0,没有落于俗套...深刻而精彩！
五月天,1,2022-07-30 01:58:22,,5,美国的英雄主义建立在贬低中国人的名誉之上的吗？
viviyin,4,2012-09-18 00:28:00,,0,小破飞机你为啥不再多晚点几分钟！赔我的结局！！！
司令,4,2012-09-16 23:33:05,,3,好长
luc1en,5,2009-01-10 22:03:36,,0,TheCure
一條魚佔滿了河,5,2010-02-15 22:10:42,,0,小丑？小丑。小丑！
笔力不及纸,5,2015-01-12 00:03:44,,4,Sowehunthim...becausehecantakeit...asasilentguardian...awatchfulprotecter...ADARKKNIGHT...
叉叉小箭猪,4,2009-12-02 08:36:22,,0,只是可惜了莱杰
Mochou,4,2012-06-17 10:38:45,,0,看了英文无字幕版，影响理解。。希斯莱杰真是绝了~
即将注销,NaN,2008-09-13 20:05:09,,0,“thingsarealwaysgonnagetworsebeforetheygetbetter”----Alfred
避开目光,5,2009-01-09 15:17:12,,0,最优秀的一部蝙蝠侠
最烦装逼,5,2009-01-08 16:02:10,,0,就是喜欢这种黑暗。
最近贝果脑袋,4,2012-11-09 02:23:41,,0,女主角既老且丑
大蟑螂。,4,2012-09-01 23:01:24,,0,小丑>//<
ParasItE,5,2008-12-01 08:17:08,,2,妈妈咪呀级别的好看
虹口一条龙,4,2009-03-08 21:46:13,,0,虽然觉得这些xx侠超能力英雄剧情很俗很重复，但是还是会忍不住被这些电影的视觉效果震到。奥斯卡并不是因为HeathLedger去世了才颁奖给他，事实是看看这个版本的小丑，其实心里会有点被他打动到。Whysoserious?
小允,5,2012-08-11 12:48:26,,0,大三暑假在家，很棒！
Mercy.,5,2012-09-09 16:19:25,,0,看过第三部才回头来补课，好似一部影片拆成上中下段，而中间这一段高潮迭起，无疑是最最精彩的。这部电影让善心者看了更有希望，悲惨的人看了更加绝望~抛开电影本身，想到小丑背后引发现实的诸多惨剧，也不经让人感叹一句whysoserious?或许我们需要更为轻松的电影来激发心中的正能量~
Cabiria_E,5,2012-08-30 01:50:39,,0,擦！！！第二部怎么能那么好看！！！！！！呜呜呜呜给跪了！！！！！！！！
阿踢,5,2012-10-23 20:37:56,,0,诺兰对人性的探讨到了极致！
April·,5,2012-10-01 23:42:16,,0,坏人都喜欢吐舌头...片子好深刻犯人觉悟好高蝙蝠侠好有钱
嘟小七,5,2008-11-09 16:39:33,,0,完全颠覆所有前作的经典！好久没有看到这么阴暗的悲剧了
geek,4,2011-10-21 00:33:49,,0,简直就是天下无双众人根本不能望其项背
多多,5,2008-09-22 19:26:02,,0,精彩得无以复加，尤其是小丑的角色。
我真不是大雁,5,2012-12-21 20:50:34,,0,估计小丑的粉丝比蝙蝠侠要多的多。
疾走,5,2008-11-19 12:57:02,,0,陈冠希出现了4秒
未恙,3,2023-09-03 23:42:48,浙江,4,打着漫画超级英雄幌子的哲学片。泛着文艺色彩和人性光辉的对话过多，很多细节刻画粗糙。相比诺兰其他高分作品泛善可陈，实在不知道9分是怎么打出来的
卡丽,2,2012-11-01 00:03:25,,1,追求绝对正义的人怎么就能嘲笑追求绝对公平的了？但不能否认这片非常出色
Leverage2900,5,2009-07-31 07:29:36,,0,IMDbTop10，一度评分超过9，一度撼动《教父》王座，同类型片最高杰作
minyee13,4,2008-11-25 23:37:47,,0,虽然在40MIN是还是不可救药地睡着了并且只看到了Mahone没看到冠希不过还是真够纠结啊。。。这年头大伙儿都不忍心杀人了
Oer,5,2008-09-21 12:03:35,,1,最好看的蝙蝠侠
乔治桑和肖邦。,5,2012-09-02 18:54:57,,0,光明与黑暗是同一个人的两张脸。神作。
竹子_随波逐浪,5,2012-09-02 14:15:40,,0,完成了诺兰的蝙蝠侠系列。
Auu,4,2016-05-08 04:03:10,,3,虽然很讨厌这一类电影但是希斯莱杰真的太帅了！
阿布豆,5,2011-01-04 09:37:54,,0,最帅的蝙蝠侠！
Mr. Q,4,2012-09-18 22:52:51,,0,没有迫不得已的时候，谁不想正义凛然，如同硬币一样，人都有两面性，黑暗的一面，就像莱杰抛出的硬币，烧焦的有点令人胆寒。
Shy,5,2008-10-16 18:32:23,,0,克里斯托弗·诺兰
昵称被占不开心,5,2017-02-18 15:42:53,,4,黑暗与精彩交织
.,4,2012-08-30 13:19:37,,0,四轮变两轮，joker演的真好
熊屁屁,5,2013-02-07 07:04:10,,0,好酷炫喔(欠揍
芹泽虾饺菌,4,2008-09-19 21:09:31,,0,比断背山中的他更让老子动心~~
Jellyfisher,5,2012-09-11 09:54:17,,0,諾蘭你太牛叉了
锋,5,2010-05-20 01:19:05,,0,能把超级英雄排成一个完整的人与反派能如此精彩~~ChristopherNolan你太牛
XZXS,4,2008-09-08 14:38:21,,0,我就纳闷，双面人那边嘴都炸跑风了，说话声音咋一点变化没有呢
ben,5,2012-09-02 21:40:06,,0,五星推荐，perfect!!.不知导演是否是照顾到观众对第一部女主的喜爱，要让她炮灰，所以换了个无感大妈来演。
紫月无涯,5,2012-09-02 12:22:11,,0,绝版小丑
蜜思安娜,5,2012-09-07 22:37:16,,0,到最后只觉得悲情。~~~~(>_<)~~~~
久久,5,2012-09-08 14:04:58,,0,高富帅的装备实在是太先进了。。。
frankerstein,3,2008-11-23 12:19:42,,0,真的只能评三星，情节太不抓人了。。
我,5,2012-09-02 11:31:23,,0,小丑太厉害了蝙蝠侠太英雄了
madaoooo,5,2011-01-23 21:16:37,,0,虽然最后那个船上的选择有点做作，但这部色彩偏黑色的电影，却给我一种光明之感
跑步去流浪,4,2012-02-04 21:58:59,,0,Heath表演漂亮至极。小丑一角必定是影史最佳反派之一……
艾妮,5,2012-08-24 16:19:43,,0,小丑、双面人
temate,5,2012-09-08 23:33:02,,0,太。爽。了。太。尼。玛。爽。了。
爹 我亲爹,5,2010-05-02 09:38:44,,0,确实算得上最好的一部蝙蝠侠
林劈叉,5,2011-01-03 18:29:26,,0,完美的商业电影。
S.C,5,2012-09-02 17:42:13,,0,Lv:A+邪道的王道頂峰
大眼蚂蚁,5,2012-12-08 21:41:12,,0,小丑真是演的太牛逼，向演员致敬！蝙蝠侠成了我的心头肉
Moriarty,5,2012-02-22 22:49:36,,0,诺兰的叙事能力不但在于结构上。。他总有一个与众不同的主题
胖得来要戏,5,2011-01-06 09:56:40,,0,这部戏的主角是小丑！
.,5,2012-08-31 22:56:18,,0,蝙蝠侠当中很喜欢的一部
alan sister,5,2009-08-03 18:10:26,,0,超过教父的电影，很好看
什么,3,2010-03-09 09:53:24,,0,无用的原则
Ragdoll™,5,2008-12-13 17:09:20,,3,"""Butthejokercannotwin.""Heath的演技真的真的真的是太好了。"
勤劳的小蜜蜂,5,2008-12-07 19:00:31,,0,sweetnight
HsvEvnX,5,2012-08-08 02:03:57,,0,2明显比1丰富有趣。作为一部超级英雄电影，诺兰已经想要探索更深层次的主题，所以蝙蝠侠显得隐忍而悲怆。他是带领人们冲破黑暗的Mars。演员除了女主都好喜欢啊！冠希哥酱油一现！希斯莱杰的小丑绝了！╭(╯3╰)╮
张熊熊,5,2012-07-22 15:50:03,,0,什么都不说了，过干瘾
波西米亚人,4,2012-07-30 16:24:46,,0,想着妆容下希斯莱杰的脸，想着《断背山》里那个隐忍深情的牛仔，有种恍若隔世的留恋与怅惘。
Lies and lies,3,2008-12-09 10:07:03,,2,Whysoserious
tuirt,4,2009-01-31 01:38:09,,0,OK经过重温我承认黑暗骑士是要比第三集好看些当时完全不能理解小丑那种毫无动机的动机和蝙蝠侠这种毫无动机的动机现在其实也还是不能完全理解但比当时看得要清楚多了Batman不是一个纯粹意义上的英雄只有人们需要他是的时候他才是
戴泰德,5,2011-01-23 21:31:04,,0,诺兰接手标志着蝙蝠侠前传远远不是蜘蛛侠等超级英雄电影能相提并论的层次。二应该是前传系列最黑暗的一部，贝尔背负着暗黑的重担，小丑作为万人期待的大反派，因其疯癫的哲人思维抢走了蝙蝠侠所有风光。实在压抑得精彩。
poppy,5,2012-09-02 22:52:39,,0,希斯莱杰TAT演得超棒的
夏日扬帆,5,2012-01-16 07:39:47,,3,诺兰真是一个神仙，在这样的漫画固定框架的模式下仍然可以完成这样精彩的电影，对人性进行一次完美的探讨。太爱希斯莱杰了，真的。里面看到冠希哥时吓了一跳。关于那个邮轮，其实我很倾向于平民们把那个按钮按了。另外，柯南不现在也快变成拯救世界的英雄了么，但是，这种电影不管是日本还是美国，真的
肥壮壮,4,2013-02-22 16:39:33,,0,诺兰的蝙蝠侠系列的第二部，也是最大放异彩的一部，剧情峰回路转，节奏紧凑，更是成功塑造了“小丑”这个非常个性突出的反面角色。希斯·莱杰饰演的“小丑”个性鲜明，让人印象深刻，并凭此角色获得奥斯卡最佳男配角，可惜英年早逝，让人叹息。
R.SXT,1,2008-12-02 03:14:38,,6,总的来说，很傻很烦。
阿德,5,2011-01-07 19:42:29,,4,还得多看几遍，这一遍感觉节奏真是好
安狄,5,2010-12-13 02:10:20,,0,在生命或者抉择的最关键时刻，人才会暴露本性。
乐事,NaN,2009-07-30 11:08:54,,0,片子比想象的要长，据说是系列中最成功的一部，系列的期初给人的感觉就像是纯漫画，没啥看头，可是这部不同，可圈可点。
长颈鹿小姐,5,2011-12-29 12:05:33,,0,人性啊
RexIgnis14,4,2012-03-03 22:30:54,,0,当然比不上第一部不过还是有很多亮点
高山乌龙子,5,2008-10-23 23:00:27,,0,HeathLedger！HeathLedger！
小笑大王,4,2012-06-19 16:45:46,,0,这电影叫我感觉好长呀！
大獨家,5,2010-01-15 23:21:01,,0,08到10，三年了，看了三遍，三遍不一样的感受，明年继续吧。
亢龙无悔,5,2008-08-06 02:12:37,,0,已经成为经典，希斯·来杰尔的经典演出，剧情的内涵升化，值得学习
小美人鱼,5,2012-03-01 11:14:17,,0,陈冠希的那两个镜头我回看了很多次
valo,5,2009-02-23 22:22:44,,2,所有人是看后爱上joker我是看完之后爱上bale最后的那两句独白唇红齿白的sexy的要死！！
jagpumpkin,4,2008-10-11 00:56:34,,0,小丑的“Whysoserious”是让人倍生出勇气活下去的甜蜜黑洞。力量无所谓光明和邪恶，永陷黑暗中的你是否还有承担的勇气？MaythecouragebewithU，Mr.Batman.Nolan哥俩的主旨抓得很出色，但老犯线索人物洒了一大堆忙不过来的毛病，心思太大，双面人Harvey这个角色还写得不够好。
內啡肽,4,2012-09-05 10:31:53,,0,小丑的表演和导演的技巧光芒四射
sylvia lee,5,2010-07-05 23:21:17,,0,伟大的HeathLedger。
Zeroclan,5,2010-07-21 07:52:00,,0,蝙蝠侠系列剧情最棒的一部，小丑经典，据说这个演员死了
Memento Mori,5,2010-03-03 23:33:16,,0,嗷！在脸上划开一道笑容，太他妈的性感了。
胖跳跳,4,2010-10-17 10:23:51,,0,作为大片，很不易了已经。
迷信徒徒,4,2012-05-25 17:34:00,,0,希斯莱杰完成的最后一步作品，无法想象如此癫狂的小丑与断臂山中隐忍的恩尼斯是一人所饰。瑞秋换演员了，居然是杰克吉伦哈尔他姐，然后希斯与杰克在断臂山中……好吧我想多了。
胖胖,5,2008-12-22 17:20:05,,0,近2个半小时绝无冷场，一气呵成，又将原专题的扬善惩恶加以复杂化，不再一根筋，绝对是年度佳片。
RIC,5,2010-03-08 22:49:10,,1,第二遍才发现强大之处
coolwind,5,2010-01-25 11:21:26,,0,小丑的表演太出色了
马威客,3,2012-10-24 22:39:53,,0,第一次看蝙蝠侠电影系列，感觉很爽，虽然里面的主题很烂俗吧。
seanlee,5,2012-11-02 23:52:19,,0,大家对三的失望仅仅来源于第二部太好了
jim,5,2010-01-16 02:11:36,,0,双面人当银币从2面一样变成双面时他也展露了他的另一面小丑，一位年轻演员，29岁离开这个世界，可惜了
85885,5,2012-09-03 02:10:15,,0,世界上最好的电影，配乐也NB！
正义B胜,5,2010-12-22 21:58:37,,0,霍尔姆斯演瑞秋的话我应该会更喜欢。
米团,3,2010-04-07 14:53:42,,0,哥特大片……
艾栗子,5,2012-09-04 00:29:32,,3,动人心魄，太悲壮了
莫云轩,4,2008-11-27 10:41:19,,0,看时很震撼，看后一般般
精神分裂的甸甸,5,2012-09-05 23:12:14,,0,果然是经典之作。希斯莱杰演的真是神了！！
赵麻花,5,2010-09-03 15:39:48,,0,一部关于小丑的极品电影...itissoserious....
JK,4,2011-07-10 22:33:14,,0,太长了
十个斗的眼窝浅,5,2011-05-09 22:15:29,,0,除了女主残得让我想闭眼之外，从头到尾没有眨眼睛的机会，什么叫情节紧凑，故事连贯，看这部就知道了。虽然我不待见阿汤的老婆，但总比这部的女主强吧，我是服了，不像检察官，像是荡妇。小丑吐舌头很性感。
赵阿蛮,5,2010-08-28 20:18:15,,0,有朋友戏称这是他最喜欢的电影虽然不是我最喜欢的电影不过里头的小丑确实是我最喜欢的角色之一
流空破刃,5,2011-05-27 22:40:22,,3,与首部作对照，两部的首要反派都是joker，burton的joker从塑造到刻画都条理清晰当个坏人都充满逻辑，而nolan则完全抛弃了对人物性格“形成”这一方面的追究，三次谈起伤疤，次次不同。他的邪恶疯狂歇斯底里完全是浮华的张扬的喧宾夺主的，角色设计上与初部是完全相反的两种思路。
一事无成孟烦了,2,2012-09-13 22:56:41,,3,越说越像party的愚民政策只是换了一种温和的方式在我看来事实更重要
约瑟夫,5,2009-07-28 19:55:27,,0,困兽的挣扎
Reeves,5,2012-08-31 22:01:36,,0,知道超能力和魅力的区别了嘛冠希哥这酱油太水了
swan,1,2008-11-16 23:28:41,,1,蝙蝠侠的丑mm终于去了，蜘蛛侠的还远吗？
桃桃alex,4,2012-09-02 22:46:20,,0,复习一下
浪费好运听从心,5,2008-09-07 01:19:33,,0,希斯莱杰遗作
baobao_zao,5,2011-05-10 17:24:44,,0,冲着诺兰去的～看了还是觉得人性黑暗。。。。
Sean,5,2009-02-02 01:02:39,,0,天啊这片子除了诺兰还有谁能拍得出来
feather,5,2008-09-22 00:14:35,,0,很精彩
异世绿,5,2012-03-16 20:08:46,,0,只有邪恶是最绝望的才能让正义进退两难
小木瓜呀,5,2012-10-04 15:52:14,,0,好看！
哈卡,4,2008-09-07 00:32:21,,0,兴趣点在小丑
黑骨精,5,2012-05-03 20:23:31,,1,虽然是续集，但是收成和口碑都已经超越了第一部的成就。这一集大有暗黑史诗的范儿，比所有同类型电影都要深邃、凝重和黑暗。诺兰的续集，不是复制前作，而是将成就更扩大化，艺术与技术、诗歌与娱乐，成就一次完美的平衡。影片最后的悲剧主义的末世英雄观，是在为第三集的上映铺垫了情绪。
無音亡霊,5,2012-09-05 13:54:17,,0,TTATT让我先冷静下……
咖喱娜,5,2011-06-06 21:23:07,,0,癫狂这东西好比一股引力只需小小的推动人就飘向那里。人性的善与恶在摇摇欲坠的一线间，某种程度上小丑赢了，双面人是他的杰作。诺兰摆脱了超能英雄小打小闹的浅薄将蝙蝠侠带向了前所未有的深度。希斯莱杰用生命奉献的角色铸就了最完美的黑暗。在哈哈哈刺耳的尖笑中，他就是恐怖本身，深入骨髓。
小单车,4,2012-09-02 15:32:16,,1,彪悍无比的汤老湿居然不是最终boss，全然不知他为爱隐忍背黑锅！看到他为逆转女boss掉泪，被猫女一枪轰飞，偶滴心都碎了，感觉不能再爱了。。。正派反派都在为各自的信仰奋斗，然而英雄是不死的，传说不终结。话说imax版没想象中的给力，后半段的场景令人联想到文革呐，为这次编剧给汤老湿这么个雷声大
Rust,4,2011-05-16 20:23:50,,0,ForHeath。
豆友2385893,5,2012-08-11 19:56:29,,0,小丑果然很可怕，联想到TDKR首映枪击的受害者，更觉得难受，但总会有蝙蝠侠出来惩恶扬善的对吗？瑞秋不知道是因为换人了还是角色定位改变了，感觉不如之前真面目了……没有感觉到她和哈维检察官之间的深刻的爱，因此也不能理解之后的巨变，虽然一开始就觉得他很可能黑化但没想到是这种形式……
Mioko,3,2012-06-21 22:44:28,,0,严重被剧透后。。。
leon mai,5,2008-09-09 08:57:31,,0,ThebestmovieisawthissummeristheDarkKnight.“Whysoserious?”InmemoryofHeathLedger...
cowsumy,4,2011-12-05 09:52:54,,0,轻口味存在主义哲学类电影。要是当成无脑片看了就太可惜了...全民意淫呀伤不起...
nordschleife,5,2009-11-19 19:37:41,,0,还是那个黑人说的话印象最深刻：giveittome，andi'lldowhatyoushouldhavedone10minutesago
夏陌,4,2012-08-29 00:48:37,,0,希斯莱杰经典的小丑。
小耳朵图吗,5,2009-02-03 12:57:00,,0,天才
Bright Sun,5,2010-01-15 21:57:08,,0,蝙蝠侠里最好的一部
夭夭如也,4,2012-09-08 23:47:18,,0,一切不符合人性抉择和逻辑牵强的电影，都是低智商电影。——我承认我弱智了，看了影评才了解这么深的内涵：他们感兴趣的不是钱权名利等看得见摸得着的事物，他们要的是影响力，他们想将他们的意志强加给这个世界
芝士蛋糕好美味,5,2012-09-02 22:09:25,,0,小丑加入后的戏剧性和犯罪美学，以及对人性的刻画很好。不同于第一部，这部的蝙蝠侠是个忍辱负重的悲情英雄
━═Cocoon,4,2012-08-28 01:01:58,,0,经典、传奇——小丑
大星,4,2011-05-16 00:11:48,,0,大半夜看这个真是慎得慌==
滚动的蛋,4,2010-08-17 23:09:31,,0,最牛奸角之一···
handmade,5,2012-09-02 22:46:38,,0,昨天也重温了一下
HC Lieutenant,5,2008-08-15 22:44:38,,1,絕對完全值回票價！
