user_name,star,comment_time,geo_ip,vote,short
♣lùlu♣,4,2007-06-29 11:46:21,,6301,所以说不要学数学，你就是不信邪
阿猴HOSEA,5,2008-10-10 23:42:39,,12505,幸运的是爱他的女人存在于真实里。
小白的山,5,2010-06-15 14:11:57,,5139,我觉得你很有魅力，你对我的主动性说明你对我有同感。尽管如此，传统的信任仍然需要我们在做爱之前进行数多次柏拉图式恋爱。我正在往这方面发展，但事实说来，我真正想做的只是尽快和你XXXX。
Lan~die,5,2009-01-23 14:25:48,,4479,“我的追求带我穿越了物理、形而上学、幻觉，又带了回来”，顶尖科学家的世界已经足够神奇，何况他还有着伟大的爱情。这部电影不仅是纳什的精彩传记，更是对爱情的崇高礼赞——爱是无限，爱是信仰，爱是一切逻辑和原由。
时以星,4,2006-10-18 19:59:04,,3870,是的，你必须学会分清哪些是幻觉，哪些是梦，哪些是真实的人生，才可以活下去。
别歌,5,2011-01-14 15:38:27,,3206,李笑来老师推荐的一部电影。纳什是历史上第一个广为人知的“用自己的精神战胜了自己的精神病”的人。看的时候不够专注，这是部需要安静认真去看的影片，另现实中精神病始终是一个没有最终被解密的领域，治疗的药物对人的大脑损伤很严重，加速度痴呆和记忆衰退，包括影响性欲。他的爱人其实才是最伟大的
等一个人,5,2011-03-27 12:43:59,,2500,每个孤独的孩子其实都有一个别人看不见的好朋友
眠去,5,2007-02-14 10:45:16,,1988,你让我相信还真有感情这回事。
喻鸣,4,2014-11-29 02:06:53,,784,和近日的《万物理论》相映成趣，皆是饱受精神或生理折磨的伟大天才，以及爱上天才的坚强女人。两部传记片皆淡化传主的道德瑕疵，同时对各自妻子也倾于美化。现实生活中，两位妻子都曾因不堪忍受心生恨意，两对皆离婚。可纳什比霍金幸运，艾西莉亚即便离异也从未放弃爱他，两人2001年复婚。简却另嫁他人
funny_vee,5,2006-11-29 12:35:46,,1823,这才是真真的传奇，再好的编剧也想不出来吧。
蜉蝣,3,2013-10-19 19:28:43,,1581,幻想又有什么不好，至少多了三个爱你的人。
影志,5,2005-07-21 17:38:01,,992,有你终生美丽
大島,5,2014-06-12 11:11:55,,941,用精神治好了自己的精神病
尧耳,5,2008-11-03 16:00:36,,923,与自己战斗，坚持，勇敢，相信自己。面对一切困境，克服它，朝着自己的理想前进。这是人性的光辉之处，这是人超越一切生物的闪光点。
朝暮雪,5,2014-08-30 15:27:54,,491,他是情商最低的人，但他也是最真实的人。
杨迪,5,2017-09-27 17:29:42,,361,八年前标注了想看，今天在去北京的高铁上看了。我以为的还真不是我以为的，众人给教授钢笔时真的很激动。
战国客,4,2007-07-24 10:18:36,,662,与我想象中的不一样，很震撼人的传记电影，从中我最大的体会是：做伟人也真不容易啊~~
simpleplan,4,2015-05-24 22:15:43,,486,刚看到新闻说JohnNash出车祸死了。。。
乡村名媛狗小剩,NaN,2005-11-05 01:48:04,,557,打破幻象是nash最值得敬佩的地方
掉线,4,2012-09-08 20:32:51,,346,前半段觉得好平淡，不知道剧情的话后边还说挺出人意料的，詹妮弗康纳利永远的女神！男主角就是一只萌萌的熊叔吗！估计骚受们肯定喜欢他！
勤劳的小蜘蛛,4,2010-04-24 17:01:32,,319,那三只影子好可怜啊，难道幻觉就一定比现实无价值么？这只能由当事人来判定吧？不治好病又如何，我要是他就疯下去，看他之后的萎靡，哪有当年当疯子的意气风发？
kouzi_,5,2021-02-12 17:24:33,,238,高光是Nash内心博弈，用逻辑找到幻想中的漏洞然后出去拦Alicia的那一段。这可能就是天才。还有就是结尾那个幻想三人组笑死我了哈哈哈哈哈，可能会迟到但永远不会缺席
我即方位,5,2022-10-30 20:08:59,黑龙江,185,我的幻觉中有三个人，我虚构出好友在低谷时陪我屋顶畅饮，我虚构出上司证明我所效力的是最伟大的事业，我虚构出小女孩来给予她最单纯的关爱。然而真实的是，我的对手成为我的帮手，精神科医生击破我的幻象，我的爱人一生坚定的相信我照顾我。如果说世界上的事情都有通用的公式和逻辑，那么感谢爱人教会我真与理，我的心灵一半是你的手帕一半是我的钢笔。
赫恩曼尼,4,2012-06-29 14:53:24,,335,所有伟大而美丽的心灵都是孤独的，纳什疯了，是因为他太孤独了。
陆钓雪de飘飘,4,2016-08-16 01:23:43,,147,以前觉得自己适合去社科院，只搞研究不教书。后来经过陆谷孙和沛公的洗礼后，才发现读了书就更应该好好生活，而教书比写书重要得多。
Doublebitch,4,2008-11-21 23:03:26,,163,数学果然容易让人精神分裂
晚,4,2022-09-18 00:28:38,河南,107,美丽心灵这四个字我觉得是在说他老婆
itssobeautiful,4,2022-07-05 14:54:15,,89,了解了下真实情况，艾丽西亚确实照顾了他一辈子，但很多年都不是以爱人的名义，而是亲人。纳什有婚前私生子。纳什从未在颁奖典礼上致谢过妻子的照顾。故事用爱情为治愈理由，虽容易感人，但多少有些陈腔滥调。纳什是天才，但应该不是一位感性的丈夫。
苦杏仁,5,2021-11-21 14:16:12,,188,-你知道宇宙有多大吗？-宇宙是无限大的。-有什么证据可以证明吗？-没有，但我就是相信。-爱情也是这样的。
九尾黑猫,4,2008-08-23 00:57:04,,95,好的导演，好的演员，好的故事，好的电影。
红豆♥,NaN,2011-07-28 23:07:50,,288,拘谨的纳什坐在餐厅里。而一支支钢笔接连放到他面前时。彻底泪崩了。可是我想不通。如果他没有成功呢。如果爱西莉亚抛弃了他。如果他一辈子沉沦在幻觉中。如果他在精神病院里郁郁而终。这还会是个美丽的故事吗？是不是。故事都是因为最后的成功而美丽的。所以。失败者是不会有故事的是不
朋克大帝,4,2016-07-19 17:11:26,,73,我要有这么漂亮的老婆，我也有斗志
亚比煞,5,2007-08-08 17:11:59,,174,看三次了。第一次在大学图书馆，第二次在上班以后，第三次是电影频道滚动播放的测试片。每个细节都记得清清楚楚，大概是永远也不会忘记的片子了。
Q。,4,2009-02-02 02:33:30,,37,无欲则刚
Ada的B计划,1,2017-10-10 21:21:39,,61,此种电影（包括《心灵捕手》）充斥着对理论工作者（本片中还有对精神疾病患者、家属）的stereotype幻想，是一条源自创作者之无知的“康庄”歧途。他们身体力行将反智风潮传向世界~
Mortal,5,2021-04-05 22:55:06,,114,爱情如同宇宙边界一般无法证实，但我们依然选择相信
Joker,5,2020-09-06 17:39:02,,115,数学使人癫狂，唯爱治愈癫狂
OnJel.,4,2007-10-07 18:07:48,,39,纳什疯了
子非材,5,2021-01-08 16:07:13,,119,“我们以为贫穷就是饥饿、衣不蔽体和没有房屋。然而最大的贫穷却是不被需要、没有爱和不被关心。”
冰红深蓝,5,2015-05-16 17:56:38,,80,朗·霍华德一鸣惊人之作，绝妙的剧本、出彩的视听语言(主观镜头，旋转镜头，色调，配乐，蒙太奇)和出神入化的表演让本片达到了传记片的新高度。罗素·克劳戏路足够宽广，却与影帝失之交臂，女神詹妮弗康纳利终获奥斯卡认可。虽然与现实有所出入，但这部神作依然震撼人心。（9.0/10）
喜宝,5,2021-02-12 21:02:22,,60,我侄子看完这电影就去做数学题了，今天大年初一。
itssobeautiful,4,2022-07-05 14:54:15,,89,了解了下真实情况，艾丽西亚确实照顾了他一辈子，但很多年都不是以爱人的名义，而是亲人。纳什有婚前私生子。纳什从未在颁奖典礼上致谢过妻子的照顾。故事用爱情为治愈理由，虽容易感人，但多少有些陈腔滥调。纳什是天才，但应该不是一位感性的丈夫。
九尾黑猫,4,2008-08-23 00:57:04,,95,好的导演，好的演员，好的故事，好的电影。
三狗大将军,3,2015-05-31 03:36:25,,104,相比卷福的图灵传，差了一些。对女性人物塑造太差，按说纳什太太既然是如此重要的人，可是片子里一直对这个人物几乎没什么着墨。不明白为什么纳什太太可以一直深爱纳什。纳什的病情到底如何好转，片子也描述的不够。基本上就像流水账一样的电影。
丁一,3,2009-12-02 23:26:03,,33,观影盘点期，看过留脚印~
海特,2,2018-06-08 23:31:33,,38,很奇怪，我一点都不喜欢，看的时候甚至还以为自己看的是另一部《美丽心灵》。这部电影里的任何情节都给我一种莫名其妙的感觉，男主成名地莫名其妙，爱情来的莫名其妙，疯地也莫名其妙，自始自终都没有把这个真实的故事拍出真实感。也许是男主的世界本来就不真实，也许是我已经不相信这样的爱情是真实的
朋克大帝,4,2016-07-19 17:11:26,,73,我要有这么漂亮的老婆，我也有斗志
Q。,4,2009-02-02 02:33:30,,37,无欲则刚
OnJel.,4,2007-10-07 18:07:48,,39,纳什疯了
Ada的B计划,1,2017-10-10 21:21:39,,61,此种电影（包括《心灵捕手》）充斥着对理论工作者（本片中还有对精神疾病患者、家属）的stereotype幻想，是一条源自创作者之无知的“康庄”歧途。他们身体力行将反智风潮传向世界~
劉丹青Shelia,5,2015-11-26 09:35:26,,54,在Princeton的dorm里看这个电影别有一番风味…
请你吃童话,5,2016-10-28 08:13:27,,39,爱是一切理由
Ocap,5,2014-08-05 09:34:59,,34,入门电影含羞补看计划。爱永远是庸俗而明智的升华，你以此生死以此悲欢，理智与情感的每一次对决，都毫无悬念。朗霍华德的作品很大众，在没有强烈风格的同时，让人暖心且无从挑刺，我一度陶醉黑暗的开放式结局，这次却在同样以精神分裂为主题的电影里，被最质朴的情感洗成泪人。
高歌,5,2014-04-27 13:49:06,,33,与自己，和解
方枪枪,5,2009-07-05 17:20:37,,16,罗素的演技真的太赞了！最爱
大奇特(Grinch),4,2010-01-29 09:29:54,,33,看来RonHoward在《达芬奇密码》前就已经着手研究符号学和密码破解了，这部片子可以看成是他对《哈维》的颠覆，片中RussellCrowe也拿哈维当成笑话说，哈哈~天才和疯子只有一线之隔啊，而主人公的成功则靠着那则爱情工程式的坚持
Wishbao,5,2012-10-22 01:47:54,,32,感觉不到真实的时候，就是把自己与这个世界强行分离了。重新回到现实中来的方法，让人心走进来。
柠檬海盐,4,2017-04-03 20:35:35,,50,天才和疯子只有一线之差
小基基,3,2023-04-22 12:13:49,广东,9,电影这么高分？没看懂，美丽心灵指的是女主吗？
西楼尘,4,2013-08-21 22:43:29,,37,耐心的看能看出亮点的，心理学的经典影片。传记片也可以拍的这么好看，尤其是最后与小女孩告别的场景，令人心碎。
abocide,1,2017-02-22 10:28:46,,30,耐心看了俩小时看完了，没发现什么亮点，没看出纳什多么天才，爱情多么感人，或者多么努力奋斗。前半部分演了半天结果是一个精神病的幻想，这跟国产网剧什么分别？后半部分我以为会有精彩的地方，结果很平淡，平淡的也不知怎么的就得了诺贝尔奖。我想获得高分的原因是——美国出品，题材逼格高
蒜 | BOY A 🌈,5,2014-05-16 21:34:18,,14,这是一部对我意义非凡的电影，也是我心中永远的痛。2004.5.22大学宿舍307VCD2014.5.16中国电影资料馆艺术影院“他们就是我的过去，每个人都会被过去缠绕。”
JulyChan,5,2009-04-08 09:57:23,,16,想一想，从你所经历过的那些人，那些事，以及珍惜的片刻并没有死去，而是更糟糕的，都不是真的——大名鼎鼎的纳什均衡就是出自这个伟大的家伙。除了学术研究，他还要跟自己的幻觉，从争锋相对到视而不见再到平然处之。
Neroat,4,2018-08-19 19:25:25,,37,不止一次听到那句“天才和疯子只是一线之隔”。尽管精神分裂，但纳什的精神力量十分强大，作为一个科学家并获得诺贝尔奖真是了不起。还好他的妻子一直爱着他陪伴着他。之前学习纳什均衡的时候完全想像不到他会是这样一位数学家，当大家纷纷把钢笔放到他的桌前以示尊敬时，特别感人。
木偶,5,2006-12-02 11:01:37,,16,这么多年过去了，我最大的发现原来是爱情
xiaohanyu,4,2015-01-11 12:06:25,,16,“或者，说得更准确一些：从七八十年代的某一天起，他有意识地选择将一部分的疯狂运用在数学的灵感上，而将剩余的疯狂用理性囚禁起来。”http://movie.douban.com/review/5379437/
阿暖,5,2010-12-20 23:07:21,,18,最后还是把我看哭了啊==虽然片子和我之前的想象完全是大相径庭。天才们似乎总是在与自己的内心抗争，所有的自卑，骄傲，孤高与欲想。
朝阳区妻夫木聪,5,2013-08-30 23:09:15,,15,最感人的不是约翰纳什忍受着病痛的困扰依旧做出了巨大的科研成就最终站在诺奖领奖台上，而是他的妻子在丈夫病后无能为力半夜绝望到崩溃但仍旧不离不弃并在他成功后留下幸福且值得的眼泪。
完颜穆尔登格,5,2019-10-17 07:33:35,,10,因讲纳什均衡国际冲突的教授提到这电影，找来看哭得稀里哗啦。从室友一出来我就知道他是想象出来的，现实里哪有这种爱你的人，人来本来应该终极孤独。纳什真是幸运，现实里还真有个老婆关心他。一开始的研究生时代写不出Paper，想不出Theory，跟我现在就一样，可他最终提出了博弈论，我屁都提不出。他的精神病没治好，这个我倒有可能一样，努力不想我们反正很快都会死掉的。
朝阳区陆依萍,4,2013-05-11 13:39:08,,22,哎。。。所以嘛，我高考数学4分，完全没有男主的困扰。。。。坦白讲本以为是个很无聊的传记片，虽然对于这一数学家的处理进行了非常梦幻的加工，但他还是打动了我。。克劳大叔不错哦。。。
青山,5,2022-03-12 01:15:49,,24,Youareallmyreasons.
木由,5,2018-03-12 00:22:53,,17,精神世界的流亡与归宿。被放逐者与被眷顾者。
娇花小玫瑰,2,2013-07-18 00:54:15,,9,我真的真的不能理解为什么分这么高剧情拖沓毫无新意没有高潮和亮点
IonMaiSheng,3,2022-04-22 02:41:58,,4,很不幸，本片与现实相去甚远。所以不能算是合格的传记片，美化、删改、挪移严重。塑造传奇天才形象覆盖上浓厚的天才崇拜有色眼镜，严重简化歪曲了Nash复杂动人的真实形象（问题儿童、22岁创下博弈论世界、隐居校园的疯子、独断暴力的双性恋、抛弃、私生子、离婚……）和与Alicia超越爱情亲情友情的关系。而更可能以精神医学故事片去衡量，与病魔斗争大半生的悲壮经历的戏剧化表现让人共情（把实际上Nash的外星人入侵幻想改为冷战入侵，是否寓意于精神分裂症是一种时代病症？）。在恐怖的混乱、孤独、贫困中，上帝给予Nash常人无法企及的年少天才、寿命体质和周围人的爱护；而在被长期遗忘后迎来了诺奖荣耀，以及高龄车祸与Alicia双双同归天，如有天意。诚然歌颂爱情伟大，现实真的比心灵鸡汤改编更让人震颤。
沉歌,4,2011-08-12 10:20:39,,10,内心的强大才是真的强大
橘猫爱吃鱼,5,2018-08-11 00:21:42,,12,无论从画面还是从剧情来看不愧为奥斯卡最佳影片，罗素克劳演的太好了。
Moon,5,2022-06-11 18:09:21,,13,过去一日无法解决，末来将永远无法成为现在。“我们以为贫穷就是饥饿、衣不蔽体和没有房屋。然而最大的贫穷却是不被需要、没有爱和不被关心。这部电影不仅是纳什的精彩传记，更是对爱情的崇高礼赞一爱是无限，爱是信仰，爱是一切逻辑和原由。
D I D A,1,2011-03-18 23:14:59,,43,丑恶的道德投机，这是我看过最光鲜也最无耻的一部人物传记片。当传记片修成此种道路，离建D之路不远了罢。当年奥斯卡的加冕，怎么看都像是36年柏林奥运会的历史讽刺剧。
粟熙,4,2008-03-28 23:39:31,,5,RussellCrowe主演的两部影片连续两年蝉联桂冠。JenniferConnelly没有童年时代那样惊艳了
杨大志°,4,2017-04-04 21:25:44,,13,。是爱呀
一只麦麦,5,2010-08-25 21:29:52,,6,不疯魔，不成话。天才都是疯子
圆首的秘书,5,2014-05-16 21:30:50,,9,开始还很奇怪为什么搞得这么诡异，后来终于明白了。最厉害的是丝毫没有搏击俱乐部那种猎奇感，充满了人文关怀，而且还将个人与整个世界的紧张通过这种形式巧妙联系在一起，充满了政治和人性的暗喻。
🌞娘卷卷🌙,5,2014-05-16 21:41:33,,4,朗霍华德确实是拍这种活儿的一把好手，而且内容挺丰富，不仅仅是在讲一个天才的个人困境和抗争，不仅用恰到好处的笔墨展示了伟大的情感，还将冷战的阴影非常可信地描摹出来。黑色惊悚的幻想部分拍得很精彩，其实一开始那个英国佬进屋，就流露出疯癫气。很多搞笑细节均对我奏效（就是影院不尽皆共鸣啊）
墓岛GRAVELAND,5,2015-07-28 13:12:32,,1,朗霍华德到底多喜欢拍传记！居然把一个天才的传记拍出了《搏击俱乐部》般的悬疑效果【但也毕竟两人都同样有精神分裂症】纳什与图灵性格上竟然有如此多的相似之处，同样都是压抑的天才。然而，令我惋惜的并不仅仅是他的一生。2015这一年，该片人物原型以及本片配乐师都已经不在人世，愿他们RIP。5星
嘟嘟熊之父,5,2014-05-18 15:40:26,,11,"""Thereareotherthingsbesideswork.""""Whatarethey?""最让人痛苦的不是天才如何疯魔，而是在天才眼中，我们都只是凡人。"
一沐,3,2007-08-09 00:04:14,,0,嘎嘎
午夜巴黎,5,2021-05-07 23:10:19,,25,如果看完一部电影你不仅仅是感受到了它的主旨，而是可以运用到自己的生活中，这说明我们用两个小时的时间交换来了可以激活这一段时间生活的精神财富，这种价值无法衡量。
小岩井,5,2011-10-28 09:57:57,,9,感谢当年的辅导员钱露营
杨桃,5,2017-04-04 21:58:50,,6,感动!
汪金卫,5,2010-03-20 18:09:29,,5,很感动。我想起了《三体2》和我自己。//20150711中国电影资料馆大银幕。五年后大银幕重温。这五年来看片量增加了1500多部。但依旧还是有所触动。看到好几个熟面孔。还有长大后的黛博拉。四星半
Cheeeeeer@NL,5,2010-02-05 09:57:17,,1,2006年巧丽的推荐！真的非常棒！
一個死槍槍,3,2012-11-13 14:36:47,,1,被勵志了
平,5,2022-02-14 19:17:40,,18,纳什获得了比诺贝尔奖重万倍的爱情，也只有真实存在的爱可以击破虚妄的幻想，将人从痛苦中拯救。
wangzhy,4,2010-04-05 05:38:21,,2,ForMyEternalMath
吃瓜的小土豆儿,4,2017-05-26 22:52:47,,7,感人的人物传记，爱可以创造奇迹！
away,5,2013-01-02 10:03:52,,0,Creep.
洗狗,4,2009-08-18 18:24:17,,0,好像在HBO看过是我第一次看的关于精神分裂的电影
美女菜kun,4,2017-04-08 15:59:29,,6,好直白的翻译，但也是最贴切的片名！很好看，推荐！
lins森,NaN,2012-05-22 20:07:16,,0,最爱
兔,1,2008-12-29 23:46:18,,14,我不认为这是个好电影。无论是编剧还是导演。这部2小时10分钟的电影前一半时间很拖沓，既没有挖掘人物本质，又没有放置留住观众注意力的动机。纳什只作为怪人出现（展览科学怪人），后一半变成没有太大悬念的悬念片，不过总比前一半容易忍受一点。天才的传记片难拍，是因为没人能理解自己不曾经历过的感受。所以导演的能力，和观众的承受力都决定了它只能是个装模作样的东西。
away,5,2013-01-02 10:03:52,,0,Creep.
小小,5,2008-04-16 14:26:54,,2,有你终生美丽。
logten,4,2005-11-20 15:53:11,,0,不容易啊！
徐若风,5,2013-10-19 15:53:46,,2,很主流但又很好看的经典。
chp,5,2012-05-23 13:30:00,,2,罗素克劳的演绎实在精彩，让人看了充满活力的说
lins森,NaN,2012-05-22 20:07:16,,0,最爱
刘康康,4,2014-05-17 00:06:58,,8,能把传记片拍出冷战的阴云笼罩，还捎带了点谍战片的味道，这个导演也真是有想法，极速风流也是，没准传记片真是最适合他发挥的片种（不过达芬奇密码拍得挺一般的）。色调的处理上也很有时代感，其实比美国队长1做得好，还原度很高。前半部分拍得比后半部分好，我觉得谜底揭开得有点早。
:-O一觉醒来,4,2017-03-14 17:41:18,,7,这才是真的传奇，再好的编剧也编辑不出来吧
幻影刺客,4,2011-09-11 00:11:55,,1,要去看看博弈论了。。。
暮鱼晨岫,4,2007-03-05 20:46:24,,0,不错
艾拉也是Isla,3,2010-09-23 23:08:06,,1,中央六看的
落拓,4,2017-03-31 17:28:43,,7,果然天才也不是那么好当的。。。
王写写,5,2009-06-26 12:22:22,,4,霍华德这样的顽固脑袋派拍出此惊世之作纯属不易
大使,5,2012-05-08 20:47:59,,2,数学家真不是人干的活
高詩遠,3,2022-03-28 19:45:56,,1,真正可怕的不是失去，而是根本没有存在过。穷极一生，虽然虚幻与现实反复交织，互相吞噬，但所幸的是所爱之人，所爱之人之爱无限地真实。真正的美丽心灵，就是在对方艰难时不离不弃，并始终相信自己的伴侣拥有足够的能力挺过人生的难关。到最后，虚妄还在，偏执还在，但已学会与内心的自己和解。承认自己的不完美，也意味着宣告了对自己的胜利。
Kazuha,4,2017-03-31 17:34:48,,5,爱情很伟大
soso,5,2012-06-18 20:49:54,,0,故事好，演得也好。最大的魅力在于它表现的是真人真事
没头脑又不高兴,5,2008-06-08 16:37:50,,1,啊啊啊，罗素演技太牛逼了.演一个神经质的数学家.这片子也挺感人呀.
mark,4,2009-08-14 12:43:01,,0,ronhoward
侑子（我回来了,4,2022-09-11 11:57:46,四川,3,Alicia是整部片的内核，第一次发现John精神分裂的时候就好害怕Alicia也是假的
飞天PP猪,4,2009-03-29 16:53:35,,1,为什么我看到纳什老想到李开复？2019.08.17，又看一遍，分数一样。
leslieQ,4,2008-06-29 14:14:31,,0,天才的界限，感动
随意,4,2017-05-27 23:43:58,,4,挺不错的人物传记，值得一看。
Charlene,3,2010-04-27 22:51:17,,3,可怕，闷。
林 寶兒,5,2009-03-15 06:35:05,,0,我爱这个调，JAMESHORNOR还是很好
我有一把小左轮,4,2008-08-05 00:34:18,,0,传记
Song³,4,2008-04-15 21:12:14,,0,人格分裂/JenniferConnelly最佳女配角
憨大仁,4,2011-05-22 21:00:28,,0,精分果然牛逼！！！
🥐,5,2020-08-13 19:05:39,,19,看这个电影让我觉得在玻璃上推公式特别优雅，直到后来我也需要推博弈均衡（微笑）
Heyvin,5,2011-05-23 21:48:00,,0,十分喜欢十分喜欢
小屋乌,4,2008-02-13 12:45:34,,0,天才的故事总是那样精彩
印第安纳波利斯,5,2009-04-14 07:51:39,,2,那个老婆谁不想要
Mang＊,NaN,2012-01-08 13:50:38,,0,好导演，好演员。
弦上世界,4,2010-01-20 22:43:48,,2,没有想象的那么好
醉卧沙场君莫笑,5,2017-04-26 20:56:17,,6,与我想象中的不一样，很震撼人的传记电影，从中我最大的体会是：做伟人也真不容易啊~~
有时晴天有时雨,4,2017-05-16 12:34:50,,5,很感人，电影以艺术的方式将传奇的故事刻画的非常不错，感人至深。
不羁肉球,5,2010-09-15 17:03:29,,0,温情
Masaca,5,2006-12-13 12:47:54,,0,不要错过它
Theo,5,2010-08-17 10:03:36,,0,经典之作
长个儿,4,2008-04-24 19:05:20,,0,不意外结局
I can fly,3,2013-03-23 19:00:48,,0,你若不离，我定不弃。生死相依。
Miss黄,5,2011-06-03 15:14:00,,0,打破幻象
Clairliu,4,2008-09-04 06:32:23,,0,钢笔
黄无苏,5,2011-04-27 07:51:59,,0,天才
8000LL,4,2010-06-28 19:32:09,,0,纳什均衡
雕刻時光,5,2008-04-01 18:23:56,,0,真实改编
blb,3,2012-04-03 16:33:59,,0,RussellCrowe宅男扮相是全菜
小小白药不能停,5,2010-08-27 12:37:38,,0,数学家的世界居然还能是这样……因为精神世界不同，他就是精神病吗？
小biu~,5,2011-02-14 20:56:29,,0,难忘的被震了心理学呀
ly莉,5,2008-03-24 11:15:14,,0,Bestbiography!
茧氏,5,2010-04-03 22:19:44,,0,纳什的故事。
麦,5,2008-11-15 20:20:52,,0,无与伦比的好
约翰格利特,5,2011-07-11 17:44:50,,0,与[自闭历程]同类对抗精神疾病追求爱与荣耀数学博士的朴素爱情方程式
叉叉小箭猪,4,2009-12-29 01:43:47,,0,罗恩拍这题材还不错
灿小烈,5,2011-12-15 10:29:05,,0,很经典
避开目光,5,2008-04-13 15:49:21,,0,虚幻还是真实
狂欢的啤酒瓶,3,2006-09-22 03:04:47,,0,那么回事儿
最烦装逼,4,2008-12-05 12:49:25,,0,数学家都太可怕了。
Frankel,3,2005-12-20 04:20:09,,0,激发了看Nash传记的冲动
猫猫-,4,2010-08-06 10:29:47,,1,事实证明：不是谁都能得精神分裂
Vamei,3,2012-09-03 18:25:46,,5,精神分裂真的会如这部电影所演的，彻底混淆现实么？
普莉恩皮察雅,5,2013-07-21 13:01:00,,0,2013.3.16结尾的演讲让人泪流不止
一片两片三四片,5,2017-01-13 00:25:53,,7,看了一半，剩下的假期补完。纳什去五角大楼是真的还是假的？
hazy,5,2018-07-27 00:11:47,,1,道理我都懂…为什么直到看完我还是觉得有可能他那时候真的被军方捞去用了…用完之后为了保护国家机密被下药搞成精神病了…🙈…
于永劲,3,2018-01-29 23:54:48,,4,我觉得这部电影是为詹妮弗康纳利写的，因为就凭罗素克劳的情商，孤独终老就是他的结局了，因为有詹妮弗康纳利，才改写了罗素克劳的一生。不得不说，幸运之神和爱情之神伴随着罗素克劳，我找不到其他的解释。
多多,5,2007-12-04 19:22:52,,1,疯子和天才都是一种生命的极致，而一直守护其身边的爱情则是最伟大的因素。
zenz,5,2008-03-20 19:27:24,,0,片子的精髓在中间部分。
糖。不苦,4,2012-06-19 00:47:46,,2,不爱看励志片。。。。。。但这个例外
疾走,5,2009-02-17 10:44:30,,0,Greatscript.
清香,5,2012-06-19 09:31:21,,1,天才跟疯子还真是一线之隔啊！！
阿龜,4,2009-10-12 19:49:51,,0,其实虚幻
TimberNord,5,2012-04-22 00:49:34,,7,看过的最好的电影之一
柚子,3,2012-06-18 17:14:52,,0,其实每个人身边都有各种所谓的傻子疯子狂人。。。
hsein,4,2011-09-12 00:25:29,,1,慶幸直到今日才看了《ABeautifulMind》。在現代物理理論偏好多重歷史的結論時，誰又能否定喪失真實感的精神病患，是因為他們身處於不同的歷史？在模型相關真實論下，是否Mind=Universe？想起在病房裡見到的schizophrenia病友們。謝謝，我可以稍微體會
madaoooo,5,2011-01-23 20:53:45,,0,疯狂而保持自我，约翰纳什不得不让我钦佩
-VeronicaWooo-,5,2011-02-11 20:46:16,,0,看了两遍，虽然第一遍是在思修课上半梦半醒地看完的。第二遍，很认真地看完了，故事很赞。所以说Nuts都是执着的，执着到疯狂，疯狂到精神分裂，但是能成为Nash一样的，就必须Goback，一切绕回原点。看到桌上排着的一支支钢笔，颁奖典礼后含笑的幻觉中的三人。感觉很幸福。@Home
Moriarty,5,2012-02-22 22:41:11,,1,不要告诉我什么拓扑学！爱是一切逻辑和原由！
mubu,4,2010-12-24 21:42:20,,0,好夸张的幻觉~
Finans,NaN,2012-06-18 12:34:12,,0,刚开始看不懂，有点茫然，后面似乎才懂了。
蓝·妍,5,2012-06-18 12:55:36,,0,很深切，一种追求，心灵的震撼……
小美人鱼,NaN,2012-02-09 12:41:33,,0,看不下去...所以不做评价
pinkjar,NaN,2008-07-12 23:40:49,,0,7，12
有多远走多远,4,2010-11-08 19:30:47,,2,幻觉那一段真把我吓着了
Anti_Christ,5,2010-12-25 09:45:59,,0,数学真好
無有传播黑人,5,2011-10-29 14:17:19,,0,诠释真爱
RexIgnis14,4,2012-03-03 22:25:10,,0,影片的纳什显然比现实中的幸福
心之旋影,3,2013-02-28 00:12:20,,0,2013.2.280:06
亢龙无悔,5,2007-12-03 14:09:34,,0,表演很强，故事也有新意
sylvia lee,5,2010-07-27 17:57:47,,0,又一部心理学课上看的电影，很感人。他妻子在他领奖的时候穿的是旗袍。
大河马,5,2012-02-26 11:37:36,,1,当时觉得男主好帅……
酒鬼一家小迷妹,5,2018-06-23 13:07:08,,6,伟大的妻子和了不起的数学家。最后送钢笔那一段，真的是差点看哭了。真的很不容易。
草琴,5,2008-05-24 23:57:56,,0,妄想型精神分裂症
辰星祭,5,2011-01-30 00:39:57,,0,我很喜欢的一部片子。
十个斗的眼窝浅,4,2010-04-28 00:21:25,,1,智商高的人情商都低~~~~~娶了个好媳妇啊~~~~~看到在普利斯顿的餐厅里，大家都把自己的钢笔给他和获奖感言的时候感动的哭了~
not a doctor,2,2023-07-06 14:20:55,山东,5,乏味无聊煎熬的两个多小时因为有JenniferConnelly的脸才好受一点……这种一个曾经因为嫌弃女友的护士身份而抛弃她和孩子的男的有什么好美化的？可怜的Alicia明明是MIT毕业的物理学家却因为要照顾都患有精神疾病的丈夫和儿子而放弃了自己的职业志向，得，又一吃女人的两大男宝😅😅😅JC凭这个获了奥斯卡最佳女配确实比演纳什的罗素克劳拿影帝要应该且让人好受点。我不懂不按真正事实写的传记片有什么拍的必要，看这20多年前的东西确实像被喂了一坨屎。。豆瓣你Top250不能真成250啊某些片子真没啥待在这个榜单里的必要（连JohnNash的聪明都没有的屌丝们看了只会痴心妄想能娶到一个美丽又甘愿为自己奉献一生的老婆😮‍💨
博为,5,2010-02-13 09:46:38,,0,myfavorate
约瑟夫,5,2011-09-07 14:10:44,,0,罗素克劳太大龄了，演的却真像
北极星,5,2010-11-13 20:54:46,,0,最后一刻热泪盈眶。。。
baobao_zao,5,2011-05-10 17:32:28,,0,心理老师给我们看得入门片
杨Do,4,2012-06-17 13:01:16,,1,差点因为糟糕的片名而错过了一部好电影
Leeyoung,5,2014-04-29 15:40:23,,2,这世上没有一个正常的天才
陈小C,5,2013-03-10 21:54:20,,0,生命的构成，少不了爱情。
静@Einfühlung,5,2006-02-08 01:17:47,,0,迷惑观者!
Lavender,5,2011-05-22 11:57:09,,0,因为爱情~~
骑士的蒙太奇,4,2012-02-03 13:41:50,,0,大家都看哭了的片子看起来没感觉应该什么感觉呢
阿朴,4,2009-02-20 18:03:11,,0,片尾最好
铁皮骑士,5,2007-03-17 00:25:25,,0,克罗影帝之作
细细,5,2009-10-18 13:55:57,,0,震撼加感动
息为,3,2010-12-09 10:13:49,,0,纯励志
老探戈,4,2007-03-07 15:23:11,,1,天才都是疯子~
风月四,5,2008-06-14 07:09:18,,0,真实事件改编！爱情真是个伟大的东西！
糟糕月酱,5,2012-06-17 10:34:02,,0,演的超好w而且剧情也超棒w
阿玥,5,2022-10-31 01:57:38,浙江,8,这是什么神奇人生(T_T)我爆哭以及我再次感叹电影真的在我人生不同阶段扮演了重要角色！
已注销🇨🇳,5,2012-12-10 18:38:35,,0,雖然經瞭解故事基本不是真實的，但音樂配的太感人了，頒獎禮上的致辭太溫暖，所以堅持五星
古时月,4,2012-09-08 09:22:54,,0,挺好的
红掌,5,2017-05-17 21:25:47,,5,很感人的一部影片，互相鼓励，不离不弃的相伴让人动容
Chariey,4,2011-03-25 08:12:33,,0,剧中最让我感动的是他的妻子，不仅不离不弃，更能一如既往地支持他，鼓励他！
骷髅船长,5,2016-04-17 14:29:05,,1,在这世界上，冥冥之中，总有一种东西是值得守候和期待的，那就是人性的光辉和爱，在人性的辉照和爱的感召下，残缺变的完美，腐朽亦会化为神奇。
东呆,5,2011-05-05 19:18:33,,0,神片！
Summerpie,5,2008-08-14 17:42:34,,0,我无法用言语来形容这是一部多么伟大的电影
Foriverwx,5,2020-05-03 00:22:37,,2,+74th奥斯卡最佳影片；那些追逐的梦想，掩藏的梦魇，谁曾真正摆脱呢，我想，终其一生，学会的只是共存罢了，终究是要与其共生共死的；
bobobo,5,2008-02-26 01:52:19,,1,震撼
古月小杰诶,5,2020-10-05 13:12:23,,5,1.罗素克劳太让我出戏了，作为一个文质彬彬的数学系教授，罗素克劳的身板儿让我担心分分钟他把旁边的人揍趴下。2.詹妮弗康纳利更像是主角，不愧拿了小金人。3.纳什的传记厚厚一本都买了10多年了，就读了开头。4.今天诺贝尔奖开幕，刚好看到最后给纳什颁了诺奖。人生机缘，处处巧合。5.片尾曲真的好听。朗霍华德对这种电影的把握真的太好了。6.一模一样的威廉出现在西部世界前十几年的电影中，真的是非常奇妙。
corrinne,3,2007-10-21 15:31:27,,0,你在我的眼里是否只是虚幻?让我萌生了念心理学的欲望...
luuuelsewhere,4,2009-10-25 16:44:39,,0,Iamonlyherebecauseofyou，youaretheonlyreasonIam，youareallthereason.
diztarchitect,5,2009-03-14 10:12:55,,0,有点遗憾的剧情
closer,4,2012-09-13 07:33:18,,1,极其传统的佳作，难怪会击败《指环王1》拿下奥斯卡，克劳奉献了堪称伟大的表演！
核桃佳子,3,2010-01-22 18:57:36,,0,没想象中好
派翠克,5,2009-08-11 18:21:45,,0,十分成功的传记电影啊！
方方,4,2009-09-04 09:45:10,,1,典型的高质素商业片，就是有一点深度但又很容易解读，老少皆宜的励志片
普赖尔蒂斯,4,2010-10-28 14:21:44,,0,原声很棒，剧情很赞
圣徒,5,2008-06-28 22:31:21,,0,感动
杯麵,4,2011-01-13 14:02:22,,0,感动！真的很感动，是真实的故事，这就足够震撼了~
坨坨大王,5,2010-02-26 07:36:29,,0,玩命儿推荐，此片大爱
私享史,4,2008-03-02 14:40:53,,2,拉塞尔·克劳的演技实在是超赞！末尾部分叙事略显散乱，不然就五星了！很感人！很天才！
Sophieven,4,2012-05-08 12:21:51,,0,他幸运在有一个不离不弃的妻子。
章鱼小暖,4,2011-07-12 09:43:23,,0,美丽的康纳利
朱朱朱古力♥,5,2008-07-03 10:28:40,,0,坚强勇气和爱
Toraz,5,2010-05-23 19:46:15,,0,wowwowwow原来是这样ps.RussellCrowe为什么这么像EvanMcGregor
夜雨打窗棂,5,2010-08-04 22:34:47,,1,天才与疯子的距离往往只隔着一层纸。
上帝在高处吸烟,4,2010-11-17 16:08:29,,0,放在一个套路里，所有的人生都区别不大。
仓郡,5,2011-07-27 18:36:14,,0,挺悬的……
jazzpatpat,5,2010-11-06 13:08:16,,0,真實的寫照，很好的閱讀了！
TinvanG,4,2012-06-23 13:58:08,,0,又一部关于一个疯子的片子，当然他也是天才
人造人,3,2011-02-23 18:42:31,,0,他本人不怎么样，但有个好老婆
王大大,5,2012-02-08 14:24:48,,0,慢热型的电影，不看到最后就中途而废实在是很可惜的事情。为什么要这么说只有看了才知道。
Alisa爱丽莎,5,2010-06-12 11:27:55,,0,纳什
Porc au Prince,4,2010-11-28 21:59:41,,1,我完全没想到这种类型的电影里面还会有动作场面。。。没有刻意的煽情，但是就是令人感动。。。
一颗橡树果,5,2010-12-23 13:14:47,,0,为了数学，我愿意疯狂，如纳什～
vii07,5,2010-04-04 09:12:08,,0,感动
周星星,5,2012-01-28 05:21:06,,0,也只有脑子有坑的天才才能找到这种女人。
sweetflyer,5,2008-08-02 11:51:00,,0,必看！！！
vivien,4,2010-07-28 20:51:39,,0,纳什的传记电影很好看很好看。。真实故事元本就很很感人。。伟人经历果然不同。。RussellCrowe很有演技。。结尾Nobel领奖台上的演讲感动呀。。
一计落甘,5,2008-03-02 21:41:53,,0,这个故事本身实在太感人了，天才数学家
双木临峰,4,2010-12-20 19:06:56,,0,不演骑士的罗素克劳
小紫的244..,4,2009-03-28 17:54:17,,0,前面看得很糊涂。获奖时很感动。
林中之象,4,2007-04-24 18:43:05,,1,真人真事感动
池鱼沐水,4,2008-01-10 09:13:53,,0,第一部心理电影，有种特殊的情结在里面···
PAND4,5,2011-07-30 22:05:55,,0,我现在看到他们，但又如何呢，我已经习惯不理会他们了，他们就是我的过去，哪个人不是被自己的过去萦绕着又被回忆的力量激励着呢
minhe,5,2011-11-08 21:26:35,,1,天才与“疯子”只有一线之隔。
[已注销],5,2011-02-05 17:10:48,,0,感人至深！
理想多钱一斤啊,5,2010-04-13 23:28:36,,6,数学系惊现钱德勒的疯狂室友艾迪……还有酒吧的金发美女是谁演的为何如此眼熟
井行,4,2010-02-26 18:03:38,,2,这部电影让我知道其实拍人物传记形似很无聊，神似才是王道
IVAN,5,2009-09-30 22:57:20,,0,很感动，也同时又感触的电影。。。。那种精神幻想症。。。很多抑郁症的患者的大脑中也存在。
喜阿姨,5,2011-05-12 20:17:56,,0,老师在班上放的，平时自己不会去看这种电影。但是，被深深打动了。youaremyanswer
深层次空间,4,2011-03-25 22:41:40,,0,每个成功的男人背后都有一个女人。天才和正常人果然不一样
Azeril,5,2017-02-18 01:09:27,,3,真实能敌得过幻想多半也是源于真实的爱恋。最为动情的一幕在我而言是纳什差点失手淹死孩子冲撞妻子之后的一天他独坐于卧室妻子下楼楼下医生的汽车引擎发动并远去他陷入悲伤之时妻子又在门前出现。美丽心灵无过于此。一个天才的不幸中的大幸。相知相守真是难得的事情。
bornfreeyolo,5,2017-03-24 13:20:30,,5,爱是一切逻辑和缘由。感人至深的电影，爱的力量真的很难有上限。
yukainju,4,2012-06-29 16:41:06,,0,和天才在一起的感觉是什么样的
素有人,3,2023-09-13 19:05:29,浙江,4,为什么男人的世界最重要的事是他的工作，而女人的世界最重要的就是丈夫呢
板児爺,5,2010-12-22 22:42:34,,0,不知道多久没有找到一部能存在电脑里的好电影了...
李小坏,4,2013-03-02 19:24:40,,0,四颗星纯粹是向纳什致敬。电影其实布局真的很弱智，刚看就基本知道属于幻想了。最重要的是，剪辑真烂。
小酣,5,2011-05-21 18:15:24,,0,连续两天看的片子主人公精神都有问题，很压抑，让人不寒而栗，但是不得不说是部好片。//2016年6月19日第二次观看，才知道约翰纳什在去年已经因为车祸去世了。约翰纳什出现一些症状和《天才在左疯子在右》里的病人所患差不多。
咗咗,5,2011-11-23 05:39:44,,0,绝赞。人性，还有其他的一切。绝赞。
Amandachun,5,2008-12-14 13:23:35,,0,想起了心灵的束缚~！释放就能解脱，反之会被虚幻淹没
セシ♪,5,2013-04-13 21:25:29,,1,电影永远比生活圆满。
扌,NaN,2012-07-08 13:14:31,,1,感觉这部一直在强调纳什的精神病而鲜少提及他的成就啊....
卷阿黁,5,2007-03-02 15:32:18,,0,"""Sometimes，Ireallymisstalkingtohim.""20221228重温matter.Friends.完美的妻子与完美的室友在一起。"
LHT,5,2012-01-20 21:34:15,,0,愛是一切邏輯
such,3,2010-01-09 20:42:52,,0,不知道事实的真相是怎样的
胖丁,3,2010-02-10 22:15:10,,0,同类片子里算是一般的
Roentgen,5,2012-07-27 22:44:58,,0,编剧把它编成励志的弘扬伟大爱情的癫狂人生片，纳什教授一定很喜欢。
Utopia,5,2008-02-18 16:13:23,,0,2007.6.18
eastcosta,5,2012-10-11 22:30:32,,0,我不知道今天为什么选择了这部电影。当我热泪盈眶的看完此片，当我意识到纳什获得了诺贝尔奖时，我迅速打开了手机链接。恭喜莫言！
哇哇哇哇哇,5,2010-08-10 22:19:07,,0,我真以为有人陷害他囧。。。
Anakin,4,2011-08-25 22:12:48,,0,这种表演方式感觉恶心
便便伪装黄金,5,2007-12-11 22:01:45,,1,看完实在很感动，一个知道自己是神经病的神经病，一个获得诺贝尔的神经病，一个如此爱这个神经病的家庭，我很难想像他的生活，我无法承受.
有寂,5,2011-06-16 20:06:58,,0,看似普通的励志电影，实际上拉片起来很复杂。
vampire,5,2007-12-31 16:12:33,,1,崇拜纳什，结尾时哭死我了
Tartan,4,2011-07-10 04:06:27,,0,这电影唯一的缺点就是好长==看完了天都亮了。。。。
司岱朴,5,2008-01-03 22:51:42,,0,2003年
redlunch,5,2011-11-06 01:04:10,,0,小约翰•福布斯-纳什
紫松,4,2012-10-21 14:45:54,,0,啧啧~数学系男生，以严谨著称，太投入工作了，忘了自己，幻象中已不再是那孤独的人。
蹲魚頭,4,2009-08-27 15:04:56,,0,一阵子还真以为不是幻觉，圆满式结局那个幻觉中的同屋很好很强大
夏洛嗑花生,4,2010-09-10 16:58:14,,1,精神分裂症患者应该受到体谅，但普通人不容易理解，误会难免加深积累。
思惟凝胶,5,2008-07-24 23:42:18,,0,见过纳什本人，嘿嘿
###疼,5,2010-10-06 23:06:00,,0,難忘!!有些電影我第一次看到就覺得自己現在才看到太遲了，，，這個就是我第一部有這樣感覺的電影
逗闷子,5,2009-04-02 15:17:42,,0,经典~
瑾朵朵,4,2009-06-17 23:38:33,,2,脑残儿也有春天
=……=车梨,5,2009-08-15 23:01:57,,0,真的是好作！！！！剧情编排的很好！！！也很感动~~~
吃咸梅干變超人,5,2008-11-23 11:13:14,,2,1.如果一个人行为古怪，在别的地方会被当作疯子，而在普林斯顿这个广纳天才的地方，人们会充满爱心地想，他可能是一个天才。2.Ittakesastrongmindtosurviveonthisplanet.
花簇桑,4,2009-01-31 14:53:25,,0,还挺感人嘛
慢点儿,4,2009-05-01 12:33:14,,0,100
啊萌,5,2007-12-16 13:48:57,,0,看电影后十分想看原著
LEO LIU 一舟,5,2012-01-28 22:48:49,,1,没想到把纳什的故事拍的这么惊悚悬疑用了最流行的精神分裂的故事结构厉害厉害呵呵
Oo龙芽oo,5,2012-02-24 08:40:28,,0,最后的时候泪流满面……
阿翔需要美少男解毒！,5,2008-10-29 11:31:04,,0,感人。
horsefaCe,5,2012-08-29 11:30:34,,1,果然高智商活得也有风险
蓝雨笛,4,2012-01-05 15:15:31,,0,感动了
Miss氢气,5,2012-01-18 08:18:31,,3,omg！他还活着，我以为微观书上的理论的作者都死了。。。从他第一次住院我就开始落泪一直到最后，多想去看一眼真人，可惜我不是普林斯顿的学生。
陶子冬,5,2010-01-31 23:14:56,,1,震撼，真实故事改编，有历史，有厚重感。2020年4月5日二刷。电影对照现实后给我的启发反而是，纳什这辈子不该结婚，他或许就不会两次进了精神病院，或许，还能取得更大的成就。
猪仔叶,5,2012-08-19 14:49:59,,0,吸引人的疯子。四星半
celestebook,5,2008-12-04 09:46:14,,0,谁都想要那样的老婆
记得当时有风,5,2010-12-26 16:53:06,,0,朝着我完全想不到的方向发展
ArS㍿,3,2013-10-01 18:50:57,,2,我不喜欢纳什，不喜欢数学，不喜欢这样冗长平迹的传记电影。但我喜欢罗素克劳，喜欢詹妮弗康奈利，喜欢橱窗艺术和授笔仪式。一样一星。
mon babe,5,2008-01-25 20:12:48,,4,大一或大二的选修课上
弃,4,2007-01-11 15:52:50,,0,只是中文翻译为什么是这样的？不应该是“美丽心灵”吗？不过真的让人很感动。
MissXtotheO,4,2012-04-08 15:16:15,,0,电影和现实终究不同现实没有那么诗意现实中纳什和妻子离婚了很长一段时间。
不跑的云云,5,2012-04-11 15:39:37,,0,飞机晚点时看的片子。最后各种人把钢笔摆到纳什面前的桥段，我激动的不行。美丽心灵的片名很到位，无论是现实还是虚幻，当真正接受它们以后朝着自己的热爱走去无论付出还是得到，有真心总是最动人的。
徐小Q™,5,2009-05-29 17:50:16,,1,男主角相當優。
蜜汁小姐的牛肉,5,2012-06-18 15:41:30,,0,神作啊！！！！！！！！！！！！！！！！！！！力荐力荐！！！！！！！！！！！！！！！！！！！！！！！！
子非,4,2012-06-18 13:04:47,,0,最让我感动的是他的妻子对他的支持，每个成功男人背后都有一位默默无闻的妻子
Nilman,NaN,2012-06-18 13:18:36,,0,数学家真伟大
怀山鹿,5,2008-12-18 20:20:22,,1,天才与凡人，天才会战胜自我
~leah dizon~,5,2007-12-23 04:28:04,,0,美丽的心灵
米娜,4,2012-08-04 10:15:05,,1,有老友记第二季chandler那个疯癫室友
...,4,2011-11-28 23:00:50,,1,如果这些完全是真的那我给五星，四星完全说是出于对纳什的敬佩
皮皮牙子,4,2010-02-01 19:53:28,,0,touchingatlastwhentheyallveryold..
风中摇曳霸王花,4,2010-01-20 14:27:39,,0,确实，什么都好，就这名字看着憋屈
DeckardYang,3,2021-12-29 15:46:59,,1,【3.5】相当典型的“奥斯卡”系电影，温暖、励志、爱与被爱。在精密的视听语言设计与优良的剧作的双重驱动下，还能保持情感层面的真挚性，确实是不错的佳作，但还是有些麻木了。
青殓,4,2010-03-10 20:03:31,,0,精神病学老师推荐看的。
薇羅尼卡,4,2006-03-29 15:54:07,,2,一个数学怪人的一生
铲铲,5,2011-01-15 00:41:13,,3,youareallmyreasons
NN,5,2008-12-20 16:15:45,,0,破八了，但是没想到竟然是这样一部影片，《美丽心灵》，也许冥冥之中自有天意吧，呵呵
dancelu,5,2009-02-05 21:21:01,,0,讀psy看的第一出片
Mannialanck,4,2010-06-08 22:33:48,,0,8
张脑三,4,2012-02-09 05:01:37,,0,年轻演员化老年妆不成功的大多数原因不是皱纹不皱或者斑点不够，而是瞳仁过于清亮，或者声音不够沙哑，比如詹妮弗康纳利，但克劳天生一双下垂的眼角，嗓音稍稍压低，俨然便一副饱经风霜的老教授样，最重要的是仍然帅~这片子拍得太实诚了，传记片就忌讳一段一段分开讲~要不是克劳一人撑起大局，只够三星
不会武功的女侠,5,2010-04-15 15:20:46,,0,我们也是小众
何其漫漫,4,2011-08-07 21:02:00,,0,获诺贝尔奖感言那一段肯定不是真的吧可以继续gametheory课程了
残梦碎,5,2012-12-02 23:19:59,,0,对学霸没有抵抗力，罗素克劳的演技太赞了。
橙曦羽潞,5,2017-05-11 20:55:14,,3,你必须学会分清哪些是幻觉，哪些是梦，哪些是真实的人生，才可以活下去。
MSDN-貌似大牛,NaN,2007-02-04 22:09:09,,7,心灵调节，追求，爱情，家庭
Kulty,4,2010-07-01 22:02:28,,1,是否每个患有精神分裂症的病人都只是生活在多维空间中？他们的眼中除了我们能看见的人、事儿、物之外，还有我们不曾见过的一切？那他们只是在和另一个我们所不知道的世界对话吧。倘若如此，再走过如此病患的身边时，我将不会再绕行。
Rice,5,2010-12-06 08:36:02,,0,crowe演得太好了。。。
sandy,NaN,2010-06-02 18:24:45,,0,要有牺牲才能成就伟业。把活动力有效化。其实每个人都被过去所缠绕。
阿笨,5,2011-10-12 14:06:58,,0,爱情有逻辑可以追寻吗？
豆友3849705,5,2010-05-05 08:10:46,,0,数学！数学！我开始感兴趣了
烟视媚行,5,2011-04-09 10:00:30,,0,看第二遍的时候才知道那个小女孩，那个同学都是他的想象。但是这一切都不影响他的成就。那些人把钢笔送给他的那段让人心里很有感觉。
SonicDe,5,2011-04-05 00:08:05,,0,有你终生美丽
微 曇,4,2012-07-12 12:40:04,,0,逻辑太清晰真的不好…
灵动不如聆懂,5,2012-09-29 13:25:11,,0,赞！！！
哈酷,4,2012-01-25 00:09:25,,0,克劳的完美演绎成全了电影
octopus,4,2013-01-26 23:52:24,,0,看到最后会明白Beautiful属于康纳利Mind属于克劳
饭捕头,5,2011-07-26 00:37:29,,0,罗素略带神经质的迷离的眼神外加康纳利本色演出构成了目前所见最出色最动人的个人传记作品另外推荐《危情三日》
般若波罗蜜桃桃,4,2012-06-22 09:25:09,,0,完全理解幻觉对纳什的精神折磨，珍妮弗•康纳利真是美爆了！
肖以默,4,2007-03-19 23:26:11,,0,痛苦与激情的人生，成功是最好的回赠
言午许,5,2009-01-21 20:53:06,,0,我也狂想症
克小喜,5,2012-06-19 00:14:24,,0,可怜的教授，幸运的教授，我一直在想是不是他脑子里的东西太多太强大了，所以不得不得了精神分裂症呢。美丽的妻子那么爱他，也算是一种弥补了，就算一声都要与幻影做斗争，也值了。他的幻影来自对两种东西的极度渴望和需求，事业的成功和交心的朋友，不是吗？最后突然有一种后怕，会不会现在我的生活只
Fantasy,4,2010-11-20 11:24:42,,0,先做学问，再做人
Scorpion,4,2012-04-06 01:32:20,,1,天才跟疯子，有时候不冲突
Ivo,5,2007-10-15 21:13:34,,0,搏击俱乐部和这部相比越发的表现出“屎中之屎”的本色~
瞪鞋派,5,2008-06-12 00:24:34,,0,he'slikeababi
watly,5,2007-11-29 22:56:52,,0,我爱理科男~~~
hysteria,5,2012-06-17 12:14:12,,0,伟大
Bear67X,4,2011-08-16 01:05:35,,0,我没入戏，但我最后还是湿了
有海时,5,2013-05-02 13:39:57,,1,大家把钢笔拿给他时哭得唏哩哗啦
夏洛酱゛,5,2012-01-21 20:46:04,,0,好感人。
lumos,4,2012-08-12 16:22:21,,0,典型的人格分裂
风满蜃气楼,5,2013-12-07 23:56:46,,4,一开始我真以为那些都是真实的。。。一个大脑飞速运转的天才，他眼中世界的构成也许是另一种方式。是意识无法负荷转速过快的思维？幻觉凶猛到必须吃药来逼退。随着反应能力退化，对数字的敏感也渐渐消失；那种挣扎在对答案的渴望与正常生活间的两难境遇看着好揪心啊啊啊！（敬礼！
开开!,5,2010-10-28 00:36:56,,0,好感人。很久没看这么触动的电影了。
Shortage,3,2011-11-13 12:10:46,,0,看得我也不相信了。。。不过女主角把我给迷得。。。啧啧。
我爱看电影,5,2011-07-27 15:36:33,,0,以第一人称视角展现一个妄想症\精神分裂天才的诺贝尔之旅
堕,5,2012-11-07 11:37:56,,0,这不是励志片不是传记片不是惊悚片是一部爱情片反观真实的johnnash一生电影的故事只不过是一个理想主义者的期许罢了理想主义者常自信实用主义常缺乏自卑
lcsun,5,2008-02-01 14:26:21,,1,天才的故事
妖,5,2013-10-20 15:17:18,,0,由此对数学感兴趣
Super ding,4,2013-04-20 01:03:16,,1,每个人又何尝不是纳什？
Tina Zheng,5,2010-04-24 22:20:11,,0,今晚我能站在这里全是你的功劳你是我成功的因素也是唯一的因素
Paper Planes,4,2011-03-31 20:20:35,,0,最关键的部分应该在患病以及与病魔做斗争部分，其它部分纯切片。
马西嘿嘿嘿,4,2010-01-26 12:59:49,,0,感动片。一生都有真爱相伴。
星之魔法师,5,2012-08-12 15:11:22,,0,传奇~
未卜,5,2012-10-08 10:51:37,,0,百度了好多，算是了解了一些真相，知道点博弈论信息。这是部好电影，支撑起了一个美丽的心灵泡沫，可惜现实是残酷的。电影与现实唯一相通的不是天才，不是爱情，不是美丽心灵，不是苏醒后的美好后半生，而是还算让人欣慰的和詹妮弗康纳利一样漂亮的艾丽西亚本人。我觉得你很有魅力，你对我的主动性说
怪奇妇女,5,2010-03-06 16:45:59,,0,你是我唯一的理由
sally,5,2011-07-18 15:02:00,,1,纳什很伟大，这样的一生注定了永久闪光的价值。
小驷,5,2011-08-20 13:52:49,,0,这是一个家庭的成功
Alex Zhao,4,2011-06-23 00:55:46,,0,人就是得熬过自己那关！
隐遁,4,2011-12-10 21:00:44,,0,巅峰时期的罗素·克洛太无敌了，联想一下《雨人》中的达斯汀霍夫曼，《我是山姆》中的西恩·潘，克洛演绎的这个精神分裂的数学天才丝毫不逊色于任何人！
Risonable,5,2012-09-03 15:57:02,,0,我喜欢男主角，片尾曲终，潸然泪下。
🐟,5,2011-07-25 20:33:38,,0,最近看的最好看的电影！
Tatoo,5,2011-11-28 20:53:38,,0,其实一切是不是纳什的幻想都不重要，有谁能真正分开现实和虚幻，并且完全很好的驾驭？都只是平衡度罢了。我们每个人都会有这样的偏差
叶洲,4,2015-10-12 15:37:40,,2,让观众体验精分不错，罗素克洛演的比角斗士好多了，这片才该拿影帝。当然传奇的人生和如此高尚不渝的爱情，也基本属于文艺创作了
密使小张,5,2007-11-18 22:43:03,,1,生是数学院的人，死是数学院的死人
啤梨,5,2022-09-08 11:14:41,福建,21,他是被分裂的人格缠住，而我们是被过去缠住。能治愈的，是确切的当下和爱。
Eve,5,2011-11-28 22:31:00,,0,即便是最伟大的天才也无法超脱世俗生活而生存。开头有点无趣，后面越看越精彩，很多泪点和震撼点。
打少,5,2009-06-27 00:30:39,,0,好感动好感动的。russellcrowe真的好演技啊~天啊
水脉,NaN,2010-10-11 02:59:32,,0,全忘了，连博弈论发明者这个线索都想不起来
[已注销],5,2011-09-18 17:10:36,,1,男女主人都有一颗美丽的心灵
WHO,5,2012-11-05 00:59:47,,0,眉眼好似黎明
唐伯猫,4,2007-12-08 22:06:57,,0,有一个人一辈子挺自己真是太幸福了
hiphop,5,2007-12-12 13:51:13,,0,很喜欢这部影片，Nash的传奇故事，男主角的出色表演，加上迷人的女主角
D-Boy1900,4,2011-06-24 04:37:04,,0,原本以为是很正经的励志传记类。。嗯，真切的没想到
斉月,5,2012-12-11 12:59:13,,0,还是很痛苦很卡，卡你妹啊，脑补了N种剧情
j♣lie,4,2013-01-28 22:33:01,,1,为什么我没有神经病
要啥自行车,4,2010-07-21 02:55:14,,0,JohnFNashorSteveNash哈哈
神游少年欣小欣,5,2008-03-02 16:59:35,,0,真实的故事，真实的人..一个数学家的坚定意志...看到人们向他致意钢笔时..看到最后他在诺贝尔讲台时..明白了一些来自心底的东西..
Justina,5,2010-04-23 16:16:58,,0,竖起我的大拇指~~~~列为最好看最有意义电影之一。
Blue Moon,5,2010-02-06 21:43:44,,0,很喜欢，没有为什么，就是很喜欢
武汉热干面,NaN,2008-04-27 15:50:25,,0,约翰纳什的真实故事，很好很不错！
冇有,4,2006-02-11 22:06:48,,0,女主角漂亮
穆.,5,2012-04-14 01:58:06,,0,我才知道原来我学的nashequilibrium是由这个异端天才创造出来的
静静的视界,3,2013-03-10 14:39:23,,0,这个老婆太伟大了！
泳池里的蓝,5,2011-06-02 19:51:43,,0,如果你也是天才你也是疯子
无歌,5,2006-02-03 20:15:16,,0,感人之作很喜欢的发人深思
Howllee,5,2023-08-26 00:03:48,广东,1,年少气盛的Nash登场时，因为不曾了解Nash的生平，我还以为这是《万物理论》的雷同作，不能体会到这部电影有如此口碑的原因。而在本片娓娓道来这位诺贝尔奖得主的人生波折与苦难后，我才由衷地折服于故事的真切动人和电影技法的纯熟。作为传记片，我绝不是要比较现实中Nash和Hawking的苦难；而是就电影技法来说，本片要优秀不少。叙事节奏和对传记主人经历的详略取舍几乎无可挑剔，恰到好处。观众跟随镜头沉浸式体验了电影中Nash的人生，从少年得志的爽片，到陷入精神分裂症的梦魇的悬疑片，再到在妻子的不离不弃下坚强前行克服心魔的励志温情片，全程入戏。本片也罕见地将视觉对准了作为社会边缘的精神病患者，用电影拍出他们难以自已的幻影，让人得以共情他们的痛苦，理解他们，或者也能看到他们也有的美丽心灵。
愈冷。,5,2011-12-24 16:15:50,,0,“有你终身美丽”，感觉这个更适合这部影片。含蓄的、娓娓道来的强大的感动，只能用一生去演绎。
兔斯基,5,2008-11-11 13:27:05,,0,这片子很独特
面B,5,2011-03-05 12:55:10,,0,没有4.9星，算了，满分吧
囧老伯,4,2010-12-21 18:20:30,,0,就看个电影，右边的五个推荐豆列都是影志的，要不要这样。。。。。。。
immediately,5,2012-11-27 17:55:03,,0,隔了那么久才看，跟现实一比，一切虚构都是经不起深入的
xiaoman,5,2011-05-26 23:30:16,,1,疯子不一定是天才但大多数天才都是疯子---妄想型精神分裂症
大漠孤烟,3,2009-09-25 00:57:12,,0,没有太大感觉
trees_tears,5,2010-10-03 23:07:34,,0,一个伟大的人有着足够的勇气和力量和自己作斗争。
易,5,2009-09-14 23:53:12,,0,互相扶持默默走过的美丽人生。
Keating,5,2011-08-22 11:34:09,,0,有你终身美丽
jellyfish,4,2012-09-03 21:55:00,,0,约翰纳什天才是自己受苦造福大家吧
MetalDudu,4,2006-01-11 14:58:21,,0,主演的演技让我想到雨人
思鄉の風,5,2011-06-16 01:03:11,,1,不喜欢直译的名称，而喜欢另外一个名字，叫有你终生美丽。
无良腹黑井上君,5,2011-06-14 20:27:49,,0,#2001年电影#《美丽心灵》我做了生涯中最重要的发现，我生命中最重要的发现。这只有在神秘的爱的等式里，才能发现任何逻辑上的原因。我今晚在这里是因为你，你就是我存在的原因，你是我的全部。——约翰·纳什
醉思仙,5,2011-07-14 22:30:40,,0,天才的心灵永远美丽......
正直的彦页射君,4,2012-01-16 02:46:12,,0,原声美
可可熏,5,2011-04-05 08:13:04,,1,youaremyallreasons
ZLY,NaN,2008-10-03 21:58:12,,0,不大能接受中间突然的转折...美丽心灵，是自我的坚持，是对你对我的坚持和爱的回报～
困冬。,5,2008-04-14 20:11:48,,0,abeautifulstory喜欢的节奏
Shonleva,4,2008-07-04 21:46:14,,0,原来这就是社工电影==
内陆飞鱼,4,2022-02-23 19:00:34,,1,如果当一个天才要饱受心灵折磨，你还想当天才吗？如果爱一个天才也要一起饱受心灵折磨，你还敢去爱天才吗？最后泪目了！
猪头妖怪,4,2008-12-21 22:26:18,,2,"""Itisonlyinthemysteriousequationsoflovethatanylogicalreasonscanbefound."""
海獭,4,2011-05-02 21:10:37,,0,战胜心魔的故事？结尾的时候，女主角的老年妆好假
Morgan,4,2011-07-29 19:55:53,,0,典型的心理学电影，主人公得的精神分裂症。
Matt,5,2011-04-17 19:18:23,,0,JohnNashTheGreatNash
jacqie,5,2008-02-07 16:47:20,,0,爱真的是解决一切问题的钥匙吗？没想到纳什，这个疯狂的经济学家的故事会让我这么感动。因为爱，他能克服心中的幻影，不是能让它消失，但是能克服这种幻影给心理造成的创伤。突然给了我想要再次翻开宏经书得冲动~~~
Rugla,5,2012-05-11 22:38:52,,0,/那些有故事的/要么拍成电影/要么写成书/讲/是讲不完的/
僵尸疲惫,5,2011-08-13 15:00:07,,1,哭死了。ps：看了那么久得西经，原来纳什理论就是他。
章鱼哥,4,2009-06-29 09:56:43,,0,多好的演员那
电影小米猪,5,2012-04-09 23:17:59,,0,believe>proof
雷斯特雷波,4,2012-04-10 18:48:10,,0,玩数学的都可以分裂，为什么跳芭蕾的不行？@孬小炮
泰尼,5,2009-08-13 02:02:34,,0,怎么会有这么又帅又天才的人。
盲人薛,5,2012-12-14 18:51:23,,0,我真希望自己是一神经分裂症患者，然后我身边这些烦事儿、讨厌的人都不是真实的，全是我自己幻想出来的。有一天我被治愈了，于是这些破事儿、臭人就都消失了！！！！！太美好了！！！！！
NAHTE,5,2011-07-11 22:35:39,,0,很好看康纳利很漂亮
Jiajiachan,5,2012-10-21 22:16:22,,0,我最爱的一切都在这里了，高智商，友情，励志，传记，人生感悟，詹妮弗康纳利和艾德哈里斯，所以我想已经没啥理由不给它五星了。罗素克劳的嘴角太性感了。当一个顶尖儿的天才能够自我审视自我救赎的时候，那他就已经天下无敌了。。
夏小夏夏了夏天,5,2009-04-18 09:37:56,,0,最后那段话很爱。纳什领奖的那一段，眼泪那个飚啊。
子嫩1103,5,2011-12-26 19:47:56,,0,这部电影的关键词全是我不感兴趣的，却如此引人入胜，想必这就是导演会讲故事的缘故了。五星力荐！
HsvEvnX,4,2011-03-07 15:10:21,,0,不疯魔不成活。慢慢渐入佳境最后又走向励志的路线。当然如果是完全真实的改编，那励志也就励志了吧。但是他的最高成就——平衡理论却始终是处于疯魔幻觉的状态下发表的。PS：詹妮弗康纳利还是很美的。
Daisy♫,5,2008-11-10 18:01:37,,0,从这里分清楚了精神分裂与人格分裂。
Anday,5,2011-10-15 10:24:16,,0,“我的追求带我穿越了物理、形而上学、幻觉，又带了回来”。这才是真真的传奇，再好的编剧也想不出来吧。顶尖科学家的世界已经足够神奇，何况他还有着伟大的爱情。这部电影不仅是纳什的精彩传记，更是对爱情的崇高礼赞——爱是无限，爱是信仰，爱是一切逻辑和原由。
Takuya家小吹吹,5,2009-10-25 19:30:04,,0,感动，真的感动，眼泪已经止不住。这是一部超级优秀的励志电影，RC的表演相当精湛。太经典了
M.差,5,2008-11-10 21:01:02,,0,...说不上的感觉
找了很久找不到,5,2013-01-30 03:25:39,,0,Russel。StunningLife。BrutalCircle。
Stanley,4,2008-10-18 15:30:23,,0,非常喜欢看精神分裂的电影和男人
Tiger,3,2007-09-09 20:02:46,,0,指星星那一场我也用过
木叶,5,2010-09-21 18:24:20,,0,You'rethereasonIam，you'reallmyreasons.执子之手已是很难，与子偕老便又难上加难。相濡以沫不是能够轻易做得到的。爱之至此，需要的勇气无人知晓。
泡沫艺术家,4,2012-09-03 18:28:16,,0,被克劳的神演技征服。
PHDD,5,2009-12-14 01:47:36,,0,那个阁楼很是漂亮
Zola,5,2011-03-23 21:14:24,,0,罗素·克劳演得太传神了，非常好看的电影。
深毒,4,2009-10-11 22:56:15,,0,有一种力量。
游牧人·芳汀,3,2010-11-10 22:09:48,,3,对数学家有无与伦比的羡慕嫉妒恨
孙悟空,5,2014-05-12 14:47:19,,0,一开始以为是励志剧，后来觉得是谍战剧，再后来变成了精神病剧，在往后才发现是谍战剧，再后来发现真的是精神病剧，最后终于明白其实就是励志剧....好像连续剧啊！
Eudemonia,4,2011-12-28 22:13:04,,0,这是我看过的男女主各自最完美的一次演出，整体剧本也在艺术加工的基础上尽可能避免着墨过度的煽情，所见皆为充满尊重和敬意的改编与重现。
MSatanD-X°,4,2010-04-03 06:55:19,,0,Theoriedesjeux
代表月亮rock你,5,2009-08-28 01:14:51,,1,其实每个人都多少有点人格分裂吧，或者是劣根性的潜意识
港岛张厉害,5,2011-02-25 01:06:59,,0,thethirdtimestilltouching```youarethereasoniamyouaremyallreason
Mo,4,2008-09-05 17:39:39,,0,为啥americanbeauty是4星，这个居然5星？这片也就是顶着演员和故事背景的光环上去的，其实很一般，相比Russell的另一部奥斯卡片角斗士差多了
L'automne,5,2014-02-26 19:19:51,,1,这个故事的高明之处在于前半段一直将教授脑海里的幻想人物当成现实人物来讲，直到后半段开始揭开这个秘密的时候，观众的代入感已经非常强，对教授那种在天才与疯子之间徘徊的状态很能感同身受了，而避免了观众置身事外将教授当成一个神经病的感觉。
Jacky,5,2009-09-18 14:35:48,,0,最好的奥斯卡最佳故事片之一。美化了的美丽心灵，虽然fake但令人感动。
既往不杂,5,2011-12-24 19:27:43,,0,剧本啊剧本　多么巧妙的情节设置！
水红,5,2012-10-27 10:30:02,,1,另一个人的心，对任何人来说，都是无法想象的深渊；更何况一个精神分裂患者；不知道是精神疾病激发了超人的智力，还是这个人实在太聪明，可以在数学和幻想中分裂生存
周鱼,5,2009-04-18 23:51:42,,1,震撼哭了6星
天堂的马桶,NaN,2009-10-08 13:06:13,,1,我是第44444个人看这片的在豆瓣
臭笋不酸,4,2017-01-02 17:13:36,,2,一直想再刷一遍。
mal.mago,5,2008-11-29 17:46:40,,0,震撼至今。
噩梦枕头,3,2009-04-27 01:17:45,,0,天才永远不会停止思考
刺.,5,2008-05-25 20:18:19,,0,.
zonovo,4,2006-03-22 15:40:28,,0,米青示申八刀列衣
Ex,4,2013-09-07 14:59:59,,0,抛开纳什真实的人生去看这部电影，其独立存在的意义，在于肯定了爱与宽容的伟大。
宫也,4,2012-08-14 09:28:46,,0,没想到一部人物传记片可以拍得如此悬疑曲折，又温暖动人。不知道是一个人伟大的一生成就了这部电影，还是这部电影用浓缩的时间展现了无常变迁的人生伟大。导演在镜头色彩上的巧妙转换和罗素克劳隐忍内敛的演技都会这部电影增色不少！
囍夭夭,3,2008-11-08 22:33:26,,4,表演啊镜头啊都蛮好，但是剧情未免太囧的吧。。。。其实这是部囧片，对吧？！
nationalhawk,5,2011-07-05 14:16:18,,0,最爱看的片子，看了十多遍
菠萝,4,2013-08-02 23:31:28,,0,罗素克劳的Nash时不时让我有一种Sheldon附体的感觉，说不定吉姆帕森斯从这里获益良多？
白水15℃,5,2012-02-01 00:05:31,,0,感动…老师，是这样的存在，是这样的份量
橘兮。,5,2012-06-02 14:53:23,,1,天才都是疯子
亲爱的我呀,4,2007-09-10 14:11:38,,0,从没想过数学也可以美丽
素履,4,2011-09-29 23:10:31,,0,很难想象一个精神分裂症患者，有三个幻想人物如影随形。当他下定决定不再跟“他们”说话，他已经走向了内心强大的自我，最终他获得了诺贝尔奖，尽管幻觉依旧存在。
托尔,4,2011-02-18 13:44:28,,0,好莱坞追逐奥斯卡的流水线产品（中性评论，能追逐奥斯卡的电影会差到哪里去呢，演技，镜头，故事都不错，不过说到底还是没什么特色）
Létranger,5,2012-04-19 15:35:18,,0,YouarethereasonIam
kid,5,2009-05-31 23:32:29,,0,看的最早的一部关于精神分裂的电影了
邹璐炜,5,2010-11-30 23:06:50,,0,他是一个悲剧色彩的天才，他有传奇般的坎坷命运；他是一个疯子，但他有一个非常了不起的妻子。“Iamonlyheretonightbecauseofyou.YouarethereasonIam.Youareallmyreasons.”
大海,5,2011-09-03 20:40:22,,0,又一部让我泪奔的电影。。。
_,5,2013-08-25 09:19:34,,0,Nash的老婆是全球理工宅男的理想吧;D
jerryjili,5,2009-12-02 17:10:23,,0,幽默+悬疑+温情。。。。。绝对的满分片嘛。。。。真实得相信奥斯卡的眼光。。
黄海,5,2009-05-05 11:56:37,,0,电影是不错，给他五星是因为真有这么个牛逼人物！心灵美丽在哪完全看不出来
慕,4,2010-01-28 23:58:15,,2,如果诺贝尔奖不闯进NASH的生活，他的世界会好么？
☺Ahiba,5,2011-06-14 13:42:58,,0,痛苦不是用来忘记的，而是用来和平相处，甚至驾驭的。
多田,5,2011-07-15 12:16:04,,0,上帝是公平的他赋予你天才的头脑也会摆设人生的阻碍来抵挡跨越真正的传奇背后是一股爱的支撑与坚持他的妻子才是最伟大的至始至终不离不弃才能推动传奇的诞生
井谷射鲋,4,2009-05-09 23:43:26,,0,只要你够努力，战胜自己，总有一天别人会承认你的。
大智若鱼,5,2009-04-14 18:37:16,,0,可能天才总是充满孤独与幻想，但却也足够幸运，总有人乐意陪伴他们一生
蒙东蛙王。,5,2011-03-29 15:07:48,,0,五星完全是给克劳的~~
金唐莉,5,2012-06-30 23:40:05,,0,！！！！！！！！好久没看到好片了！！！
[已注销],3,2011-05-08 23:41:22,,0,前一部分出戏得厉害，后面慢慢才好。可就是因为前面的不靠谱，最后的落脚怎么看怎么觉得落得不实
七宝,4,2010-11-19 15:20:34,,0,叙事既规矩又有独特，演员好的很，话说科学狂人都是格子控！
小霞君have fun,4,2010-03-03 18:02:11,,0,一个活在自我世界的天才
童天天,4,2011-04-07 20:04:28,,0,讨个好媳妇何其重要
鉛筆04,4,2008-10-01 05:32:24,,0,太荒诞的故事了，但有人一本正经的告诉你这是真实故事改编来的时候，我就只剩下空乏的躯体了
丽塔,4,2009-03-07 20:21:13,,0,偶然间看的。很不错的电影。又是我喜欢的精神病话题。
静下来,4,2011-06-08 11:54:43,,0,3.5星吧其实。两个幻觉演员比主角出彩啊。康纳利很美好。74th<2001>
渡口无边,4,2014-04-29 00:35:11,,0,天才与疯子的一念之差。其实人生就是不断选择、不断忽略，破解那些幻觉的秘钥便是爱情。影像欺骗性的魅力展现到极致，罗素·克劳演得传神。
AshEly,5,2007-09-05 12:41:12,,0,真实故事改编~哭了
嗷嗷叫,5,2011-10-04 20:08:58,,0,天才与疯子同在
Mahogany,5,2015-05-26 12:53:56,,1,“你是我梦里，幻想，现实，不灭星空；你是我梦里，虚妄，真实，午夜霓虹。”
阿夜,5,2011-02-10 16:13:40,,0,早就看过一篇关于Nash的文章，没想到现在才拿出这部来看。RussellCrowe除了英雄竟然还有这样的一面，更深地感觉到一个好的演员就连疯子都演的让人以为是正常人。他们把手放在彼此的脸上，是全剧美丽心灵的升华。
sheeparker,4,2011-10-31 23:22:55,,0,精神分裂是自我保护寻求balance的方式之一，3个幻象值得深究。and罗素演的很赞
Alarmmy,4,2009-09-15 17:51:07,,0,无限的那个符号原来就是他骑车骑出来的？
th,5,2008-12-02 23:07:55,,0,每个男人都应该等待生命中的Alicia
易先先森,5,2011-11-16 01:33:50,,1,也许我们都不是天才。但是如果我也精神分裂，会不会有人在守候我呢？也许精神分裂是高智商的特权吧，感动，但是想不明白为什么会有人突然去抓教授，是因为他真的做过解密吗？
苏城,4,2010-03-16 02:01:08,,0,连续看了几个精神分裂的片子。我郁闷
浩子菌,5,2013-07-27 07:11:44,,1,有你才最美，我只是想和你在一起！
水青月古,5,2011-07-23 18:40:52,,0,天才与普通人的差别，真的不只一点点
世纪末日卢瑟王,4,2011-02-03 15:16:18,,0,爱是最伟大的
AprilSong,5,2010-05-30 17:44:25,,0,有一股暖流缓缓流过身体，有一阵感动轻扣心门。
暴君多肉,4,2011-08-26 18:09:49,,0,双子座真的容易分裂。
jfflnzw,5,2017-04-23 20:48:37,,1,一部差点因为名字而错过的好片
猪头山太子,5,2010-10-08 15:23:17,,0,上博弈论的时候看的片子。话说好的论文都很短。
leemajia,5,2011-05-06 00:49:06,,0,很好，而且此片很适合用来学英语，暂时决定不删除，以后再只开英文字母、或者不开字幕看一遍。
K,5,2007-01-29 08:32:16,,2,纯粹的热爱你的生活吧~爱上RussellCrowe
鹌鹑之丘白桃挞,5,2007-12-28 19:22:42,,0,纳什孤独的眼神，注视窗玻璃上，无数的数学公式和符号……
西看电影,5,2010-06-12 12:27:58,,0,一个传奇人物的传奇人生，一个背后有个成功的女人的男人
Lai M.,5,2009-09-20 00:06:05,,0,感动！
风向未来吹去,5,2008-04-19 23:28:33,,0,D9的色彩就是棒！故事挺棒的
ihelen™,5,2011-03-20 18:46:52,,0,小约翰•福布斯-纳什的人物传记片。by白。不断问过自己。是不是能够成为那样的女人。
Mr.Hungry,4,2009-08-25 12:18:19,,0,这片子。。让我想到了大哥
LoCo,5,2013-01-28 22:36:48,,0,动容不已的传纪电影，伟大的学术泰斗以及他身后那个坚强的妻子，罗素·克劳和珍妮弗·康纳利演得太传神了！看完特意查了下约翰纳什的生平，现实总不如文艺作品般美好，不过至少他们夫妻的伟大闪光点都是真真实实存在的！
光与影,NaN,2008-03-13 21:33:56,,0,好电影，没办法
初音方法论大帝,5,2020-03-02 00:05:09,,4,9.2分，每一个成功的男人背后都有一个默默付出的女人，真的很佩服女主，嫁给了精神分裂的丈夫却对他不抛弃不放弃。约翰纳什应该是因为孤独才会精神分裂吧，妻子陪伴着他，他不再孤独了，就不需要那些幻想人格了，他就可以克服精神病了。愿每一个精神病患者都被这样温柔以待。
小米子,5,2008-07-06 11:37:58,,0,Imaginaryfriend
朝阳川生,5,2012-03-05 01:03:03,,0,货真价实的五星评价，剧本太狠了，埋下如此多的伏笔，到后来一一照应，还能让观众对每个伏笔印象深刻，故事情感太充沛了，表演也无懈可击，无与伦比！
西西弗假面,4,2012-09-12 19:02:47,,0,人格分裂类题材里我看过的最温馨感人的一作演员演技相当出色
蓟,5,2011-11-05 18:40:13,,0,youarethereason
THESea,4,2012-09-03 14:38:06,,0,2012/09/02完美大脑
坏坏,5,2011-11-25 12:05:32,,0,关于纳什，关于博弈论，关于精神分裂
kobie,4,2009-01-21 23:08:23,,0,人物传记
徐渔,4,2011-07-13 18:28:40,,0,1，戳中泪点。2，煽情应该再多点儿吧？前面铺垫太长，差点以为是间谍片了
lee,5,2010-12-17 21:39:08,,0,力荐
Santa 紫霞仙子,4,2009-01-25 10:56:40,,0,我发现我爱的人都是天才+疯子
seven247,5,2008-01-29 17:12:59,,0,很老的片子。不过还是很经典。
金正昆,4,2013-01-31 15:04:24,,0,女主用宇宙比喻爱情打消男主顾虑的那段妙极了。片中提出一个无比严肃的问题：你如何确定身边事物的真假（包括有形的物质和无形的感情），以及如何回应爱你的人。
大灰狼的兔,4,2010-07-22 01:23:34,,0,Iamonlyheretonightbecaousofyou.YouarethereasonIam.Youareallmyreasons.
清蒸鱼ˉ﹃ˉ,3,2012-06-25 17:30:54,,0,细节有点空，撑不起来==，一看又是真实改编的，必定是被美化了。果然有人在这里爆出真相了。。。哈维的梗太有爱了
柳晤首,NaN,2008-10-09 13:46:59,,0,看来太聪明也不是太好的事情，他老婆真的很美丽
微千葵,3,2012-07-05 15:43:40,,0,女主靓爆了啊！！！
竹傲风,4,2011-03-14 13:15:42,,0,传说中的伪纳什纪录片，我总是给自己说：这货不是纳什，这货不是纳什……于是就不是纳什了……很多朋友看了都以为纳什获得是诺贝尔数学奖，但是博弈论确实在各种谈判中产生了很不错的效果。子博弈精炼均衡啊。
Fanny❤,5,2010-11-21 14:34:33,,0,长期最爱之一
小疑子,3,2008-10-17 21:30:07,,0,小波说，智慧本身就是好的.
少年派的崛起,4,2014-05-07 14:53:23,,0,天才数学家的传记片，男主与幻想症的斗争拍的很好看，结尾比较感人
东学西读,5,2010-10-03 12:29:37,,0,YouarethereasonIam
Echo,NaN,2006-03-28 20:49:51,,0,书也好看的。
agean,4,2008-03-21 19:49:34,,0,牛人罗素克罗连罗两届奥斯卡的演技牛片。
皓宇,3,2011-01-17 09:35:32,,1,不喜欢这样的传记片，似是而非。
小核桃,4,2006-06-14 19:24:47,,0,战胜自己。加油。
emma,5,2009-08-24 15:45:41,,0,　感人的是传奇本身不是电影
勾勒阳光,5,2012-06-18 18:30:06,,0,大爱罗素克劳啊····
奶油棒冰,5,2012-06-18 22:41:40,,0,无敌
cheqian,5,2012-06-18 21:17:40,,0,这个号~
Cappuccino,4,2010-02-05 09:38:30,,0,艾丽西亚的伟大程度一点不逊于约翰纳什……
风蚀蘑菇,5,2012-07-10 00:56:12,,3,叙诡用得很好，让普通的主旋律传记片也拍出了悬疑的味道，即使知道剧情也被骗了，知道真相后又有些感动。也是对精神分裂症的科普吧，得病的人真的很不容易，支撑他的家属更伟大。主角演技不错，演查尔斯那个真TM帅，连续两天看到帅哥配角啊＝，＝
⠀ ⠀ ⠀ ⠀ ⠀ 🍉,4,2011-11-16 22:03:57,,0,数学不是好东西。口亨！
Oddly Enough,5,2011-05-31 21:13:48,,0,大一有一晚公映电影的时候看的真心好看啊好看
Cheney,4,2012-11-04 22:17:54,,0,不懂，别装高智商。
Wayne,5,2011-06-02 20:55:06,,0,更加了解人格分裂。john找了个好老婆。感人。意志战胜幻想
静水流深,5,2010-08-09 17:19:49,,0,光鲜的背后暗藏的都是沧桑。。。
生活万岁F小二,3,2012-10-16 15:09:05,,1,还是第一次看到这样一部电影：在电影的中段就告诉你主角是精神分裂然后用大量篇幅去描写精分的内心的。
渣贝,NaN,2010-04-25 20:06:10,,0,不知道怎么给星星
嗑樂貓,5,2010-03-13 22:56:46,,0,博弈论本身是门充满魅力的调皮的学科。另外恍然发现最后那段致谢辞在我大学英语课上作为过听力材料，看来是有种什么因缘呢。
Van,5,2012-10-24 23:12:30,,0,如果有一天醒来，世界人事只是你的幻像。20121024，很棒的电影。
Breeze,3,2009-11-01 21:34:50,,0,指天画星那一段很浪漫，其他的部分就俗不可耐了
城南草木生,5,2008-02-05 19:14:21,,1,你有漂亮眼睛
嘉沐難再續.K,5,2008-04-22 18:26:22,,0,很少看这样的电影
Merindigo,5,2011-08-30 09:47:12,,0,了解了纳什本人生平之后对这部标签为传记的电影也有些别扭，但不考虑此因素电影本身非常好，虽然还是觉得RusselCrow本人不适合数学老师的角色，表演却无可挑剔，JenniferConnelly真美。
m.,4,2010-05-01 01:07:40,,0,"Crowe演的真好，丝丝入扣的。""Myquesttookmethroughphysicaltothemetaphysical，thedelusional，andback.""天才和平凡没有什么不同，同样的只是都不容易。2010.5.1"
C.A.F,4,2009-08-05 17:37:40,,0,克劳这暴力男
东星斑,5,2009-01-10 18:35:12,,0,妈的，罗素克罗最后一段演讲把我搞哭了.励志啊!!
今生、唯爱,4,2013-10-29 02:16:11,,0,如同半梦半醒之间意识在噩梦中，挣扎和顺从，那份是实是虚，我们正常人，是多么难以想象以及理解
情绪精致的疯子,5,2012-07-26 23:58:43,,0,突然想起好像有那么一句话叫天才在左疯子在右......
大令,5,2011-10-30 02:01:41,,1,疯子不一定是天才，但天才一定都有精神问题~
mrz,3,2010-03-24 23:45:13,,0,电影没有现实精彩
今 敏,5,2010-12-01 23:03:38,,0,人在患精神分裂症之前通常都是偏执狂.又是一部关于双重人格的电影.同时，也关于爱.mindisgreat，soitiswithlove.
猫,4,2011-02-14 23:53:47,,0,一个并非普通的传记片
三十,5,2009-07-10 10:29:06,,1,一开始的内容以为很仓促废话，到中间才发现它存在的意义强大。足够干净足够起伏。拉塞尔克劳传神的演出道出了纳什一辈子的挣扎与奋斗。
茕茕白兔,4,2018-07-05 12:33:55,,3,美丽在心，生活在手，很多事情全在自己的掌握之中。
aimengyy,4,2017-04-01 10:38:46,,2,这是关于爱与信任的电影，感动于他们之间的爱情。
罗老板,4,2012-09-03 02:46:03,,0,It'sgood，butit'snottotallytrue.
打道,NaN,2010-01-09 16:18:15,,0,你也有一颗
金属,4,2010-01-12 18:24:26,,0,幻想给我一个别样的生活
Tan,5,2005-11-16 14:47:36,,0,Myfavor
