user_name,star,comment_time,geo_ip,vote,short
张天翼,5,2012-02-27 22:33:01,,8440,对残障人士最大的尊重，就是不要把他们当做残障人士。尊重比爱和同情心更高等级
LORENZO 洛伦佐,5,2012-02-16 21:05:30,,7425,我想每个人都至少有这么一个挚友，你和他/她在人生的拐点遇到，惊叹于彼此的不同或者相似，有过不少平淡无奇却值得纪念的时光，ta会将心比心，为你的哀伤扼腕，为你的快慰击节，更会在ta的心里，为你留下那么一块永恒的位置，任白云苍狗，风云变幻。
Dr希鲁鲁克,5,2012-07-23 22:35:48,,5833,给领导做一万件好事不如陪他做一件坏事
小岩井,5,2013-05-20 10:15:12,,4066,不怜悯是种更高级的尊重
齐鲁矿业李德友,5,2012-02-16 18:57:55,,2765,今年看的第二部佳片。茫茫人海，两个截然不同的人相遇，你改变了我，我改变了你，相逢的人会再相逢。关于社会的贫富差距、青少年犯罪、种族歧视这些虽没有明说却在暗中映射，以此来烘托角色。富豪有钱却残疾不快乐，黑人贫穷却有一颗善良乐观的心。ps:LudovicoEinaudi的配乐很加分！
饭团,5,2011-11-05 03:26:36,,2312,原声实在是棒！两个演员都很精彩完全是笑声和泪水齐飞的电影！！！
晚安好运©️,5,2012-02-16 21:51:04,,1711,某个人在不经意间走进你的生活，他和你不同阶层，不完美，甚至有不少讨人厌的毛病，但是长期的相互信任和理解成就了一段真挚友情，也给两个人的生活都带来了阳光。把德瑞斯的原型改成黑人使对比更强烈情节更戏剧化，也让这段超越种族的友情更感人。影片里乘着滑翔伞在山谷中翱翔那幕太美了……
psycho DC,5,2012-02-20 03:32:33,,1077,黑&白，老&少，超越种族和阶级的友情，感人至深的温情，细腻动人的剧情，以及极赞的电影配乐，不禁让人想再次回味...
思考的猫,5,2012-04-03 17:29:35,,861,乐而不淫，哀而不伤，碰到达到这种境界的生活喜剧是件幸事。
司令,5,2012-05-29 20:06:40,,530,残疾高帅富与乐观男屌丝的旷世友情。
铃铛,5,2018-03-29 07:56:28,,411,有时，你必须进入别人的世界去发现自己的世界缺少什么。
白日美人_S,5,2012-03-10 11:36:59,,359,身边的人换了又换，最了解我的还是你。
艾小柯,3,2012-02-19 12:39:34,,783,轻松诙谐，很有趣的搭档故事。但叙事浮于表面，人物塑造脸谱化，故事缺乏真实感（尽管是据真事改编）。弗朗索瓦·克鲁塞和奥玛·赛的表演动人，但受剧本限制人物缺乏层次。过分中正的温情。3.5星。
桃桃林林,4,2012-02-13 22:37:33,,5656,音乐真棒，看到最后有些意犹未尽。很舒服的电影，故事有趣又会带些感动。两个完全不同世界的人，因为教育、知识、习惯等各种不同造成情节冲突及笑料；而彼此的影响和同化则是感动的部分。对于菲利普来说，有时需要的未必是小心翼翼的服侍，而是像对待普通人一样的无歧视对待。
ZWW,5,2018-01-14 16:13:01,,289,黑人小哥总是能轻而易举哄得菲利普开怀大笑，看似截然不同的两个人，但心灵的契合度却如此之高～为这段跨越阶级的友谊喝彩！
bamboo,5,2012-05-18 00:40:10,,187,是关于阳春白雪怎样与下里巴人和谐融洽的故事么黑人大哥完全集中了所有的笑点与哭点没有大起大落没有波澜曲折却甚是好看
GEMiNi,1,2012-04-16 09:43:16,,101,剧情弱智。。感动不起来。。能有这么多故事的前提是瘸腿的大叔有钱、很有钱。。没钱呢？还有故事吗？
匡轶歌,4,2012-02-18 00:41:41,,3501,开怀大笑一整场，最后却蓦然飙泪。身份、地位、财富、性格、教养、爱好、年龄，各方面皆如此悬殊的两人，磁场却契合完美。无论爱情友情，所谓好的、有爱的关系，是两个人都在关系里感到开心融合、自由释放、并因而成长。什么是灵魂伴侣？这，就是传说中的，灵魂伴侣。
o.m.,5,2023-06-13 11:28:36,安徽,133,“铁生，踢球去！”
浅苍,4,2012-02-15 09:32:14,,2839,毫不基情的友情片！
Q。,4,2012-02-14 20:43:03,,1899,去年的法国票房冠军，来自于一个真实故事的改编。少有的不刻意煽情，原声很棒，一个老套的故事竟能讲的如此有趣，还总能时不时惹人发笑，让人感动。最后字幕拉起时，仍在回味并享受那种喋喋不休与法式优雅情怀。有时，也许你给我的，是所有人都无法触及到的。★★★★
琦殿,4,2012-02-19 17:26:32,,847,但你们真的好容易被感动哦。
大奇特(Grinch),4,2012-02-14 03:43:11,,761,高雅喜剧，黑与白分别代表两种被法国社会所孤立的特殊群体，他们相互嘲讽，是用法国社会的嘲讽来引领观众对使角色的认同；他们相互扶持，融为一体并重新融入社会。通过片尾我们了解到原型是白人，片中改为黑人一是能够起到对角色的随性化处理；二是对于第三第四代非裔法国人渴望融入社会的渴望。
齊克斯尼力佐飛,4,2012-02-13 11:40:57,,585,其实是一份无甚惊喜的叙事和感动。
甜椒Oli,5,2017-03-10 14:48:06,,159,生活很孤独。爱人知己无法触碰触不可及。
木由,5,2016-12-23 15:50:07,,92,不自觉地和MeBeforeYou对比。最大的差异是对于生死的选择，最大的共同点是帅且多金。为什么不拍一部残疾+穷人的电影呢？想想也挺悲哀的，毕竟拍了也没人爱看。因为我们总是自动屏蔽渺无希望的生活。即使这样的生活被编剧改编得大爱无疆，也会使我们直面藏在骨髓里的冷漠，太不可爱了。
樹一,5,2012-11-03 21:36:42,,139,每个人都是一个容器，你的容量决定了朋友的品质。所谓的人文关怀不是给予同情和物质帮助，而是尊重每个人平等享受生活的权利。
愤世嫉俗,5,2021-03-12 14:14:29,,100,"""因为他不同情我"""
罗弘霉素,5,2012-03-26 04:01:26,,96,有感动的地方，但是没有影评来的那么夸张，只能说这个电影看着很舒服，音乐很棒。
西楼尘,2,2015-07-15 22:20:30,,197,这样的故事如何来建立价值认同？残障人本身得是个富可敌国的大富豪，出手阔绰黑人才肯勉强戴上手套给他掏屁股。护工得语出惊人似乎做真实自己就可以得到钱罐子青睐。富豪连脑门上都刻着人傻钱多，如果这样的设定都能让一大波人悟出人性，拜托以后看到霸道总裁爱上灰姑娘的时候别忙吐槽，尝个鲜乃常情。
亵渎电影,4,2012-02-13 18:28:54,,485,就像LudovicoEinaudi的钢琴配乐，古典，氛围，轻易就可以打动人心，我对于此人的印象，还停留在【这就是英格兰】电影原声阶段。欢乐和温情并存的法式温情喜剧，台词很精准，刻画人物的同时还让人捧腹，力道精准，火候尚佳，这应该就是点到即止的魅力！高雅和喜剧细胞还真不是随便就能学来的。★★★★
爱情海,5,2017-03-12 22:27:46,,42,音乐很棒，故事有趣与感动并存。两个完全不同世界的人，因为教育不同、阶级不同、习惯不同，相处之间造成冲突及笑话，而对彼此的影响和同化却是感人的。
chaaaaad。,3,2012-04-03 02:23:21,,484,又被神话了的电影。
易老邪,3,2012-06-24 11:24:18,,322,以调和阶级矛盾为旨的片子必以强调阶级差异为乐。
影志,4,2012-12-25 22:24:07,,373,“真正的残疾并不是坐在轮椅上，而是失去她。”当你真正适应一个人后，任何人都是取代不了的。艾迪·墨菲与罗伯特·德尼罗不得不说的故事。
豆瓣酱,1,2012-02-26 01:29:22,,47,扯淡，哪有那么好看，豆瓣怎么了？都9.1分了！大家都怎么了？多久没看琼瑶小说了？这不过就是个普通的煽情片子，不至于吧？公平来说也就6分
乌鸦火堂,5,2012-03-26 11:35:27,,48,见识了传说中的神作，并非传统的法国喜剧，而是那种笑中有泪的电影，平淡的故事中透露着质朴的真情，始终散发着一种摄人心魄的魅力，欢笑场面很多，但最终是那种笑着哭的感觉，非常精彩的法国片，音乐动听，画面美丽，佳作一枚
弗朗索瓦张。,4,2011-11-27 07:45:53,,237,看预告片还觉得这么老套。没想到这是我第一次在法国看到数次笑出声的电影，第一次全场满座我买到最后一张票的电影，第一次看带字幕的法语电影(聋人专场)，没想到摄影如此唯美合我胃口，没想到难舍基情如此动人。你们懂的。尤其是最后换谁都不要的那段，简直了。PS:白人男主角像张国立。
荔枝超人,2,2012-07-25 22:16:21,,49,法国《失恋33天》，全是聒噪无趣的对白和装模作样的悲喜交加。
水木丁,5,2012-06-15 01:32:51,,46,太喜欢法国人的那个劲儿了
同志亦凡人中文站,4,2012-02-25 21:42:15,,148,这是两种截然相反的人生和性格碰撞在一起迸发的光亮。因为剥离了怜悯而显得更加不卑不亢。真人真事无疑有加分。然而假使小黑没有在野蛮和暴力外保留那份本来的善良，well，这一切恐怕永远都不会发生。
时以星,4,2012-02-16 01:24:16,,154,好看又感动。粗朴但善良的心灵，与细腻却退缩的灵魂的对话。人生行到某个阶段，影响你的，改变你的，往往不是那些长期陪伴在身边，以为已经了解你熟悉你的人，而是另外一种人，带着他的生活观，他的眼睛和心来给你一种全新的角度去了解生命。不是每一个人都能幸运遇到他的黑先生，幸运的是我们有电影。
花儿果果,4,2012-02-15 09:57:29,,133,即使拥有高雅的修养，敌国的财富，也抵不过触碰自由与激情的内心渴望。音乐很棒啊。
风间隼,3,2012-04-07 22:22:23,,200,宣扬阶级调和的励志片，从立意到手法都很平庸，不明白怎么那么受欢迎。
jarvia,5,2022-08-21 05:33:49,德国,51,好想成为主角这样的社牛啊，不见外，精力充沛，不害怕冒犯别人，也不讨厌被别人冒犯，被人拒绝也绝不怀疑自己魅力，遇到不好的事也一笑置之。
blue,5,2022-12-05 03:59:04,广东,39,平平淡淡大大方方的讲了一个很好的故事，不需要什么激化矛盾，升华主题，就简简单单的，却让人感觉无比舒适，致敬伟大而真挚的友谊。
Connie,3,2012-02-17 11:50:24,,174,还是有钱人爽
虚弱橙,5,2016-08-16 23:07:25,,42,豆瓣观影第1000部。比最开始设定目标时候竟然晚了这么多年。唯有超越了同情，才有真正平等的爱。
TORO VAN DARKO,4,2011-11-02 06:42:33,,96,欢笑和感动并存的优秀法国喜剧，两个各方面都天差地别的人碰撞出层出不穷精彩捧腹的笑料，同时影片中感性动人的段落也恰到好处，触动心弦又不会显得刻意或过头。影片主题对症下药，法国观众自然爱到不行。原声很赞。
欢乐分裂,3,2012-02-15 22:14:27,,103,对于过于完美的想象，我总是心怀恐惧。
卡拉卡拉淅沥沥,5,2017-02-04 00:30:00,,49,有时候我们真的需要一个人冲进我们的生活然后才知道原来这样的方式会使我们更加的快乐自由孤独是人的常态所以陪伴才显得格外重要吧如果可以彼此默契志同道合这是多么幸运又幸福的一件事啊大海蓝天自由朋友
朝暮雪,4,2012-08-07 15:58:17,,84,温柔，可以化解肤色和阶级的隔阂。
米粒,4,2012-09-23 07:44:55,,60,倒没有觉得这是个多让人感动的故事，但这种人与人交往中学到的珍贵的东西，才是最让人感同身受的地方。而且这是个真的故事啊。这种缘分，真的是一辈子的财富
lion,5,2023-08-30 17:54:30,河北,36,最后一幕人物原型出现的时候，我突然觉得，哇，这种理想主义拉满的故事是真实存在的，世界真美好。
老袁,4,2017-01-25 22:56:09,,60,低俗让人快乐
九尾黑猫,4,2012-04-23 22:51:15,,67,他很有钱，而他什么都没有，但是他们忘了无论面对什么样的逆境都能开怀大笑，是种无价宝，千金不换。你说它美得像个童话，但它真的发生了，就存在于这个世界上。童话，生活，不过是相同风景中不同人眼中的世界。
谢飞导演,3,2021-09-01 14:13:43,,92,补看这部豆瓣排行26，评分9.2的法国电影，IMDB排行46，评分8.5。是部不错的作品。虽然是真实事件改编，但还是太“甜”了，技法上也没有什么突出或过人之处。我的打分不高。看来这两个国内外观众的打分排行榜，还主要是反映了当前大众的欣赏口味。
A L E X,4,2012-02-28 21:40:28,,56,没有刻意催泪，但那股暖流贯穿始终，真是一部治愈影片，两个人的性格都好棒！一直对黑人带有偏见的我都觉得Driss好可爱！跳伞时的那首FeelingGood配的太好了，那是真正的FeelingGood~~~~
连城易脆,4,2020-02-29 12:06:33,,24,其实最感人的是这部电影改编自真实事件，并非一些人一厢情愿的主观意淫。所以人性中积极的那一面确实是充满光辉的，电影最后的那段长时间的钢琴曲也使得本片更加隽永。相较于美版颜值更高娱乐性更强而言，原版的文艺气息更足，再加上毕竟是第一版，自然也应该收获更多的好评。两个版本情节上最大的差异应该是对于会见女性笔友的处理，原版更多的是留白，而一向不喜欢留白的好莱坞则详细地描写了一番。男主弗朗索瓦真的和达斯汀霍夫曼有些神似呀，海报乍一看真以为是他呢。
TISA,4,2013-04-28 22:15:10,,31,你有没有能力去点亮另一个人的人生？
novich,4,2012-10-03 00:34:29,,24,理想化的处理不在于剧情，而是对待生命力的演绎。下层移民拥有粗俗蓬勃的力比多，给衰老垂死，残疾的上层文化输血。这个模式近乎D.H.劳伦斯，编剧导演也聪明地利用这个陈腐观念中的戏剧效果。
雨果,4,2016-12-03 13:03:05,,38,看完心里暖暖的。触不可及，多恰到好处的名字。德瑞克和菲利普在身边都没有自己的知己，反而是两个完全不在同一世界的人成为了好伙伴。菲利普需要的是别人不要把他当残疾人对待，德瑞克理解菲利普，不同圈子的人慢慢相互理解，并成为挚友，这比中六合彩都难。
扌丁月佥,4,2017-03-22 12:50:09,,30,真的很搞笑，没有刻意的用眼泪表达男主的不幸，但是男主失落的表情真的让我印象深刻。
酒鬼一家小迷妹,5,2018-04-04 09:11:21,,39,人的一生难得如此挚友。印象很深的是在很多人觉得德希斯不靠谱的时候，菲利普说就是因为他没有同情心才选的他，甚至在看护的时候，德希斯会忘了他在照看的其实一个残疾人。真的是很暖了。
fany,3,2012-03-10 21:08:59,,102,没有想象中那么牛B啊。
burble,1,2012-02-20 15:05:04,,15,片子不错，但太造作。对比法国在卢旺达大屠杀中的卑鄙角色，这个片子令人作呕。
滚滚的麻麻,4,2017-08-15 00:33:57,,34,没有我想象中的感动，男人之间的友谊还真跟女人不一样。
月涩,4,2017-02-10 14:38:01,,27,朋友推荐的，很好看！喜欢这种感情细腻的影片能够打动人心。结尾部分赚了我眼泪，被感动到的。这世间的美好！
维城乱马,4,2016-02-15 20:37:01,,23,以为苦情却是温情而且不乏幽默。伴着熟悉悦耳的钢琴曲开始，劣迹斑斑的流浪汉登堂入室，下里巴人彗星撞击阳春白雪地球，他就像戳穿皇帝新衣的男孩，完全无视上流社会的繁文缛节，普通和文艺青年之间的种种冲突令人捧腹，但话糙人不糙，大俗大雅最终和谐共处。让改变发生，生活中一切皆有可能。
亚比煞,4,2012-04-05 20:54:19,,27,谈不上深刻，但还是好看的，被逗笑了好几次，尤其是音乐会，猫和老鼠。整晚一直循环播结尾的那段原声，音乐中安静而汹涌的力量，一次次击中我。
momo,4,2016-08-07 03:06:55,,13,看过后并没有别人说的震撼，给4星吧
芦哲峰,3,2012-12-26 12:48:48,,52,只有在这种极端的对比之下，我们才能看清：财富并非万能，健康无比重要。一具病体，连灵魂都不得安宁。
思郁,4,2012-03-25 21:58:03,,10,很温情倒是真的，音乐也不错，但是没有传说中这么神吧
lostmore,2,2017-01-29 20:34:25,,29,不值这个分数，也就6顶多，也没觉得感人，如果黑男免费照顾他n年，而富翁也不是富翁，那这个才是感动。一切建立在金钱关系上的炫富故事，如果让我感动，那我感动拜金主义？说坐私人飞机去跳伞，几十万买一幅画，还很像郭敬明的故事。
又青,3,2022-09-04 21:26:56,四川,54,笑点get不到，剧情不吸引人，节奏拖沓，主角人设也很难让人喜欢……黑人普信男还没礼貌，白人换护工了莫名其妙对负责任的新护工发火……虽然人和人是有磁场的，但是大可不必如此没有礼貌……不是很懂这部剧的三观，以及想要表达的东西。尊重比同情更重要，但是礼貌待人不正是尊重吗？不是只有没边界感的友情才是友情。唯一可以夸的是配乐还不错，无法理解评分这么高
大头绿豆,5,2012-07-21 18:48:01,,17,❶菲利普们需要的是平静和尊严，这是比源自同情的照料或者有道德表演意味的愚孝更难得的东西。❷德利斯将上层社会装的逼一一消解的过程，是此类题材中最成功的。❸FrançoisCluzet继「小小的善意谎言」后的又一次完美演出。
胤祥,4,2014-01-28 22:43:17,,16,看到片尾原型是突尼斯人而不是黑人，瞬间秒懂片中各种微妙的不和谐感是哪儿来的了。编导实在是要找个身体过于健壮的黑人来形成对比了。文本结构的还算精细，A故事的展开很不错，B故事（黑人小哥这边的高等文化教养）则是意料之外情理之中。影片槽点不少。
Ocap,3,2015-05-10 21:35:13,,30,叙事白开水，配乐犯规向。无刺可挑，但也不亮，启蒙时期错过即无感系列。★★★☆
柠檬海盐,4,2017-05-15 22:56:37,,9,很好看，超棒，配乐很好听。喜欢
诸葛若见,4,2014-02-16 22:40:16,,12,电影改编自真实事件，温情故事与法式幽默相得益彰。黑与白，健康与残疾，富有与贫穷，幽默与尊重。若有交心挚友，不会触不可及。
握不住的灵魂,4,2012-02-16 23:00:54,,11,“对他说”
原来是西门大嫂,3,2012-03-12 11:17:57,,41,这种题材放给美国人拍肯定会完全不一样吧，当代的法国人拍东西还是太GING太温情脉脉，贱不起来也残酷不起来。关系进展太刻意了，黑人的前史结合的不好，观影过程挺愉快的，但看完了有种无法回味的尴尬感。
shininglove,5,2016-04-20 16:29:05,,22,非虚构真实事件改编，其蕴含的情感纹路是虚构创作无法比拟的，不同阶级、种裔、文化背景的黑白配碰撞，擦出的火花打动人心。它能持久的留下来，非技法的纯熟，是源于细腻的情感范畴捕捉。
城南草木生,4,2015-12-20 21:40:52,,8,法国人真的很单纯。
有心打扰,3,2012-02-14 01:00:43,,24,钢琴缓缓流淌的温馨，流行歌曲跳跃的欢快。人生中总是在不可知的位置遇见那个影响自己一生的挚友。
海特,2,2013-03-17 11:46:04,,14,这尼玛也有9.0，这尼玛也能进九强？！
张熊熊,5,2012-07-07 20:46:13,,25,T^T为什么世界上有电影这么美好的东西！！！！！！！！！
布宜諾斯,4,2016-09-29 18:04:14,,8,这是后劲很足那种电影，因为一个人满足快乐的笑容会一直回荡在脑海。如果世界上有一个人曾让你那么开心，你会忘掉一切只因身边有这个人，那你为什么要选择放弃ta？明明快乐触手可及？难道你不怕这辈子最让你快乐的一个人已经渐渐不见了嘛？
荞麦,3,2012-08-06 17:37:03,,33,这才是阶级嘛。阶级不是一个贬义词，只是一个描述。
小痕呀,4,2017-04-01 23:02:32,,7,根据真人真事改编的，令人发笑，令人感动。好的朋友无关于身份地位，无关贫穷残疾，心灵相通就是最好的默契。
死的蚊,3,2021-12-01 14:57:16,,24,号称真实故事改编，但是看完却并不真心相信。片尾的护工照片是个白人，正片改成了黑人，这算是“刻板印象”还是政治正确？
X,5,2017-03-20 10:49:46,,15,喜欢法国电影，特别是喜剧，这部是经典中的经典，两个人，一个小混混一个高知，机缘巧合的相会成就了一段感人的故事，真人故事改编的
苏幼,4,2017-04-06 15:13:14,,8,很好看，在不知不觉中感动了你
橘猫爱吃鱼,5,2018-08-06 23:11:05,,12,人生观和价值观完全不同的两个人之间的碰撞、同化。他们相互拯救了彼此。
顾俏乜,4,2017-05-05 14:49:22,,13,触不可及，多恰到好处的名字。德瑞克和菲利普在身边都没有自己的知己，反而是两个完全不在同一世界的人成为了好伙伴。知己真是可遇不可求啊。
小薯莎莎,4,2012-04-22 07:28:34,,0,法国温情喜剧+优秀剧本
别人老公,4,2017-03-09 15:33:24,,7,你永远快乐且知足，真好
心生,4,2012-04-18 11:55:49,,9,很温暖很舒服的一个法国电影，没有《桃姐》的那种忧伤与孤独，却同样有很多思考，关于尊重究竟该限于何种程度，关于强制照顾与理解引导的区别，关于人生起落的平淡感应，关于人与人之间最原始的真诚与感动。所以你应该不会看得哭哭啼啼，但是它的魅力在于那种隐忍苦涩的幸福，而且，它的票房就在那里。
刘康康,3,2012-05-19 01:14:58,,18,由此可见法国人民的文艺其实还是假文艺，骨子里还是喜欢看好莱坞这种温情加点幽默的故事。这片子给我的感觉是音乐真的很棒，演员表演也没说的，但故事其实也就是好莱坞最主流的那一套。所以说人人都爱好莱坞。
撒旦的表妹,4,2016-03-09 13:14:56,,13,前面没什么感觉，后面触动挺大的，欣赏两个主角对人生的态度，配乐太加分。
工湖马扁子,5,2021-05-21 12:36:16,,19,被两个男主的戏感动的一塌糊涂…
小痕呀,4,2017-04-01 23:02:32,,7,根据真人真事改编的，令人发笑，令人感动。好的朋友无关于身份地位，无关贫穷残疾，心灵相通就是最好的默契。
海特,2,2013-03-17 11:46:04,,14,这尼玛也有9.0，这尼玛也能进九强？！
杨迪,5,2022-09-13 22:04:52,上海,13,都这样了，也绝不让你掉一滴眼泪。生活有意外也有无限可能，我都接受也都享受。
蕉,5,2016-07-24 02:26:49,,9,其实打开时充满疑问的，毕竟法国尼格这种生物比较陌生。结果他开嘴就是koolnthegang和地风火，我就放心了。配乐也不错
巴喆,5,2012-09-23 20:35:48,,15,他们知道什么是人性，懂得尊重别人，有信仰，普遍自由平等博爱，人们可以追求他们想要的生活和梦想。。。8.5
苏幼,4,2017-04-06 15:13:14,,8,很好看，在不知不觉中感动了你
Azeril,5,2015-02-16 10:05:58,,8,真诚触动人心。孤独的人渴望友谊与爱情不是希望能够带来什么缓解什么而是作为一种抵达寻常生活的诉求。And倘若一个人有底线刻薄无礼却有分寸那依然不失为一个善良而有原则的人是啊哪怕是我也要一点耐心一点时间才能让别人靠近。
楚平,5,2012-03-04 23:56:19,,16,春寒料峭的雨夜，看这部电影，好像来了一大碗香喷喷的心灵鸡汤，还附赠一条油汪汪的鸡腿。。。该片展现了男人之间最温暖的情谊。估计最腐的腐女也不好意思说这是什么基情了吧。。。顺便说一下，别看有的人长得黑，但在那黑色的皮肤下，却有一颗洁白的心灵。。。
顾俏乜,4,2017-05-05 14:49:22,,13,触不可及，多恰到好处的名字。德瑞克和菲利普在身边都没有自己的知己，反而是两个完全不在同一世界的人成为了好伙伴。知己真是可遇不可求啊。
素年锦时,5,2017-04-05 14:47:11,,8,尊重是什么大概就是这样的把。感动
周杰伧的小粉丝,3,2012-02-19 18:44:20,,8,一个柔弱的白人老头和一个爽朗的黑人汉子之间的故事。非常温暖，但能让人笑出声来的地方只有一两处，不能算喜剧。
小薯莎莎,4,2012-04-22 07:28:34,,0,法国温情喜剧+优秀剧本
别人老公,4,2017-03-09 15:33:24,,7,你永远快乐且知足，真好
心生,4,2012-04-18 11:55:49,,9,很温暖很舒服的一个法国电影，没有《桃姐》的那种忧伤与孤独，却同样有很多思考，关于尊重究竟该限于何种程度，关于强制照顾与理解引导的区别，关于人生起落的平淡感应，关于人与人之间最原始的真诚与感动。所以你应该不会看得哭哭啼啼，但是它的魅力在于那种隐忍苦涩的幸福，而且，它的票房就在那里。
撒旦的表妹,4,2016-03-09 13:14:56,,13,前面没什么感觉，后面触动挺大的，欣赏两个主角对人生的态度，配乐太加分。
徐若风,4,2013-01-03 14:51:30,,12,温情精致，渐入佳境。
Tron,4,2012-06-18 00:54:27,,1,3星的影片，+1星给黑人男主
赫舍里清如,4,2017-02-24 20:45:33,,7,笑中有泪，牵动人心
冰红深蓝,5,2014-12-29 15:12:38,,8,根据真实事件改编的法国喜剧片。弗朗索瓦·克鲁塞和奥玛·赛的表演无可挑剔，全片细节丰富而真实，毫无矫揉造作之感，在大部分时间让你开怀大笑的同时，结尾又让人潸然泪下。配乐更是无与伦比，听着那些古典名乐和温情婉转的钢琴曲，顿觉一秒钟也没有浪费。而对白内涵甚至连解读癖都能满足。（9.5/10）
鼬,5,2012-06-18 22:56:13,,1,看了好久终于看完的片，最后还是很感人
齐物秋水,5,2014-12-11 09:30:13,,7,味淡反浓。
司努比,4,2012-06-18 17:55:31,,0,他们需要的不是怜悯~
_Strygwyr,5,2012-06-18 09:34:42,,1,跨越社会等级的真正友谊，结局真的很感人
萝卜丁,4,2012-06-18 12:08:11,,1,励志片
koyforca,5,2012-06-19 01:50:21,,0,真正的电影
双双,4,2012-08-12 21:44:07,,0,这个黑人真不错。12-8-12跟麻麻一起穿插着看过16-11-9和麻麻、7一起在bilibili又看了一次~这样的友情~真好啊~笑着享受人生~
吃瓜的小土豆儿,4,2017-05-25 22:09:32,,7,令人感动的一部电影，音乐也非常棒。
蜉蝣,3,2013-05-16 10:38:54,,8,最打动我的是，即使对于一个瘫痪了的人，他们也给予了他享有隐私和个人空间的权利。这比在言语中回避到一些让人不舒服的词汇重要得多。（然后我终于明白了一个挺有趣的疑问，嗯~）
噼里啪啦肖大侠,5,2021-01-22 00:05:45,,29,最高级的感动是笑中带泪。真实故事改编并不影响整部影片发人深省的部分：究竟什么是贫穷，什么是富有。（ps：绿皮书有点像）
月缺迷墙,4,2012-06-18 20:22:48,,0,warm
内陆飞鱼,4,2012-03-04 20:11:34,,8,有趣好玩，当仆人的比当主子还拽。
到底凡人,3,2012-02-19 12:59:33,,3,有些桥段真是笑死，看完一想起那个因为2万3千欧元自杀的建筑师就觉得这又是一部现代童话而已了
自闭勿扰,5,2021-07-19 23:17:51,,33,2021.7.19。互相成就。是有点好笑，经常莫名跟着笑起来。说明电影拍得细腻。调侃不是因为无知而冒犯，而是潜意识里的开放和平等，不觉得那是软肋，不觉得你因缺少什么而更加脆弱。
张维托,4,2012-08-12 22:47:48,,0,4.5
Mr. Infamous,5,2018-09-14 23:39:47,,7,说到底，人还是得有钱。这样，才有选择的脾性，才有进退的余地，也才有相互成全的缘分。而这金主，偏生连邂逅的底气都比旁人少些，愈发亲和、重情得迷人了，而那半忍的笑颜，就格外有感染力。粗俗的Driss叫Philippe那高雅世界也捎上了黑人文化的俏皮，亏得爽直，都是开怀，也由此，才有平等与共振。片末突然说，他再婚了，而他结婚了，像极了所有徒留遗憾的同志故事。可亏得是直男，所以隐了那半分深情，都付作一腔笑意了。@资料馆，得见弗朗索瓦·克鲁塞，仍是那般绅士模样，谈起合作往事，念及两人相处，感慨分开如此脆弱不堪，一起如此坚不可摧。（有兴趣的，可以看看前因后果：https://www.sohu.com/a/203778330_488482）
MichelleLOU,4,2012-05-29 19:24:01,,1,如果不是法语我总会穿越得以为是好莱坞的新主旋律电影，2017年，兩個導演是正能量爆棚了吧。
查克同志,2,2013-02-23 09:53:03,,13,这部片子让我直面自己骨子里是个俗人的现实；作为一名俗人，看罢最大的感触是：有钱真好。原声很舒服，平淡的叙事挺治愈。
翻滚吧！蛋堡,3,2012-02-14 01:23:27,,11,怎么老让我想到闻香识女人和潜水钟与蝴蝶，不过显然更喜欢后两个
乱乱,5,2012-06-19 10:25:06,,0,温馨又爆笑。可以想象同样的题材在天朝会被拍成怎样“催人泪下”的主旋律电影。
Ralph,3,2012-08-12 23:30:03,,1,挺有意思的法国轻喜剧.FrançoisCluzet和DustinHoffman完全就是一个模子里面出来的啊.
curbdog,5,2012-06-18 13:22:43,,1,两位主角的演技很彪悍，全剧无尿点·
Dlyz,5,2012-06-18 15:26:32,,0,平淡而温馨~
patwat,5,2012-06-18 15:42:41,,0,人和人的关系多么奇妙
聪葱,5,2012-06-18 13:42:14,,0,慢慢的温情，里面的歌也很好听
cucu,4,2012-09-03 12:44:33,,2,这俩cp太有爱了好不好！！近年基片水准大大提高了耶……富二代小青年实在太富二代了。
豆瓣酱,5,2012-06-19 01:21:03,,0,喜欢音乐，喜欢他们相处得这一过程。
Jiangdada,4,2016-06-13 20:20:44,,14,对残障人士的最大关心就是心灵上把他们当正常人一样真挚对待无需同情
薄荷,5,2017-03-20 13:52:14,,5,很温情很治愈
红豆♥,4,2012-08-14 17:21:36,,10,driss把philippe抱起来摇摇摇的时候，philippe笑得好可爱啊~TT
大耳朵图图_,4,2017-03-30 15:30:40,,7,尊重和理解
珍妮的肖像🦄,5,2012-02-20 13:04:14,,1,四星半
黄瓜土豆,5,2012-06-18 22:33:23,,0,很温馨的法国电影。从雇主与保姆，变成了朋友。残疾人不需要怜悯，需要的是理解。
Spendy,5,2012-05-25 21:41:24,,0,跳伞
Mophister,5,2012-05-26 03:02:20,,0,2012-05-25，很温情，很喜欢
鬼腳七,4,2012-03-11 21:40:09,,5,小格局温情，其实回避了一些其他问题。流畅是最主要的，然后是细节，小煽情点不多，但是轻描淡写地味道很够，然后是表演，这样的戏有了合适的演员就成功了大半。
黄海,5,2012-08-11 08:42:05,,0,不走寻常啊，在残疾人身上精神的主线就更加突出。世间的一切都是浮云，只有点滴细节需要表露。主题人就被突出出来了。竟然还是真事改编，太治愈了！
晓东,5,2012-04-03 00:25:33,,0,很感人
mmhh,4,2012-04-10 20:33:58,,0,被影片名字骗了，其实是将富翁残疾人和贫穷黑人之间的友谊。配乐很赞
yy,3,2012-05-25 16:14:35,,1,有点意思
爱菜,5,2012-05-25 21:40:50,,0,动人
思之一二,5,2021-06-13 22:06:21,,12,这部电影，搞笑但不夸张；感动，但不煽情。让人在平平淡淡中看完电影，却回味无穷。大黑和老白阶级相距甚远，本应毫无交集。但抛开阶级，他们却又那么的相似。他们都富有责任心，都向往充满激情的生活。两颗相似的心惺惺相惜，再加上彼此的真诚，换来了这段不朽的友谊。
会笑的昨天,5,2016-02-03 21:29:42,,4,温暖、幽默，并带有不同寻常的些许甜蜜。
铃儿响叮当,3,2017-02-10 18:48:55,,6,法国的片子艺术感太强了，有点接受不能，不过友情还是诠释得很棒
Queenuts,5,2012-08-12 15:38:54,,0,很轻松幽默又充满温馨的电影！人与人的理解和默契是不分种族，阶级，年龄的
外省青年狼二蛋,5,2012-06-01 22:03:31,,0,今年看过最好看的电影了。普通的故事讲得很流畅舒服，恰到好处的音乐。宁愿自由自在也不要狗一般的怜乞。2个阶层地位完全不同的人对生命有着一样的尊重与敬畏。
Michael,3,2012-03-24 22:46:43,,10,我觉得就是一个平铺直叙的故事....没啥高潮....
冰与火之歌,5,2012-03-27 21:30:26,,0,触不可及.Intouchables.2011.BD.MiniSD-TLF.mkv
菜头,5,2012-05-25 23:29:16,,0,黑人真有意思
掉线,4,2013-01-12 16:35:28,,4,四星五星之间犹豫很久，觉得还是没能达到让我特别喜欢的地步，电影拍的很平淡但是不闷，很感人却不刻意。喜欢全片那种乐观又带点儿蛋蛋忧桑的范儿，不过还是觉得剧情有些理想化了，四星半
Vamei,4,2012-07-12 23:23:32,,8,同情，是我最不需要的东西；但偏偏很温情。
黑樱桃摩卡,4,2012-06-28 21:41:46,,0,有时一件事，一个人就能改变你的一生~
非鬰,3,2016-08-23 21:28:44,,6,麻麻，除了感动也没啥感觉了，低于期待值。
孟德尔的豌豆,5,2012-06-18 20:15:26,,0,坏小子也可以有好心肠。当然好哥们你必须了解他怎样才能“开心”，等他躺病床上快不行的时候，问他。。。
hi云中漫步,5,2012-06-18 20:31:58,,0,喜欢他们的幽默，有意思，他们的友情也很感人
金陵小胖虎,5,2012-06-18 21:35:54,,0,原声确实很棒！给人想笑的时候的，泪水却又微微止不住，没办法，我也是太感性。
某慧,5,2012-06-18 18:44:37,,0,两个男人之间超越种族，贫富的深厚友谊
西斯,5,2012-06-18 23:37:15,,0,比较有感染力，不错的片子。很励志，很有人文关怀气息。
Winton,NaN,2012-06-18 19:18:27,,1,肖邦钢琴曲打头，温馨浪漫，搞笑轻松，却引人思考。推荐！
Jolie Vie,NaN,2012-06-18 20:57:55,,0,很不错的一部电影
蓝小默,4,2012-06-18 20:57:04,,0,还是关于尊重
阿士匹灵,5,2012-03-28 23:15:43,,0,温情满满。
૮ – ﻌ – ა,5,2012-03-11 22:44:48,,0,开头的开路曲子好欢乐，想改铃声了，BA~DE~YA。配乐都很美。真的好多笑抽鸟。一切都很有真实感很自然，喜欢。做真实的自己会更好玩，很棒。
Rad Wimps,5,2012-06-19 09:56:43,,2,从头看到尾，居然没觉得2小时长
24721猪崽,5,2012-05-24 07:15:48,,0,好看~~~~
奋斗青年陈先生,5,2012-05-24 12:54:19,,0,两个演员那无法辩驳的表演使得整部影片充满了力量和感人的情愫。可以说，这是一部杂糅了《为黛西小姐开车》和《国王的演讲》特点的作品。
央然,5,2012-05-23 23:53:36,,0,清清的入心感简单并深刻
蛋蛋糯米球,5,2012-05-24 16:31:32,,0,好温馨，喜欢。
玩具,5,2012-05-23 18:05:15,,0,不吝惜的给五星，开剧是两个人在路上开车，觉得很无趣，又来看到想再看一遍。那个黑人太可爱了，推荐
lzero,5,2012-05-24 16:36:48,,0,-触不可及的碰触。
芋丁,NaN,2012-05-24 13:17:29,,0,法国电影的色彩总是特别美
火山,4,2012-05-23 22:51:46,,0,很温馨的法式小品
Wait,5,2012-05-24 14:52:57,,0,感染力
"Youk, Shim-won",4,2012-05-24 10:25:20,,0,面对Driss的滔滔不绝，真心佩服。这是一份无甚惊喜的叙事和感动。
苏苏,5,2012-05-23 19:56:28,,0,Philippe雇佣Driss的唯一理由，就是——他不会同情我。他能平等的对待他，甚至嘲笑他的残缺，却亦能教他什么才是真正的爱人。
尼欧✔️,5,2012-05-23 22:45:22,,0,友情的温暖
k,NaN,2012-05-23 20:02:55,,0,配乐赞，没品幽默依然无力理解。残疾人需要的不是同情。
Gracieee,NaN,2012-05-24 09:54:01,,0,是个好电影！
痕去无欢,5,2012-05-23 21:52:39,,0,每个人都是有缺陷的人，所以要活出自己完美的一面。好想去体验一把把自己当个风筝放了的那个极限运动啊~
On love,5,2012-05-23 19:29:22,,0,触不可及不懂这个电影的名字但是故事我懂了
将姜姜姜,4,2012-05-23 19:59:48,,0,因为有了你...
花椰菜菜,NaN,2012-05-23 20:22:21,,0,知己难求，唉
momo,3,2012-05-24 14:30:33,,1,照常的法式温情片，它居然由真人真事改编。让人感怀的是，世界上最和你契合的那个人完全不是自己可以想象的，也许一辈子也遇不上
all blue,5,2012-05-23 19:28:47,,0,很不错的一部感人法国电影~
gravity,5,2012-05-23 20:17:18,,0,相信自己。
vitan,NaN,2012-05-23 17:52:48,,0,只要真情在，社会阶级天差地别的人也能成为朋友。为他们的友情感动
K.,5,2012-05-23 23:10:48,,0,最近给了好多电影5星，这部依旧。太感人了，一想到这是改编自真实故事，人类之间的友谊又升华了。
❤ Alice,5,2012-05-24 10:59:57,,0,英文课上老师放的感觉不错一直都爱法语却一直没有学习遗憾很久没有写影评话有些说不上来对电影没有太多的研究只是喜爱法式电影的一种优雅画面的温暖和镜头切换的感觉那种话语不多或者说多而不腻加上风景作铺垫着实让人舒心。
just遇见,4,2012-05-23 23:06:20,,0,缓缓的温馨~
Eleven,5,2012-05-23 20:44:55,,0,这个懂得生活的黑人小伙子真帅
槑,4,2012-05-24 14:17:46,,0,以为会无聊，但是没有；非但不无聊，还用很稳溶洞方式让我感动了
艷✿,4,2012-05-24 12:45:53,,0,生活本不應該有芥蒂。
赵哥v,4,2012-05-23 21:41:04,,0,好电影，好影评《不要以善之名行凶》http://movie.douban.com/review/5381118/?post=ok#last
有个伴,NaN,2012-05-24 15:52:08,,0,好电影并不一定非得大场面，大投资，大制作，往往最动人心的却是最真实最普通的东西！
蜜思,NaN,2012-05-23 21:45:04,,1,看完有点小压抑，不过还不错
颜不与,3,2012-05-23 18:40:49,,1,mark:paragliding
pierrothsu,4,2012-05-24 12:42:29,,0,正宗的法语片，干净，简练。讲的是平等互助的友情故事，改编自真人真事，因此很吸引人。
Tolunyu,5,2012-05-23 20:43:03,,0,最近看的最打动人的电影
你瞅啥？,5,2012-05-24 13:03:07,,0,笑出了泪
Ti2.,4,2012-05-23 19:15:20,,0,温情中充斥着幽默，个人觉得除了在临近结尾处两人的重遇很赞之外，Driss重新回到社会底层后的画面配着古典乐那段也十分地震撼。很钦佩两位主人公的性格。
darren8515,5,2012-05-23 23:24:10,,0,非常温暖的电影，很爱两个人的笑容！电影原声也很赞
SaphirG,5,2012-05-24 15:39:18,,0,看后第一句话：sosweetandtender.
青衣,NaN,2012-05-24 15:21:07,,0,感人
柒木木,NaN,2012-05-23 20:37:18,,0,值得一看
kakake,NaN,2012-05-23 23:57:15,,0,强力推荐！！！来自不同世界的人却可以找到共同语言，这是一种最初最原始的感动……至少感动了我^^
一朝步入西安,5,2012-05-23 19:47:04,,0,让生活平淡
清明上坟图,4,2012-05-24 14:09:02,,0,快乐温暖下雨天可以冲淡坏心情
阿辰,4,2012-05-24 11:39:25,,0,soundtrack真不錯
弱水,4,2012-05-23 18:14:45,,0,一个黑人屌丝与高位截瘫高富帅的故事
SoYoung,5,2012-03-12 01:21:40,,0,又是我喜欢的温情电影。这种友情可遇而不可求，真实而感动。
脱水柚,5,2012-11-18 02:34:15,,0,治愈系
livinglow,4,2012-06-17 10:43:27,,0,2012/06/15我以为是催泪剧，看了才发现是喜剧。温情喜剧真的很难拍，这部是一流佳作。差半颗星只是因为我准备的大泪炮都白瞎了，欠我一个高潮。
nois。,5,2012-09-03 22:46:56,,0,虽然我真的听不惯法语。
rosaceae,5,2012-06-17 21:47:56,,0,好看
身毒丸,4,2012-06-13 20:47:07,,0,沟通的可能性
纤纤,4,2017-04-16 10:25:09,,6,每个人有应该有个你认可的朋友，那是治愈孤独的良方。
nikky,5,2012-09-09 02:30:46,,0,绝对是今年看的最棒的电影。人的一生会不会遇到真正能让你开心的人呢。也许有一个，也许没有。
Lottie,5,2012-05-05 11:47:23,,11,我真正的残疾不是坐在轮椅中，而是失去她。
Mademoiselle B,3,2012-09-28 11:45:13,,1,音乐比电影好多了。浮光掠影似的叙事，模式化的笑点，不知道是不是喜剧电影的通病呢？故事不错，但电影可以更好的。
袋鼠,4,2012-05-26 08:26:45,,0,20120525
石庄子,4,2012-06-19 08:53:05,,0,两个男人心灵相触的小清新
杨宇在在不在,3,2012-09-03 11:24:31,,1,配乐不错
Iasheen,5,2012-06-17 10:28:02,,0,心里暖暖的。。
赵启辰,5,2012-04-17 22:37:17,,2,真正的情是不需要煽的！P.S.原声又火了啊
yxcywmcst,4,2017-01-02 21:47:54,,4,轻松幽默有点治愈，不联系现实来看可以当是个温情治愈片，要是说是黑人移民给白人富豪当护工，就有些……当然，里面的那俩还是很可爱的，像是用没什么大不了的态度说一些沉重的现实，片子背景音乐很不错，非常值得一看。
语眠,5,2012-08-12 17:54:52,,0,绝对相信这是个真实的故事。。
孟克依,NaN,2012-03-24 21:53:15,,0,好机油！真爱呀～～因此片分高而骂豆瓣搞营销的人，请问我这么了解电影动向的人为么到现在才不过是偶尔在pps上看到这个电影呢？
爱世界的十亿,4,2012-06-17 23:20:09,,0,人生际遇妙不可言
会飞的兔子🐰,5,2012-09-03 15:32:29,,0,精神!文艺！
拙匠,4,2012-08-13 00:22:25,,0,内心总有一部分触不可及
Décembre,3,2012-08-12 02:35:09,,0,温情
宅拾叁,4,2012-08-15 20:44:45,,0,温馨有余，但有欢笑无泪水，没有触碰到我的内心深处吧。但仍不可否认片子的成功，让我暂时又对法国电影有了兴趣。
生命力。,5,2012-06-17 08:18:22,,0,不让别人知道这次收藏
左胸上的吸盘,3,2015-07-27 18:52:36,,7,很好的睡前电影，节奏利落，虽然双主角阶级有差异但喜剧部分主要还是来自于性格差异，黑人的立场并没有什么阶级性。配乐也很好听，起码下半夜看片的我不困了
无所谓,5,2012-09-16 22:42:24,,0,verynicetouching，anfunny，movieabouttwounlikelymenwhohavemoreincommonthantheyknowthemselves.Wonderfulmusic.
齊楊森,3,2012-04-17 19:28:02,,0,以溫情的故事描写美好的情懷。
阿火,5,2012-06-16 02:33:57,,0,大自然的味道
King Sitcome,3,2012-07-17 09:24:38,,0,Fly~~~
Aaroncae,5,2012-11-08 21:07:02,,0,触不可及的永远都藏在内心最深的地方······
隐,5,2012-03-25 22:57:43,,1,法式治愈系，太棒了~！
余小岛,3,2013-08-22 23:50:04,,6,也就原声配乐赞了一点，其他的还好吧。不知道为什么这么高分。
小塚ai艾,3,2012-07-21 18:54:39,,0,原声真的很棒~~~
Hulda,5,2012-02-17 00:13:38,,1,爱艺术，爱生活
忙碌悠闲的小孩,5,2012-05-25 21:27:57,,0,不是基友，是朋友！谢谢L~
Magdalene,5,2012-02-20 17:23:50,,0,两个男人的友情，两个不同世界的碰撞，到底是谁改变了谁？
爬行钢炮,5,2013-02-08 00:26:39,,0,背景音乐像溪流一样缓慢流动，就像人与人之间平等、相互理解的交往关系一样。
追忆,4,2012-10-27 22:07:34,,0,温情喜剧，高雅又快乐
高詩遠,4,2020-07-07 11:37:48,,1,平平之中有一种淡淡的感动，到片子的结局也是意犹未尽。这种黑人与白人互相扶持相互鼓励的片子让我想到《绿皮书》，互相之间的不怜悯才是一种更高级的尊重。
Tracy,5,2012-06-19 20:22:09,,0,得缘与你相见，我们的生活都有了新的开始～两个不同世界的精神火花的碰撞，给彼此带来了新的生机。
已注销,4,2012-10-08 15:20:16,,0,四点五星～多亏了不是立志片～
启蒙的面具,5,2012-06-19 10:32:36,,0,爆笑
草威,4,2012-04-02 23:42:17,,6,两个最好看的笑容凑到一起了。
恰卜恰布,4,2012-04-15 17:17:38,,0,难得看到这么搞笑又温馨的电影。。结尾飙泪。。特别喜欢跳伞和刮胡子两场。。配乐也好听
镜花水月,5,2012-03-24 15:03:10,,0,他不需要同情心，他只想像个普通人那样被对待，德希斯的大嘴笑很感染人，音乐很好，完全不同世界的两个人之间坚实的友谊。
太夜秋风,4,2017-05-03 07:42:16,,7,“时而欢笑，时而泪下，人生何求。”两个几乎没有任何共同之处的人，却在相处中建立了深厚的友谊，同时两个人也不约而同地发掘出另一个自己。
彌張,5,2012-02-16 00:34:18,,8,真事改编！看到最后感动死了，要哭了。。男主实在太像达斯汀霍夫曼！老黑跳舞不错~
🌙e-L°。,5,2012-07-29 02:33:33,,0,满满的感动
白行,5,2012-09-03 21:29:54,,0,看得我感動，是淡淡的溫暖人心的故事
c,5,2012-04-01 03:54:58,,0,今年看过最好的片子！！！快去看吧！！！
星月日,4,2012-02-26 20:53:22,,0,ohmerdeputain!!!
软蛋黄,4,2012-04-20 15:36:26,,0,三星半。健康屌丝与残疾高富帅的友情故事。友情体现在生活细节。即使生活背景不同的人也能友好相处互补互利，可以看出法国佬比美国佬友善得多。至于人生态度什么的，如此积极向上的故事在受过思想品德教育的中国人看来应该是司空见惯了吧。电影节奏把握不错。
小雨Rainco,5,2012-06-19 13:10:09,,0,知己难求
默默的蘑菇,4,2017-04-15 09:45:53,,5,值得看，但是看完之后大的领悟我没看出来……
火龙果不耐受者,5,2012-02-15 19:41:53,,0,很温情，很积极，很向上。两个世界的相互碰撞，产生的不是种族间的不解和冷漠，反而是爱的火花。笑料十足，又温馨治愈。法式喜剧加上浪漫主义，一道独特的情感大餐。
极简主义,5,2012-05-25 15:42:31,,0,近年来我喜欢的影片之一，电影配乐完美，没有什么好评论的
康平,5,2012-06-16 12:01:49,,0,音乐撩拨情绪的作用很有效~恋人出现时，菲利普嘴唇及法令线的抽搐，演技尽在细节里。
谷玄,5,2012-04-04 12:00:45,,0,深爱
苜蓿,4,2012-09-03 20:44:16,,1,为撒子要翻译成勒个名字
夜夜读毛选,4,2012-04-10 11:14:34,,0,各种普通桥段的完美拼接。
♪-Ali-♬,5,2012-06-17 16:17:30,,0,黑白绝配基情四射。此乃近年来难得一见的融合种族、身体残缺、同性恋要素于一体，情节饱满，情绪铺垫恰到好处的电影。另外电影配乐也非常不错，完美了整个观影过程。
心甘情愿做咸鱼,5,2012-09-04 00:19:52,,0,看之前从没料想到效果有这么好，嗯，对什么事情期望不要太大才好，才能有意外惊喜的收获。看完觉得挺温暖的，剧情也就不觉俗气了。
ReMinD,4,2012-02-29 00:57:11,,0,秤不离砣砣不离秤有了你我会更精彩的又一种诠释。黑人用他特有的幽默激励着富人让他得到了温暖让他有了各种乐趣。生活中爱与感动常在。
一朵潛水云,4,2012-09-03 20:15:25,,0,好一個越老越「頑童」的故事。兩位演員的演出功不可沒。作為真人真事改編，電影拍得還是挺真實的，很容易給人一種共鳴感。其次原聲也是增加這種感覺的原因。淩晨在海旁推著輪椅一幕實在太真實了，也很觸動人。劇本鋪排與《禮儀師》如出一轍。最後的一段紀錄片更是錦上添花。
春暖花开,4,2012-02-26 19:36:59,,1,贵族与平民的互动。
郭襄和杨过,4,2012-06-06 16:14:35,,0,于平静处的人性力量。
nightmare,5,2012-08-12 06:30:02,,0,无需多余赘述的佳片，无论从剧本，演员，配乐，摄影都堪称当代法国电影中的翘楚，艺术性和故事性高度统一的好片子，是我目前为止最喜欢的法国电影！赞！
任平生,4,2012-06-17 20:56:17,,0,片尾曲超好听，情节也比较温情又不乏搞笑。
暗恋未果种子,4,2012-06-17 21:26:48,,0,刚开始觉得那黑人好烦，菲利普好有气质，
ORANGE,4,2012-06-22 02:27:33,,0,又一部传记力作！法式温情。
roro520121,4,2012-08-21 22:08:14,,0,生活里需要多点这样乐观幽默的人，貌似这黑哥们有点儿像老王
慧眼识猪,5,2012-05-23 11:33:40,,0,难得一见的法国好片平淡的生活里总是不缺乏欢乐却缺乏发现欢乐的心
橘,5,2012-05-22 23:31:42,,0,音乐很棒。
隐藏的歌,5,2012-05-23 08:29:47,,0,你敢说没有基情?
独莫凭栏,5,2012-05-23 13:20:06,,0,油然而生的感动，音乐丝丝入扣，几近完美的片子
地图,5,2012-05-23 02:52:23,,0,总有好电影把我留到很晚。晚安~
万里乌云,5,2012-05-23 01:07:56,,0,好基友，一辈子
乌龙茶在十字坡,5,2012-05-22 20:58:08,,1,我就是个浅薄的小观影者，对我来说它足够了。从开始笑到最后毫无尿点。过于理想化的温情跟略微的不切实际都不足以被诟病，人就是要靠点幻想才能更好地活着啊。我很享受那112分钟的治愈跟法国式的悠闲浪漫，没去成江东大桥也显得不遗憾了。TVT还有那么多美好的事情，为什么要不开心。
明子,NaN,2012-05-22 21:48:27,,1,始终觉得，一个人若真诚相待，必然会有好的结果....
-Ruiyi-,4,2012-05-23 14:55:08,,0,温暖的喜剧小品
从前...,4,2012-05-22 20:41:39,,0,喋喋不休and法式优雅的碰撞，有它的感动、有它的轻松...
大钱出家了,4,2012-05-22 22:57:56,,0,非常棒！！
北极熊绵绵冰,5,2012-05-22 22:44:19,,0,因为看之前对背景什么的完全没有一知半解，所以开头时还以为是个黑帮片啥的(๑´ㅂ`๑)电影里的幽默感真是张弛恰到好处，音乐配合得天衣无缝，既不煽情也不刻意滑稽。总而言之就是即使瘫痪也要当有钱的残疾人！！(ﾉ*>□<)ﾉ
Lessie W,5,2012-05-23 15:59:53,,0,为什么我明明不知道那些人名是谁还是觉得笑话好好笑。。。
Anyee,4,2012-05-22 23:49:01,,0,治愈系。
hang13,5,2012-05-22 22:24:18,,0,非常好看，强烈推荐~~被需要的感觉真好
Anki,4,2012-05-23 12:01:50,,1,根据真实故事改编，这样Friend的主仆关系真让人感动
Syane,5,2012-05-22 21:06:02,,1,一生中难得遇到知己和愿相交一生的朋友，而遇到了，就是一辈子的
要啥自行车,5,2012-05-23 01:21:24,,0,bgm
阳光下的麦田,5,2012-05-23 14:05:44,,0,温情的电影
[BLT]FQX,4,2012-05-22 23:44:32,,1,对于励志电影，我向来是不吝啬给高分的。
凉凉的小书桌,4,2012-05-23 12:41:30,,2,生活需要Driss这种幽默。时间久了，依赖也来了。对于菲利普，生活还得前进。其实还蛮佩服他，虽然他面对新爱情会紧张会自卑，但是他对生活一直是认真的。而上帝是不会亏待认真生活的人的。也许社工也需要学会这份认真这份幽默。
小乌龟,3,2012-05-23 14:36:38,,1,尼玛都要领救助金了还买魔声耳机。
momo,4,2012-05-22 21:33:09,,0,觉得这个电影很好玩……后面有些情节有点不懂@LIU-Brenda有空可以看看
愛花的Ms.Chen,5,2012-05-22 19:48:33,,0,很感人。
斗笔,NaN,2012-05-23 15:54:23,,0,人生就是不断尝试、、不断接触
paopao,5,2012-05-23 13:03:18,,0,啊我爱法国电影！！！
橙橙,4,2012-05-22 22:10:56,,0,我想我还是更喜欢情调多一点。。不过生活本来更多的就是平淡的幸福。真实的故事于是平淡却温馨的更感人。
风之为物,5,2012-05-22 23:56:37,,0,温情，幽默，有趣。。
你在乎过,5,2012-05-23 12:37:48,,0,很温情的一部电影，配乐很好听。
sosoc,5,2012-05-22 21:11:59,,0,对待折翼天使，是自然的关心对待，无须刻意。
秋风萧瑟,4,2012-05-22 21:33:49,,0,平淡中的感动。（另外音乐太棒了！）
翎ZI,4,2012-05-23 11:51:11,,1,可以拍的更好的
tree,4,2012-05-22 20:20:10,,0,其实不是悲伤的电影剧情有时候还挺有意思的不觉得单调看到最后德希斯把菲利普的笔友找来是哭了为他们的友情。。。也想有一个能为自己带来无穷快乐的人在身边陪着自己慢慢变老。。。。。
小楼,5,2012-05-22 23:03:35,,0,encounter
发条兔子,4,2012-05-22 22:57:54,,0,--赤果果地露富啊我也想做卡哇伊男仆...
zzzzz,4,2012-05-23 13:57:31,,0,和达斯汀霍夫曼好像额
小妖som,5,2012-05-22 21:03:35,,0,不知道怎么形容！觉得心里暖暖，菲利普他真正需要的不是同情和怜悯，他是知己！德希斯是个不错的知己懂他！德希斯那段舞跳得真棒！吵架棒的电影！忽然间迷上了法国电影
林milk,4,2012-05-23 00:09:40,,0,好多熟悉的配乐！！！！
Lelea,5,2012-05-23 13:36:28,,0,无关爱情的浪漫
吉雅.懒人,5,2012-05-23 16:27:57,,0,怜悯和同情有时只能催眠自己而已，他们并不需要。PS，笑话真是个好东西。
小马奔腾周同学,4,2012-05-23 16:31:11,,0,那个滑翔伞好棒啊！！
jacky,3,2012-05-22 22:10:24,,0,乐观人生
Espresso,NaN,2012-05-22 22:09:24,,0,黑人的嘴好大。。。
DK,5,2012-05-22 21:51:24,,1,君子之交，重于鸿毛，淡如水。
神射手,5,2012-05-23 14:38:46,,0,温馨的电影想去电影院再看一次
梦见,4,2012-05-23 11:20:48,,0,好搞笑啊好搞笑啊--
甦醒的天空,5,2012-05-22 21:28:38,,0,很温馨、很欢乐、很感人......
Peculiar,5,2012-05-23 03:33:03,,0,很有意思，没有煽情
仓鼠,NaN,2012-05-22 23:55:45,,0,音乐真的超级棒
五月醉晴天,4,2012-05-22 23:19:30,,0,要的是感情，不是同情。
裘笛,4,2012-04-16 22:37:28,,0,互相救贖了對方，兩個男主角的笑容都很棒
Anakin,5,2012-10-10 12:08:44,,0,音乐真棒，看到最后有些意犹未尽。很舒服的电影，故事有趣又会带些感动。两个完全不同世界的人，因为教育、知识、习惯等各种不同造成情节冲突及笑料；而彼此的影响和同化则是感动的部分。对于菲利普来说，有时需要的未必是小心翼翼的服侍，而是像对待普通人一样的无歧视对待。
宾克斯的美酒,5,2012-09-03 10:52:41,,0,也许没有阶级观念最纯粹的穷苦人比那些衣冠楚楚的假君子要值得信任。病人和动物，最能感知对方有没有善意，是不是单纯的心态。任何敌意，利用，不尊敬，都能被病人和动物敏感的感知。仔细想想，自省内心！
中国人多.,4,2012-09-03 21:51:50,,0,untouchable。
Gorilla,4,2012-09-02 20:10:13,,0,只有法国人会这么拍出剧本节奏这么松散的商业片
汝汝,4,2012-06-19 08:29:47,,0,难得的好片'配乐超好！
日光瀑布,2,2012-02-21 17:52:29,,6,天上掉馅饼的事感动不了我
摇滚玄奘,4,2012-07-24 14:01:13,,0,★★★★☆，类似于【遗愿清单】的剧情片，音乐很棒，故事和画面也还不错。
哒啦哒,5,2012-03-13 19:14:25,,0,特别的感人
一灯,3,2012-05-14 09:26:47,,1,无限矫情滥情伪情畸情基情小烂片
樊仁兢,5,2012-03-27 00:52:53,,2,一个人心灵的美好和他在世间犯下的罪行可以毫不相干。
咖喱老人,4,2012-10-12 18:37:57,,0,温情乐观幽默的电影，演员的表演真是恰到好处。第一次Driss出现在混混中的时候是全景，第二次出现在混混中是近景。说明他从混为一堆转变为了不同的个体，他在无形中被改变了。富豪和他身边的人也被改变了，不能说改变，应该是内心潜在的东西被激活了～有些笑点还是很陈旧的：一个底层人对上层的嘲讽…
觉,3,2012-09-20 01:26:51,,3,3.5
邹小樱,5,2012-04-28 10:37:34,,0,在三傻大闹宝莱坞之后，笑得最没心没肺的一部片。
低调的神经质,4,2012-06-17 06:32:00,,0,题材不错，有笑点，影片最后的音乐不错
脸蛋儿撕裂狼,4,2012-05-05 14:21:30,,0,我喜欢跳伞时的插曲
小易甫,4,2013-02-12 15:47:17,,3,第一次用手机看电影，好像好潮的。
央,5,2012-06-17 11:24:54,,0,基情无限==.......好感动.....
慕容白,4,2012-08-10 23:22:06,,0,娓娓道来的故事，轻幽默而温情
染血黑兔,5,2012-05-26 03:05:31,,0,“在哪能找到残疾人？在他们被遗弃的地方”
觐威,4,2012-08-11 16:38:04,,0,屌丝因为运气逆袭的故事被编导设置得真实生动。种族、教育、生活环境、世界观之间的差别将剧情推进，散文化风格明显。一起跳伞的那个场景很感动
琧婯,3,2012-03-20 00:46:45,,3,关键问题是戏剧冲突感不强另外辅线全都不突出剧情推进有点跳感觉白开水其他也还凑合耳朵很敏感的哈哈3.5星
🌻Natalie🌻,5,2023-03-05 22:25:49,广东,21,“我不需要他的同情心，他把电话拿给我，因为他时常忘记我不能动。我只要他身体强壮，不必在乎他的过去”，感动于这句话，最好的尊重便是无差别对待，这一段友谊关系里，金钱、肤色、社会地位、残疾与健康都被抛在了脑后。当然，成为至交，还因为Driss的幽默、“松弛感”、以及责任心。最后，Driss精心安排的约会，让菲利普跨越内心的障碍走进另一半，这让两人的友谊进一步升级。两大主人公都有软肋，也因为它，才走进双方触不可及的内心。
树,4,2012-07-23 07:49:31,,1,真实事件吗？两个人挺搞笑的。但是不是很感动，没那么夸张，不是催泪弹哪种类型的。
Sammy,3,2012-08-20 09:47:37,,3,每次没得夸的时候就只能说，配乐还不错哟，尤其中间跳伞那段muse的feelinggood
虾坨坨艺仔,4,2013-07-09 11:18:31,,5,音乐超级棒
浮生小狼,5,2012-03-07 08:57:05,,0,法国式的唯美与浪漫，真实的人物设定，搞笑的情节，精湛的演技，使这个故事娓娓道来毫不勉强造作。菲利普因意外而瘫痪的身体禁锢了他感知世界的途径，Dirss的到来给他展现了另一种世界观，并开始让他触摸一个原本再也无法触及的世界，而同时Driss也在他的影响下变得积极面对人生。
只有霸王,4,2012-04-12 12:54:24,,0,情节有些刻意。不过若是按照真实事件改变，倒也可以理解。最好的段落是黑人主角用大众知识戏谑解读古典乐的生日舞会。
kylegun,4,2012-04-09 14:13:54,,2,人与人之间如何寻求平等，这部片算是给出了一个较好的答案吧
黑椒牛柳意面,4,2023-09-12 14:48:46,湖北,4,电影画面能让人闻到秋冬的空气
forever,5,2012-08-12 16:39:03,,0,有时，定式之外的才有触不可及的惊喜，有些疲于奔波在理想的牢笼中却无法左右的无助，也有不可期却遇见的感动，缘分之美！绝对五星！
mr.tall,5,2012-02-20 04:07:56,,0,这都不及五分那就没有什么能及五分了。
七月,5,2012-06-04 01:29:42,,0,一切溫情，知己。<觸不可及>的精彩程度，已經讓我明知要早起，依舊不肯按住暫停鍵。有時，也許你給我的，是所有人都無法觸及到的。
搬砖少年,5,2012-02-25 13:16:55,,0,故事虽然老套，却还是精彩。男主角的魅力十足
luoshu,3,2012-05-26 03:54:27,,2,我相信是根据真实故事改编的，但还是觉得很多情节太造作了。演员表演还不错。后又补：这电影属于越琢磨越没味道的，所以决定把7分改成6分。
Kyno,5,2012-09-28 22:54:26,,2,有钱真好啊
王十万万万万万,3,2012-05-08 21:14:35,,0,配乐太赞！
却C,4,2012-08-13 01:58:08,,0,喜剧+剧情
冲浪小子Z,NaN,2012-12-02 15:18:59,,17,两个大男人，给予我的感动，更多。友情这东西比一切都可贵
Frankie,5,2012-09-03 06:16:58,,0,在飞机上看的轻松幽默
|,5,2013-03-05 00:30:59,,0,终于还是看了..
一碗小米饭,5,2012-02-16 11:37:30,,0,结尾笔友出来的时候，灵魂站起来了
我老了怎么办,4,2012-04-05 15:57:40,,0,嗯
蓝色徽章,5,2012-06-19 02:46:41,,0,生活多难，不如欢笑，人与人之间只有像这样相处才是最真实的吧，也只有真实的行动才是真正的尊重。另外不得不说，好棒的背景音乐~
真心,5,2012-05-26 00:08:12,,0,美好
EVANGELION,5,2012-03-22 00:28:34,,0,有趣的故事，穿插动听的音乐
saga,4,2012-10-14 23:49:45,,0,好在一句严肃的话都没有。。。
leon,5,2012-05-25 23:15:37,,0,温暖人心比什么都强
葵花卷,4,2012-03-10 11:28:02,,0,http://www.bilibili.tv/video/av223730/【黑人屌丝与残疾富豪的二三事，文艺片又被乃们这些弹幕党毁了
好多蟹,5,2012-06-17 20:47:33,,0,知音难觅。
kysun,5,2012-11-10 17:38:55,,0,那大哥的笑点跟我简直太一致了~
江边一只鸟,4,2013-01-01 20:45:07,,0,这么老的套路拍得算是相当好的，演出也很精彩，雀斑姐姐好诱人！
东邪西毒,4,2012-06-17 03:08:00,,0,虽然不太懂台词所想表达的幽默，但让人觉得男人之间其实有一种远比朋友多得多的感情
狂接舆,4,2012-08-06 17:03:05,,0,故事和09年的法国电影《枕边的男人》几乎一模一样，在商业化上本片明显要更成功一些。四星。
[已注销],5,2012-04-23 12:14:22,,0,后半段仓促了，有为了煽情而煽情的嫌疑。
innocent❤我们不离不弃,4,2012-09-03 15:59:32,,0,跟闻香识女人有点儿像，OST很棒！
Nobervem,4,2012-02-13 17:20:55,,0,法国男人很优雅嘛！只是有时候又会觉得优雅成了禁锢活力的规矩。
MegaMind,5,2012-04-24 23:27:49,,0,温情纪录片，只是为什么换成了个黑人演德希斯。这在法国，寓意很深啊！
梵唐九日,4,2012-05-25 17:35:28,,0,用一种相互理解的方式去看待周边，得到的就不只是理解了。
空思,3,2012-05-14 12:42:19,,1,对9.0的评分感到莫名其妙！
心动的灵魂,5,2012-06-15 17:33:12,,0,年龄、种族、阶层、地位、生活方式……所有的差异都融化在温暖真挚的友情里……你可以尽情放松你的眼泪，也可随意挥洒你的欢笑很难找到一个不推荐它的理由，很遗憾上映这么久之后才看到……
桃花岛傻姑,3,2012-04-20 20:13:28,,2,演员和配乐是华章，可惜故事却让我感动无力，好吧，我真是心肠越来越凉了~
Y,3,2012-12-23 20:12:10,,1,完全没get到点....所以就是说白富老是个抖m吗=_=
senna,5,2012-04-14 20:28:06,,0,一部从头到脚散发着正能量的影片，每一个毛孔都呼吸着生命的乐趣。
火娃,4,2013-08-06 12:53:45,,4,8.0/10。今年看过最欢乐的温情片，把黑百配两人的直率、风趣、优雅、自信一展无余，画画那部分讽刺艺术了，橙发女助手是同性恋那段笑死了。。。好吧，虽然有点俗但这电影实在有太多情节值得留意，关键是配乐还那么妙！
loulou,4,2012-09-15 18:04:19,,0,we'requaltoeachotherthoughwe'salwaysdifferent.
fay419,5,2012-08-12 22:26:00,,0,现在好爱法国片了怎么办.......LudovicoEinaudi的配乐简直神一般......！！！！Q口Q
kindsos,5,2012-04-10 08:54:17,,0,片子拍的真暖。。。
苑小何,5,2012-08-12 18:50:11,,0,若主角是一男一女呢，那就是从头看到尾的烂俗大言情，可主角竟然是个半老头子再加个黑人，但是还是不得不说这两个是soulmate~
做一件事很难吗,4,2018-03-29 17:11:54,,5,这部电影看了感触很多生活不如意我们会抱怨可是我们都好好活着健康的生活比那些在生死边缘挣扎的人要好太多我们还有什么好抱怨的一样的生活我们为什么不加把劲
王神爱,4,2012-03-25 03:17:26,,0,法国式的渐入佳境
G-Class,4,2012-04-21 22:42:02,,1,这片告诉我们，高帅富即使残了，照样还是活得很精彩，吊丝们就羡慕去吧！
可不可以不淡定,5,2012-09-03 20:16:30,,0,一直对法国电影有偏见，直到看到这部。看着笑不可遏中却又时刻让人感到温情。文艺片看多的时候，太需要这部片子来重新拾起一种无法言语的温暖了...
陶子冬,5,2012-02-15 17:18:44,,0,法国黑马已下。黑马就是黑马，温馨，有趣。如果不是根据真实事件改编，还真以为像复仇一样，月收入不上亿都不好意思看。法国今年最好看电影，推荐！原来耳朵有秘密？2012年2月15日
将军不下马,5,2012-08-12 15:52:25,,0,好电影让你感动，感觉不到时间的流逝
莱尼圆,4,2012-06-24 13:27:25,,1,两个完全不同的世界的碰撞，竟造成彼此的人生改变。善良与尊重，温馨而舒适，钢琴配乐动人，滑翔伞镜头美。电影以真实事件为蓝本，将人物原型由阿尔及利亚人改成了塞内加尔黑人，更加凸显了人物关系的对比张力，容易引起移民大潮冲击中的欧洲人民的共鸣。导演在简单的故事中注入了社会思考，两个完全不同的人可以和谐共处，拥有自由独立的人格，而并非谁依附于谁，触不可及也可以触手可及
shu,3,2014-11-03 23:21:52,,5,感人在哪儿啊啊啊啊啊。。
妮妮风暴烈酒,5,2012-09-10 02:29:48,,0,名字很怪的音乐家
JasValentin,5,2011-11-20 05:39:14,,3,在电影院看的第一部片子，典型的法国幽默配以温情的故事流淌出的就是一杯佳酿，时光荏苒，你一直在。P.S.电影的配乐真心赞。
锡罐头,5,2012-07-21 19:02:51,,1,让我想到了07年的《人生访客》，但是更加诙谐、桥段的设置更讨巧，尤其是菲利普的演员从耳朵到嘴角都是戏。苦寻意义不如及时行乐。
鹿简,5,2012-05-25 19:49:11,,0,很好看~有笑点有泪点。BGM也很美~~~
花溪流萤,4,2012-10-25 14:37:11,,0,过誉
Mang＊,NaN,2012-07-24 21:05:51,,0,朋友是巧妙的碰撞~
帯刀耀一郎,5,2012-06-19 20:32:10,,0,台词精湛，耐人寻味，听古典音乐那里笑死了。刻板的陪护知识不如一份自然天成的友谊，人对身体残疾者最大的鼓舞是不附加虚情假意地从内心认定他的健全。叙事功力深厚，避免了各种惯常的矫情，堪称经典之作。
笨锅,5,2012-05-05 14:16:37,,1,我不得不佩服法国人，什么都不需要，只要“感觉”二字足矣，这样的电影似乎也只有法国人才能拍得出来。
老六,4,2012-04-10 08:51:59,,0,Fuzz&Buzz
美神经,5,2017-06-14 23:22:32,,5,也许在人生的下一个拐角，你就能遇见他
岛上的夏奈,3,2012-06-20 21:03:53,,5,是一煲老火汤，可惜料子不够靓。
Lucky的粑粑,3,2012-06-19 11:28:53,,2,私人护理和主人公有巨大的差别，主人公有着优越的物质条件，私人护理却生活窘迫，人和人是有差别的，电影一直看下来，找不到平衡点，或者并不需要平衡点。可能是我看不懂吧
恍惚,5,2012-06-19 08:54:59,,0,很温情的片子
璇胖纸灭蚊子,4,2012-06-19 09:24:18,,1,两个完全不同世界的人生活在一起让对方看到了不一样的世界生活有时候需要改变没什么不好的
七色潜水艇,4,2012-03-10 14:19:41,,1,真挚动人、温情满载的法式纯友情喜剧。不妩媚，不做作，不刻意煽情，有笑有泪，加上那轻轻柔柔的音乐，让人看得十分舒服。
周鱼,5,2012-02-29 16:21:17,,0,年度温情佳作值得珍藏
皮皮敦敦,5,2012-02-20 19:24:52,,7,细腻温情..配乐赞...
Tiramisu,5,2012-06-17 21:19:27,,0,真温暖
沙拉酱波娃,3,2012-03-21 13:31:49,,1,电影时间太短了，很多深层次的东西不够挖掘。
听风,4,2012-08-16 17:16:18,,0,这表演，这音乐，这台词，真不信真实故事能这么出彩。自信的家伙就是好啊~
forfaen,5,2012-06-02 17:38:03,,0,conflictmakeslifebeautiful，能给来一个Driss吗？理想型啊！
影子的影子,4,2012-04-15 11:07:42,,0,欢乐和温情并存，两个看似风马牛不相及的人最终产生深厚的友情，这样的故事很常见，这片子胜在不煽情很平易近人。音乐很加分，但中间有几处穿帮让我这个吹毛求疵的人有点不爽。最感动我的还是片尾真人的出场。
cocomars,5,2012-07-18 17:24:33,,0,白帅富最后是不是离不开黑高挫了？在一起！在一起！
Singin'in rain,5,2012-02-19 10:40:39,,0,一部纯粹的，真心好看的电影，藏在欢笑背后的是恰到好处的感动，各方面尤其是台词十分精致，影片本身四星，ost加一星。。。还有黑人小伙总让我想到巴洛特利。。。
黯黠,5,2013-01-27 23:12:51,,0,確實好看哪~何況還是basedonatruestory..果然戯如人生人生如戯吖!!
Crusade,4,2012-06-26 01:04:01,,0,法式温情喜剧，从容，淡定，感动。
海猫里希,5,2012-05-26 00:24:46,,1,居然是个真实的事情，这样真是温暖，真是美好。。。
花岛仙藏,5,2018-12-23 10:59:19,,1,2016-09-25想看。有关守护彼此尊严的温情故事。
薇羅尼卡,5,2012-03-31 10:23:54,,4,动人，就这两个字足矣。
Granite_花花,5,2012-03-26 22:54:09,,1,两个世界的人互相影响建立起深厚的情感，这样俗套的故事却仍然拍的如此动人。欢笑与感动，在于导演对影片节奏的把握和两位演员精湛的表演。配乐太赞了，加一星~
饮歌,5,2012-04-24 14:32:36,,1,这部电影有着一种让人难以言表的感动和发自心底的震撼，在绝佳的钢琴配乐里，我们实在找不出什么理由去认为会有人会拒绝这部电影，拒绝从这部电影的每一个细节里渗透出的感染力！
Vini_Kazma,4,2012-02-17 23:44:04,,1,四星半。开场开的好，倒叙。
SWX,1,2016-06-16 15:08:44,,7,以后再也不看这种感人的法国电影了。
树里啦,5,2012-05-17 20:49:47,,0,哈哈哈。咦是不是很久没看过这么有爱的法国片了?
明，以食为天,4,2012-02-15 02:00:21,,0,“他常常无意识的把电话递给我叫我自己接听，这意味着什么？他从不把我当做无行动能力的人，我了解到他不会同情我，这正是我想要的。”
DDDDDD_DD,5,2012-08-12 13:04:12,,0,看着很轻松，很舒服，又感人又幽默，是我想要的一部电影。有法国电影的特色，值得一看。
Lycidas,5,2012-11-12 23:24:24,,4,他们彼此知道，对方是人生中最好的际遇，就够了。生活真的太戏剧，太美好。配乐极赞。知道这是个happyending却还是忍不住哭了最后的半个小时。片尾真人出现的时候真是哭惨了。
莫非,5,2012-09-03 22:41:48,,0,feelingsogood
hitlike,4,2012-02-23 21:34:45,,0,“改编”二字在这片里蕴藏的力量更大些
一起吃地瓜,5,2018-08-22 14:44:32,,5,很浪漫很感动，无关地位财富做一对灵魂伴侣挺好的。音乐也非常好听。
小耶酥,4,2012-02-25 00:56:15,,0,菲利普过生日，黑人老兄跳舞那段挺温暖的。
iceman,5,2013-01-30 15:20:35,,0,法国电影里继《天使爱美丽》之后认为伟大的一部作品！！！
黑不溜啾,4,2012-09-03 23:31:21,,0,结尾的配乐太催泪
叶落尽,5,2012-05-21 13:28:09,,0,还没看完，但绝对不影响我的打分
serenity never,5,2012-09-03 20:24:26,,0,童話。的確，大半幸福的童話都少不了財富的支持。//法國人似乎特篤信『仗义每多屠狗辈』（moiaussi），這信條本身就夠童話。//本片論證了為何高富帥中「高」列首位——那黑人（192cm）每件行頭單看都疑似撿來的，但穿他身上就挺順眼。
凋秋,4,2012-08-16 22:54:56,,0,电影看着舒服，但总感觉有点欠缺......呃...但真的是遇上了个好老板
歪歪,4,2012-12-18 19:37:46,,0,男主角一个像麦迪，一个像达斯丁霍夫曼~
如果茶知道,5,2012-09-23 22:13:57,,0,"一切都太棒了！融入了真挚情感的一个个小细节，轻易地让人感受着剧中的欢乐、信任、温暖与爱。那声""Bonjour，Philippe""，我的眼泪瞬间喷薄而出。。。"
熊小瓦,5,2012-03-03 23:04:49,,0,情节、幽默、人物、关怀、音乐......各种恰到好处，不装B的说，着才是好看又有品质的商业喜剧，中国电影，触不可及！
沁云,4,2013-07-06 09:35:44,,5,优秀的法国商业片。闪光点不在故事本身。温情而不煽情，触及移民、种族、阶级等社会问题，画面干净、剪辑流畅，还有恰到好处的幽默感，演员也很棒。
笑口常开,3,2012-03-27 14:12:03,,1,“还能比12km/h更快么？”　　“不能。”　　“那好吧”
大旗,5,2012-11-13 21:09:10,,0,憐憫只是表面，表面功夫最讓人厭。
叉叉小箭猪,4,2012-09-15 17:43:06,,0,老黑演得地道，现代版的DrivingMissDaisy么？不过，为啥我看的是德语版的...
zitsunari,4,2012-02-19 17:49:07,,0,是真爱啊
我真不是大雁,5,2012-10-15 11:31:55,,1,有些电影一看片头就知道质量咋样。
Lilia,5,2012-08-12 21:13:49,,0,沒有同情，無需悲憫，面對人生的悲劇，唯有真實的看見與自嘲，才能尋回生而為人的尊嚴。拍得真好！
August,NaN,2012-08-12 22:41:58,,0,有些事需要有人带你去做，打破心里与身体的禁锢。
搞毛,4,2012-08-12 09:08:29,,1,看完很温暖但也没有想象中那么感动
Miss sunshine,5,2012-08-12 15:42:22,,0,很温暖又让人会心一笑的好电影。某些人就像阳光一样照进生命，无法代替。
Enoch,5,2012-08-12 10:50:21,,0,音乐从一开始就吸引着我！
燕来,5,2012-08-13 00:40:16,,0,很美好。
游戏人生,5,2012-08-12 12:31:07,,1,一部充满着温馨气氛的影片，故事平淡但不会主动放弃观看，它的气氛让心灵乖乖就范，值得学习。
拾月_,5,2012-08-12 20:25:25,,0,最后，故事原本的人物出现在荧幕上。。。童话一瞬间变成了真实
Lil'How,5,2012-08-12 03:22:17,,0,最后一刻真看哭了！音乐真棒！
D大怪,NaN,2012-08-12 17:13:32,,0,太多太多需要去培养，，，时间一长“情”难了，，，，，
ansengn,5,2012-08-12 17:01:56,,0,看完了只好看看大家的评语都很好
Krystal,5,2012-08-12 13:52:56,,0,一首曲子，一段文字，一部好电影，那些共鸣都像是梦里的久别重逢
杨杨Caroline,5,2012-08-12 22:25:06,,0,好电影，温情脉脉！！！
白玉蟾,5,2012-08-12 12:14:38,,0,感动
咸,5,2012-08-12 12:43:36,,0,什么样的人，什么样的事，公平与否看角度。
gougou52410,5,2012-08-12 09:38:35,,0,温馨幽默
yemila,5,2012-08-12 20:48:03,,0,粗犷的外表，细腻的情怀！
朗立,5,2012-08-12 22:59:34,,0,超喜欢
懂?,NaN,2012-08-12 11:00:30,,0,温情
子拉的假发,5,2012-08-12 22:34:53,,1,和一个乐观和有活力的人在一起的确能改变自己，让自己的生活也阳光许多。
女有馀布,4,2012-08-12 20:43:08,,1,影片没有特别震撼和扣人心弦的剧情，但是很简单，很快乐，很温暖，朋友之间就是这样，得此一人，终身无憾。
freestylelees,NaN,2012-08-12 21:46:01,,0,很喜欢，很温情的感觉。
maiqing,4,2012-09-22 10:20:57,,0,@九分女可以看看这个
乔伊桶,5,2012-06-17 14:40:44,,0,幽默感人
未分级,4,2012-06-04 09:54:25,,0,可爱、温情、舒服、自由
Gin~,5,2012-06-17 13:47:27,,0,语言过于不通和文化差异使我相信里面有很多微妙有趣的小段没有看懂，但这并不妨碍俺欣赏这个电影。能把高位截瘫+护理工作拍成喜剧片着实不易，况且它（至少在我眼中）还成功了！笑点很生活却不是哗众取宠，感动亦不至于高尚得让人厌恶；配乐很赞~（推荐@Winters_Coming），期待国内上映！
Prank Ocean,4,2012-04-06 21:33:23,,1,所谓soulmate，并不一定是狭义的兴趣爱好品位相同。这也是为什么有时二次元相聊甚欢再深入了解发现对方并不如想象中合适的原因。如果单凭一个人看什么电影听什么音乐就能定义此人性格品德的话，豆瓣上就没有人渣了。拨开云雾看本质的话，三观投缘才是最重要的。
瓢把子,5,2012-06-17 11:48:44,,0,很欢乐很喜欢
卡卡卡卡卡卡卡,5,2017-02-28 19:13:07,,5,平等的友谊。谢谢喜欢的人给我安利
汪金卫,4,2013-02-17 16:59:51,,5,温情治愈系。其实挺俗套挺主旋律，但演得好，拍的好。温暖不做作，还不沉闷，还有笑点。很多地方我真是忍不住哈哈大笑了（元首中枪那段简直是神来之笔啊哈哈哈）。确实是个不错的影片。但IMDB8.6/豆瓣9.0的分还是虚高太多了。IMDB8.0/豆瓣8.5足矣
Adam,5,2011-12-10 05:41:30,,3,很久没这样笑过了看完起身看到后排的个别女性已经哭了。。。
惘然,4,2017-02-19 23:50:27,,4,讲述了友谊的难能可贵。
warMe.,5,2012-06-17 23:00:47,,0,暖。
福 禄 夀,4,2012-03-28 13:48:14,,0,该怎么说呢，稍显做作了
邈邈,4,2012-11-27 17:45:21,,0,有胆识才是正经事。三星半。
杨大志°,4,2017-04-19 23:29:53,,4,满满温情的高雅喜剧
误机大王阿雷,5,2012-02-28 21:52:37,,0,最好看的法国喜剧
gy1115,3,2012-04-07 07:30:28,,1,!!严重骗分
AKA小谁,5,2012-03-29 23:41:14,,0,好温馨的小电影，Driss真是最佳损友~
Cao,NaN,2012-03-01 09:06:56,,0,阳春白雪的无能佬对下里巴人的黑种马....
麦兜,3,2012-03-15 00:32:29,,0,故事如此简单，像一则温馨动人的小品。
诺顿家的花儿,5,2012-02-26 00:50:03,,5,是古典与通俗的和谐，也是一见如故的默契。自然的笑与泪酿就了两个男人的心灵鸡汤。音乐非常非常棒。
一夜暴富找乐子,5,2012-03-02 03:51:36,,0,就，还蛮感人的啊
誉欣,5,2012-05-26 01:54:53,,0,看懂两种灵魂，坚定的友谊，感人。
音五六//  Jee Zark,5,2012-09-15 21:10:40,,0,本片是我这半年最爱的一部虽然两个月前看的了但现在想到本片印象还是那么深刻看似不相干的两个人因为意外却走到一起两个人都在这奇妙的友谊中渐渐找到了自己生活原本还可以这样
Andrea1949,3,2012-04-09 09:46:21,,0,因为他没有同情心
哈斯,5,2012-03-13 18:49:25,,0,挺有意思
白老师,4,2016-10-25 09:55:45,,5,终于看了。。。有钱真好
安狄,5,2012-11-27 00:30:01,,0,所处的社会已经让我疑惑成年的世界是否还存在真友情，但还好我们有电影。贫富、地位、文化、喜好所有的差异都不是触不可及的鸿沟，只要不妄自菲薄，不把怜悯当做尊重，不把俯首帖耳当处事的准绳，友情只需要平等交流。
*简单*,5,2012-05-25 21:02:37,,0,其实，应该算是一部轻喜剧。两个完全生活在不同世界的人通过【无同情】的陪护让彼此能在平等的前提上相互欣赏。整个片子中没有做作的表情达意，但处处都透露着实实在在的温情，很感人。当然，必须赞一下音乐部分，实在是太出彩了~！！！
9,5,2012-03-18 14:03:12,,0,感动死我了心痛死了真高兴这结局
21,5,2013-01-22 20:17:16,,0,这是第二次看，评分也从3星升到5星，或者第一次根本就不算看，是部能让人从头至尾微笑着看完的电影，Driss很有活力，仿佛看到以前自己身上也曾有过的活力，其实每个人的身边都希望拥有一个富有幽默感的出头鸟，将你不愿意做，难为情去做的事他帮你做完，看完立刻就去找电影原声了。想要魔声耳机
shelley,4,2012-05-09 05:00:28,,0,大叔笑起来好腼腆好可爱～
SUN,4,2012-03-10 20:24:46,,0,根据真实故事改编的轻松有趣的温情喜剧，不过其实9.1分是不是有点太高了啊？
Robert,4,2012-06-17 23:35:01,,0,挑剔了一下
悲伤荷包蛋,5,2022-08-26 09:26:56,湖南,10,9分，音乐好好听，很治愈的一部电影，“艺术是人们来到这世界后所留下的唯一痕迹。”
超神的我妻由乃,5,2017-04-05 13:25:32,,4,尊重比同情更让人有感触友谊的建立一方面来自性格一方面就是相互的尊重两个主角虽然财富境况天壤地别但仍能在生命的最后时刻彼此扶持这也是友谊存在的意义
丁一,NaN,2012-04-03 13:01:04,,2,潜水钟与安达鲁狗
蔡鸟,3,2012-06-13 16:27:20,,1,挺有意思的。法国人对高位截瘫的热爱可以和韩国人对白血病的热爱相媲美。
走马,4,2012-08-18 22:41:43,,0,关于如何对待残疾人的问题上，应该是个个例，大概很少有人可以如此坦然地正视自己的残疾，幽默感是很重要的。
男二号,3,2012-02-29 13:10:48,,1,也许是我期望太高，也许是风格不对我口味，电影感觉Justsoso
Fan要坚强,5,2012-02-29 21:01:40,,0,没有被浪费的点。
away,5,2012-02-22 23:57:04,,0,五星.感动于黑人的乐观态度.whatever
Gacgle,4,2012-12-12 02:29:44,,0,生活在不同世界的两人，不一定就相处不来，有时生活上的互补反而更加有趣。
可乐杨,5,2013-04-05 00:46:40,,1,赞！
我不认识你,5,2012-11-03 18:18:50,,0,"“贫民窟出来的人都没有同情心”--""我就是不需要同情心，因为他没有怜悯""比肖申克的救赎好，因为更合时代，现在的人看这个最好最好"
勵帝或,3,2012-12-27 23:04:06,,1,类似《生命的舞动》，同是残障人士的励志故事，不同的是它从照顾者为切入，阶层，贫富；故事一般，生气仍不足，“同情心”其实是一种很怪的情感，可能会是爱心，也可能会是侮辱；“真正的残疾不是我坐在轮椅上，而是从失去她开始”；菲利普愿意找的是朋友，不是穿着白大褂天天喂药，为他担心受怕的看护
CeciQingCai,5,2012-06-17 19:59:51,,0,很感人虽然是讲友谊的不过总是好想他俩在一起啊！！！
Mars panda,5,2012-05-03 00:47:46,,0,没有滴哩秃噜的法语，没有刻意煽情，没有落入俗套
盼达盼达,4,2012-06-17 15:55:31,,0,很多好玩的搞笑的地方呐，比那些“喜剧”好多了~恩，“得缘今生遇见你”呐！
泡子糕,3,2012-06-20 00:17:18,,0,爱情不过是生活的屁，基友才是人生的high
ThisisMyCity,5,2012-05-25 19:41:16,,0,湿嗒嗒一片感动
AE86,5,2012-04-06 01:26:21,,0,欧洲人拍片不像美国佬那么重形式他们片子总是显那么自然而真实不刻意传道又笑料百出不故作深沉又彰显睿智轻松惬意又意味深长它不是那种让人顶礼膜拜的神作但却是能让所有人都印象深刻的佳作。。。
pride .c,5,2012-09-15 02:29:32,,0,世界上总有个人会为你制造惊喜或改变你的人生总会有人
Seamoon,5,2013-01-19 17:36:19,,0,其中第二个开车堵门的人用的手机和我的一样。法国的电影稍微拍一拍风光，就立刻为影片加分。土地所有权能改善我们生活的世界。
高压电,3,2012-05-17 16:58:55,,1,温情幽默的阶级互相改造个例
方舟同学,5,2012-06-27 01:49:07,,0,友情玩认真起来比爱情还他妈的让人刻骨铭心。
徐黑羊,5,2012-05-25 20:16:14,,0,没什么好说的，就是很棒。不会让你的情绪大起大落，但就能让人去感受，去思考很多
Yes张嘉乐，三月是春光明媚的,4,2012-03-27 09:39:37,,0,很温情，各种搞笑的桥段，飞利浦是真的爱上德希斯了！真的！
青黛,4,2013-04-28 09:57:47,,0,友情，没有阶级之分。
乌斯怀亚,5,2012-05-25 15:39:25,,0,很赞。音乐也不错。
飞林沙,4,2013-01-10 00:21:35,,2,一段美好感情的结束往往是因为两段同性爱情的插入...
绿光,4,2012-09-03 12:39:24,,0,老男人玩小清新。。。
LMFDean9,4,2012-09-10 00:17:16,,0,好的商業文藝片可以不煽情，不勉強催淚。對，這是一部商業片。
王脱盐,5,2012-02-19 23:54:36,,0,虽然有bug，但是却还是被深深感动，男人之间的友情从一起按摩耳朵开始。
大浦洞二号,5,2013-01-20 09:42:16,,0,心灵片，又不失幽默。
Reloaded,5,2012-08-13 00:34:33,,0,五星半的片子，有笑点也有泪点，两个活在完全不同世界里的人，偶然相遇并彼此融入，德瑞斯以乐观开朗的性格给菲利普的世界带来了绚丽色彩，同时也在对菲利普的细致入微的照顾中找到了自己人生的价值。让我想起卡萨布兰卡里的那句，“我想这会是一段伟大友谊的开始”。
lara,5,2012-04-21 20:09:03,,0,法国的温情小品让人看一遍又一遍！！
喻鸣,4,2017-03-23 21:02:59,,5,剧作非常工整，人物性格、现状、困境在前几场戏中得到高效展现。立于真人真事基础在男主选角上大胆启用黑人，在年龄、阶级、财富、性格、爱好等悬殊对比上深化黑白差异，使这对互助关系几乎弥合了所有鸿沟。尊重，才是友谊的开始，而非同情。20180914资料馆重温，菲利普交流场。
starryblood,5,2012-09-03 04:15:25,,0,这是一首Phellip和Dress的私人小诗，犹如一片银色的沼泽，闪着光亮，触不可及。
柚子的柚,5,2012-06-19 21:45:57,,0,朋友推荐的电影，一开始没抱什么希望！~看完之后发现，我竟然看到了最后，连片尾曲都听完！~很喜欢~
东呆,5,2012-07-13 09:22:44,,0,尊重真诚。看这种片子可以不落泪，因为随着笑也是感动。看后鼓掌。
饿霸地煮,5,2012-03-10 16:27:21,,0,@欢斗士星矢看这个
晚风随蔚,5,2012-05-25 23:50:39,,0,整部电影的前90分钟让人忍不住开怀大笑，最后5分钟的感觉难以述说，温情、感动？特别喜欢这种风格！互相治愈。就我看过的几部法国电影，拍摄的角度都令我欣赏，在轻松欢快的过程中领悟深意。
Sean,5,2012-08-26 16:45:32,,0,温暖得就像冬日的阳光，美好得就像雨后的日出
奋意|呆萌の国,5,2012-03-09 23:48:28,,0,哈哈，伟大的友谊。。。让灰暗的人生充满阳光。。。
你是我的眼屎,5,2012-12-07 02:30:38,,0,我感觉我以前看的所有喜剧片都弱爆了。
陈蓓蓓_uku懒懒,5,2012-11-11 02:31:05,,0,两种人生一种交集：真性情！电影音乐也许是因为电影本身已经赋予了它足够的内容，所以往往更容易让人流连回味，比如这里面的钢琴曲。整部片子开怀中感动至极。
西直门外137#,5,2012-04-14 21:38:17,,0,每个人都值得幸福...命运嘲笑我们的时候，就比它更大声的笑回去。
左眼看电影,4,2012-03-27 20:43:52,,0,温情简单的电影，音乐超棒
AVIS火花,5,2012-06-17 21:10:26,,0,境界很高~人情很美妙！~~
桃子,3,2012-05-01 19:10:42,,0,有人曾经挑战过自己足够了，我想，我再没有耐心和一个嘲笑我喜好和生活方式的人在一起那么久的时间了。看片的过程中，一直替菲利普烦得慌。///另，特别理解给《老男孩》、《三个白痴》、《不可触及》这种片子五星的人。
扣子,5,2012-06-03 00:12:48,,0,OST太好听~
茕茕白兔,4,2012-04-08 09:31:53,,0,法国版遗愿清单
一只麦麦,4,2012-02-21 21:48:33,,1,以温馨幽默的治愈功能缔造出票房口碑双重神话，法国用小成本玩起好莱坞式文本毫无压力
拆,3,2012-10-02 17:21:31,,1,白水
陳冬dong同學,5,2012-03-30 18:27:36,,0,超喜欢。。。
麦,3,2012-04-14 22:59:46,,0,谁能告诉我泪点在哪么我泪点这么低的人都没有泪到ps:Philippe是怎么生孩子的？
siji小猪头moli,4,2012-02-28 09:19:57,,0,典型法国高雅喜剧，温馨感人，黑人穿西服跳舞的样子帅呆了
心灵贩子,5,2012-04-28 00:35:43,,0,好电影！！！
尼克,5,2012-07-19 20:45:14,,0,片尾处直接飚泪。今年看过最好的电影。没有之一。原声音乐大赞。
Patrick峰峰,5,2012-10-28 22:54:12,,0,很好看很好看很好看，不知道为啥看的时候老想到黑人兄弟....虽然他是马拉维来的....电影OST很好听，已经收藏。片中最后一个镜头很有感觉
微风拂面微微凉,4,2012-06-27 13:10:03,,0,心灵的契合可以超越种族、文化和阶层。温情又有趣的故事。
梅林,5,2013-09-16 21:28:47,,0,地道的法国人文情怀影片。
豆瓣。酱,4,2012-09-05 23:48:46,,0,好看是挺好看，没觉得值9分啊。。。
SerenaX,5,2012-06-17 20:38:31,,0,感染力一流
武侠小王子,4,2018-03-25 13:53:40,,1,黑人在法国可真吃香，一发火白人大气都不敢喘一声？？
古正中,4,2012-03-19 01:20:01,,0,假若是我，我猜我也很难去选择一个这样的帮佣，太不符合世道逻辑了。但是，假若我的骨子里透着的都是不羁的性格，我想，奇妙的组合就诞生了。所以，找个懂你的人，很难得。当一切事物都必须他妈的按照一般规律来做，这生活多没意思。
