user_name,star,comment_time,geo_ip,vote,short
malingcat,5,2010-10-30 00:12:19,,9972,八公的主人，也在天堂的门口等了它很久吧。
汪拾叁,5,2010-02-06 20:02:14,,7930,这真是漫长的一生啊，八公。
shu,5,2010-02-14 23:07:02,,6673,Hachi就是爱一个人过一生了。
倪娜,4,2010-02-06 19:55:52,,7962,被狗狗的一往情深击倒，和老公两个哭得稀里哗啦。今天抱着家里的狗亲了一天。
farmyra,5,2010-02-05 14:36:08,,5217,动物是我的死穴...从头哭到尾..
神迦乐小舞,5,2010-02-06 13:48:18,,4441,这是我所看过的关于狗狗电影最感人的一部，我想它的成功之处就在于将重点正确放至在了对Hachi内心的刻画上，而没有像其他一些影片文不对题，偏偏喜欢渲染一些多余人物的情感，很显然，主题对了，观影者自然而然会买单。
影志,5,2010-02-10 23:56:48,,4011,“永远都不能忘记你所爱的人”狗尚如此，人何以堪？5星给动情的真实故事。
Y,5,2010-02-17 02:49:17,,3870,“等有一天它会给你捡球的时候，一定有什么特殊的理由”八公用这种方式来告别了他的主人....
玉米鸡蛋小笼包,5,2010-02-06 00:11:23,,2972,纸巾抽到还剩最后一张
战国客,3,2010-02-28 00:51:04,,798,感动你们的是电影，还是故事本身？
浑浊儿,4,2010-02-09 17:36:57,,3913,你要养狗，就不能当它是guest，十年可是一只狗的一辈子
Kelly光。,5,2010-02-07 01:55:37,,2942,哭死啦...想去涉谷看看那尊雕像...bytheway，那个帅老头我好喜欢...!!!
塔塔,5,2010-02-21 10:51:04,,2913,这次不是拉布拉多，不是金毛，是默默无闻的秋田犬~在电影的最后部分我哭的稀里哗啦，意气风发的八公老了，脏了，以前不怎么喜欢他的女主人抱着它感动的流泪，大雪纷飞的夜里因为有火车来了八公又在等，似乎是回光返照般的看见男主人一如从前那样从火车站里走出来张开双臂要拥抱他~其实狗狗什么都知道
饭岛蜗牛,5,2010-02-06 02:15:48,,1000,....明早眼睛又肿了
大头绿豆,3,2011-08-12 16:00:59,,309,散乱不堪，俗不可耐。如果没有那只秋田犬的表演，根本是浪费时间；即使有了它的表演，也还是浪费时间。
chaaaaad。,5,2010-02-23 16:57:18,,468,狗比人更有情意。我们若是怀念一个人，也许只有短短一段时间。
゛婷滞吥偂﹏,5,2010-02-07 14:22:56,,420,任泪纵横。。。
bekey,5,2018-01-23 18:11:42,,478,手法细腻独到，却又慢慢渗入人的情感，感动、悲痛、泪流，直至成伤。这个世上最厉害的武器，从不是伤害，而是温暖，你的心都掏空了。而我们又甘之如饴，我们终究是孤独的个体，需要爱和暖。
ZWW,5,2017-09-10 22:45:31,,130,热泪盈眶
接十分钟的吻,5,2018-01-20 03:31:49,,205,还记得全班一起哭的震撼画面，等待教授对八公来说是一种幸福
城南草木生,4,2010-03-31 23:12:47,,1882,你和我在一起两年，你走之后，我剩下的人生都留给你了。。。
Jiong,4,2010-02-21 06:06:59,,1402,所以说，与人打交道越多，就会越喜欢狗
愿赌服输,5,2018-02-06 10:22:31,,374,在狗狗的世界里，认定了你，就是一生一世，泪目。
滚滚的麻麻,5,2017-08-15 00:30:45,,128,看的时候哭成狗，心痛的不行。
橘生淮北,5,2018-01-04 09:11:04,,296,hachi的后半生都在等待，暴风哭泣。
待城,5,2017-01-02 14:15:48,,185,生与死的距离，对于一条狗来说，它无法参透，它只相信，他的主人会回来。它的生命如一注流水，一点一点在车站的青石台上年复一年地流逝。作为一只狗，它有它的原则，不离不弃，不论生老病死。它卧在那里，十年，透彻成一种风景。死生契阔，与子成说。
梦询,5,2018-01-11 15:36:39,,75,感人致深，哭死我了。值得回味，发人深省。
👹天神的审判,5,2018-03-04 11:29:15,,88,看完后觉得狗狗演技好棒！这狗狗太通人性了，和主人的感情太好了！哪怕后来主人去世后它每天都要去车站等主人接主人而且是不管刮风下雪，真的很让人感动，看完这片子后我都想养只狗狗了
Mr.lonely,4,2010-02-07 12:34:13,,1134,催泪大片，排毒良品，超憨的秋田犬，还有久违的理查基尔兄
雨果,5,2016-12-23 19:06:33,,222,秋田犬不会像其他犬种一般讨好邀宠于主人，自古便作为人类伙伴与同盟者的它们，自信高傲，绝不委屈自己。小小的八公在火车站遇上教授帕克，这就是天授的缘分，他们是朋友也是家人，注定一辈子不离不弃，相扶相守（最后八公在车站门口想着教授慢慢死去的情景太感人了）。
同志亦凡人中文站,4,2015-05-01 03:55:30,,615,看完只有轻飘飘的感动，故事性还是太弱了些。人类真无耻，主演表排第一位的为什么不是八公？！
赫恩曼尼,5,2014-11-23 09:59:10,,106,存了好久的片子终于鼓足勇气看完。最怕这种嘲讽，人在无尽的生命里早早学会遗忘，狗短暂的一生只懂得一个道理——终始如一。
范困,4,2010-02-17 13:48:27,,860,想起回家的出租车上的广播，一对老夫妇丢失了狗狗寝食难安不知道该怎么生活，他们女儿在广播里说抱了狗的人，你们要是卖我们再买回来。尤其是她妈妈现在整个人都吃不下饭了，他们年纪大了，狗狗就是他们的生活寄托啊。【我已经使劲克制自己不哭了，但还是不行。】
周杰伧的小粉丝,3,2013-07-21 18:55:40,,124,太勉强了，从头到尾没有入戏，这个故事的日本味道太浓厚了，所以里面的西洋面孔看着违和感十足，而且音乐几乎没断过这一点真的挺烦啊
爱,3,2016-11-29 09:04:12,,43,很温情的电影，看后很感动，很有创意！打个3分吧！
死小姐,4,2010-02-05 22:39:00,,913,天呐我从后半段开始一直在哭为什么面对这么居心不良的赚眼泪煽情电影我还是被套牢了！我马上要给我家小羊皮一个热烈的大拥抱！！！
麦垄风来翠浪斜,5,2017-12-20 00:06:48,,218,是我至今为止看过的最动人的电影，看看八公，再看看我脚边的追着自己尾巴正欢的狗狗，嗯。。。。我还是再看一遍八公吧
挽梦忆笙歌,5,2018-03-19 15:48:54,,75,哭的稀里哗啦的，被小八和教授还有那些好心人感动了，想起来了自己养的狗狗，小八等教授等到老死，秋田只有特殊情况才玩球，因为那天教授会永远离开，太感人了，现在还有点想哭
有心打扰,5,2011-11-01 00:36:36,,71,在心里默念着，眼睛不要再睁开了，别再醒来了，够了，已经够了，你已经做得太多太多了，10年了，够了，去另外一个世界与他相遇吧！泪眼婆娑。
云巅,5,2016-08-28 18:58:25,,66,很美国的影片，今天才看，据说是基于一个真实的故事，没有喧嚣的暴力，色情，和故事般的浪漫，但深刻感人。爱情如此简单，如此纯洁和忠诚度如此经久不衰的，它会融化的铁石心肠。影片适合所有年龄段，力荐
娜莉梦游仙境,5,2016-12-30 17:58:51,,52,狗是人类忠实的伙伴，也许它们没有人聪明，但是正因为它们的这股傻劲，才会有很多坚持。八公也是这些人类的亲密伙伴之一，跟主人的缘分一开始就注定了，在男主人临终前还特意玩球，还是挺有灵性的！善待每一个生命！
朱岳,4,2010-02-16 22:36:48,,523,看的同时，狗在叫、拉稀，一边流泪一边给它抓稀屎。
黄青蕉,5,2010-02-08 21:28:21,,91,什么叫卖萌啊什么叫洒狗血啊！哭死老娘了喂！！
jj73浅之,4,2010-02-17 00:27:36,,454,这只秋田犬演是演得真好，不过总让我有种看日本纯爱片的错觉。。。
爱茉绿绿,5,2010-03-02 14:09:52,,189,一年的眼泪都流干了neverforgetanyoneyouloved...
水木丁,4,2010-02-16 00:52:14,,281,何勇说：找个男（女）朋友，不如养条狗。
快乐人生,5,2018-01-06 23:40:02,,243,当时看的时候哭的稀里哗啦，心里特别难过，如果那天主人回来了，一切都不会发生，多好的狗狗，舍不得
Ragdoll™,5,2010-02-13 06:26:07,,50,催泪弹什么的最讨厌了T——T
朝暮雪,4,2012-08-07 15:50:46,,225,“我等你”比“我爱你”更真挚，更感动。
吃瓜(^.^),4,2018-01-23 16:32:40,,95,有时候动物比人重情小八太可爱了前期很萌后面很悲看到小八伤感的眼神一直在无声的流泪
婷婷爱八卦,4,2017-12-21 06:47:25,,88,感动得一塌糊涂，这个狗太通人性了，主人都不在了还天天去接他重情重义的狗狗🐶……
隔岸观船,5,2016-12-31 10:19:09,,128,“有时候我在想并不是人类在养宠物而是宠物愿意陪伴在人的身边啊”看这部电影我哭了一卷纸巾八公对主人的忠诚对主人的爱从始至终都没有变过从春到冬从花开到叶落到白雪从幼到老从日出到日落从生到死八公的形在变可心却始终没变感动不止一点点💗
酒鬼一家小迷妹,5,2018-03-20 07:37:53,,46,当初在宿舍看着看着就哭了，特别是对于喜欢狗的人来说，分分钟致命。
幸存者,5,2018-05-16 21:29:38,,40,它只是你的一条狗，但你却是它的一生。
花衬衫,4,2017-12-06 11:06:27,,74,看这部电影时曾哭得稀里哗啦，因为前面铺垫众多人与动物的真挚情感，让观众感受到美好，所以最后结局才那么让人心碎。不愧为经典之作，故事最动人的永远是感情，无论是人与人之间，还是人与动物之间。
潇湘烟雨,5,2018-03-09 11:01:28,,47,明明泪点很高的，看完这部电影还是止不住泪流满面，太感人了，很多时候狗比人还要重情义
Cheesy,2,2016-02-27 23:11:18,,35,补。一个感人的故事拍出来却看的我毫无触动
宁宁,4,2018-05-16 00:04:25,,54,它只是你的一条狗，但你却是它的一生！
谁家今夜扁舟子,5,2018-04-14 11:10:53,,31,为了释放情绪来看八公后半段真的哭了，谢谢你小八
东篱,5,2018-05-17 08:53:44,,33,影片没有跌沓起伏的情节，也没有令人震撼的特效，有的只是温暖安详的音乐，看似平淡无奇，却给人带来深深的灵魂震撼，催人泪下。
yocofcjx28,5,2016-11-12 16:10:07,,35,泪奔！
蓝下老婆,4,2017-02-23 18:49:45,,62,突然想到那个采访，养十年的狗和处一年的男朋友你选择谁，毫不犹豫的选择狗，所以你懂的
芳心暗许,4,2016-04-06 22:09:11,,42,waitingforyoutilltheendofmylife
橘猫爱吃鱼,5,2018-05-18 07:05:55,,33,故事情节非常简单，着重刻画狗狗的内心，通过它的眼睛，你就能感受到他的对主人的感情。
顾盼,5,2018-04-08 21:12:48,,20,以后有机会的话也想养一只宠物。
蜉蝣,4,2010-02-16 21:47:54,,30,哭着看完的。看完片尾字幕又哭了半天。最感动的是它没干什么现身救主这样的英雄事迹，只是漫长的等待着。可是八公，你真傻，那是很长的一生呢。
亚比煞,4,2012-11-13 19:16:44,,43,看完这部片的，不要再说人不如狗了，Hachi是等了9年不错，但王宝钏不是等那谁等了18年嘛，两个狗啊！！！
CCandFF,5,2018-03-20 08:31:39,,27,很感人，忠义的狗狗，狗是人类最好的朋友，它们懂得感恩，回报。
卢十四,4,2013-09-30 13:13:46,,35,拿辣椒水喷眼逼人哭的电影，和咯吱人逼人笑的电影，本质上是一样的。
世界尽头,5,2018-05-18 06:39:31,,26,我看过的第一部讲述人狗情感的电影，真的很感人。后面还陆续出了很多类似题材的电影，但都不及这部电影带给我的震撼。“它只是你的一条狗，但你却是它的一生。”
梦梦梦梦,5,2017-01-07 22:37:19,,26,一直很喜欢狗，一个人一生可以养很多狗，但是对于狗来说你就是唯一。真的很感人
尽欢,5,2018-05-14 20:44:03,,26,真让人心疼。
、佚,5,2018-03-09 10:14:43,,105,10年后妻子回来扫墓看到小八还在那个车站守候，她走过去打招呼说我能和你一起等吗？真是哭惨！
七七,4,2018-03-05 06:54:09,,33,再次重温，依旧是那么感人！
空瑾,5,2018-01-22 19:44:26,,159,当年在宿舍熄灯了看的然后整个宿舍就听到我的哭声和抽纸的声音早上起来地上一片纸感动的哭尤其是最后等到死都没等到自己的主人
左儿,3,2012-12-12 20:11:41,,75,一种类型片叫不哭死不让出电影院
摇尾巴,5,2016-10-26 20:00:02,,35,我用我的一生等你。阿八。
春风不解意,5,2018-05-16 22:24:30,,24,分分钟哭到炸。
吃货少女萌萌哒,5,2018-03-05 16:50:37,,28,好感人的一部电影，看的时候哭成了狗，唯一认定的主人，它的一生只有你
偏要勉强,5,2018-02-07 12:49:16,,28,被这个故事感动得泪流满面。在那个车站，八公，你一直守着他。。。“永远不要忘记你所爱的人”
旅途人生,4,2017-03-09 11:17:21,,21,狗通人性，同时也是人类最忠诚的朋友！预感到危机来临，八公想尽可能的拖住主人！主人死后八公也忠诚的守护了九年，在八公走后见到了主人，也令后人为八公建了雕塑！很温暖的故事！但是个人感觉故事情节有些弱，可以更紧凑些！但真实的故事的确令电影增分不少！
回不去的夏天,4,2016-12-03 16:11:33,,26,看后很感动没养过宠物没有那种感觉不过观影以后挺触动的那样漫长的日子啊一直遥望着等待着有点泪目我记得小时候我朋友的猫死了他还很伤心的哭了那会儿有点理解不了
小米=qdmimi,3,2014-03-19 09:34:19,,28,确实感人，不过也就是感人而已
今天也没有猫,5,2018-05-16 16:40:31,,24,太催泪了。小八和主人之间的感情已经超越了狗狗与人类的界限，甚至比人与人之间的关系还要更真挚更密切。
萌宠小坏坏,4,2018-03-19 19:45:55,,23,很感人，尤其在看到教授逝世后的情节，八公还依然每天在火车站口等待着它的主人的回来，泪目了，狗狗真的很重情感，教授和八公之间的情感，温馨治愈。温馨提示:看此影片，准备好纸巾
西楼尘,3,2013-08-21 22:37:12,,34,真心没觉得有传说的那么神，可能我并不太喜欢小动物吧。
柳上安,5,2017-01-06 15:38:26,,25,会在这里等着你回来一直等着它们的世界那么纯粹是它们愿意守着你陪伴着你泪目认定一个人就是一辈子了
何处相思明月楼,5,2018-04-14 11:08:51,,24,小八终于等到了它的主人。
Touma,NaN,2010-05-16 22:09:51,,18,除了狗可爱点还有什么，喜欢狗不会自己养一只啊？尽干这叶公好龙的事。我被动物电影快恶心死了。
登对,5,2017-01-01 23:18:07,,28,他笑着问：“你觉得是金毛温驯还是萨摩耶温驯”我哭着说：“柴犬”
陈圆润,5,2018-05-30 23:06:07,,19,超级治愈又感人，狗狗真的好暖心
芊颖,5,2018-05-14 01:12:04,,24,八公，你想他是吗？我也是的，所以你去吧。不敢看第二遍系列，哭成了泪人，难以忘怀，八公现在一定和他的主人快乐的生活在一起吧❤越来越害怕我家狗狗离开我了，真的害怕……
倩倩啦啦啦,5,2017-02-09 12:40:12,,17,狗狗的忠心让人震撼，最后的真的泪点啊！
醉里挑灯看花,5,2018-05-18 23:12:22,,20,它的一生不是你的一生。所以我不敢养狗。
爱情海,5,2017-03-09 12:41:19,,20,感动，催泪，一只忠诚的狗用它的一辈子等候着主人，狗的思想是单纯的，认定的主人不管生死都会一辈子忠心的跟随。
M能能M,3,2017-03-10 10:41:12,,8,感动的不行不行的，真的很棒，情感方面就容易收获人心，棒
如是,5,2018-05-19 23:13:11,,15,哭瞎。有时候真的人不如狗。
瞧一瞧,4,2018-03-04 13:20:57,,22,狗狗也是你的亲人，哭的稀里哗啦的
桃桃林林,4,2020-01-13 16:37:53,,22,狗狗催泪片，狗子太萌了。宠物，是亲人、也是朋友。最好的陪伴。
grace-xhu,5,2018-05-19 00:08:29,,16,很感人的故事，感觉人类和动物之间的感情甚至超过其他的。
grace-xhu,5,2018-05-19 00:08:29,,16,很感人的故事，感觉人类和动物之间的感情甚至超过其他的。
大夫唐,5,2013-02-01 00:41:01,,22,我认识的人越多，我就越喜欢狗。
病娘,4,2018-04-26 21:55:46,,13,个人很喜欢小狗，这部电影素材很好，很容易入戏的一部电影，小八在主人去世后每天坚持等他的情节真心看哭我了
文泽尔,4,2013-03-10 17:36:22,,19,最感人部分安排在最后五分之一秋去冬来日复一日等待那部分故事讲述是孩子嵌套倒叙的模式其实并没有太大必要全片若能砍掉一些旁枝让Hachi的戏份更重些等待的艰辛更突出点或许会更好全片演技最佳无疑是Hachi完全贴合片中情境卖萌忠诚和坚持的尺度把握颇佳日本人和东方神秘虽赘为票房也可恕
做一件事很难吗,5,2018-05-19 22:28:52,,14,泪点太低了看电影到最后好心酸啊有的时候我们都不如一条小狗执着
别人老公,4,2017-03-06 16:25:20,,10,永远也等不回你依赖的人
我lu不会飞,4,2017-02-16 20:50:01,,18,狗的一生可能对你来说只是一个过客，而你，却是狗的一辈子。
米粒,5,2010-02-18 13:58:12,,13,太感人的狗狗了555555
E酱,5,2020-12-23 22:14:29,,44,它不能理解他发生了什么，但它等了一辈子
Cheesy,2,2016-02-27 23:11:18,,35,补。一个感人的故事拍出来却看的我毫无触动
事儿妈,4,2016-10-07 11:12:10,,20,狗的演技，远胜我国诸多男女明星，从这点出发，本片就值四星。
孔雀鱼,5,2016-11-29 08:28:26,,65,老早前看过的影片，在大学我们寝室还为了他做了英语PPT，很棒的一部影片，故事娓娓道来，充满了温情，悲伤，可以温暖冬日。当然这种影片不能看第二次，太悲伤。
尽人事，听天命,5,2018-05-14 22:58:45,,11,狗狗是人类最忠诚的朋友一点没错了。看完哭得稀里哗啦
丑小鸭cxy,4,2018-01-21 22:49:07,,62,很多年前看了，只能说是一遍一遍的看，一遍一遍的哭😭
Qing,5,2016-11-20 02:37:40,,70,家中养狗，临死前没能陪在它身边走完最后一段路，梦里无数次见过它奔向我的样子……从教授去世前就开始哭一直哭到结局都分不清我到底在哭谁，Mark下辈子要找一个好主人好好待你知道吗┭┮﹏┭┮
TimberNord,5,2012-05-06 23:35:35,,12,iamadoglover，so5stars
M能能M,3,2017-03-10 10:41:12,,8,感动的不行不行的，真的很棒，情感方面就容易收获人心，棒
花落  思量错,4,2017-03-07 11:14:27,,12,这只秋田犬演的真好，悲伤又温暖的片子，十年是它的一辈子，动物永远最真诚。
大志的小耳朵,5,2016-12-29 20:32:56,,10,感动死了，动物对人的爱真美丽真纯粹，想哭的朋友可以去看。
明天你好,5,2018-03-24 21:21:50,,10,整部片子展现出满满的温暖，狗对主人的忠诚，主人对狗的爱，主人公和妻子的爱，邻居们对狗的照顾，人与狗之间，人与人之间，都有这世间最珍贵的情感，也正是这一份感情让电影的世界很美很感人，也是这一份感情让忠犬八公成为经典，每每观看，热泪盈眶！
爱看电影的少年,5,2018-05-20 20:19:06,,10,好感动，狗狗果然是人类最真诚的朋友。唉
璐baby,5,2017-03-09 13:22:19,,8,很感动，最后哭的稀里哗啦，狗对你来说只是个过客，可你对他来说却是一辈子
一蓑烟雨任平生,5,2018-05-16 07:24:32,,18,狗是人类的朋友，在危难时刻有可能救你的命。电影里的狗的真的让人感动至深，保护主人，毫无畏惧。
请保持高冷,5,2016-09-11 17:04:57,,11,故事很感人
卡比巴拉的海,5,2017-03-09 22:39:13,,8,主人就是狗的所有，哭死！
那个你,5,2018-01-12 13:30:48,,37,哭死，因为那份感情太纯粹。因为那份感情很难得，好好珍惜现在拥有的
不在乎,3,2022-08-17 19:41:16,,18,不是很理解为什么在豆瓣排名这么高……令人感动的是原本的故事，而电影本身很普通……
爱影视，爱生活,4,2018-03-20 18:35:01,,10,狗是人类最忠诚的朋友，这句话说的太好了，后半部分真是太感动了，哭的稀里哗啦的，就是因为小八
美女菜kun,5,2017-03-17 13:02:58,,17,记得最深的一句话，他不会再回来了。。。哭惨了
你说呢,5,2018-02-05 00:17:24,,50,这个电影超感人的，现在虽然有很多人和狗狗的电影，但始终细腻的情感比不上这一部！
翠蝶🌸羽生✨💫,5,2018-06-13 17:48:33,,14,最令人感动的是，在主人离开的十年时间里，八公风雨无阻每天都去车站等候它的主人，直到生命即将走到尽头的那一刻，它也一直在等主人，因为它相信主人总有一天会回来。
老人家,4,2018-05-16 12:17:25,,9,终于明白了为什么说狗通人性
波波维奇,5,2018-06-13 18:44:48,,8,我们不应该忘记任何一个我们爱过的人，这就是忠诚的含义。
方枪枪,4,2011-07-05 13:26:33,,10,一句话点评：在那个美丽的车站，有一只可爱的狗狗在永远等待着他的主人的归来！一个关于忠诚的人与狗狗之间的美丽故事，他们之间的依恋早就超越了平凡，这一刻，我看到了动物身上所淌露出来的温情和执着，这部电影，让我更加有一只的自己的八公了••••泪奔••••
连城易脆,4,2014-03-03 23:48:01,,9,没有特别刻意煽情，却依然感人至深，我也好想拥有一只秋田犬...
张腾森,5,2013-07-01 16:17:09,,14,在人的世界里，狗是配角；在狗的世界里，人是主角
7酱™,4,2012-02-08 21:23:04,,5,我的心很小，如果只能记住一个人，那必定是你。
不错我就是神,5,2018-02-09 07:23:14,,52,看的哭了好几次，我竟然被一只狗狗打动。。。。再一次告诉我们狗狗是人类最忠诚的朋友，我们应该爱护它们
踢你小腿骨,1,2010-11-20 19:10:42,,2,這隻狗很油....
心是孤独的猎手,3,2018-11-17 02:39:20,,9,大众就喜欢哭，这让他们误以为自己善良。
幕天席地,5,2017-02-07 16:38:57,,8,几年前看完电影心心念养一只柴犬，奈何心太大，蜗居并不能好好照料，天下的狗狗都至情至性，谁对他好他必定会回报，小八格外如此，为小八和主人间的深情感动
shield,4,2017-04-16 00:43:32,,6,狗狗太可爱，结局很催泪
烬。,1,2015-05-11 15:36:02,,7,这种傻逼的温情脉脉故事果然从来都入不了老衲的法眼。
国王KING,5,2014-02-02 09:30:13,,9,难以抑制的泪目。纯粹是冲着小八来的……小八日复一日地在车站前等了十年，最后在一个寒冷的冬夜中死去。最后一段戏又哭了，动物有时候真的比人类要来得可爱，在小八眼中，教授便是神。
Ocap,5,2013-10-03 22:26:56,,9,他那么一个平凡之人，因为一只曾被他爱过的狗所等待，就此真正得到了永生。和八公一样，我多么希望，后头变成奇幻情节，门一推开——还是那一个慈祥的老头。可现实总是残酷，奇迹不来，才懂珍惜。
栀锦_,5,2018-01-12 21:37:49,,45,第一次接触这本电影是老师推荐寒假可以去看的，所以只是抱着无聊的心态去开始欣赏的，但是到最后却被感动的稀里哗啦，故事没有什么特别华丽的特效或跌宕的情节，只是平淡的叙述，却传达了最朴实而真诚的情感，八公用他的一生去等待，用一生去坚守与主人之间的爱，但愿自己也能珍惜并坚守身边的人间大爱
曾于里,5,2012-02-07 22:40:00,,8,唉，潸然泪下
梦里诗书,5,2014-08-10 22:37:44,,9,我们的一生会遇到很多值得珍惜的人，但对于狗狗而言，他们的一生却只有你这么一个人来珍惜，所以你如果有一条狗，请善待它，如果你想有一条狗，那么请你一定考虑清楚是否能善待它！
heart,5,2018-05-19 21:31:38,,10,八公其实做的并不多它所做的其实就是每天在同一时刻蹲在火车站前的花坛边上热切而又忠实的等着主人归来。
チョウエイ,5,2017-03-07 00:11:29,,7,特别喜欢这部电影，很温暖，哭的稀里哗啦的
昵称被占不开心,4,2017-02-13 10:05:55,,10,永远不要忘记你所爱的人，感动
lynn,5,2017-01-31 02:08:31,,14,在它的眼中你就是唯一我的生命里只有你有你在我身边就够了即使你不在我还是会在老地方等你回来😭😭😭狗是人类最忠实的朋友爱护动物一旦养了就不要抛弃它我家的小狗狗已经十岁了很可爱很听话
眠去,NaN,2010-03-23 15:00:41,,6,呵，明知如此
左胸上的吸盘,3,2012-10-29 09:35:26,,6,一般，普普通通的翻拍
炫3D,5,2017-03-20 08:47:09,,12,其实我没看过，但是我一直知道这部电影，不是不想看，是不敢看，狗狗的特点大家都知道，不用我多说，我自己养过两条狗，一条被卡车压死、一条意外走失，没能陪伴它们一生，我很难过，之后再也不敢养狗，因为如果它先离开，我会伤心，如果我先离开，它会无助。
匡笺恭,5,2018-04-26 09:11:29,,11,每个养狗狗的人必看片。狗的一生也就十几年，既然遇到，有能力，何不对它好点。爱我家的小白！
没有好的,5,2018-02-03 13:17:40,,43,每次看都会被感动这部影片赚足了我的眼泪很温暖很治愈动物真的是很有灵性你对他好他也对你好怎么都不肯跟主人玩扔球游戏的狗在主人走的那天拉着他玩游戏明明知道主人不会回来了还等着主人最戳泪点的是女主人都放下了它还在坚守世界还是很美好
杨大志°,5,2017-01-29 00:05:29,,8,对这种温情向电影毫无抵抗力，感动
不吵的猫,5,2017-02-03 22:10:56,,9,看一次哭一遍
Q。,4,2012-11-18 18:52:09,,8,电影很平淡，但感人至深。动物和人类的感情已经完全超越了故事本身。★★★★
瓦晴,3,2022-12-24 14:20:12,浙江,12,我之前一直害怕这部片子太催泪一直拖着不敢看，但实际剧情很平淡，也没有太多煽情，能戳到我但不觉得能值现在这么高的评分，教授家人们的态度说实话我还是挺生气的。
月涩,4,2017-01-10 22:16:47,,6,看的我稀里哗啦的，想起了我之前走失的狗狗😭
优优,4,2018-05-16 11:32:06,,10,姐姐以前养过一直狗就是因为咬了人而且病了所以选择了安乐死，那一天全家都没吃饭，每次我们回家狗狗老远的就会摇着尾巴跑过来在我们身边
茕茕白兔,4,2018-04-26 11:39:48,,10,对于人来说，那可能只是九年，但是对于狗狗来说，那是它的一生。只看影评就看哭了的我，看电影看到不能自已。
你爹语重心长,5,2016-10-27 12:05:03,,7,什么治愈，致郁还差不多。留了一升的眼泪。
dow,2,2020-03-19 02:41:04,,2,狗的主观镜头不错，但是总体来说还是很反动的一部电影，难怪有“忠犬八公是帝国主义阴谋”的宏论
UrthónaD'Mors,5,2010-02-12 09:12:56,,6,昨天半夜痛哭流涕的看完，一早眼睛都是腫的年前最後一天又看一遍，哭了，痛哭流涕的感覺，，，，很久不曾被這樣質樸的電影所感動.很久不曾因為動物與人的感情而哭泣，很久找不到如此單純的美好
慕詩,5,2017-05-02 16:32:19,,6,可爱，感动！狗狗是人类最忠诚的朋友。
噔噔蹬蹬～,5,2022-07-11 00:12:42,,18,感觉看人也没啥感动的，但是看狗就真的太感动了，可能是因为这种忠诚是真实存在的吧
你看起来很美味,5,2013-11-26 18:42:38,,8,翻出来重温，由于知道剧情，所以火车站相遇那一幕我就哭了QAQ
青城清茶倾城歌,5,2018-01-23 16:41:01,,38,感人额
秋瞑,3,2018-02-07 19:45:09,,54,喜欢狗的忠和对人的感情，就算主人去世了狗狗还一直在老地方等待着他的主人，善待每一个小动物吧。
小海,5,2012-05-10 22:58:28,,4,其实狗只是一种动物，只能做出其智力范围内允许的事情。但是人们都相信狗通人性，狗具有和人类一样高贵的品质。这是人对于这种精神的美好向往和寄托。我也选择相信狗的忠诚，狗用它的生命证明着它的选择：一生只为你绽放一次。
蒹葭苍苍,4,2018-05-16 19:01:24,,7,都说狗比人忠诚，在这多变的世界，让你更懂忠诚的意义
阿别给我打电话,4,2017-05-05 07:51:43,,9,慢节奏的清新电影，看着看着却被戳中心窝，看完很久都很难走出来，不敢重刷的一部啊
张天翼,4,2019-07-31 10:15:10,,6,它就是不能明白，为什么再也等不回那个人。
错别字,1,2010-03-27 11:23:20,,6,我和这些人看的是同一个片儿吗？这片想说啥？日本是美国的一条狗吗？
陈粒,NaN,2014-01-20 20:59:27,,13,哭喽
小橘子,5,2016-11-25 20:04:52,,5,看完这部电影，被八公感动得稀里哗啦的，八公是最忠实的宠物。
姚瑶,5,2013-10-06 00:23:04,,7,十年，三千多天，他有多孤独。
程晴之,5,2018-02-02 12:35:06,,37,他不会再回来了，你不要在等了😭😭
ANNXXNA,5,2010-12-23 22:44:37,,4,看了两次，哭死我了~~（>_<)~~永远不要忘记你所爱的人。这是八公教给我的。那是一个被爱注册的名字。看到八公一直在等待，我想到一句话愿我如星君如月，夜夜流光相皎洁。ps，八公的很多个眼神，看得我很痛心。pss.一只狗的感情居然能如此忠诚，为什么，那么多人类却难以做到?
霜寒,5,2018-05-16 19:18:42,,6,它是一条狗，一条被主人捡回家悉心照顾的狗，最后，他是一个重要的成员。狗的忠诚，在这样一个势力物化的时代简直难能可贵，当初自己收养了两条流浪狗，现在他他们是我的朋友和家人，他们的陪伴与忠诚是生活中纯澈的甜蜜。看了这部电影深有感触。
已注销,5,2017-04-03 22:39:25,,3,狗对人的感情真的很真实，忠诚。而朋友却不一定能做到
刘建明,2,2015-12-03 21:45:23,,2,翻拍！
如小果,4,2012-02-10 12:54:17,,5,故事本身很平，只是动物和人类的感情完全超越了故事本身。
wise,4,2010-02-06 13:12:23,,4,犬类的忠诚
全都是泡沫,5,2018-01-21 19:22:00,,40,等待的滋味，真的是，没有经历过不会懂！
壳子,5,2017-01-29 22:23:02,,9,不是一个特别喜欢小动物的人但是感动是不分物种的很感动❤永远都不能忘记你爱的人
荒也,4,2011-02-19 23:08:12,,4,爱狗，一切的狗，一切的关于狗的故事。
梦到sf,5,2012-05-23 00:49:33,,0,狗狗什么的最可爱
Yvonne,5,2012-05-23 00:32:38,,0,好感人
Leric,5,2012-05-22 22:35:55,,0,一部赚眼泪的电影。很感人。
果子,5,2012-05-23 16:33:51,,0,我哭了
木由,5,2015-10-04 01:13:47,,8,虽然早被剧透一脸还是看得哭到稀里哗啦。狗狗的谜之三角眼太忧伤。
etodemerzel,5,2012-05-25 18:33:24,,1,温情中的感动
思路乐,5,2017-01-14 10:15:21,,3,【A】我从出生到现在，只有这一部，第一部，也是唯一一部，让我哭了下来，而且是那种嚎啕大哭的状态。真的，只有这部《忠犬八公的故事》做到过。
bird,5,2012-11-23 07:24:30,,4,来生是幻影，我只在今生等。
Moe Szyslak,5,2010-12-14 02:13:14,,0,。。。
只有霸王,4,2010-11-11 01:09:37,,0,与日本版各有千秋。
陳,4,2010-02-09 21:29:49,,0,我也想有个它接送我，那样的路程会很温馨很轻松吧！
九命猫@victor-eyes,4,2015-03-18 17:13:30,,3,最难过这个事情是真的。八公在如此恶劣的生存条件下竟然还活到十一二岁。想起曾经大白对我也是这么一心一意TT
溪棠-迷糊狐,4,2017-05-16 23:27:30,,5,看不得宠物电影，一看就泪奔
诸葛若见,5,2011-10-21 20:04:28,,3,最感人的宠物电影，曾让很多人都哭的稀里哗啦。本片触及到你我心里最柔软的地方，养过宠物的人都懂，每次回忆起来都能充满了温暖的力量。有只狗，始终在某个地方等你。这种感觉，想想也是很幸福的吧！对于狗狗来说，此生最美好的回忆，永远不能忘记爱的主人，与君相依，生死不变。
可可肚子,5,2010-02-14 22:05:20,,12,动物永远比地球人可爱
火娃,3,2019-08-17 21:01:14,,7,6/10。镜语多为正面角度和狗的主观表现八公的主体性，教授和八公相遇这个段落，影影绰绰的灯光下人腿攒动，表现八公的孤单，被捡回家后凡是人狗互动的画面均采取近景+正面角度来传达情感牵绊，八公在火车站等待主角的构图，八公总处于远景偏左的位置（画右空缺），镜头微仰表现八公对主角的不舍，教授去世八公趴在广场安家的几个构图突出前景的钟（暗示八公无法等到主人的悲凉），整个镜语体系比较平淡。掘地帮助教授上班以及一起吃爆米花一起赶走臭鼬，众多细小繁琐的生活片段构建人狗关系但故事的丰富性、冲突感明显乏味。细节譬如教狗叼球（暗示主人和狗心有灵犀）、先后给八公喂食叮嘱其保密的男女餐厅老板和管理捐款的车站站长，体现社会关怀，都烂俗到一个境界。教授妻子落泪抱起八公的结尾高潮，不光狗血催泪还使本来的安静文艺范毁于矫情。
白云飘飘,4,2018-05-17 17:43:00,,4,太感动了，被八公的忠诚而动容。此片没有缠绵的感情纠葛，没有华丽的特效。但那份安静的等待让人心里非常温暖。最后八公慢慢闭上眼睛的那一刻，心里好难受。
薇,5,2012-08-12 16:40:17,,0,在火车上看的关于等待于车站的故事也是一种缘分吧但是太不适合在公共场合看了
已注销,5,2017-01-09 00:10:24,,5,最后的最后，只是眼泪。等待，等一个永远不可能再回来的人。当意外来临前，总是不安。很喜欢狗狗，可是有的时候，却更不愿意承受改变不了的现实，会有点想放弃。
sharon,4,2017-03-18 22:10:51,,7,人照顾抚养狗狗，狗狗用自己的生命守护主人，这就是最简单最深刻的关系
我还是我,3,2011-08-04 11:06:23,,0,x
陶子冬,NaN,2010-02-28 22:43:08,,0,不是人性，是狗性，日本版和美国版都有看，不喜欢不可能都看的，先看的美国版，再找来原版看，这次，翻拍的也挺好
顾俏乜,4,2017-05-03 19:11:27,,9,室友推荐给我时，不以为然，看了之后，我默默地流泪，人和动物感情有时比人与人的感情还要坚固，大抵明白了人们养宠物的心情。
艾米栗,5,2010-03-13 21:50:20,,0,明天找原版再轰轰烈烈一回吧~~~~(>_<)~~~~
逅逅,5,2012-09-03 15:47:32,,0,真正催泪的电影是这样拍的。
脑洞修补科科长,5,2012-06-18 18:46:02,,0,太他妈催泪了！！！
Y,5,2010-06-14 18:39:00,,0,日本版曾经让俺哭死。。试试美国版
手怎么老是受伤,5,2012-06-18 12:06:44,,0,看的时候已经忘了这是部电影了，只是一味地哭泣。也只有狗的思想如此单纯。你只要对它好一分，它会用这个生命来守护你。
杨大点,4,2012-05-25 22:26:49,,0,alwayswaitingforu...
Enjoy🌈Rachel,4,2015-02-05 21:46:12,,2,狗是人一辈子中的过客，人却是狗的一辈子。
🐳 居北望南 9¾,5,2011-05-14 03:12:44,,0,和表弟一起看的，大感动的片子。
阿呆,4,2012-06-19 02:06:07,,0,确实不错，是温情感人的片
秋里,5,2016-04-16 13:28:57,,10,为什么这世间有这多的悲伤故事？因为这世间有这么多深沉的爱。
黯黠,3,2011-03-12 21:36:07,,2,一部完美的日本宣傳片
劳永逸,4,2011-07-05 20:05:44,,1,的确是一个很温情的故事，可是感人程度我只能打三星。音乐不错。第四颗星献给我最喜欢的动物：狗狗（多希望自己也能养只可爱的小狗啊）。最后我想问一下导演：你何以知道狗眼里全是黑白的世界？
阿布,5,2010-02-10 21:17:34,,0,看了这只狗终于觉得不养猫也行有这么可爱的狗我就很满足了
nuli,4,2018-05-19 18:39:22,,8,它的一生却不是你的一生，时光从来都不对等。对于狗狗而言它可是总是了一辈子都在守护你呀，它的忠诚它的陪伴是多么的难得。在这里面主人的对狗狗的关爱，造就了狗狗对主人的“舍不得”。想想全世界总会有一只狗狗记住你，哪怕人们会忘记你，它也会永远记住。想想都觉得心脏暖心
逆流,5,2012-05-26 00:51:25,,0,这是看过的关于动物的最好的电影...到后面太催泪了..居然还是真实的故事.
布宜諾斯,3,2016-01-17 22:02:48,,7,话说，最近想重看点经典电影，图方便就从豆瓣250以此看，结果才刷了半页十几部，胸口就像堵了两大块奶油蛋糕，这口味也太傻白甜了吧……我还是去刷imdb吧……教父我来了！
强强,5,2010-04-05 03:38:40,,0,钟爱一生
云鸢,5,2012-06-18 02:47:55,,0,看了两遍都哭得稀里哗啦的，话说小八有一种呆萌呆萌的气质
琳酱,5,2012-06-18 09:14:48,,0,不可多得。。
dk,5,2012-06-18 10:24:03,,0,后半部分基本在哭。。。
sosovipp,3,2013-06-05 20:11:55,,1,还是日版好些。
追光者～,5,2018-02-11 17:28:32,,32,强烈推荐！动物有时候比人更美好，想哭！
北落師門Hiruma,4,2010-03-02 04:00:56,,0,秋田真的好乖，不愧是我最喜欢的三种狗之一。。话说我看这片的时候只是鼻子发酸，我旁边的石某人倒是情绪极度不稳定的落了两滴泪，难道是我太铁石心肠了？
笑口常开,4,2011-10-09 12:27:38,,0,催泪啊
呢昵喵,5,2017-01-10 09:50:47,,3,看哭了😭。。动物一直是我的泪点，，狗狗的忠心让我惊讶，让我震撼，多年的守候，人又能否做到呢
birdy,4,2012-05-25 15:33:34,,0,哭死了
残酷的真理,4,2010-11-02 17:32:21,,0,电影拍的没什么特别，不过我喜欢狗！
飞沙,4,2012-09-03 15:59:36,,0,所以不敢养狗……
gy1115,4,2011-08-13 09:53:06,,0,我觉着导盲犬小Q比这个好看。。
Alice,4,2012-05-25 18:00:32,,0,竟然哭了。。。
a LL,4,2012-04-27 20:01:28,,0,行吧，我还不是铁石心肠
喜喵,5,2012-05-25 16:48:25,,0,“谁会等我10年等成一具雪人”……
麥田,5,2012-08-12 15:43:37,,0,赚了我不少眼泪
带头大叔,3,2011-05-31 09:35:41,,0,当人类已将感情淡忘时，宠物狗仍记得九年
L***,3,2010-05-04 22:03:27,,3,该着意表现的等待的辛苦与漫长却只用它身后枯荣开落的树的动画一笔带过
dying,3,2010-03-29 10:44:17,,1,跟日版差得远……
小迷糊,5,2012-08-12 14:59:25,,0,很感动
Demi,5,2010-03-11 00:40:32,,0,哭得稀里哗啦的片子。
小辣椒,5,2017-01-01 21:29:20,,4,一个超级温情的电影，依稀记得那时在电脑前泪流满面
Icey,5,2017-01-23 21:32:34,,4,记得这是我第一部哭着看完的电影。
七月,5,2011-05-30 16:47:01,,0,哭成狗
不出轨不伍迪,4,2012-08-12 04:16:20,,0,八公的視角很有意思
Pear,5,2012-02-16 20:49:25,,1,有那样的一个人可以等待就是此生的幸福
啾啾,5,2010-04-11 03:05:21,,0,可不可以也有这么一个生命，一直等着我..
天涯·明月·风,4,2011-06-18 23:27:48,,0,为什么我觉得一部美国片里的狗叫个日本名会是如此的别扭不舒服？
麦,5,2012-05-15 02:35:55,,0,哭死我了
酋长,5,2011-06-18 17:21:53,,0,赚人眼泪而拍
青黛,4,2010-12-29 19:08:22,,0,用动物来催泪。
大浦洞二号,4,2013-04-05 10:04:18,,0,涝涝要学习学习
哆啦Z梦,4,2012-12-12 18:50:06,,0,连看两版注定桃子眼一天，美版的はち比日版的要萌许多，虽然没有了冷淡残酷，但影片相对而言并没有觉得有更好，与日版相比，美版的更像一只宠物狗，不过结局仍然让人内牛满面。如果有一天我搬家了，NANA会去原来的房子那找我么？
良孬孬,5,2010-03-13 18:25:18,,0,动物是我的死穴，哭的稀里哗啦
Panda的影音,5,2012-08-03 15:07:36,,3,《忠犬八公的故事》，一部让我一度以泪洗面的电影。——2015.04.21：此片竟然没在美国院线上映，难怪美版海报那么难找，除了DVD封套外，我现在就找到一张而已！——2016.04.15：难得放映到这么一部电影，让我和小朋友们一起看得泪流满面、先后抽纸巾擦眼泪！前面有多温馨，后面就有多感人！……
莫小巧,5,2011-04-15 11:22:56,,2,十年了，它还在等。身材臃肿，走路吃力，尾巴上的毛已经稀稀拉拉，它还在等。然后它等到了。
番茄杀人狂,4,2010-10-30 20:26:39,,0,演员小狗加一星真实故事加一星
未住消,5,2017-03-13 12:48:34,,3,你不回来我不离开❤️
找凹的凸,4,2011-10-10 00:48:24,,0,感謝悠悠鳥字幕組的Island、Cecily、雪季（翻譯），lovingsammi（校對）童鞋。
炸酱面在肯尼亚,5,2010-04-12 18:58:04,,0,力荐力荐力荐力荐力荐，本年度看的最好的片
單純的爺們兒,5,2012-04-03 22:00:10,,0,纯为了小八给五星
泼墨造马追姑娘,5,2010-04-07 18:27:23,,0,想起我家阿黄了，每次去读书总是跟着我上公交车。天杀的谁逮走了它唉？
400blows,3,2010-11-24 01:25:00,,0,狗狗很好
乐事,5,2016-05-26 17:56:26,,4,2014年除夕夜看的很感动狗真的是世界上最通人性的动物没有之一
武侠小王子,5,2011-08-17 22:20:17,,1,感动，感动，感动！
巴喆,4,2012-10-14 16:02:56,,0,看的时候一度眼眶湿润，泪点太弱了我。8.3
宠娃,4,2012-08-12 14:41:33,,0,难道是战线拉的太长才没有发现泪点？
愚者,5,2011-09-03 01:27:58,,0,我们之间难道就有那么大的隔阂，以诚相待带来的是毁灭。只想爱你，但太多的负面情绪反而让爱成为互相伤害，同时让自己和对方都成为背负自责、厌恨的影子。我们不能在对方身上找寻的爱，反而在不能用语言沟通的狗那里找到。八公的雕像下是著名的约会地点，可能大家都希望相信及找到这份纯真的爱吧！
欢乐分裂,4,2010-02-25 21:48:26,,3,可爱的旺旺
静子,4,2017-02-08 23:27:49,,3,感人，后面眼泪控制不住的流啊，这样的忠诚与陪伴或许是人类缺乏的吧，才会如此追随
梅林,5,2013-09-16 21:23:08,,0,等待是最感动人的化骨绵掌。
fingcat,5,2010-03-11 22:33:13,,0,阿牛，你要争气啊！
席德,NaN,2015-11-14 23:44:42,,3,纸巾哭掉一包。这种全篇只为描述一条很可怜的小狗无望的漫长的等待的电影再也不想看了。
梦呓花喃,4,2010-02-05 22:21:50,,2,唉，我对狗算是没有抵抗力了
也是个故事,4,2016-10-18 18:51:21,,3,很感人一个故事很哭人的一部电影真心好看有时候觉得人不如狗
SleepyPino,4,2011-09-23 12:55:39,,0,不给五星是因为这不是一次电影的胜利，而是故事的喧宾夺主。
littletwo,4,2012-11-15 23:08:40,,2,虽然它永远也不会知道我的名字，但是它一定知道，我是它唯一的朋友。
还不过来扶着朕,5,2017-03-06 23:19:12,,4,狗狗的信仰永远是自己的主任，人与动物间的爱，感人
阿朽,3,2012-02-25 19:43:18,,0,我是真的一点儿宠物情结都没有、忠诚啥的、怎么说呢、我觉得我朋友也很忠诚啊我不需要用动物来慰藉受伤的小心灵呢、而且这片快拖沓死了好吗被日本人带坏了=口=
Amigo,5,2010-03-18 20:57:03,,0,哭死了
本来老六,4,2010-02-12 21:31:45,,0,电影本身三星，故事特别一星
[已注销],3,2011-02-07 10:20:21,,0,我妹说李察吉尔像布什。。。。。片头还不错。。。。
흫_흫,3,2012-08-24 13:47:00,,0,剧情实在单薄
lenlen,5,2010-05-11 09:26:24,,2,哭湿了8个枕头
艾拉也是Isla,4,2012-03-30 13:09:19,,0,让小狗弄哭了。。。
路人Eita,4,2010-02-06 22:43:11,,3,雖然我早知道無論你對我或是我對你都只是一生中的一個過客。但是共同度過的時光還是足以讓彼此一生銘記。
关键是be free,4,2012-08-21 04:03:49,,1,Whereveryouare，whateveryoudo，HACHIKOwillberightherewaitingforyou.
安蓝·怪伯爵𓆝𓆟𓆜,5,2010-02-04 02:07:00,,1,GoodboyHachiko。大半夜这颗强心催泪弹阿！没字幕依然看得涕泪横流。人和宠物之间的关系就是这样，最伤心的就是眼睁睁看着其中一个离开，而另一个依然死死坚守。音乐好！但似乎演员不是我想要的。
小白冬瓜嘿嘿,5,2011-10-04 11:12:40,,0,Extremelytouching!!!Criedalot
Lisaaaaaa,4,2011-04-04 02:31:37,,0,从此爱上秋田犬
晓月出升,5,2017-02-09 07:35:08,,7,在寝室和舍友一起看的，很暖心的一部电影……
shlaiyaya,4,2010-02-19 12:53:48,,0,一个关于等待的故事。幸福的时光总是短暂，空余漫长的孤单。我无法陪你走到时间尽头，这是多么遗憾的事。
超cute侠,4,2010-03-18 16:46:09,,0,八公等待主人的那份情感令人动容。
大桥哥的世界,5,2010-02-16 19:58:26,,0,有朋友如此，此生无憾！！！
-M-,5,2010-11-20 18:20:36,,0,有时候动物比人更忠诚，
千寻亿选,3,2010-10-19 20:31:04,,0,傻傻的狗
狼大疯,4,2010-09-02 20:32:01,,0,小咩咩呀么小咩咩~
小橙Haruka,5,2010-06-03 06:32:35,,0,真的是不俗的感人小狗故事。很特别，告诉我等待的意义在飞机上哭的失控
你的芝士,4,2012-07-03 19:24:49,,0,狗狗的选角好成功内牛满面。
已注销,NaN,2012-09-03 10:12:00,,0,泪……
殘荷聽雨聲,5,2010-09-17 21:58:52,,0,没有太多的语言，只需要简单的几个镜头。这就是生活，我们不知道Hachi眼中的世界是什么样的，也许他只是在坚持自己的信仰和原则。
杀猪的,5,2012-06-18 14:35:54,,0,一直都很喜欢狗，再怎么凶恶的狗，我都能从它的眼神中看到忠诚。曾经看到过一句话：你的一生也许还有亲人、朋友，可是狗的一生却只有你~~
enslaver,5,2012-06-18 14:22:48,,0,必须直接满分，超感人的一部片子，整个情节没的说。八公的那份为爱的那份执着是很多人都该学习的，景仰八公...
还是南瓜好,NaN,2012-06-18 17:34:58,,0,对于狗而言，忠诚是再简单不过的了，但是人不是。
CobraCB,4,2012-03-10 15:04:42,,0,没有看过日本87年的版本，但感觉可能日本人会拍的更好。“真是漫长的一生啊，八公”
采蘑菇的小红帽,3,2010-06-13 16:42:30,,0,狗比人忠诚
宅一叩,5,2010-03-04 18:07:10,,0,我爱我家乖乖和大雄他们要是也像八公多好~~
Louis,5,2010-12-06 09:03:59,,0,感人的狗狗。
Anakin,4,2012-01-10 09:49:58,,0,永远都不能忘记你所爱的人
@花皮球@,5,2010-08-09 09:25:59,,0,忠诚的八公
小乙,5,2010-07-11 20:28:02,,0,哭得眼睛啊肿起来了。。NowIseewhattheturelovemeans:simple.Love，tospendallyouhave.
李小包,5,2011-10-31 10:04:32,,0,在地铁上看，哭得稀里哗啦惹来侧目，重磅催泪弹一枚
小涵国,5,2010-03-24 23:06:21,,0,第一次被动物感动
菠菜逛基辅,5,2010-03-03 19:58:55,,1,伤心死。。。。。
Giosuè Ψ,4,2010-06-22 22:17:08,,0,感动啊~~~~~~~~
Gaby,3,2010-03-24 08:39:11,,0,我觉得还好吧，我觉得煽情煽的有点做作了，所以我不但没有哭，而且还给了三颗星。
南风,4,2018-05-16 23:58:30,,5,生与死的距离，对于一条狗来说，它无法参透，它只相信，他的主人会回来。它的生命如一注流水，一点一点在车站的青石台上年复一年地流逝。作为一只狗，它有它的原则，不离不弃，不论生老病死。它卧在那里，十年，透彻成一种风景。死生契阔，与子成说。
猪头妖怪,4,2010-03-28 22:07:13,,2,你爱我16个月，我等待你一生。
l_c,NaN,2012-06-17 04:04:10,,0,有了hachi和richardgere就足够看了～
大师兄,5,2010-09-04 00:13:46,,0,哭死了
苏苏,5,2010-11-25 01:04:33,,0,眼泪止不住HachiHachi
没头脑又不高兴,5,2012-11-12 23:53:05,,0,不敢看2遍
n,NaN,2012-06-18 20:24:04,,0,记得当年哭的一塌糊涂~~好片
蚂蚁没问题,4,2011-04-24 15:48:48,,2,必哭片
AGPの黄昏,4,2010-10-21 23:53:09,,0,我还是不喜欢故意催泪的故事
托塔天王橙橙子,5,2010-03-25 12:07:19,,0,我想我家毛毛了~
陈哈,5,2011-12-08 13:01:54,,6,大多人本来就不如狗
去你妹的,5,2011-10-14 13:21:55,,0,看哭了，虽然情节无太大起伏
leslieQ,5,2011-07-15 21:30:56,,0,最怕狗的我，也不得不敬佩八公的忠诚。。。
Fo.,5,2010-02-10 00:47:44,,0,深夜在房间看完此片，抱着纸巾盒边看边哭，感动得一塌糊涂……明天早上眼睛一定超级肿！无比感动...
老泰瑞,4,2011-07-16 15:11:09,,0,只为最珍爱的坚守
良吉吉Bee,5,2011-08-13 19:20:19,,0,就像一股暖流，輕輕噬進了心靈。永遠不要忘記所愛的人，不要忘記愛過的人。
歌烬徵羽,5,2021-01-20 22:50:46,,9,It'syourdog，butuareit'sall.
harmony orange,5,2011-01-13 18:27:21,,0,iohachi
黄蕉蕉,5,2010-02-25 23:19:08,,0,哭的我浑身疼!!!
WhaThaF,2,2010-04-08 20:54:36,,7,美国人掌握不到日本人变态的细腻，整个电影拖沓且没感动点，不知道怎么拍出来的
乱.,5,2010-06-03 20:18:47,,0,泪流满面
Hey Johnny,5,2011-11-21 21:08:21,,2,这是诚心让我哭死呢。
阿卜,5,2011-08-16 23:34:27,,0,看一次哭一次。。。
一然的海岛,4,2010-04-02 18:27:44,,0,人与动物的故事真的很打动人...
l.m.,3,2010-06-07 23:31:18,,0,是不是我斷斷續續看的緣故，覺得不怎麽樣啊。基本都能預測到故事發展，煽情得也太俗套了吧。
Dita,5,2010-10-11 18:52:32,,0,他们在人群中找到了彼此。主人真是狗狗的全部TOT
锴,5,2010-02-16 15:13:53,,0,日式温情
蓝抑郁剂Lily🌈,5,2014-05-13 14:46:25,,2,我记得张爱玲说过我要你知道在这个世界上总有一个人是等着你的电影里会不时的出现Hachi的视角黑白灰很微妙我总感觉它看见的笑容格外灿烂你有没有想过换一双眼睛换一个方式去看这个世界Hachi等了十年一生里唯一的十年你愿意么
Patrick峰峰,3,2012-07-23 20:59:03,,0,为啥我反而觉得是前半部分挺好看的，到后边感人的地方反而显得有点无趣了
蛔蛔大人的女票,5,2012-01-22 23:01:04,,0,感动ING
零,5,2012-10-19 12:07:38,,0,秋田犬~治愈良片
伍迪伦,5,2012-05-31 18:06:54,,0,导演真不道德，都不说一声就给弄死了
追剧小贫嘴,5,2011-10-16 21:20:53,,0,要不要这么感人！动物有时候比人还有情，默默的等待去守护自己曾经许下的承诺。
渡口,5,2012-08-26 18:29:01,,0,moved
面包和工业光魔,4,2010-06-06 22:16:44,,0,何须看完
筱蓝,5,2010-03-07 21:02:15,,0,同时击中萌点和泪点~~~飙泪哇~~~
锡罐头,4,2010-02-06 20:19:37,,1,在优美的钢琴下，这个故事令曾养过狗的我感动之处潸然泪下。另外片子的硬伤很重：节奏把握的不够好。
Enjoy_時光機。,5,2010-02-10 12:07:07,,0,我家有条应小让。
再不睡就要死了,NaN,2012-06-17 09:28:29,,0,看到飙泪
打盹的青蛙,5,2011-01-08 12:45:57,,0,好漂亮的狗……
温小熊,4,2010-06-11 15:09:58,,0,还是很煽情的，大叔演技比我想象好
小屋乌,5,2010-12-18 10:12:44,,0,我需要这样忠诚的朋友
Augety,5,2012-06-06 22:07:55,,9,有时候动物比人更令人感动，也许是因为人太复杂，而动物简单，纯爱。相信八公和教授会在天堂重逢。
Chenzi,3,2010-02-26 14:32:58,,1,太级式煽情
Mang＊,NaN,2010-06-30 01:04:06,,0,感动...
juvenile,5,2018-01-18 23:36:46,,35,就是那个让我深夜在被窝里痛哭的八公啊，下一次相见的时候，我会努力照顾好自己。
气球少女.,5,2011-03-25 13:45:22,,0,--我哭了一个小时了~我擦--我要么哭的再厉害点~！
歆然,4,2010-04-07 21:48:08,,0,有一些故事怎么也看不够。
DC,5,2010-09-11 16:25:22,,0,秋田犬抵抗无力
MQ,4,2012-06-17 17:31:46,,0,一部好的电影不需要那么多元素，只要娓娓道来一个感人的故事足以。
'Part .。,5,2011-10-24 00:25:05,,0,不哭不行
橘子橙汁123,4,2012-08-12 21:41:09,,0,感动到极致的心疼
夜摩刀,3,2011-05-04 01:20:05,,0,狗狗好可爱，那无辜委屈的眼神哪~不过宠物电影都是一个套路。
八月微光,5,2010-06-29 21:12:19,,0,差点落泪。
沭沭沐沐澄,4,2011-10-13 18:14:38,,0,非常感人，强推！
不羁肉球,5,2010-08-10 13:14:51,,0,哭惨了我终于明白了为什么小八在最后一次去车站的时候玩了它从不玩的扔球游戏是因为它不想教授走（PS：教授好帅啊！）
菜花三弄,5,2011-02-24 21:33:15,,0,55555555555555555555555555555555555555555555
记忆错觉,4,2010-02-07 00:38:19,,0,为那些曾经在自己身边的动物们多加一星
Annabel,4,2010-02-10 10:54:31,,0,哭了
猴面包树,5,2012-06-18 18:43:08,,0,很感人不由自主的哭了好几次
D I D A,3,2010-04-05 21:42:12,,0,大小提琴和钢琴的伴音一搓一顿的不落着地的煽情，模糊事件地点，格局小镇，一切都在LasseHallström的惯有掌控之中。但内容主题如小学教科书般单薄，工业流水线上的合格组装品，齐头整脸但始终缺了神采。
却,4,2012-07-05 23:02:24,,0,那小眼神儿太惹人怜了
唔！,5,2010-03-08 12:44:06,,0,肿眼泡
wing,5,2010-12-04 21:56:15,,0,我也很想要有这样的一只狗狗
Don't Panic!,4,2011-04-04 19:06:10,,0,哎哟受不鸟啦，这片儿太煽情了
沈公子,3,2012-06-17 10:13:38,,0,好像只要是女人看这类片子必然哭得稀里哗啦
oriyao,4,2010-03-29 17:47:19,,0,这狗的眼神好凄美
路诶诗不昂,5,2010-08-11 14:14:56,,0,五星电影！感人的故事架构，整体氛围营造很好！推荐！
ys,5,2011-11-05 13:41:33,,0,这真是漫长的一生阿。其实狗狗什么都知道RT想念的树:Hachi就是爱一个人过一生了。
凌之行,5,2012-05-26 00:30:16,,0,永恒的守候。
laurenⅢ,5,2011-03-23 14:05:07,,0,我会永远等你
無需男人姐有手,5,2012-08-21 17:36:16,,0,确定了等的就是一辈子
Vince♫,5,2010-07-22 09:32:28,,0,5555
L I M O,4,2010-02-21 16:43:18,,0,誰能像它忠誠等待？
luu,4,2010-02-26 19:13:17,,0,Hachi.Youhaveneverforgotwhoyoulove
包子,5,2010-04-30 13:45:59,,0,我爱真实
麦茬,3,2010-05-15 01:30:32,,0,有些故事离开了它真实的发生地点，就有点水土不服。况且是如此日本味的故事……
烟挞听敏,NaN,2011-11-27 12:31:36,,0,JUSTFOR催泪
shaguaYIg,5,2013-04-13 18:40:48,,0,永远不要忘记你所爱的人。
=_=秋叶,4,2011-01-06 15:43:55,,0,很戳泪点，狗狗的忠诚温暖人心
Mahone,5,2012-02-05 15:18:50,,1,你从哪开始哭的
薛易,4,2010-03-14 12:51:20,,0,李察·吉尔这张老脸真不错
roy,5,2012-05-25 19:47:49,,1,我承认到电影的结尾我眼眶湿润了......
only,5,2012-06-15 15:20:59,,0,看了两部关于狗的日本电影，在我印象中，动物是最难把握的，了不起呢。。。
流星小将,5,2010-09-17 00:52:05,,1,忠诚的含义~永远都不能忘记你所爱的人，默默守候
老鸭,5,2010-02-07 11:43:17,,0,主人我来了
旭亮搜神记,4,2010-04-11 23:48:21,,2,狗狗表情和肢体语言最精确的狗电影，没有之一。
左脚袜子,5,2012-06-17 10:58:57,,0,就这样被你的温情感动，观影过程中生怕出现变动，很惊喜，只是如潺潺溪水一样静静流淌，很感人，我真的哭了。
月球漫舞者,3,2010-06-03 21:58:36,,0,看了RedDog后决定降星到三星半。
J.Y,5,2011-03-04 15:56:57,,0,触到我泪点了...
小小白药不能停,3,2011-04-26 14:52:49,,0,一般
马克兔温,4,2010-02-09 14:08:24,,0,喜欢秋田犬
小biu~,5,2011-02-15 20:21:13,,0,小八……
樹一,5,2010-05-01 21:39:37,,5,故事的节奏很温婉，温婉得不像是美国电影，但是却一点都不让人觉得困倦。我们总说为了谁谁谁贡献了整个青春，回过头来想还觉得悔恨和浪费，但作为一只狗，他能为主人贡献的却是整个生命。
流氓兔,5,2017-02-28 20:26:29,,5,我没养过宠物，一直不懂一些爱狗人士。这电影我朋友推荐的，一直推荐我，我心里是拒绝的，因为我不喜欢这种题材，所以不怎么感兴趣，直到有一天无聊了，就找来看了，结果看完后哭成🐶，拍的真的好感人，也能理解一点爱狗人士了。谁有八公这样的宠物不得使劲的宠？搞得自己都想养一只了
如果茶知道,4,2010-04-26 23:18:06,,0,哭死我了。。。怎么能让人家一个人在那里等那么久呜～
静眠虚空,5,2010-04-17 00:04:45,,0,哭的上气不接下气了。。。。。。
养生少女顺来多,5,2011-04-04 11:31:48,,0,养只hachi
Agness  Z、,4,2010-02-12 10:21:30,,2,《NANA》里奈奈的绰号八公就是由此而来的。
Ashley,5,2010-02-12 13:30:18,,0,爸妈在厅里吃饭，我只得强忍住泪水.......
颠迦,5,2012-12-01 18:31:10,,0,如果你不爱他就不要靠近他
Joe,4,2010-02-17 04:57:02,,0,果然是日本原著，难怪开场那里始终感觉格格不入
★冰凌宫★,5,2010-03-30 01:25:05,,0,对于一部这样的片子，我们还能说什么呢，虽然是翻拍的，但是更能赚人热泪，尤其到后面时，他们再度相见，很感人！
BIGD,5,2010-04-16 23:39:53,,0,新藤兼人就是神话。小学看漫画里面就有涉谷八公的雕像，那时候完全没在意，现在才知道八公是这样的一只狗...
深夜的阿斯伯格,4,2013-05-28 14:19:55,,4,水深及膝淹腹一寸寸漫至喉咙浮在河面上的两只眼睛仍炯炯然望向一条青石小径两耳倾听裙带抚过蓟草的窸窣日日月月我在千寻之下等你水来我在水中等你火来我在灰烬中等你
仨门儿,4,2010-02-16 01:51:27,,0,哭了。。
九秋蓬,3,2010-02-10 15:40:51,,0,虽然被骗去了不少眼泪，但片子总体仍旧平平。
克里斯朵嘎,5,2011-01-03 12:48:35,,0,煽情派的经典~
菲利普,3,2020-08-14 14:57:48,,8,节奏很好，故事简单，评分太高了。
H.m,5,2010-03-31 19:13:46,,0,看的我鼻涕狂流
弗拉基米尔,NaN,2010-10-10 10:26:51,,0,youdowhatyouhavetodoit's10yaers
v酱,4,2012-08-11 06:47:35,,0,老年的hachi一出来眼泪就刹不住。秋田犬演的太好了TT。OST很棒。有机会去东京的话一定去涩谷站看看。
泥鳅鳅,5,2012-10-03 23:48:01,,0,哭成SB了，眼睛肿了。。Hachi你冷不冷。。
Sodayui,5,2010-05-09 21:50:39,,0,老伙计，我一直在等你。（狗且如此，人何以堪。）
maldini3emily,4,2010-02-28 17:16:22,,0,被爱着然后突然间失去一切被独自留了下来hachiko的哀伤可是它有着它温暖的爱我想见见那个雕像
榌舞の~雪児,5,2011-07-25 10:27:46,,0,狗能够对它认为对的人而守护一辈子，人能够吗？
pt,4,2010-03-22 14:19:48,,0,我要赶紧挣钱然后买个大房子就可以养只大狗了
普莉恩皮察雅,5,2013-07-16 16:03:24,,0,哭的眼睛红肿了一天2012.9.15
胡涵之,4,2010-03-25 07:36:39,,0,相信就美好了
Pixie,4,2010-08-19 03:52:58,,0,减一星，因为作为一部赚眼泪的电影没把我搞哭还是有点失败的
虹口一条龙,4,2010-04-19 13:06:35,,0,以前我不懂别人看马利和我有什么好哭的。现在养了卡卡之后，一看狗片就不行了。卡卡，你也要像Hachi那样忠啊！
傲娇续小肥,5,2010-08-13 18:19:46,,0,好感人~狗狗也可爱
八月,5,2010-10-04 19:29:56,,0,红了眼眶，这份等待让人心碎！
渡边,4,2011-01-13 14:41:12,,8,狗这东西真是心头上的一块肉，触碰不得。
麓人,4,2010-05-14 21:19:24,,0,3.9
関内音音,4,2012-06-19 15:28:15,,0,好萌好萌好萌打滚状
小鱼微漾,5,2012-09-03 18:29:17,,0,我存在只为守候你归来。这样美好纯粹的情感，人和人之间不可能有。
ButtMan,4,2010-02-10 02:42:03,,0,非常感人啊连从不落泪的我也忍不住了
lanca,4,2012-08-28 16:12:07,,0,哎呦，真催泪，要命
小忌廉,4,2011-09-17 16:38:38,,0,我想说这部电影我没哭
nolike,4,2010-06-10 15:39:43,,0,人永远不会有狗忠诚。
A-Mian,4,2010-04-03 21:45:59,,0,这片子其实配乐尤其重要。总的来说很不错。而且还是真实故事所拍，动物十年的感情，情何以堪啊！
元宝宝,4,2017-04-30 19:58:45,,2,不要小看一条狗，它认真起来，人类都比不了！
想退休的她,5,2012-10-08 09:43:58,,0,看哭了，累
Leeyone.H,5,2010-04-11 20:17:28,,0,一期一会
RR,4,2010-02-12 17:32:04,,0,还是不要养狗吧唉
一些梅干，,5,2011-03-15 22:46:06,,0,水来我在水中等你，火来我在灰烬中等你。日本人总是把羁绊诠释的那么完美。。从三分之一开始哭到最后，本年度看过最感人电影
逆风青年点叉叉,4,2011-08-05 23:27:29,,0,OST很美~
无言的世界,4,2012-09-03 15:43:28,,0,时间的生命都具有执着的品质？反正狗具备。不离不弃的忠诚，为什么那家人在那么多年里没有继续收养八公？唯一支撑着八公的只有期盼。
走马,5,2011-04-18 20:23:54,,0,为你捡一次球~
凉老板,5,2010-02-10 23:53:12,,0,真TMD泪流满面。。。。实话说几年前我就想再养一条柴犬的此片让我更加坚定这梦想
madaoooo,5,2011-07-27 21:39:43,,0,最后的一晚，八公知道寿限将至，蹒跚的从火车下回到火车站门口，趴在等了十年的地方，静静的等候教授的呼唤
KO DAN,5,2010-03-25 16:26:35,,0,非常感动。我只能说大家去看吧。我都哭了呢。Hachi~~
人类学科研究员,3,2010-02-10 02:10:58,,0,我错了，我不应该把日版和美版放在一起看的--...改动的地方真少....感动不起来了。不过应该可以轻易在美帝引起秋田犬热潮，没问题吧。
菠萝蜜个隆冬强,5,2011-03-06 19:21:43,,1,真实故事改编、一开始觉得没什么、后来才慢慢感悟到平凡的那种感动、那种冥冥的平凡之中的那点感动
Moriarty,5,2012-01-28 14:28:44,,0,催泪大片，排毒良品。感动
无力-Jokmatt,4,2010-04-02 13:49:57,,0,我相信如果日本人来拍会更好看
alan sister,5,2011-01-26 23:54:21,,0,故事在简单不过了，但就这个故事，感人至极，狗永远是人最忠诚的伙伴！看到女主人和小八一起等一班车的那段，实在控制不住自己的眼泪！
什么,3,2012-02-13 20:13:03,,1,看狗..............
天地心任徜徉@做无知的有识之士,4,2012-08-18 08:57:37,,0,感情是枷锁，尤其是对方不求回报。整部影片手法驾轻就熟，配乐令人印象深刻，狗演员的表演异常出色。
髦髦,5,2011-12-25 05:36:36,,0,★★★★☆煽情一片一片的，秋田犬太棒了
tuirt,5,2010-03-28 23:08:25,,0,哭死在那里
渭川,5,2010-03-14 12:19:58,,0,HACHI挺帅的~想到NANA叫奈奈HACHI了
音五六//  Jee Zark,5,2012-01-08 23:01:13,,0,这受不了这类让人伤心的电影抱着纸巾盒看吧
戴泰德,4,2011-06-05 18:32:59,,0,虽然翻拍自日本，少了些原有的风味，仍不失为一部感人佳作。秋田犬极通人性地蹒跚走在铁道上等待主人时赚足了眼泪。另外以八公的眼睛看世界也使得片子更加纯朴动人。
pinkjar,5,2010-03-20 14:05:24,,0,我把饭团一代入简直就不想理他了。
pu~,4,2010-07-18 00:05:16,,0,……狗儿永远是泪点……
安狄,5,2010-05-19 08:47:46,,0,HachiisagooddogandIlikehim.
有多远走多远,4,2010-10-31 13:40:24,,0,小狗演的比李察基尔出色得多，但是整体片子比日本版差远了
卤猪蹄,5,2010-05-14 21:18:02,,0,哭屎了
無有传播黑人,5,2011-05-27 22:16:38,,0,It'saverywarmstory，whatisloyalty
刘康康,5,2015-04-21 00:20:31,,2,养狗的人真心看不了这种电影，几乎从一开始就在飙泪……
刘小黛,4,2010-02-09 18:22:04,,4,无论你到哪里，我都追随你的脚步。
Heyvin,5,2011-05-18 16:59:10,,1,翻拍自日本的《忠犬八公物语》，但比原版更注重主人公与狗狗之间的情感的培养与交流，而且比原版更富温情和感动。哭成个泪人了，强烈推荐！
k_Kei,4,2013-05-12 12:17:47,,1,狗狗电影都是重磅催泪弹
麦兜,5,2010-02-08 22:37:52,,1,一只狗的纪念！
伊苏林迪夜光蟲,4,2011-11-28 14:13:07,,0,有点拖沓不够煽
小鱼,5,2010-04-03 19:56:23,,0,我终于看了这部电影hachiko犹豫的眼神让我内心瞬间柔软起来真的是一部好片还有很多好演员
肥壮壮,4,2010-04-05 15:16:29,,0,又一部动物催泪片，只所以感动，是因为很多狗狗能做到的，而人做不到，居然打到了9.1的高分还真想不到
Frogod.,5,2011-09-24 11:54:28,,0,涓流
Memento Mori,4,2010-02-14 12:04:56,,0,大冬瓜给我的建议是，把纸巾夹在眼镜下。于是今天靠着这一招又哭湿了好几张纸巾。我不愿养狗，就是害怕离别。
林亞珍,5,2011-01-19 18:17:59,,0,一直流泪..我又要秋田犬!!!
胖跳跳,3,2011-12-27 22:24:35,,0,我只承认这部电影的感人程度，除此之外........
小儿熊儿妮儿,4,2010-07-03 08:50:23,,0,等了十年TTTTTTTTTTTTTTTTTTTTTTTTTTTTT
四喜Habilidosa,5,2010-03-14 18:24:06,,0,还真是催人热泪啊
。,4,2010-02-03 22:29:29,,3,上年纪了泪腺松弛了
随风飘洋,5,2016-10-09 21:50:26,,3,看了美版又跑去看日版，真的眼泪是不自觉默默的流下来，我简直是找虐
已注销🇨🇳,5,2012-10-04 12:18:28,,1,主人不在了，hachi還是一直在等他回來，那小眼神，催淚啊。。。TT
kidsama,5,2011-05-08 20:56:42,,0,QAQ。。。Visa我一定好好待你。。。。
coolwind,5,2010-04-05 14:37:11,,0,小八公爬楼梯的样子太可爱了，哈哈
大河马,5,2011-11-23 20:36:40,,0,忠诚的意义
布鲁索姆,5,2010-02-25 02:33:01,,0,哭得累死了。
泥泥,5,2010-11-30 22:40:13,,0,我总是说，养狗狗唯一难过的是它们会先离我们而去。看完hachi，我觉得，还是让我来承受这份难过吧......
阿梦,5,2012-01-09 10:55:37,,6,[弟弟推荐]在所有美德中，我想忠诚、相守是最美的。八公一直蹲在小镇车站，风雪无阻，可是教授不会再回来了。熟人对八公说，你不用再等了。八公不听。忽然想起那句俗到恶却应景的话：深情必将以死句读。我会一直等你，不管生离还是死别，直到死亡将我带离开你。
冬贝与9-13刺青,5,2010-07-04 21:14:00,,1,哭了感人……
米团,5,2010-06-18 11:10:49,,0,哭死了
兔子国蓝眼睛,5,2010-06-05 00:09:42,,0,人的一生也许可以拥有，但对于狗狗来说，主人就是它的一生。
歌默,5,2012-05-25 20:33:11,,0,喜欢狗，有灵性，是人类的朋友，所以我不吃狗肉
拾柒℃,5,2012-05-25 17:47:53,,0,看得稀里哗啦~很感人，值得一看！！！！！！
沫漓,5,2012-05-25 17:21:38,,0,最感人的就是一份坚持到死的感情。。
style,5,2012-05-25 22:00:38,,0,为数不多的能够让我落泪的电影！！！
猫小宇,4,2012-05-25 19:05:38,,0,感觉没有日本版的好
消释,5,2012-05-25 18:22:21,,0,真心感动，每看必哭。。连老公不喜欢狗狗的人都看得泪流满面，里面的配乐也很赞。。
子爵91,NaN,2012-05-25 19:40:36,,0,狗狗确实是我最爱的动物。我们家亲爱的狗狗，我每次上学放学的时候你都会送我出危险地带，你怕其他的狗咬我，于是上学的时候，你把我安全送出，待我走过之后还远远的望着我，回来的时候又提前来接我，我好想你！你走了大概有六个年头，你在另一个世界过得好吗？对不起，我们没保护好你。。。。。。
冷色水才,5,2012-05-25 23:02:42,,0,人和动物简单而伟大的爱！！！
果拾,5,2012-05-26 01:00:44,,0,别样的感动
越小墨,5,2010-06-14 12:48:05,,0,很重。
苦杏仁的气味,5,2010-03-17 15:16:15,,0,当人们都试图通过这样或那样的方式来忘记逝者时，Hachi却用行动诠释了何为钟爱一生，不离不弃。在动物面前，人的感情显得多么卑微与狭隘。
西决,5,2011-01-30 15:38:07,,0,好啊
十个斗的眼窝浅,5,2010-03-08 20:31:53,,0,哭了~~~~~~~~~和动物有关的就是感人~~~~~~~~~~
至尊寶『x_x』,5,2011-04-13 10:06:12,,0,关于爱和等待的故事。偏题地觉得，对宠物的付出既然能得到相同的回报，很多年以后，没有人爱，便养聪明的宠物，爱它们，给它们取自己爱的人的名字。
积木,4,2012-01-18 19:58:25,,0,看完了都还不忍回想~一回想就又会鼻子发堵~~
Tristan,3,2012-07-12 10:48:42,,0,没有拟人化的狗狗形象，没有乱糟糟的黑人兄弟配音，这部以动物与人之间感情为主题的电影，不以喜剧为出发点，而是以一往情深击中观众泪点。我相信很多人一直不敢再养宠物，是怕辜负了那份信任与等待。
孟德尔的豌豆,5,2012-06-18 21:37:59,,0,我想养一只大狗！我想养一只大狗！我想养一只大狗！我想养一只大狗！我想养一只大狗！
トイレ,5,2012-06-18 21:29:08,,0,Hi，Hachi!
一隅天空无逸致,5,2012-06-18 21:15:13,,0,眼泪不由自主就下来了
可爱的敏敏同学,5,2012-06-19 00:05:50,,0,neverforgetthepeopleyoueverloved.Goodone!
含心雨,5,2012-06-18 20:59:36,,0,看过的最感人的电影
苏提。,5,2012-06-19 00:12:29,,0,电影出来的时候，各种原因一直没有去看，隔了这么多年才想起。女友不喜欢狗。也想为自己以后再养狗做铺垫。电影没什么好说的。感人不已。自己在才读大学的时候。也曾养过一只萨摩。可转送多人，最后连下落都不知。十年对于一支狗来说是一辈子的时间。那人？可笑的是人的世界五光十色，还不如黑白灰。
CrackyJulie,4,2012-06-18 18:50:50,,0,如果世界上也有一只为我而生的Hachi，我永远也不会孤单。
yasmine,5,2012-06-18 22:45:07,,0,欧(>.<)真的是感动的一塌糊涂It'smorethanadog'sstory.
乔小米,5,2012-08-12 08:11:06,,0,温馨，感人
HALO未来,5,2010-03-18 22:39:18,,0,感动！狗狗啊，爱死了
北京黑眼圈,5,2013-01-03 21:29:11,,0,我们的生命太长，做不到Hachiko那样简单的爱一个人。哭死我了
西北之境,5,2010-04-06 23:17:05,,0,其实我也想要这样的狗狗
annie妖,4,2011-02-20 19:46:21,,0,一路狂飙眼泪。。。我不是你的全部，可我的世界却只有你。所以尽管你不会再回来了，我却还是每天每天等待，因为除此以外，我不属于任何地方。。。
hedgehog,5,2012-08-24 01:07:09,,0,嗯太感人了
Maggie啊啊啊,5,2010-04-28 22:19:25,,0,没有华丽的开头，没有跌宕起伏的剧情，整整十年，将近死亡，闭眼瞬间……十年对于hachi还说已经是一生，它用了一生等待它爱的人，有多少人愿意用一生去等待一个不会回来的人？电影总有感人的一瞬间，但看完这部，瞬间我已经忘记了在哪里。如果我走了，千万不要等我，我会很难过。
wantonqueer,4,2010-11-22 01:10:52,,0,爱猫党路过。
北极星,5,2010-03-16 16:20:55,,0,“永远不要忘了爱你的人”太感动，太催泪了，没想到美国也能拍出这么让人感动到不行的电影，没想到这还是一个真实的故事，真的很让人感动。
ningbokai,5,2010-02-12 02:06:36,,0,强烈催泪片~
feather,5,2010-02-07 05:00:25,,0,哭死TAT
Crazy  太阳,4,2011-05-24 18:27:20,,0,我喜欢这狗狗，更喜欢这个老人。的那种爱。
老罗Lazzaro,5,2012-10-05 02:35:37,,2,从开头的喜得秋田犬小八Hachi到结尾十年死守的催泪情节，处处充满温暖与爱。影片中一只狗都能执着到用自己的一生为一份维系的爱守候十年，人更应该“永远都不能忘记你所爱的人”。这部由真实故事改编的动情电影，诠释人与动物之间的爱，不愧五星催泪高分片了。
大-燕-威-王,4,2012-06-24 21:27:49,,6,其实我不是很喜欢这类型的催泪片。但我很喜欢电影对八公的感情定位：狗狗不会因为忠诚而守望主人，它只会因为爱主人而守望他。“永远都不能忘记你所爱的人。”
BIOTD,5,2010-04-25 13:47:41,,0,九年。
陈小桃,5,2010-10-30 19:45:20,,0,养条狗能等你十年，找个男人能等你多久？这片子的哭点快赶上大地震了~~~
Emily,5,2010-07-31 16:29:14,,0,一直哭啊哭~
helencat,5,2012-06-19 12:50:11,,0,比日本版的更加温情，大概是美国人对狗更有感情的原因吧。
Lynn,5,2010-09-30 19:33:22,,0,其实是很平凡的故事，但是八公的小倔强让人哭到打嗝。
-BT-,5,2011-01-12 14:14:53,,0,温馨……另外，琼艾伦优雅的气质留给人深刻的印象
Mioko,5,2010-09-27 23:19:33,,0,啊啊啊，太感人了
骑士的蒙太奇,5,2011-11-06 12:05:53,,0,我的年度电影。本想写很多东西，但是，再多的语言也是苍白。一切都融化在结尾那尊雕像里。
攸宁陶陶,5,2011-03-27 20:43:55,,0,要拿你们怎么办
王小花,5,2011-10-08 22:44:20,,0,哭得可惨了……
请你吃童话,5,2016-10-06 11:09:10,,4,如果想尽情流泪就看这部电影吧
麻花君,4,2010-03-08 18:21:38,,0,真是漫长的一生呀，八公
尔黑我！,5,2011-12-13 04:51:37,,0,竟然在网吧里面哭得稀里哗啦！丢脸极了~
仿真男孩哪吒,3,2010-02-11 15:30:56,,0,美版的只知道煽情
乐天,5,2011-04-23 07:32:43,,0,感动得一塌糊涂。
王二,5,2010-05-03 11:10:46,,0,他只有你一个他学会捡球是为了你
ccinn,5,2011-10-07 00:40:54,,0,眼泪止不住往下掉
嘉多利沒有花,5,2010-07-12 16:58:25,,0,衣不如新，人不如舊。
细细,5,2010-03-15 02:11:29,,0,怎么办我想养一只
豆瓣不要酱,3,2012-10-21 20:08:04,,0,费我多少面巾纸
老探戈,4,2010-04-28 09:42:11,,0,嗯，交个女朋友不如养条狗~
夜空飞行的银鱼,5,2010-03-24 23:17:28,,0,哭得乱七八糟~在狗狗的世界里，主人就是唯一啊。
昆德拉密度美学,5,2020-03-27 12:33:05,,2,pov没给李察吉尔，给了八公。李察吉尔倒地的时候，既没有慢镜头，也没有一生的闪回，甚至没起煽情音乐。八公故事登报后，没有蜂拥而至的游客打卡。从头到尾，没有人抱着八公泣不成声，除了结尾孩子的言语，没人刻意升华故事的内涵。这些“没有”，是我很喜欢这部电影的地方。我的眼泪，也为坚持自己道路的八公而流。
Arrhyth,4,2011-01-04 02:23:14,,0,啧啧啧啧，那天那么一个下午。
小狮子,4,2010-08-27 01:11:49,,0,其实这是特简单一故事，而这简单故事却有着制胜的武器，那就是——感人。由于它真实，所以更加感人。
[已注销],5,2010-12-22 02:43:24,,0,被它爱10年，真是不枉一生了。
水水,5,2010-04-09 20:56:46,,0,每次看这种人与狗的故事都会泪流满面
一个劳动人民,3,2011-01-15 15:27:55,,0,三星半，非常感人，但拍的太单薄了
古耐ღ猫宁,5,2017-01-05 10:13:05,,1,哭成小八……真是人越老就越不能直视生死离别啊！年轻的时候喜欢找这种温情片来令自己感动，年纪越大越不敢看这种类型片，因为会被牵引出太多对往事的遗憾，对现实的无奈，和对未来的恐惧。
安小洁,4,2010-03-13 18:39:03,,0,所谓忠义，无非就是等待。
井戒,4,2011-07-25 16:16:00,,0,它们的情感真挚、忠诚。“永远不要忘记你所爱的人”真的养一个动物的话，还是喜欢懒洋洋贱兮兮和我一样的猫同学，看着它挺尸一般横卧在沙发上占着一个座位睡觉~
胡桃夹子,4,2010-03-22 18:57:45,,0,忠诚！
基耶斯洛夫斯基,5,2010-03-14 22:06:41,,0,感银
takinono,5,2010-02-11 23:28:31,,0,哭饱了
Wuiia.,5,2010-02-27 23:12:30,,0,我操。。我这么铁石心肠的一傻逼为什么看这平淡无奇的片儿的时候只能靠大嚼香肠一顿猛咽才没内牛满面。。这到底是为神马
古时月,3,2010-06-23 14:20:58,,0,感不动
猫阿水,5,2011-06-14 05:31:33,,0,小八，你辛苦了。。。
臭臭,4,2010-02-07 18:45:09,,0,秋田犬~
Cherry Chi,4,2010-04-03 12:36:33,,0,为什麽那么多五星。。。看见狗我就闹心
萬徳褔,5,2010-02-21 13:18:50,,0,看原作哭老，看翻拍还是哭老。。受不了秋田犬哀怨的眼神。。理查德演技真的不咋样。还不如那只狗。。。
ragtag,5,2011-07-03 22:36:27,,0,OH，HACHI，YOU'RESTILLWAITING~~~TEARS
caramel,3,2010-03-13 00:00:49,,0,我以后都不看狗电影了，每次都把眼睛弄肿
Chariey,5,2011-04-18 11:06:16,,0,止不住的泪奔，每次看到小八在车站的等待都让人心酸，他连教授的最后一面都没看到。。。
ken_zhang,4,2010-05-10 23:03:45,,0,催泪弹一枚。无论人还是狗都表演的很好，而且用第一人称视角描述小狗看到的世界，很有感觉。
小肚子✨,3,2010-02-26 17:35:43,,2,片子一般八公很乖赚人眼泪的力作!
utm,4,2011-02-26 16:11:04,,0,主要是推荐这个故事
喜浢浢,4,2012-06-25 02:27:03,,0,(⊙v⊙)嗯。喜欢
赫舍里清如,5,2017-02-04 18:08:58,,3,永远都不会忘记在那个站口等你😭😭
Summerpie,3,2010-05-08 23:41:40,,0,最佳演技奖给那条狗。除此之外，再无吸引眼球之处。
