user_name,star,comment_time,geo_ip,vote,short
萨萨,5,2009-07-24 23:40:51,,6294,最后那些最无聊的事情，才是我最怀念的。
Mr.王™,5,2009-07-23 17:19:08,,2276,有史以来最强壮的老爷爷和最轻便的房屋~一群最不靠谱的狗和一只引人发笑的怪鸟~外加一位惹人喜爱却戏份不多的老奶奶，组成了一部我大爱的好片！
momo,5,2016-09-10 21:25:01,,2368,最让我感动的是电影开头，这对夫妻志趣相投、相濡以沫，我想自己能不能找到这样的另一半呢
昏金暗玉,5,2009-08-05 14:13:27,,1523,从头哭到尾
Orchid,4,2009-05-13 21:55:23,,2840,“我总是记得那些无聊的小事情……”“感谢你给了我精彩的一生”，简单并深情着
汽车大师,4,2009-08-04 20:35:26,,1961,去掉小孩，坏蛋，狗，鸟的话，这会是部完美的短片，but......;那段夫妻蒙太奇应该是我迄今最喜欢的pixar段落了;有一点不得不佩服pixar，拍的第一部3D就能完全摒弃滥斛噱头；而片头前那个“国内首部真人3D电影”的三分钟预告片，足以列入反面教材的经典了
阿北,5,2009-08-07 23:48:54,,1279,史上第二彪悍钉子户的离奇拆迁故事。Pixar完美地成熟了。
文泽尔,4,2009-08-09 14:42:05,,952,基本是儿童剧，最感人的部分一直到屋子初飞起的那一刻，之后就一直在梦游了..=。=原本以为一切奇想不过是卡尔在再遇女孩那晚所做的一场梦，并且第二天天亮她还会来找他的…对男孩子气的艾莉的印象实在是太深了，这片要是只选取到艾莉死时，卡尔飞起气球，就是满分。皮克斯的技术没得说，因此4星
后天的雨,5,2016-11-03 22:28:31,,1107,在影片最开头对老夫妻一生的回顾无疑是最大泪点，他们过了很好很幸福的一生，当垂垂老矣，他们仍深爱着对方，就算你已不在，也要带着他们曾经共同的梦想在生命的最终冒险一把，就像小朋友不畏惧一切的好奇心，对生活对梦想，再大的年纪都不是阻碍
hanahana,5,2009-08-05 09:40:24,,784,爱和梦想，勇气和希望
Doublebitch,5,2009-10-26 19:23:03,,645,几十年的夫妻生活浓缩成几分钟那段美好死了。
岚,5,2009-08-05 10:34:11,,364,近乎无可挑剔..
米粒,5,2009-10-31 18:49:25,,303,PIXAR总是这么perfect.原来和爱人相守一生是最大的冒险
同志亦凡人中文站,5,2012-07-20 20:12:37,,172,触动内心最柔软的温情
胤祥,4,2010-02-17 23:51:18,,680,前12分钟完美，后面剧作不及技术好。
木卫二,4,2009-08-06 00:40:44,,697,为爱妻遗愿，老钉子户一飞冲天，远赴南美寻梦
波波维奇,5,2018-02-28 10:28:27,,192,相识相爱相伴到老是人生最浪漫的事。其实爱情不需要轰轰烈烈，柴米油盐普通的平淡的生活才是最真实的。珍惜人生旅途中陪你看风景的人吧。
PaulineW,5,2018-03-06 00:30:57,,56,我们都有过梦想，但长大后实现的人寥寥可数！看过这部动画片的人，或许你和我一样想到自己曾经的梦想，有没有努力，自己知道，看着身边一个个边看边哭的样子，我想这部片成功的地方在于孩子们的热情与梦想都是无限可能的，虽然我们随着年纪增长而缩小了范围，但那依旧是我们曾经的梦想
花落  思量错,5,2017-04-09 00:12:13,,141,开头浓缩的一生，从小变老，简洁的一生确实最真实幸福的一生，爱不需要华丽的语言去修饰，爱只是简单的陪伴，那些看起来不起眼的小事，才是回忆里最温情的东西。
影志,4,2009-05-19 01:20:09,,653,梦想，多久开始实现都不晚。《冰河世纪》也好，《史瑞克》也好，永远都赶不上皮克斯动画的情怀与意境。
朝暮雪,4,2012-08-07 16:05:10,,371,最震撼的片头，5分钟见证一生。
陀螺凡达可,5,2011-12-28 07:02:19,,38,期待8个月，皮克斯居然没让我失望！
~月~,4,2009-08-04 20:29:56,,308,PIXAR总是能带来最单纯的美好
杨迪,5,2009-12-19 14:37:19,,64,皮克斯无法挡，我对这部太有爱。次次看都必哭。。。。。
笑盹儿,4,2009-07-10 05:19:19,,169,SouthAmericaisAmerica，butinthesouth.
冰山李,1,2014-03-13 09:46:39,,57,感覺跟大家看的不是同一個片
一起吃地瓜,5,2018-02-28 10:37:52,,95,想去那座山看看，很遥远在南非，希望能找一个人陪我去。很多人都曾梦想去某个地方，梦想去环游世界，现实中的负重让人很难迈出这一步，如果有勇气真希望走出去好好看看这个世界。
春风不解意,5,2018-04-30 23:27:29,,31,平平淡淡的温馨才是生活的本真，幸福也不过如此。
丁丁虫,5,2009-12-11 01:05:16,,37,前15分钟果然是神作
:-O一觉醒来,5,2017-04-08 15:43:06,,28,梦想不在乎年龄不在乎时间只要你想
岛上的夏奈,4,2016-04-02 07:36:41,,78,活着的时候完成心愿比较重要。
潇湘烟雨,4,2018-02-03 10:41:24,,115,影片温馨感人且有趣味，发现主角的偶像是最大的反派这个跟寻梦是一个套路啊
颜良辰,5,2009-08-06 00:48:22,,41,最美好的冒险就是和你一起厮守到老。
dd,1,2010-03-06 19:16:33,,29,为了一只鸟，毁掉伟大科学家一身的梦想和尊严.以及生命.
掉线,5,2012-07-02 13:50:53,,295,开头的五分钟就可以秒杀绝大部分电影
幕天席地,5,2017-02-14 11:10:10,,29,好温情的电影，这是最可爱的钉子户
石头星,4,2017-02-14 21:15:43,,66,生活需要童话故事。
👹天神的审判,4,2018-03-16 11:04:20,,39,非常不错，电影讲述了一个老人和孩子之间的奇妙之旅，向我们表达了追求梦想时需要坚持的勇气和信念，很喜欢罗索和老爷爷他们两个人从一开始的相互嫌弃到后面的相依为命相互救赎很感人。里面的逗逗狗很可爱！
bamboo,5,2010-08-12 23:41:44,,28,实质是温情的爱情片吧~~~我最近喜欢动画片的原因是不想看到人类的脸；它总是把任何感情拍到你理想的最美的境界；一定是happyending可以安心睡觉
橘猫爱吃鱼,4,2018-05-06 09:06:18,,58,这就是美国人的精神，冒险，是不分年龄的。
遇见彩虹🌈,5,2018-03-08 10:50:15,,62,充满想象力和温情的影片。也许现实让你一次次与梦想擦肩而过，但不要忘记和放弃去追求最初的梦想。气球拉起屋子的那刻真的震撼。我的冒险日记很感人，感谢你带来的这段美好的冒险，现在开始属于你的新冒险吧！
大奇特(Grinch),4,2009-11-12 22:13:05,,51,皮克斯今年的动画依然感动地我一塌糊涂，中间的冒险是给孩子看的，我只喜欢前15分钟的无声胜有声，以及片尾曲里卡尔填补了冒险书里的新冒险，当然还有卡尔向艾丽承诺的这场圆梦之旅的执著精神和他的爱~
橐龠,4,2018-03-16 11:50:04,,39,虽然不是很喜欢结局，那个奶奶去世了，爷爷才去历险，但是情节很吸引人，会多次观看
嘉沐難再續.K,5,2009-04-26 22:51:13,,18,最好的動畫
东篱,5,2018-05-07 09:06:20,,16,生活中最美好的事情莫过于此，没有轰轰烈烈的爱情，却处处充满平平淡淡的温馨。
江河海,3,2009-07-20 08:36:20,,3050,前面几分钟就让人落泪，后面却越来越不靠谱
风信子,4,2018-04-30 19:20:13,,29,美好，希望。
逍遥兽,NaN,2009-08-11 13:08:20,,1550,好莱坞逻辑——只有主角的梦想才是梦想，反角的梦想都是邪念。。。
世界尽头,4,2018-04-30 08:26:11,,30,一个老人还有心去完成自己和亡妻年轻时的梦想，真让我觉得非常浪漫了。带着房子去旅行，好想尝试一下。
徐若风,5,2012-03-16 19:37:28,,10,“我总是记得那些无聊的小事情……”“感谢你给了我精彩的一生”【2009年度最佳】
甜椒Oli,4,2017-04-08 21:13:09,,30,有梦想谁都了不起
翠蝶🌸羽生✨💫,4,2018-04-07 18:28:16,,22,如果说去旅行去冒险是为了遇见不曾见过的美妙景色，经历不曾经历过的精彩人生，那么与你相遇相守是我能想到的最美好的冒险！
biang,4,2018-05-04 21:01:26,,27,温馨的伊始，从两小无猜到白头偕老，以让《飞屋环游记》蒙上令人神往的基色，为了一生承诺那荒诞忍俊不禁的“飞屋”传奇，并非仅是卡尔践行妻子的遗愿，更令自已走出了用回忆禁锢自我的心灵牢笼，生活永远不该失去的是爱与希望。
巴别图书馆主人,4,2022-01-20 22:34:59,,34,我有个疑问，为什么童年的偶像可以活这么久啊😂😂
小晗要当锦鲤,4,2018-05-04 20:58:23,,24,因为爱情的牵绊，他们搁置了环游世界的冒险，细水长流平淡到老，彼此厮守的人生便已圆满，抵得过任何梦想的错失。因为回忆的牵绊，即使她已故去成为墙上的遗照，即使他已从木讷少年变成顽固老头，也要带上曾经共同的小屋，乘风起航奔赴他们儿时的向往。
老晃,3,2009-08-07 15:47:16,,160,皮克斯第一次，让我觉得，比较没劲
fateface,5,2010-02-15 02:26:04,,19,最经典的部分在第11-15分钟之间，让人眼泪掉得最快的电影之一。
海鲜高汤面,4,2017-04-12 20:08:25,,21,陪小朋友看，结果自己太感动了。
哈哈哈啊啊啊,4,2018-05-01 20:44:48,,14,我们的一生都在追逐着梦想，有你陪着真好。
emillyhom,5,2018-05-02 09:40:33,,16,我对美国的动画片真的没有抵抗力，因为真的很不错，而且总是在幽默中细述很多细腻温馨的情感，总是让人动容落泪。飞屋就是这样的存在，心中柔软的地方被触动，泪水是不自觉的出来。
进宝,5,2012-11-29 23:36:40,,21,倘若我爱上了那个谁，或是那个谁爱上了我。请一定一定努力经营这段感情，这是一个长长的长长的生命的冒险，但是只要你在身边，我就有勇气去实现
heart,5,2018-05-05 23:42:12,,13,看着看着就哭了。。能想起很多事。。
宁宁,4,2018-04-30 09:18:35,,26,“为什么我总是记得那些无聊的小事情，可是就是这些小事情，才是我最怀念的。”
赵行德,2,2009-08-18 16:40:18,,354,那老头为啥不早点买机票带老太太去仙境瀑布？
待城,4,2017-01-14 11:43:44,,22,我想有一天和你去旅行，去那没有去过的地方，没有行李，没有背包，不带电脑更不要手机，走一个地方停一个地方。在我心里最美好的就是和你一起老在路上，捕捉最后的流星，坐在最高的山顶上，听音乐，聊电影，吃东西……当日出越过山涧，我未老，你依然。
偏要勉强,5,2018-05-03 21:38:23,,44,开篇的十几分钟就足够给五星了，感动！气球飞起的画面太美了！
醉里挑灯看花,5,2018-05-06 23:17:29,,9,梦想总是迪士尼电影的一大主题，很喜欢这部电影。
如是,4,2018-05-05 23:05:25,,20,为什么我总是记得那些无聊的小事情，可是就是这些小事，才是我最怀念的。
芊颖,4,2018-05-03 20:12:50,,11,很有趣的动画片，但是不太喜欢结局。
LisaLeung,3,2009-10-29 20:40:28,,88,我曾跟朋友说，无法想象能有什么可以让我放弃到处流浪的自由。而现在我想，自己之所以会这么认为，也许是因为还没有遇见真正美好的感情。如果有一天，有一个与我有着深刻牵绊的人出现在我的生活里，也许我也会像后来的Ellie一样，心甘情愿地慢慢飘落下来，在那个人身边落地生根，与那个人一起长成两棵并肩的树。
隔岸观船,4,2017-01-13 23:08:23,,12,一部暖暖的动画片故事的美在于残缺孤独老人略有遗憾的并不是很顺利的梦想旅行不过结局如何重要的始终是过程的收获尝试过人生便不会留下什么遗憾
姜小白,5,2016-08-23 21:18:25,,25,老爷子从小就最缺乏冒险精神，却姻缘巧合爱上了一个最爱冒险的可爱女人。谁改变谁呢？难说！对酷爱冒险的可爱女人来说，这样相伴一生的平淡幸福反而是最大的冒险。门上好几把锁足见他多将就四平八稳，倒头还是忍不住玩儿票大的。我们爱上与自己不同的人，我们都因此变成不同的人，这是爱情。
小十三,4,2018-05-03 20:20:04,,13,美国做动画的这波人太厉害，每次都无法抵抗，飞屋看了无数次了，就算长大，感情也依旧不变
恶魔的步调,5,2009-10-26 15:33:03,,11,史上最牛钉子户！
左胸上的吸盘,2,2011-05-22 13:17:45,,39,开头还行，二十分钟以后越来越没意思，俗的一逼
请保持高冷,5,2016-09-13 10:46:15,,9,渴望这样的爱情
흫_흫,3,2009-08-17 22:24:15,,81,"""Itmightsoundboring，butIthinktheboringstuffisthestuffIrememberthemost."""
西楼尘,4,2013-08-21 23:03:21,,20,惟愿我们始终童心未泯。
Musexmwww,3,2018-03-27 00:39:42,,52,完完全全的道德绑架。不知道这部片子为什么分这么高，老爷爷守了一辈子的回忆和梦想被小屁孩毁了，而片子把这些归为“陈旧迂腐应该被抛弃的”？所以抛弃梦想和回忆还有一辈子的心血就为了实现和升华人性的光辉？这种圣母情怀抱歉我理解不能。而且我真的很讨厌成事不足败事有余而且又啰嗦的熊！孩！子！
旅途人生,3,2016-07-11 10:26:12,,25,前十一分钟迪士尼为我们讲述了一对夫妻从相知相识相爱到分别的故事，很温馨。之后老人的回忆房子要被拆迁，老人当起了钉子户，后被政府强制送到养老院，老人便决定用气球带着房屋环游世界，去实现对老伴的承诺，和一个为了获得协助长者勋章的小朋友一起探险的故事。
沧海一小生,5,2017-04-12 20:02:38,,11,好感动，喋喋不休的小胖宝可爱啊。
白露悠悠,5,2018-04-30 16:13:59,,16,有梦想就赶紧去实现吧，不然等老了就来不及了。为什么我总是记得那些无聊的小事，可就是这些小事情，才是我最怀念的。
美女菜kun,5,2017-02-22 09:28:29,,8,经典！那个房子我还特意买了图纸自己填色呢！
小川   靜,4,2017-03-10 19:45:19,,10,有夢最美......人因夢想而偉大，懷抱夢想也許有天你就能實現它了呀
麦子,5,2010-01-12 00:06:06,,12,想给这部电影一个大微笑，谢谢陪伴。
伊卡洛斯,5,2011-09-13 18:11:37,,13,“如果说去旅行去冒险是为了遇见不曾见过的美妙景色，经历不曾想过的充实人生，那么与你的相遇相守就是我能想到的最美丽的冒险”——Thanksfortheadventures.
sharon,4,2017-03-19 23:03:24,,8,又一部经典的皮克斯动画，满满的温情
匡笺恭,4,2018-05-03 17:25:44,,12,即使我是恐高症患者，但五颜六色的气球带着房子飞起来的那一刻真的太好看了。整部电影说不上有多感动，但温情有余。
千寻亿选,3,2010-05-21 22:31:17,,24,大招放的太早，显得后半段平淡了
酒鬼一家小迷妹,4,2018-02-18 15:37:05,,37,喜欢固执又可爱的老爷爷，善良天真的小罗，喜欢吃巧克力的Kevin，忠诚的Dug。前面卡尔跟艾丽从认识到结婚幸福生活的篇幅虽然不多，但是很温情。他俩的共同梦想，在艾丽离开后，卡尔也一直没放弃。
幸存者,5,2018-05-01 22:49:16,,29,幸福是每一个微小的生活愿望达成。当你想吃的时候有的吃，想被爱的时候有人爱你！
纸飞机,4,2018-05-03 19:22:48,,9,当时看的时候真的以为有好多好多气球就可以让房子飞起来了，还想象过我在飞起的房子里要做什么
赤练的老公,4,2017-12-13 09:40:33,,37,非常棒的电影，有梦幻色彩，也很真实。老爷爷和老奶奶之间的相濡以沫令人感动不已，有温馨有搞笑，在奶奶离开后，老爷爷做了梦想中的事情，追逐爱情与梦想，值得一看。
天然呆,4,2017-02-13 19:34:26,,10,迪士尼的电影总是给我特别的感动，影片中的老爷爷因为不想拆除自己的屋子，因为这里全是和已逝妻子的回忆，他决定把屋子搬到别的地方其中发生了各种各样的事情，最后也是皆大欢喜，我觉得很不错
杨大志°,4,2017-03-20 23:46:25,,6,刚开始看还觉得人物形象有点怪，看下去就发现都好可爱！满满的温情，以及年轻的老爷爷。
做一件事很难吗,4,2018-05-01 08:46:15,,10,看到泪目故事很简单告诉我们每天都很重要这部电影还有同名的游戏特地去玩了下
托尼·王大拿,5,2014-12-19 02:43:18,,7,或许这就是我老了以后所追逐的梦
郁卞丢,5,2022-04-11 15:17:55,,19,开头用5分钟的蒙太奇超越了90%的120分钟的爱情电影，之后又用90讲了一个精彩的冒险故事。艾丽虽然从开头开始就不再出场，但却是影片的灵魂人物，存在感一直很强，她为男主诠释了爱的一种终极形式：我曾梦想环游世界，而你，才是我的全世界
[己注销],3,2009-08-20 23:25:41,,30,前半部非常精彩，后半部过于老套。影片让我喜欢的地方，还是两位老人之间的爱情——这基本是前半部的剧情。
一只麦麦,4,2010-01-28 18:36:13,,4,想象，为梦插上翅膀
托尼·王大拿,5,2014-12-19 02:43:18,,7,或许这就是我老了以后所追逐的梦
听风的耳朵,NaN,2012-09-04 15:16:17,,1,最爱的老爷爷。
郁卞丢,5,2022-04-11 15:17:55,,19,开头用5分钟的蒙太奇超越了90%的120分钟的爱情电影，之后又用90讲了一个精彩的冒险故事。艾丽虽然从开头开始就不再出场，但却是影片的灵魂人物，存在感一直很强，她为男主诠释了爱的一种终极形式：我曾梦想环游世界，而你，才是我的全世界
杨大志°,4,2017-03-20 23:46:25,,6,刚开始看还觉得人物形象有点怪，看下去就发现都好可爱！满满的温情，以及年轻的老爷爷。
做一件事很难吗,4,2018-05-01 08:46:15,,10,看到泪目故事很简单告诉我们每天都很重要这部电影还有同名的游戏特地去玩了下
一只麦麦,4,2010-01-28 18:36:13,,4,想象，为梦插上翅膀
叶飞Phoenix,5,2009-08-07 23:31:26,,4,人生就是一次旅行，你可以选择平庸地等死，或者选择在死之前为曾经的梦想再去搏一把。而有时，当我们历尽艰险快要到达目的地的时候，才会发现结果其实不见得那么美好，反倒整个路程才是最美丽的。或许一次旅行的结束会宣告另一旅程的开始。人人都需要梦想，也都需要那个可以一直陪你旅行的人。
量力娇酒,4,2022-11-25 22:50:59,浙江,10,开头蒙太奇经过的一生太牛了环游的部分倒成鸡肋了
丸子少爷,NaN,2012-09-04 12:23:32,,0,励志
阇摩陀耆尼,4,2009-08-15 23:47:50,,0,前小半段差，后半段有意思。
蹲屎少女,3,2023-02-10 22:03:52,韩国,16,大概只有前十分钟是我喜欢的部分排名高的离谱
你不喜欢文渊吗,4,2017-06-18 13:02:14,,9,犯二的事情，哪怕我已老去，我都会铭记
阿斯顿,5,2011-02-28 17:43:18,,0,好
赫恩曼尼,5,2016-01-01 22:40:10,,8,老爷爷身手矫捷，小胖儿和爷爷都好暖心。为了爷爷的飞屋梦想，给五星。
小鸡破逼于,4,2009-08-27 23:40:27,,0,皮克斯的东西已然进入太极般四两拨千斤的境界。。。但感觉多少还是有点矫情。。。微微有点遗憾
罗夏,4,2010-07-02 12:50:12,,2,被高估的片子
私享史,4,2009-08-13 18:51:58,,6,开头看哭了，仅此而已。艺术技术没有突破，若是中国人拍的已然被骂死了吧。结尾用的停格动画吧。【传奇时代】
DEPARTURES,5,2013-07-11 15:46:25,,2,戳的泪点感动死了
梦魇,3,2017-04-19 01:34:17,,10,看的我也想要个这样的房子了，就这么坐在房子里，去看不同的风景遇见不同的人
zubidai,5,2012-05-22 22:59:36,,0,好喜欢呀~~
喵仙人,NaN,2012-05-23 11:36:43,,1,很好很强大，只要有梦想，一切就来得及
安非他命,5,2012-05-22 22:15:46,,0,不解释
amen,5,2012-05-22 21:40:22,,1,虽然想想很脑残但还是很感人啊。
ZWW,4,2017-08-26 10:31:23,,33,故事有点老套，但是整体还行吧
肉一,5,2009-12-15 18:35:05,,0,我爱皮克斯啊啊啊啊啊啊啊啊~
天之泷,5,2012-01-05 09:59:10,,0,爱情的短暂，梦想与现实的背离
一米八五,4,2009-12-12 15:39:48,,0,lovelystory
nathaniel,4,2012-06-19 12:44:31,,0,追求梦想
雅克BacK,5,2011-06-19 15:14:44,,0,迪斯尼出品，必属精品·····轻松幽默···而且很感动
满月的巫师,3,2012-09-28 17:39:39,,0,岁数大了粗去玩儿最怕那把老骨头吃不住。
小野潇潇,5,2009-08-04 20:18:57,,0,很久没有到电影院看过电影了，3D的动画片真是好，让我置身于云中。气球和天空，气球的配色很好。
Sammy,5,2011-08-19 08:40:22,,1,我喜欢那爱情。
copper,5,2021-08-08 15:43:02,,10,最后那些最无聊的事情，才是最值得怀念的。
fallingraining,4,2011-09-05 11:25:02,,1,年纪大小也许和实现梦想无关，可当你真正实现的时候就会发觉和自己原本想的压根不同。
王写写,5,2009-08-04 18:55:27,,0,即使没有想象中的那么好，但是依旧温馨，感人，PIXAR万岁。
凹凸代餐,5,2009-11-22 17:37:11,,0,因为烂的像狗屎一般的{瓦力}。所以对皮克斯印象极其糟糕。这部终于为皮克斯正名了。只是慢节奏的地方很赞。节奏一块立马变的狗血。好在整体还是很出彩的
伊坂捅太郎,5,2011-01-12 04:30:23,,1,自己的房子被拆迁了，就去抢别人的房子么！
随意,5,2017-05-22 21:20:28,,4,往往生活中的小事是最简单，最美好的回忆，而这部就是
lily,5,2009-08-08 18:24:50,,0,美好的承诺！
阿尔法,4,2010-06-01 08:21:41,,0,这个电影被睡眠和毛毛给毁了。没看到好的地方。
思路乐,5,2016-12-17 10:02:39,,8,【A】开头五分钟是教科书级的时空蒙太奇。
独立日,5,2011-01-29 17:32:08,,0,爱情与承诺
Stiles,4,2018-10-18 09:13:53,,2,MarriedLife短短四分钟让人热泪盈眶
栗子の虎醬,5,2009-05-15 21:26:37,,0,笑中有泪的动画片。
sonic monk,4,2009-08-13 14:30:48,,0,这是美好的快乐的电影
Over5,5,2009-09-07 02:44:34,,0,稍纵即逝的人生
猛汉世雄,5,2009-10-24 18:59:09,,0,松鼠！！！！！！！！！！！！！！！！！
巫,4,2009-07-18 19:58:08,,1,浪漫
= =,5,2009-10-25 10:38:15,,0,年度最佳~
阿呆,3,2009-08-09 21:26:54,,0,crossheart
苏幼,3,2017-05-11 09:17:20,,8,好看的🤔
麦克白,4,2012-06-19 00:02:26,,1,又看了一遍，又被开头感动到了。。
梦里诗书,5,2015-04-08 19:37:47,,4,温馨的伊始，从两小无猜到相濡以沫的爱情，以让《飞屋环游记》蒙上了令人神往梦幻般的基色，为了一生承诺开启那荒诞忍俊不禁的“飞屋”传奇，并非仅是老人卡尔为了妻子的遗愿，更令自已走出了那用回忆禁锢自我的心灵牢笼，生活永远不当失去的是希望与爱。
人可,5,2010-12-09 18:00:46,,0,太美好了我一向对于有老人的电影完全没有抵抗力
红法师,5,2010-11-03 00:42:29,,2,恐高...
事儿妈,4,2016-09-19 15:09:58,,3,捣蛋熊孩子和顽固老不死的奇幻冒险之旅：最终老不死又变回了熊孩子，而熊孩子也终有一天会变成老不死……本片讲述的就是这么一个熊孩子变成老不死后又重拾童心、重拾勇气、收获亲情、回味爱情的故事……
一墨剪瞳,5,2021-03-07 20:04:56,,38,前10分钟剪辑极好，两人相知相伴，一生过完。不管是任何一方先去世了，对另一人来说都是一种残忍。带着爱人的梦想和回忆的旅行太浪漫了！
SPEC,4,2011-03-12 12:17:52,,0,我每天都要跟自己说一遍确定自己没有忘了自己的梦
影子的影子,5,2009-08-15 18:45:16,,0,青梅竹马直到白头偕老的爱情果然是最令人向往的。卡尔和艾莉的爱情让我和我旁边的女孩完全没有办法控制住眼泪，但那样的感情还真是可望不可及的。
[已注销],4,2011-01-09 18:26:11,,0,感动+搞笑+创意
郭襄和杨过,5,2011-08-05 22:47:34,,0,还记得你童年时候的梦想吗，去实现它!!!!生活永远是有惊喜的!
Cheeeeeer@NL,5,2010-02-05 09:51:12,,0,零零散散看了好几遍！
国王KING,5,2009-08-11 23:29:12,,3,最爱最爱这座飞翔的小房子了
Gu.,5,2012-06-19 02:08:06,,0,可爱的小狗“叛变”看到艾莉勋章那里，差点泪彪了
dddddaisy_____,4,2011-04-15 16:19:33,,0,天我的气球
彩虹几度,5,2010-01-05 09:14:00,,0,关于生命和梦想，幻灯片有催泪效果，慎用。
阿依达,5,2010-03-19 18:42:11,,2,其實，同埋愛嘅人一起嘅話，平靜嘅生活也可以係一種adventure。
juice,5,2010-01-01 00:00:00,,0,PIXAR最愛～
shawnj,5,2009-11-30 08:57:12,,1,卡尔和艾莉的人生掠影让俺眼窝子热了一下
sosovipp,4,2019-02-12 21:53:22,,2,长这么大，“溜房子”还是第一次见。
Coffeebreak,5,2009-08-05 08:00:33,,2,Pixar真的没有让我失望过。
歪歪,3,2010-07-11 16:56:17,,0,有人说梦想的实现不在乎早晚，有人说梦想只有在梦中实现。
树里啦,5,2009-06-24 13:17:22,,0,赞！
cocomars,4,2011-03-19 17:29:57,,0,那个老头很有爱～
Scar59,5,2011-03-24 14:09:53,,0,温暖的爱情，留下来的人如何开心的过下去.
睡在悬崖上的人,5,2012-06-18 19:54:45,,0,好温馨
黑胖砸儿,4,2010-07-12 21:50:17,,0,小胖超可爱。
Lyx,5,2012-06-18 11:16:30,,0,五星全给片头
种树的老猫,NaN,2012-06-18 12:22:31,,1,真、善、纯、美，想象力插上翅膀。
残酷的真理,5,2010-11-14 21:32:31,,0,配乐精彩，看了故事肯定了一件事，美国一定没有拆迁办！
藝.,5,2009-08-14 18:56:26,,1,我喜欢每个人的梦想都不会破灭，我喜欢这个世界布满危险，却充满爱.到最后我发现其实我是喜欢迪士尼式的美满结局的.
高詩遠,3,2020-10-15 21:04:55,,3,非常通俗的老年人为了自己的爱情与承诺去勇敢追求的故事，只不过这段老年故事赋予了非常多关于青春追梦的气息，而且最后的敌人就是自己一生去追求的偶像也是有一个关于崇拜与幻想的道理。有一个非常遗憾的点就是这个小孩子他存在的意义，房子起飞以后所有的剧情都是这个小孩子推动的，他是整部片子后来冒险剧情的创造者，给我的感觉是他所存在的形式大于他本身存在的意义，如果没有这个小孩，在房子起飞以后就会顺利地飞到天堂瀑布，全剧终。
No.9,5,2012-11-04 02:30:48,,0,老早就说要一起看的，太棒了！片尾都很棒！！10.28
hanabitheo,5,2009-08-21 03:37:02,,0,感情戏，好啊
大头,5,2009-10-26 03:16:33,,0,只要和你在一起，就是天堂
弥呀,5,2009-08-17 11:34:13,,2,在完全没有被剧透的情况下，看到突然出现的气球把小房子拉向空中，感动得泪流满面。we'reonourway，Ellie...
Lan~die,3,2009-10-23 13:40:41,,5,"Pixar更擅长拍短片，长片总是虎头蛇尾。""旅行的意义是在于沿途的风景还是陪伴你的那个人？"""
晗·许我向你看,5,2009-10-29 23:09:18,,0,“你是我一生的冒险”
长江七号,3,2010-08-07 11:52:19,,1,完全不是我喜欢的类型
麦兜,5,2009-08-31 15:36:00,,0,爱是追寻，爱是放手！
whyzhenzhen,5,2011-05-06 21:51:57,,0,大概就只是想和你一起努力去同一个地方，然后回想我们一起走过的路
Cherry,4,2010-03-16 13:28:45,,0,梦想
小易甫,3,2010-02-17 15:37:42,,3,虽然说是渐入佳境的电影，但我只能说我不适合动画片。
斑马的故事,4,2017-04-19 01:18:00,,6,简简单单，平平淡淡的小日子才是最真实的幸福，平淡，知足
principle,5,2012-04-07 15:16:08,,0,六颗星
阿宅Doooooris,5,2009-10-14 22:00:03,,0,很感人完美的结局
想太多小姐,4,2009-09-07 09:50:36,,0,虽然有多处的不合理，但此片依然深深的打动了我。我哭了。。。
dying,5,2010-01-13 09:46:11,,0,内牛满面……
D.JoY,4,2011-05-17 11:29:41,,0,浪漫得一塌糊涂
SUN,5,2009-05-13 09:52:19,,0,皮克斯总是那么有创意，开始几分钟就让人把持不住了，后面虽然没那么精彩，但也算难得的精品。
WilliamOsborne,5,2017-08-13 23:04:12,,1,不知道几刷了。第82届奥斯卡最佳动画长片。儿时只是向往那童话般扎满了气球的飞屋，今晚重拾，确是看到了那矢志不渝的爱情。
Anakin,5,2013-01-08 00:04:08,,0,如果你还相信这个世界上还有美好的东西，去看看这部电影吧。crossmyheart
刘小黛,4,2009-08-26 18:45:06,,1,3D果然结棍好爱好爱
Wesker,5,2009-08-16 22:11:40,,0,终于看了···
李小王,4,2012-05-25 21:08:26,,0,好温情
LifeArtist,5,2012-12-27 22:50:52,,0,梦暖如昔，始终如一，这是最华丽的冒险。大花鸟挺萌，小肥胖子有点讨厌。
HelloJinnie,5,2009-08-09 20:19:14,,10,开场十分钟，哭成个球样。
only,4,2010-05-22 02:09:39,,0,老爷爷的真爱，，小孩子的真心。。
Demi,5,2009-08-28 14:08:03,,0,最后，还是个人乖乖地在寝室看了。
豆友36105243,4,2010-05-05 23:23:12,,0,升空的那一刻我哭了
七月,5,2011-05-30 16:52:25,,0,最後那些無聊的事，才是我所懷戀的。
毛毛怪,5,2010-05-21 18:16:07,,0,感人
pabhassara,5,2010-01-25 19:40:25,,0,相册就是回忆和好时光。会飞的房子就是梦想。他是在老年的时候开始追梦的。所以，永远都不晚。
夏日,5,2010-02-15 17:23:36,,0,前半个小时，我泪如泉涌，可以给7星了。做我的亲人，让我还敢做我的梦。
咖喱老人,5,2010-01-31 23:05:53,,0,还没来得及做的事情就快去做吧，梦想是每个人的权利，但为什么总是到来不及了才想着要去做呢……
Trouble,5,2011-07-17 00:49:42,,0,感叹号知道不！
小小,5,2012-09-08 18:18:59,,0,看飞屋让我两次想起＜回忆积木小屋＞。可如果只取从片头到艾莉去世到飞屋升起，最后给个瀑布画面的话，那么必将远远超越＜回忆＞。我总是记得那些无聊的小事情……”“感谢你给了我精彩的一生”。
简单是美,5,2013-08-03 19:19:23,,1,.可以说...2013年来看过最好的一部电影了.虽然是以动画的形式出现的.....简简单单的遇见你，命中注定般爱上你。平平淡淡的在一起，有你在。是最大的幸福。。
香蕉和芭乐,5,2009-12-13 00:29:41,,0,老头子
高压电,3,2010-12-25 21:25:19,,0,家庭动画
豆友149131135,4,2018-05-01 10:30:18,,10,美国的3D冒险喜剧动画，温情感人，成长励志。最美好的事情：平平淡淡的温馨！
天涯·明月·风,4,2010-07-11 01:07:45,,0,很good，很like
小样儿,4,2017-04-18 23:17:28,,7,别人看来最无聊的事也许正是你的梦想。
AM1SIMA,3,2012-06-18 21:04:41,,1,无感
老喻伪文艺,5,2012-05-25 16:10:05,,0,关于梦想，关于爱情，关于人生~
青黛,5,2010-12-15 13:43:21,,0,梦想，童真，坚持，感动。
Seamoon,4,2011-03-13 18:21:00,,0,Thatmightsoundboring，butIthinktheboringstuffisthestuffIrememberthemost.
王脱盐,4,2010-02-23 00:06:37,,0,说实话我给不了五星制作没话说但是剧情~~~~~
让保罗切小田,4,2009-08-12 23:05:43,,0,我們的家。在伊瓜蘇。
Whisper,4,2012-03-16 22:37:53,,0,爱情、梦想，气球飞起来的时候很感人。情节其实蛮单调的，但笑点不少，只是这部片子里的黑暗元素让我不太适应
遙遠,NaN,2009-11-13 00:18:14,,0,皮克斯版本的纯爱是这样的……
可乐杨,5,2009-10-23 19:45:40,,0,太好看了！
萬和生,5,2010-01-18 23:16:15,,0,很感人啊！
L. 0704,4,2009-08-08 23:36:24,,0,我爱大爷！
呼笑成疯弗雷德,5,2010-02-09 21:51:39,,0,嘿嘿墙上贴的海报一直还没看
karen,5,2009-08-11 00:34:54,,0,很多地方能让人掉眼泪.........莫名的感动........简单的爱情，神奇的冒险，还有那可爱的逗逗和kevin.........一切都很美好
Obtson,5,2009-12-08 17:13:13,,0,Crossyourheart.
goofy,5,2009-11-13 12:29:58,,0,无比感人的前15分钟。
圈地自萌,4,2018-02-02 17:31:48,,31,前短短十几分钟把他们都一生都写完了，虽然没有言语的旁白，只有两人的互动，但也完全能感同身受他们的相亲相爱，相伴一生
左眼看电影,4,2009-11-02 10:31:19,,0,皮克斯现在出的已经不是传统的动画，这部算是冒险片了，我还是比较中意传统的动画片，要搞笑，感动就算了吧
下雨不愁,5,2012-11-01 17:58:26,,0,谨以非常友爱的小黄帽纪念第1000部
良孬孬,4,2009-09-04 22:18:18,,0,那一堆的气球真好看~
Vincent,5,2009-08-10 08:20:36,,0,看的时候一直紧握着他的手
陈楸帆,5,2009-04-14 14:19:01,,2,当你看到那些与你一起站着看完字幕的人脸上的表情时，你会知道，Pixar，youmakeitagain!
张天师,4,2009-10-04 15:12:35,,0,第一次看3D
啼幽,5,2010-09-25 22:13:33,,0,片头很美很感人，短小却包括了我所希望的所有幸福。就因为这点，给五星
jojo『浊水是魔鬼纠结者…』,5,2010-05-26 20:10:35,,0,自虐片，最好不要看……
momo,3,2016-11-28 23:16:37,,4,后半段情节过于夸张了
桃子,4,2010-04-02 04:09:41,,1,老爷爷和老奶奶的恩爱很让人心动。想起美剧《斯巴达克斯》中的一段：角斗士重要战役的前一夜，欣赏他的女主人向他求欢，他拒绝了，理由是，战役前不适合行房。走出女主人的房间，他遇见他心仪的女仆，亲了起来，女仆问，你不是说不适合行房吗？角斗士说，rightarms会带给人希望。
巴喆,5,2011-12-30 15:55:25,,3,华丽的冒险、旅行的意义、人生的价值，当老之将至，一切的华丽都归于平淡，“当青春的有形之物渐行渐远，人生，是否也像放学后的校园一般空荡荡?”9.1
小暖,5,2010-02-06 21:29:06,,0,大爱
找凹的凸,4,2009-12-22 22:45:52,,0,人啊，越长大反倒越忘记了当年的纯真和理想。
Kiddie,5,2010-05-04 22:38:08,,1,我那些微不足道的渺小心愿，感谢你都愿意为我实现
麦,4,2012-03-17 21:14:25,,0,只是很羡慕Ellie
荼笑,5,2011-11-18 21:44:37,,0,让人难忘的前15min，人生有多少来不及实现的梦想...还记得当年，天空倒映在你的眸间...2010年第82届奥斯卡最佳动画长片~~
Freshcream,4,2010-02-18 04:04:24,,0,衰老不是最可怕，最怕留下我一个人衰老。
寂地,4,2009-08-10 01:41:04,,6,很棒的呀
微风拂面微微凉,5,2010-08-28 19:39:01,,0,同意某同学意见，最华丽的冒险是与你相守。
胖胖小君君,3,2017-04-12 22:32:15,,3,想要这么多的气球这么美得屋子
niaoooo,5,2009-11-04 05:38:32,,0,电影还是单薄了些。可才看了五分钟就吃着吃着饭哭了起来，样子惨不忍睹，好酸的电影啊
wewe,5,2009-08-19 15:58:22,,0,华丽的冒险
古正中,5,2011-05-08 20:55:22,,0,五道杠首次出现大银幕。
梅林,5,2013-09-16 21:28:26,,0,想象力应该面向未来，解放情感和思维，不要总是穿越回过去，意淫古人。
饅頭☆m&j.dmg,5,2009-08-11 20:28:32,,0,近年唯一一部等到屏幕黑了觀眾才離場的電影
柚野,4,2012-08-12 08:31:42,,0,最中意老爷子把家具都扔了让屋子起飞那段，轻装上阵哦夜！（健忘脸
劳勃·拜拉席恩,3,2012-06-19 10:44:55,,0,无感，小房子不错
幻影刺客,4,2010-07-29 15:45:18,,0,好莱坞式的怪老头，好莱坞式的怪小孩，好莱坞式的感动。
鲁大师-鲁提辖,4,2012-08-14 17:24:31,,0,前十分钟华丽丽地成为所有动画的万世师表，可惜接下去八十分钟立马跌入皮克斯动画的俗套：好人击败坏人，一个童话般的结局……好吧，这样的动画多少离伟大跟不朽有点距离……
戕茕,5,2009-08-14 02:03:01,,0,服了Pixar
鱼子粥,5,2010-08-10 17:40:03,,0,在电影院，戴着傻乎乎的3D眼睛，流泪
Frank,3,2010-04-04 17:22:05,,0,我觉得一般嘛纯粹为了省空间因为剧情不是很出彩我怕以后忘记mark一下
辰,5,2010-07-17 00:20:45,,0,喜欢开始的那一段
阿朽,3,2011-02-21 17:32:53,,0,气球带领的飞屋真羡慕，小朋友的造型不好看。
炫3D,4,2017-03-23 06:45:56,,6,一个名叫卡尔的老人，一生都梦想着能环游世界。在他生命的最后阶段，仿佛在命运的安排下，与8岁的罗素一同踏上了冒险的旅程。
狂接舆,3,2009-10-28 15:05:09,,0,令人失望的皮克斯
Pirouette,3,2009-12-13 07:48:15,,0,就只有一小会儿（开篇）的精彩。
菠萝蜜个隆冬强,5,2012-06-06 12:07:49,,0,英雄不会永远是英雄、平凡的人不会永远的平凡下去、卡尔的爱情始终萦绕在身边带给我们那种小小的感动、她走了、但是她的世界却被他背在肩上从未离开、他插上翅膀带上她去圆梦、却发现人生的偏差、有很多其他的可以追寻的东西、很久没有看到如此轻松又煽情的动漫了、平淡的相册映照不平淡的一生、惶然.
白白的小尾巴,5,2010-01-09 20:51:51,,0,BUG好多，但是不失为一部好电影。虐点好多，能够持续一辈子的爱啊。
小柒゜,5,2011-05-15 22:36:36,,0,好看。超级好看！！太好看了！！！有时候自己觉得很珍贵的东西试着为了别人放下其实可能有更多的收获。
王德发,5,2009-08-09 17:45:59,,0,除了电影院里的破小孩比较吵，其他都非常的完美
スダミルク🥛,5,2009-08-19 22:30:44,,0,withHU@Deji
蓝人,4,2010-05-18 10:07:59,,0,对我而言，这部动画片在五分钟的时候，已经结束了！
了不起的克莱德,5,2011-09-20 23:36:07,,0,~~~梦想的力量么。。。。
你好我叫肉饼,5,2012-09-03 10:15:09,,0,爷爷的爱情平淡到感人
UrthónaD'Mors,4,2009-08-23 09:12:58,,0,老爷爷和老奶奶好可爱啊
megumi,4,2012-06-16 10:06:15,,0,温馨
關西苦茶葉,5,2010-04-17 22:33:10,,0,把家具扔出去，把负担、回忆、过去甚至梦想都抛在脑后，为了再次飞起来，开始新的冒险。
Sancruz,4,2012-06-16 16:54:11,,0,不如瓦力
shlaiyaya,4,2010-02-18 22:20:36,,0,喜欢里面的大鼻子老头和大鼻子狗
超cute侠,5,2010-02-05 10:39:56,,0,方脸大叔和小胖孩儿的冒险旅程，当房子腾空而起的时候我不镇定了。
KID,4,2009-09-05 23:12:43,,0,仙境瀑布
island,4,2009-10-26 08:28:55,,0,最后那些最无聊的事情，才是我最怀念的.
时生,5,2011-03-20 16:24:05,,0,当我老了，回忆之前走过的路。路上的快乐和痛苦，皆成抹不去的回忆。
-M-,5,2010-11-20 18:21:24,,0,好想环游世界。
Sally?imdb9?9,5,2009-08-11 23:27:12,,0,外公~~~
小A,4,2011-05-13 06:48:41,,3,故事的好多起承转合都不自然，但是为什么我竟然热泪盈眶？！美国高额的医疗费用？人情冷暖的老年之家？钉子户没被强拆？一如既往惹人讨厌的儿童？感动很多人的古稀之年理想之狗血地实现？都不是，是开头那4分多钟的大半辈子，后面还反复用相册和徽章呼应前面的情节，强力地戳中了我的泪点。
十二宫,5,2010-01-06 17:25:57,,0,Thanksfortheadventures
Max,4,2009-10-24 00:12:02,,0,pixar
Louis,5,2009-11-16 08:33:08,,0,PIXAR的动画近乎那么无可挑剔！前几分钟相知相守的一生渡过，少许感慨；后面主线情节，无厘头的狗狗，加上史上最强悍的老爷爷，很是搞笑！
隔岸之雨,5,2011-10-19 09:53:08,,0,真的值得珍藏，我开始还纳闷，这样的电影怎能贴上爱情的标签，后来恍然，爱情并非现在时，往往回忆中的爱情才最动人···
巫,NaN,2011-08-01 07:36:58,,0,在我們都還沒老之前你會帶我開始旅程么
穿过肉身的痛,5,2018-06-20 21:22:54,,8,人心总会体会到善良，磨合后的真情，很温馨，感人！值得儿童观看。善良总会收到回应！
像一颗滚石,4,2009-12-14 00:08:39,,1,执子之手与子偕老，就是最华丽的冒险！
@花皮球@,5,2009-08-05 22:37:54,,0,这一老一小实在是太可爱了
涵湘宁,5,2010-02-13 10:34:10,,0,太可爱了，太有爱了！另外，对瓦力的那个配音者印象真深刻……
小乙,4,2009-06-22 08:13:26,,0,前11分钟的那种平淡温暖真的可以很感动
J.Wen,5,2009-10-29 13:39:34,,0,为什么没有5星+或者6星呢？一出来就是经单，很感人的那种经典
重症家里蹲,4,2009-12-19 01:44:10,,0,很不错，但惊异于美国动画开始宣扬坏人罪有应得的概念了。
kinder23,5,2012-05-25 21:54:07,,0,愛與夢
s,5,2010-04-28 12:15:56,,0,我愿用一生的时间与你相守
yuki,5,2010-11-09 00:01:44,,0,太治愈了！
闪电虫洞机,4,2012-06-24 13:47:05,,0,thxfortheadventure
Tia,4,2009-08-12 14:47:57,,0,瓜广电局把开场的暴力云和送子鹤的短片给我切了!
天罡曼陀罗,5,2009-10-24 20:33:13,,0,Whereisyourdream
狐狸糊涂,5,2011-09-23 22:31:15,,0,最华丽的冒险
海牛,5,2009-11-12 19:17:35,,0,比WallE强些，前十分钟的赞
""" Vera",5,2009-08-07 23:46:48,,0,不觉得3D有D到哪里去。。。jo可爱的肥弟jo可爱安公也jo可爱~温馨轻松可爱啦总之~
轻飘飘的旧时光,4,2011-04-16 13:12:16,,0,有梦想的人是幸福的
苏苏,5,2010-01-24 16:50:00,,0,很爱很爱~
度過漫長歲月,4,2009-10-30 16:36:38,,0,喜歡開頭的那段。他們倆從剛認識到老去。
生·人,5,2012-10-20 17:35:12,,0,lovely
Amushi,3,2009-08-07 01:27:12,,0,2.5
nikki,5,2011-05-15 20:27:04,,0,去爱你周围的一切。很愉快的片子，因为有前一段无法不给五星，当然整部我认为很不错的
眠去,5,2009-08-29 20:22:59,,5,和小孩子们一起看电影真快乐啊
Ian,5,2012-06-18 20:14:48,,0,温情的动画片
Chris,5,2012-06-18 17:42:17,,0,><很喜欢的feel..不管怎样都要坚强下去
何呵呵,5,2012-06-18 13:12:19,,0,太喜欢这部电影了！人物造型很可爱，很真实。梦想的主题让人震撼感动！
蜜汁小姐的牛肉,5,2012-06-18 15:37:45,,0,哭的跟狗一样TT
淇一一,NaN,2012-06-18 14:54:44,,0,那幅画
任染,4,2011-08-16 00:38:32,,0,值得一看
AGPの黄昏,5,2010-02-09 00:10:11,,0,如果人一辈子只看两部动画，一部是UP，一部是WALL-E。作为皮克斯的顶级作品，涵盖了相伴相守一生的承诺。一种缘分，一种梦想，一种无奈，一种传承。
苏四,4,2010-02-12 09:34:51,,0,!!!!!!!!!!!!!!!!!!!!!!!!!!!!!!!!!!!!!!!!!!!!!!!!!!!!!!!!!!!!!!!!!!!!!!!!!!!!crossmyheart
猫知道,5,2011-02-20 10:15:15,,0,感人的动画，前十分钟好纠结……
卡卡洛特,4,2011-01-30 17:02:47,,0,不错。
芝麻酱,5,2009-08-08 17:05:49,,35,穷哭8哭。。。。眼泪水从眼睛溜过脸到嘴角到肩膀直下乳沟。。。。
维维,4,2009-10-27 12:21:28,,0,本世纪最能折腾最痴情的老眼镜儿男
Panda的影音,5,2011-08-04 10:02:02,,2,看到卡尔与艾丽的爱情故事，眼泪打湿了眼眶，而我的心中不仅有感动，还有羡慕！看到卡尔为了梦想努力拼搏，也激励着我追求自己的理想！看到小罗、凯文、小豆的“添油加醋”，让我乐不可支、拍案叫绝。--“走出户外，去探险。”--已记不清是第几遍观影了。大爱！-09-10-11-12-13-14-15-16-17-18-……——17.09.29天津飞福州：不愧为我最爱的电影之一，第N遍观看，（飞机起飞前）开头十来分钟卡尔与艾莉矢志不渝的爱情第N-n次把我催泪，（飞机起飞后）而小罗与卡尔爷爷的冒险也是把我再次看得有笑有哭，然后，中途好几次再次深深感受到「爱电影」的美妙！…上次《在云端》没能完整在飞机上重温完，所以《飞屋环游记》就成为我第一部在飞机上从头到尾观看完的电影了！为了不中断观影，虽然我的肚子有些饿、口有些渴，但我还是谢绝了飞机提供的餐饮。……
弄臣,5,2009-08-17 13:08:03,,0,但求一心人，白首不相离.P.S.锅鞋果然笑点很低哭点很高
飞天PP猪,5,2009-08-14 16:56:36,,0,但是我觉得不如冰河世纪3呢~是因为我歪着头看的缘故吗？
坐在海底支着下巴的鱼,5,2009-08-15 14:20:24,,0,气球升空那一瞬间足以惊艳
阿暖,4,2010-01-06 21:54:22,,1,It'sjustahouse.
花椰小C,5,2010-01-19 12:50:04,,0,想起了我童年的梦想。@新世纪？
林 寶兒,5,2009-06-17 00:45:44,,0,老爷爷的愿望仍在
风间隼,3,2009-11-06 15:58:53,,6,前二十分钟看的热泪盈眶，可惜起飞后就变得很平淡了。
茄汁沙丁鱼,5,2009-08-16 01:17:29,,0,其实我觉得整体没到狮子王的程度，可是前七分钟已然到了。
鬼 鬼 ™,5,2009-06-22 00:46:00,,4,我太喜欢pixar的动画了，难以遏制！！
碧落家的小乖,3,2009-09-01 12:54:17,,0,真不觉得有多好～
王xx,3,2009-10-31 13:01:19,,8,气球和蓝天的颜色，很好吃
胡克,4,2009-08-27 23:32:06,,1,是我期望太高还是我对美国动画有点疲惫就是中规中矩的美好人生+追逐梦想并实现啊最多四星吧
我有一把小左轮,5,2009-06-16 20:20:53,,0,前五分钟我就红了眼睛
Song³,5,2009-10-25 20:56:31,,1,钉子户的梦想。梦想指引我前行。皮克斯的第十部作品
一然的海岛,3,2009-09-20 13:43:20,,0,没有期待中的那么好
Dita,5,2010-02-03 19:42:15,,0,皮克斯出品。必属精品。搞笑。温情。
冰糖葫芦娃,5,2011-06-24 21:11:48,,0,内牛满面
张未来,5,2010-02-02 13:39:36,,0,十分钟。
蛔蛔大人的女票,5,2012-01-22 23:06:56,,0,我想和你一起去旅游。完成所有的梦想。
donchen,3,2010-05-19 01:23:07,,0,儿时的梦想，你实现了吗？？？
追剧小贫嘴,4,2011-10-16 21:13:15,,0,如果有可能，一定要为自己的梦想豁出去一下。
朝阳区妻夫木聪,4,2012-01-31 10:48:22,,1,童年到老的爱，那么的感人至深。。。
夏·羽绒毛线团,4,2010-09-25 21:34:38,,0,太煽情的故事当时还没有找到属于自己的恋情当现在回首再看这样的生命就是传奇
Charice,5,2009-10-09 16:25:50,,0,3d..花了我20块。。值了
面包和工业光魔,5,2009-11-17 22:49:48,,0,PIXAR出品必定精品
maomao,5,2009-10-26 11:53:58,,0,作为动画片应该给高分
筱蓝,4,2009-07-29 02:37:31,,0,ELLY~
锡罐头,4,2009-04-16 12:03:59,,0,温情的皮克斯
CC,5,2009-12-12 14:08:26,,0,梦想不折腾
牧天子,5,2010-01-27 00:20:59,,0,比阿凡达好，回味无穷。。。
卡特,5,2009-09-15 07:11:20,,0,“探险就在前方”
胖大魔,5,2012-08-11 23:25:32,,0,有爱有梦想的动画
楚恻,4,2010-12-06 22:01:28,,0,能猜到的老剧情，我还是忍不住感动了一把。
Lupin_3rd,5,2010-09-20 17:24:40,,0,感人感动pixar出品基本都是精品
速水御舟,5,2011-07-05 20:52:22,,0,很疗伤
查无此人,5,2009-12-06 23:55:38,,0,老先生最终还是失去了自己的屋子，可能它只是一间屋子吧，并不是完全的过去~
歆然,5,2009-08-11 09:42:39,,0,up，一切都应该向上看。
DC,5,2010-02-09 22:01:01,,0,看得我几度爆泪
marsemigrant,4,2010-12-28 23:03:46,,0,我可能不太适合看动画片
冰红深蓝,4,2013-08-05 20:47:12,,3,皮克斯的又一温情之作。
ForVictoRi,5,2017-02-11 12:54:09,,4,以前高中时代看的一部电影，立意非常不错，怀揣着梦想，不光适合儿童看，成年人看也很不错
0932313,4,2009-08-30 02:10:54,,0,withmydearYC
Ever L·U,5,2012-02-22 01:59:03,,0,我相信
bill910,5,2009-12-04 15:22:56,,0,前面十分钟是神作.而且我哭了
ginger,5,2009-05-20 17:36:15,,0,很感动~~
晒干的水,5,2009-08-17 22:30:29,,1,你是否愿意这个女人成为你的妻子与她缔结婚约?无论疾病还是健康，或任何其他理由，都爱她，照顾她，尊重她，接纳她，永远对她忠贞不渝直至生命尽头?yes，ido
笑圣逐风,5,2009-10-23 22:42:14,,0,只看了开头，就迫不及待的给了满分，这
糕41,4,2009-10-23 16:56:22,,0,皮克斯在制作和创意上的细腻永远叫别的工作室望尘莫及，哪怕这不是一个多么有趣的故事。
八月微光,5,2010-06-29 20:31:08,,0,mkv版的果然精美。商业电影，但很有人情味。
南国的一道彩虹,4,2012-09-03 22:50:37,,0,开头感人。。。
奔奔,4,2009-12-28 19:53:09,,0,前面的几分钟是最好的~
谢谢你们的鱼,3,2010-11-10 21:30:38,,2,开头也不怎么神，故事越到后面越没劲。
微虫珊瑚,NaN,2012-08-12 06:14:44,,0,重要的不是环游世界，而是和你一起环游世界。
煮竹,4,2009-10-23 22:05:09,,0,没wall-e经典~但是还是很感人的~皮克斯的片尾都很不错~
Masaca,5,2012-02-13 09:29:50,,0,赞~
圣无常,4,2009-10-24 18:10:38,,0,现时代的温馨童话故事。
D I D A,4,2009-08-29 21:25:13,,0,同样的冒险和感动，只是，倦了
唔！,5,2009-08-11 21:09:29,,0,啦啦啦啦啦啦啦啦啦~~~音乐回旋不断。年华老去，爱你的心不断。我也要这样的老头
我就是Outman,4,2010-05-14 16:06:31,,0,最美夕阳红，一个男人的执着和坚持。
AJI.9,5,2009-08-01 23:41:16,,0,昨天在电影院看的3D实在是太美乐画面虽然都是西语版本的但还是看得津津有味
羽族优伶,5,2009-08-26 20:37:15,,0,哈哈哈哈哈··
seamouse,3,2009-08-12 14:48:07,,0,可我感觉怎么没那么好了，而且这片子没过多3D，影院却只安排了3D场
爱茉绿绿,5,2009-08-08 22:30:28,,0,年度最爱
Vince♫,5,2009-11-17 21:29:25,,0,这是一个有关爱的故事
文文周,5,2009-10-14 23:07:30,,0,如今不让人失望的片子大都是动画！
5633khh7523,5,2011-02-23 04:26:14,,0,mySpiritofadventureisyou~~
sucree,4,2013-12-19 01:36:20,,0,还不错。但是我感觉不如同年的狐狸爸爸。分有点过高了，毕竟跟风太多
钟笑乂,4,2011-03-03 14:41:44,,0,为了当年的梦想，爱情啊
灰色堡垒,4,2014-09-04 11:07:21,,1,那个老头感觉像马丁.斯科塞斯和罗杰.伊伯特的结合体……
Arthur,5,2012-07-02 14:23:26,,0,生活，向往。
一片云,4,2009-09-10 18:18:03,,0,如果说去旅行去冒险是为了遇见不曾见过的美妙景色，经历不曾想过的充实人生，那么与你的相遇相守就是我能想到的最华丽的冒险。
其艾拉,5,2010-03-12 23:19:30,,0,很好很感人
beborn,4,2011-05-14 01:30:47,,0,我明明评过这电影啊－－|||
元宝宝,3,2017-07-15 20:15:41,,6,冒险的旅行！
我的化学罗曼史,5,2011-01-19 18:03:34,,0,我最喜欢的动画片……
blb,4,2009-08-13 23:36:21,,0,小屋飞起时，我热泪盈眶
顾得儿白,5,2009-08-05 02:28:00,,0,不管是之前卡尔的平凡与之后的惊险，都一样让人羡慕。
中雪君,5,2010-01-11 18:26:39,,0,sweet，无论是因为剧情还是选择了老人这个题材
流星小将,5,2010-05-09 22:26:55,,0,很不错的动画片
=_=秋叶,5,2011-01-05 16:00:57,,0,最喜欢开头10分钟，对爱情的诠释，贯穿始终
夏夏夏夏夏夏夏,3,2010-07-27 09:23:18,,0,和姐姐一起在电影院看的，可爱温情感人但是不到五星
明阳先生,5,2009-11-13 18:20:10,,0,这个故事告诉我们：养个孩子是多么重要！如果你不能生育，去弄个试管婴儿吧！
大脸,4,2009-11-07 13:54:28,,0,朋友说感人..
月球漫舞者,5,2009-08-15 22:46:08,,0,四星半，真真正正的雅俗共赏，也许这就是从古到今的电影人们不懈追求的目标；欢笑之后全是辛酸；比完美的Wall-E稍差少许。
小小白药不能停,5,2011-03-30 12:12:38,,0,这个必须五星
马克兔温,3,2009-08-09 19:11:09,,0,喜欢那老头的拐杖
伊谢尔伦的风,5,2009-09-02 00:01:48,,3,老爷爷忒壮了。老年人爱情什么的……杀伤力无敌呜呜呜！
bing。,5,2009-08-04 23:37:10,,0,又哭又笑。一定还要再看。
ly莉,4,2012-01-22 13:15:41,,0,电影的前半段还真有意想不到的情节啊，有点近乎疯狂。有感动的地方也有令人皱眉，觉得会不会太夸张了的部分。总之是一部与众不同的卡通。--2012-1-20
如果茶知道,5,2009-10-22 16:23:56,,0,simplesweeteternallove...
Coldblue,4,2009-10-10 14:33:41,,0,喜欢前10分钟
Creep,5,2009-11-17 00:12:13,,0,让人从头哭到尾的喜剧。
云之心,4,2017-12-10 00:20:08,,1,喜欢前面对一生的阐述，喜欢那条叫道格的狗，虽然逻辑不严谨，但还是不错的，故事很有想法!……有几处挺惊险的!
★冰凌宫★,3,2010-01-23 19:55:47,,0,也算是上映很长一段时间的片子了，很多人看后赞不绝口，是没错，画面看着很清晰很干净舒服，不过情节简单了些，虽说故事挺感人的!
茧氏,5,2010-01-03 00:11:24,,0,真的很好看。在小孩子Russel的眼里，没有救大鸟Kevin就是没有救，没有信守诺言，没有坚持到底，不管是不是因为老爷子的floatinghouse。
九秋蓬,4,2009-08-05 16:39:24,,0,本来鼻子就不高，看3D还得架两副眼镜......巨受伤....
H.m,5,2010-01-29 20:13:52,,0,闻名不如看片
望仔放弃减肥了,5,2009-08-06 21:31:36,,0,如果有一个人爱我如你
露小缝,5,2011-10-09 03:02:45,,0,PIXAR总是能带来最单纯的美好
Sodayui,5,2009-08-30 23:41:19,,0,我会带着对你的爱精彩地活下去~（3D还是值得的~）
大旗,5,2010-01-13 20:13:01,,0,从来没有一部片子能开场就让我落泪。
榌舞の~雪児,5,2010-12-08 20:27:26,,0,看到热泪盈眶
michelle,5,2009-08-10 00:24:03,,0,好感人的小飞屋，我想我会再去看一次
一條魚佔滿了河,5,2009-07-26 20:02:33,,0,Pixar再一次向Oscar最佳影片发起冲击。这一次的主题是怀旧与梦想。
傻瓜,5,2009-08-03 08:08:17,,0,我能想到，最浪漫的事，就是和你一起慢慢到老。
避开目光,5,2009-12-26 00:52:51,,0,很感人，音乐也很不错
最烦装逼,5,2010-01-30 16:14:08,,0,喜欢完美结局。
slim,4,2009-08-02 22:26:25,,0,Pixarneverdisappointus.
Ly-iuue,5,2010-02-03 19:52:56,,0,超级温馨感人~我喜欢啊~~~
水湄物语,5,2009-08-05 11:19:33,,4,太好看啊太好看，皮克斯太牛××啦！！！！
林 沂 沐,3,2013-01-31 01:32:38,,0,原来只是这么个鸟事
虹口一条龙,5,2009-09-08 19:45:55,,0,pixar的人都是天才！顶礼膜拜~
傲娇续小肥,5,2010-07-03 17:53:59,,0,超爱的一部片。我喜欢有信念，执着的人。我也希望能有像卡尔和艾丽那样的爱情，我真的很羡慕他们。为了对方可以放弃自己的梦想
威尔森与蕉,5,2012-02-03 12:15:08,,0,这就是人参
KQ9527,4,2009-10-31 15:06:19,,0,短篇化更赞
ミツキ,5,2009-12-05 14:40:59,,0,crossmyheart
geek,NaN,2011-09-23 22:07:47,,0,皮克斯的片子是质量保证
Ghost,5,2009-10-25 08:57:16,,0,不愧为戛纳开幕影片
Cherky,5,2009-08-15 12:53:50,,0,有种看完老人与海的感觉
我做导演不为艺术只为潜规则,4,2009-08-07 23:52:08,,0,没有预想的好，但依然不错
疾走,4,2011-08-07 13:27:29,,0,Sosweet，andlovethevividcolor.
思阳,4,2009-12-19 13:47:19,,3,确实这片子如果在飞屋起飞的那一个片段结束就完美了，我肯定会感动得嚎啕大哭。后面的历险与坏人的对决都落俗。还是很高兴有人能以人生梦想的完成来做主题。飞屋起飞及之前的所有片段描写都言简意赅，意蕴深厚，让我赞不绝口。
ButtMan,3,2009-11-01 12:24:15,,0,失望啊除了开头小感动一把以后的内容趋于幼龄化
Ms.I,4,2012-07-02 01:17:29,,0,全96分钟讲的是梦想与勇气，前20分钟讲的是爱情与人生。
白阿毛,5,2011-10-13 21:36:57,,0,变成了我最爱的动画。
加州站街男孩,4,2009-11-01 14:07:40,,0,那个本子好有爱，我也要搞一本自己的AdventureBook
minyee13,4,2011-03-20 00:40:22,,0,虽然是一眼就能望到头的故事为什么pixar总能把故事做到无论看了几遍遇上还能再看一遍呢
A-Mian,5,2009-10-25 16:25:25,,0,很久没有被动画片所感动了的，值得推荐
orange,3,2010-04-22 23:03:13,,0,3D不咋地为什么票房这么好
刘小青,5,2009-12-10 15:23:29,,0,感动得我要命！
想退休的她,3,2011-02-26 18:05:15,,0,没有宝宝，是老爷爷对老奶奶的深情支撑着他这个想法的吧
薇羅尼卡,5,2010-03-04 23:09:57,,2,一场爱与梦想的飞行
littletwo,5,2009-10-25 20:01:33,,0,WOW！！我也要带着张姓女人一起飞~~
RR,4,2009-08-04 23:14:54,,0,这部可以弄成很多段短片的Pixar电影，我在半价日的时候花了35块去电影院看了
芹泽虾饺菌,4,2009-08-04 21:32:10,,0,感动……所以说，30岁之后再去当海盗也不算扯淡哈~~
大头绿豆,3,2009-08-15 21:56:34,,3,只有这个景象印象最深：无数的氢气球吊着小房子在云层间飞翔。大家喜欢的那个15分钟，反倒觉得不经意就过去了。
lying,5,2009-10-05 22:10:31,,0,Advantureisoutthere，butnothere
madaoooo,5,2011-10-15 14:48:03,,0,看完之后反而理解了老年人的那种孤独和倔强了
人类学科研究员,5,2009-08-09 01:37:43,,0,在电影院好想长按F5不放。
.H,4,2010-02-23 23:24:36,,0,fancy!
RIC,4,2010-03-02 17:21:06,,0,期望太高最终失望的典型....开头加一星
-VeronicaWooo-,5,2010-11-23 20:33:49,,0,真的很灵！喜欢倔倔的老头，还有老头的梦想，还有皮皮的小孩，蠢蠢的大鸟。还有那首MarriedLife。@ECNUS
爹 我亲爹,4,2010-04-08 04:17:50,,0,過了好幾年，我才開始發覺《飛屋歷險記》的精髓之所在
雪夜私奔,4,2010-09-13 00:22:18,,0,皮克斯难得一见的稍低品质电影，还是好于其他的动画片
Moriarty,4,2012-01-19 10:13:40,,0,无关年龄无关境遇要拥抱一颗勇敢的心去冒险去追寻
三层保暖,3,2009-08-02 15:15:29,,0,小喜剧，小感动
alan sister,4,2010-12-08 20:29:42,,0,russell长的好好玩啊~~~果然只有动画才能体现出大家心目中的乌托邦！开头闪影的那段做的太好了！
tietatou-o,5,2010-01-11 14:28:41,,0,诶油
tuirt,3,2009-12-10 22:55:55,,0,还真不是太喜欢这部片子
勤劳的小蜜蜂,5,2009-11-17 20:31:16,,0,小胖小胖小胖小胖小胖小胖小胖小胖小胖小胖小胖小胖小胖小胖小胖小胖
云中白鹤,4,2010-06-25 09:35:24,,0,很强大的想象力！
戴泰德,5,2011-07-27 12:43:09,,0,Pixar厉害之处是在动画齐心协力干敌的主旋律基础上表现一些细微的平淡的却闪闪发光的东西和情感。
平日,5,2009-10-26 20:43:48,,0,pixar的东西总是能让我感动，看到气球带着房子飞起来那一刻，忍不住...
OWEN欧文,NaN,2009-08-13 14:56:03,,0,这电影票房怎么不高啊。给口碑不成正比
Doris.ZY,5,2012-01-01 15:52:32,,0,一个钉子户的牛逼。
엘라노,4,2019-06-03 00:14:00,,2,或许探险类怪兽科幻片和西部片在精神内核上有相似处？毕竟都是诞生于同一个年代，符合相同的受众心理
安蓝·怪伯爵𓆝𓆟𓆜,5,2013-01-10 23:25:07,,3,因为有爱才精彩.从开头就高潮，一路泪奔到结尾.2013多点正能量吧!OST超赞!
pinkjar,5,2009-07-09 17:21:07,,0,一条条领带他们就老了。
安狄,4,2009-11-01 18:40:29,,0,梦想与爱情，是否真是如此相干……
乐事,3,2010-05-11 15:39:59,,0,从没有见过一部动画像这样叙述人的一生，从没像这样感到人生那样苦短，单说这一部分影片非常成功，可是后来环游的过程就有点太戏了，我宁愿只看“两个人的一生”的部分。这也是我为啥要打上“爱情”标签的原因！！
RexIgnis14,3,2012-03-03 22:23:11,,0,如果没有开头10分钟我只给两颗星
徐徐,3,2009-11-04 23:59:42,,0,PG级。老年。？？？。收尾×
寒枝雀静,5,2016-06-24 00:13:25,,2,不及瓦力，但也实在太优秀了吧。
MK凉凉,3,2012-01-26 21:45:05,,9,一对夫妻，如果是丈夫先离开，女人一般不会特别孤独，因为她们更敢于表达自己需要陪伴，也更能够在子女的家庭里找到其它安慰。而如果是妻子先离开，丈夫一般会过得很糟糕，很孤独，不好意思要求陪伴，也往往不想向家人展示自己内心的想法，变得固执。
我真不是大雁,5,2009-12-16 11:08:23,,0,PIXAR出品必属精品。
亢龙无悔,4,2009-09-21 19:12:29,,0,好看的片子，老少皆宜
小美人鱼,4,2012-03-02 12:09:20,,0,世界属于有梦想的人
北城南笙,4,2018-05-01 20:08:05,,5,幸福，不是长生不老，不是大鱼大肉，不是权倾朝野，幸福是每一个微小的生活愿望达成。
jagpumpkin,4,2009-08-09 23:40:50,,0,泪点太低，笑点太高。没有储蓄罐和没有梦想之地，不知道哪个更悲哀更要命。前半段不错，后半段糟蹋。
肥壮壮,4,2009-09-19 05:40:50,,0,好片子和朋友在电影院看的3D版本，效果没有想的好，但PIXAR把故事至少是讲好的了.很喜欢里面的大鸟的造型!很可爱.
scarly,3,2009-08-13 23:37:28,,0,总体我觉得挺拖沓的，但是感人的桥段还是有的。但实质上没有我想象中的好，或许是之前我把它定义成了一部超级搞笑的3D动画片吧
taobit,5,2009-08-09 16:42:36,,0,一部很温馨的电影，描写出了一个平凡的老头的一个不平凡的梦，皮克斯又一次让我泪流满面
Frogod.,5,2011-10-14 15:46:17,,0,最后一部一起看的电影我都快忘记了
keso,4,2009-08-08 23:21:50,,3,我更喜欢Pixar那些非人的人性。
Memento Mori,5,2009-12-13 13:39:49,,0,显然，我没有关于梦想或者坚持的崇高信仰，却感动于那一段蒙太奇——你们相守到老，就是生命一场最美丽的冒险。以后你的飞翔与奇遇，其实她都在你身边。
游牧人·芳汀,4,2009-12-19 05:26:10,,2,前面15分钟卡尔和艾丽优美流畅的生活画面充满了美感，如同梦幻之旅。如果没有这15分钟我不会爱上这部电影。
胖胖,4,2009-08-07 09:09:27,,0,为开场七分钟激动不已，而后的情节平淡了。3D观影感受不佳。
[已注销],5,2011-10-21 22:57:24,,0,letmewalkyouthere
kidsama,5,2011-05-08 20:08:22,,0,我一路的坚持为的都是你。
柠檬海盐,4,2017-04-20 22:24:02,,3,配乐很好听
泥泥,5,2010-04-15 17:15:41,,0,我要一份这样的爱
堤契诺的亚克力,4,2010-02-04 16:57:57,,0,Up!Up!Up!
达尔文2,4,2009-08-20 08:20:31,,0,up就是顶。简单平凡可爱的幽默背后，是深深的无奈和重重的叹息。一生执着的梦想，死到临头仍然是幻觉。人老了最大的好处就是，年轻时想要的东西老了就不想要了。还好，爱支撑着老头走完最后的路。
Tetsuling,3,2009-08-20 17:28:11,,0,抱着加藤久仁生的期望去看皮克斯，注定要失望。不是我眷恋旧梦想多于新人生，而是打坏人不是我心中实现梦想的过程。
正义B胜,5,2010-12-22 18:59:29,,0,皮克斯出品！！
辰星祭,5,2011-01-27 23:48:57,,0,我喜欢
兔子国蓝眼睛,5,2009-08-22 22:52:30,,0,五颗星不足以表达我心中的激动~~~
w,4,2012-08-12 13:30:23,,0,哈，3D是没有机会看到啦。。。温馨的故事，倔犟的老头，活泼的少年/
莫云轩,4,2010-03-04 23:20:44,,0,有这么一栋房子，也会被打下来的
西决,5,2011-01-30 14:28:51,,0,一生的梦想！
十个斗的眼窝浅,5,2009-07-25 10:56:39,,0,前10分钟就泪如雨下
赵阿蛮,5,2010-08-28 21:06:24,,0,无论是配乐还是剧情都超级完美
夏天De西瓜,5,2011-08-30 18:02:04,,0,幸福的片头
icebloom,5,2012-12-22 11:45:38,,3,永远都无法忘记当年看完这部电影后那难以言喻的感动。
布·迪安,5,2009-08-30 20:06:45,,0,松鼠~
少女废柴,5,2009-08-20 16:22:36,,0,明明是动画片，为什么我坐在电影院里从头哭到尾。MMD
博为,5,2009-09-26 17:46:33,,0,一部让人想起小时候的动画片
张苑希,4,2017-10-11 22:55:53,,1,与你相处的点滴胜过一切华丽的冒险。艾丽和卡尔之间相濡以沫的情谊使得后面的飞屋奇趣冒险都有些失色了。对于梦想生生不息的追逐和在纷茫尘世中获得继续前行的勇气。
REX,5,2010-11-12 19:01:57,,0,太有质感了！
小梅,5,2009-11-08 17:03:09,,0,一开始就哭了
浪费好运听从心,3,2009-08-08 13:08:26,,0,3D效果很差
Sean,4,2010-12-14 17:09:55,,0,notasgoodastold
feather,5,2009-06-01 12:23:18,,0,UP
南條艾草,4,2009-12-14 18:47:23,,0,这部动画给我的感觉是，很浪漫，各种层面上来说
异世绿,5,2009-07-31 21:33:56,,0,你知道我总容易被那些单纯温暖美好感动
哈卡,3,2009-10-30 01:19:45,,0,这个.....除了前头那个段落，其他有什么意思呢？
赵麻花,4,2013-02-25 16:43:08,,0,深层次非常棒，但冒险部分不够吸引人
vip,5,2009-09-25 17:40:03,,0,IMAX3D电影院
咖喱娜,4,2010-01-15 14:41:43,,0,皮克斯的每一部动画电影本人都灰常稀罕！
暴走貂小婵,5,2012-08-17 15:19:11,,0,我们应当清楚我们想要的到底是什么。20180730二刷。时隔九年，感动更深，也许是对电影里carl与ellie的爱有了更深的体会和同感。ellie在去世前抚摸carl脸颊那一幕瞬间飙泪。我们连表达爱的方式都一样。
Ash,5,2009-05-30 09:39:49,,0,THebestformein2009
陈小桃,5,2010-04-17 09:56:23,,0,我所热爱的老爷爷们啊~~~
leon mai,4,2011-01-22 15:02:23,,0,温暖有爱好故事
cowsumy,5,2011-06-18 07:13:18,,0,"""然而当我终于终于到了你一直想来的那个地方，我才发现原来自从你遇见了我以后，你的探险终点就变成了和我一生相濡以沫。你是我一生的冒险"""
草威,4,2010-01-12 18:59:59,,3,科学家再次邪恶
宋耗子,5,2009-08-10 10:13:18,,1,平平淡淡才能细水长流。每个人心中都有一个仙境瀑布
Bright Sun,4,2011-03-16 22:01:49,,0,老人的梦想同一个小孩和一只狗实现了
无为啊,5,2009-08-12 18:25:48,,0,老娘飙泪了
leon,5,2012-05-26 02:58:39,,0,高三是看的
颍原真吾,5,2016-08-29 09:22:45,,1,幸福，不是長生不老，不是大魚大肉，不是權傾朝野。幸福是每一個微小的生活願望達成。當你想吃的时候有得吃，想被愛的時候有人來愛你。——CarlFredricksen
尔黑我！,4,2011-12-14 03:29:32,,0,气球飞起来的时候湿了...
宅猫,5,2010-03-21 21:48:05,,0,更想把这部片子归为爱情。至少它教会了我，能跟心爱的人过一辈子是最美好的旅程……
随心随性,5,2009-08-11 13:20:51,,0,开始的开始很温馨，后来的后来很美好
阿朴,4,2009-09-14 14:57:13,,0,跟想像还是差那么一点点
细细,5,2009-10-31 00:47:46,,0,其实还可以更好虽然已经很好了。。。
月狸奴,5,2012-06-18 21:27:46,,0,很温暖诶~
我说123,5,2012-06-18 20:58:30,,0,开始把我看哭了，画面好美
本人醉奶,5,2012-06-18 19:10:21,,0,很可爱，但是一直没想通小罗的爸爸处于一个怎样的位置。老头老太的感情很感人。
风月四,NaN,2009-09-20 20:06:21,,0,多可爱的故事
小狮子,3,2009-08-13 10:47:09,,0,在电影院看的，3D效果非常勉强。故事过后想想也一般吧
水水,5,2009-10-24 22:20:03,,0,最开始的十分钟哭得淅沥哗啦
ich,4,2010-02-03 11:37:35,,0,snipe是亮点。
ibelieve,4,2009-08-04 22:39:40,,0,Soamazing！8月4日广州上映第一天。只是不太习惯3D效果。
胡桃夹子,4,2010-02-07 21:00:05,,0,天马行空
连城易脆,5,2013-12-05 14:08:25,,5,皮克斯的想象力绝对是无与伦比的...
z™,5,2009-10-11 22:12:13,,0,卡尔和艾丽的一生很幸福
有多远走多远,4,2010-06-02 15:45:59,,0,离经典还差一点。
蛮吉,4,2009-08-10 23:40:16,,0,美国
古时月,4,2010-06-23 13:50:21,,0,梦想总是遥不可及
White Shadows,5,2010-05-16 14:40:59,,0,前面是童话，后面是神话……
猫阿水,5,2009-08-20 22:02:50,,0,likejustsittingonthecurb，countingthebluecarsandred.Itmayseemboringtoyou，buttheboringstuffiswhatIrememberthemost
旺财sindy,4,2010-03-22 03:27:05,,0,恩，电影院看的3D，效果一般，不过很喜欢老头的造型，性格也非常饱满！
臭臭,5,2009-05-15 10:08:27,,0,哭啊哭啊哭啊笑啊的看完了，本来是你我一起的快乐，不是吗？
Cherry Chi,4,2010-02-22 18:33:23,,0,没有想象中爽，如果只有那年华老去的几分钟该多好
ragtag,5,2011-08-23 20:21:15,,0,爱情是最大的冒险，因为要一直坚持到白发苍苍，到死。
不理不理佐卫门,5,2009-11-06 21:53:23,,0,今年嘎纳电影节的首映影片好友创意啊～今年除了《瓦力》外看过的最好看的一部3D动画，皮克斯出品必属精品啊～好浪漫的爱情好执着的老人好可爱的挖挖
Chariey,3,2011-03-12 13:15:30,,0,据说某科技处实现了这一构想
stany,4,2009-10-31 19:55:03,,0,拍的很温馨，很喜欢
utm,5,2011-04-24 00:15:04,,0,我依然耻辱地最喜欢看动画片
Summerpie,4,2009-05-21 20:00:55,,0,好吧，其实有点小失望。笑点不多另感人不深另3D眼镜戴着太难受。学会了一句：crossurheart.恩
大圣飞出迷宫,5,2009-11-11 22:26:26,,0,浪漫的想象力
bokuka,3,2012-05-24 22:30:28,,0,后半段什么玩意儿
耳朵在哪,5,2010-12-24 18:51:20,,0,so咔哇~声音很好听~
a1cool,5,2009-08-03 23:58:56,,0,G排12&13數位3D
WSi,5,2010-07-10 00:16:18,,0,开篇几分钟完爆无数电影100多分钟老头的房子其实就是过去的束缚他松开了手便是迈向未来
子爵91,5,2012-05-25 20:06:17,,0,我也想到这个世界走一走。活在这个世界会是什么样？
umin想学好英文,5,2012-05-26 00:26:41,,0,喜欢他俩结婚后的小日子，，5分钟的时间，没有一句台词。但画面中的流露出来的温馨，却让我很是感动。、、这样单纯、毫无杂质的婚姻，，去哪能找到？？
你说呢,5,2012-05-25 22:03:56,,0,画风很温馨，人物表情十分到位，特效很棒！
东岛谷少,5,2012-05-25 17:49:04,,0,这个绝对是爱情，我在豆瓣里其他小组看到这样一句话：一个男人实现一个女孩的梦想，绝对爱情~~当他们看到彩虹瀑布的时候，我激动得不行
SUMMER,NaN,2012-05-25 21:56:49,,0,真的挺好看的！
kalila.J,NaN,2012-05-25 22:10:12,,0,在初中一个无聊的周末下午翻PPS偶尔看到的片子我也不知道这名字哪里吸引到我但是我就是看了很带感的梦想棒
墨MO,5,2012-05-25 17:38:46,,0,记得我是在飞机上看的。
冷色水才,5,2012-05-25 23:15:15,,0,老头的爱情执着！我喜欢！
