user_name,star,comment_time,geo_ip,vote,short
SWX,5,2012-10-08 23:40:20,,11862,这是一只安卓和苹果的故事么。。
徐小花,5,2008-12-27 22:33:27,,7501,把所有的好东西都给eva
Ragdoll™,4,2009-01-23 15:00:46,,5001,乡下文艺小伙儿追求都市女精英的故事……以及……
mon babe,5,2008-11-14 22:54:45,,4752,很久没看过这么可爱的动画片了。瓦力什么都不会说，除了那一声声执拗的：Eve！他们在星空画出美丽的弧线，他们无意间守候了一份真正的爱情。
岛上的夏奈,5,2015-12-17 07:17:48,,4655,浪漫得一塌糊涂，像废墟中开出的花，像牵手散步的下午，像世上所有伟大的爱情。
Connie,3,2008-08-29 13:40:35,,872,機器人談戀愛也避免不了男女搭配的窠臼(叫Eva倒有夠諷刺)，就更不用説亙古不變的雙眼雙手擬人造型...人類的想象力其實很貧瘠
lenlen,5,2008-09-12 09:37:55,,3635,我看哭了。。。
影志,5,2008-11-16 00:30:29,,2415,再也没有比《瓦力》更美的动画片了！谈到Wall·E的来源，导演安德鲁·斯坦顿否认了“ET”或者“霹雳五号”的说法（尽管外形很像），他只承认自己创造Wall·E受到了“小台灯”（Luxo）、双筒望远镜、R2-D2、迪士尼乐园“星空之旅”的机器人、卓别林以及伍迪·艾伦的影响。
Doublebitch,5,2008-10-28 02:52:41,,2104,陈奕迅都为你唱歌了
眼角的花朵,4,2008-07-10 11:35:55,,1685,人类在这个片子里面是处于完全被嘲笑的位置。（其实应该说美国人？）片中的超大型连锁企业BNL在未来已经统一了所有的商业领域。而人类堕落成完全依靠电脑的帮助才能吃喝拉撒的胖子们。而且从小就接受电脑的教育要消费消费再快点消费。这个世界虽然没有Matrix的灰暗，但是其实相差不远。好在人类并非丧失了本性，只是“遗忘”了而已。而WallE和Eva的出现就提醒了他们还有一个“家”，虽然已经满目疮痍，在等待着他们的回归。
🌞娘卷卷🌙,5,2015-03-07 11:13:00,,1948,到底有多少人是因为《机器人总动员》这个烂译名错过它的！太出色的一部动画了，你找不到替代品的。默片，看似简单又非常复杂的设计，怎么那么棒，那么感人。
阿北,5,2008-09-16 11:26:11,,1065,准备看第二遍
陀螺凡达可,5,2011-12-28 05:12:35,,1026,堪称完美的动画作品。
bamboo,5,2010-03-28 15:27:20,,870,你不知道我有多喜欢这部总共加起来还没有几句台词的动画片
斑斑点点,5,2017-02-23 17:28:12,,629,懒散的舰长道出了人生的真谛：我们不要生存，我们要家，要做有意义的事情！
眠去,4,2008-11-03 08:21:09,,1743,没有引进真是太遗憾了。
股神看不懂,5,2016-11-02 22:24:12,,456,乡村小屌丝恋上了城里的白富美，整部影片既有幽默搞笑又有感动的地方，最让我印象深刻的还是那个有强迫症的清洁机器人，真的很可爱。同时，这部片子还教会了我们保护绿化的重要性，具有很好的教育意义
momo,5,2021-02-04 15:28:20,,314,确实浪漫得一塌糊涂，想哭。瓦力一边自娱自乐一边孤独地生活就是我本人
西楼尘,5,2013-08-21 23:03:15,,292,等你苏醒的日子，比我在地球上的百年还要久。等我记起的时光，比你在太空里的百年还要长。原来牵手就是电极线碰触产生电流，原来跳舞就是消火栓喷射产生动力。生了锈的身体也会激动，液晶屏的眼睛也能流泪。我们不用戴上眼镜吸食补给，只要给你缠满灯泡就能发光，给我传输信号就能复活，有爱就不孤独。
浪味仙,5,2008-10-13 10:33:15,,372,Justneedsomeonewhowilllookafteryou
junepig,4,2008-09-15 16:46:41,,1591,清纯乡下少男与前卫暴力冰美人的爱情故事啊～xixi
我坏故我在,5,2008-07-30 16:03:59,,458,walle很傻很可爱，eva很酷。
事儿妈,5,2016-10-07 11:05:57,,288,看完只想把所有好东西都给它……
美丽新世界,4,2009-02-01 00:15:49,,924,地球上最后一個收納歸類狂walle應該是巨蟹座吧。。
巴喆,5,2013-05-21 13:24:02,,205,WALL·E是所有美好人格的象征。9分
褶皱,5,2020-07-28 23:53:44,,157,我觉得Wall.E一开始好孤独啊一个个体在硕大的被遗弃的星球日复一日的重复相同的工作如果没有自我意识就算了可是它会把自己喜欢的废品带回家会看几百年前的录像带😭
徐若风,5,2013-05-12 13:12:28,,143,皮克斯最好的动画电影。
同志亦凡人中文站,4,2012-07-20 20:13:21,,732,呃，能吐句槽吗...剧情，好弱...
ZWW,5,2017-09-08 22:23:34,,226,瓦力瓦力瓦力……伊娃伊娃伊娃……
🔥🔥,5,2022-12-24 23:12:43,北京,138,当新人类已经不懂什么叫生活，两个机器人却在星河之间舞蹈
艾小柯,4,2008-07-04 16:09:58,,952,小瓦力，大人生
天然呆,5,2017-03-17 14:15:30,,109,美国拍的动漫果然是给成年人看的，非常好，欢乐中伴着泪水
小星星,4,2012-10-02 14:36:21,,579,有那么一丝感人，但在皮克斯里不算最精彩的，是属于那种背景深刻剧情简单的片子。但是豆瓣咋能有那么高的分--。
月呀么,5,2009-10-06 01:47:54,,136,wall-e:除了你的名字什么都不必说
暴富的女孩是我,4,2017-03-15 06:43:12,,287,我不会说情话，只知道陪着你。
胖胖小君君,4,2017-02-09 13:38:47,,244,很好看的一部电影，小机器人一直不放弃的精神，竟然感动到了我，不知道小瓦力是怎么熬过了那么久一个人处理垃圾的时间，还把日子过得那么有意思，会收集自己喜欢的小东西。
桃桃林林,4,2008-09-14 06:32:56,,153,很可爱
梓,5,2021-06-23 09:00:23,,111,“Idon'twanttosurvive，iwanttolive！！”
谢谢侬,5,2021-02-27 21:46:37,,98,WALLE本不知道孤独，直到他遇见了EVA
苏醒醒,5,2017-01-07 22:31:47,,145,喜欢瓦力和伊娃在太空滑翔的那段好温暖浪漫瓦力从新捡起记忆卡想起伊娃的时候那段好感人泪目了喜欢瓦力收藏的小屋还有那个古老的唱片小强在里面是牵线的人吗哈哈太空飞船里面的机器医卫士也是好萌呢~不过这部电影的初衷应该是呼吁人们要珍惜资源保护地球…
暖鱼,4,2008-11-02 23:44:56,,199,牵手
行,5,2012-10-05 23:59:09,,85,每个人感动的地方是不一样的。当我看到瓦力认认真真拾掇他那些宝贝——无非瓶瓶罐罐一次性叉子等等一般人眼中的废品——的时候，就特别的感动。是吧，如果每个人都懂得珍惜，这个世界该多么美好，无论物质的还是情感精神的。遇到珍惜你的人，无论物还是人，都是幸福的。
木鱼水心,5,2009-09-09 12:58:02,,69,几年来最好看的动画片，兼具日本动画和美式动画的好看之处。
大耳朵,5,2022-10-04 14:24:33,黑龙江,52,他生活在垃圾堆、与蟑螂做朋友。却总是仰望星空，渴望着最真挚的感情。这是有史以来最浪漫的好莱坞动画电影。
小海,5,2012-05-14 21:11:58,,94,一部九十分钟的动漫，讲了一个有关友谊，孤独，爱情，冒险，英雄，反抗的故事，宣扬了环保的理念，播撒着理想主义的绿色种子，童真而美好，惊险又浪漫。不得不说，这部电影之下的热土孕育了它的成长。PS.片尾曲两分钟的简笔漫画也很有看头！
Rosemary,5,2022-04-06 08:18:21,,46,竟然一直没看过这部片子，什么狗屁翻译，总动员你马呢。看的时候加上看完都处在难以言喻的震撼之中，最震撼我的是walle开头自己收垃圾和eva短暂关机时候他拉着她到处走的情节，那巨大的孤独感从屏幕里冲出来包围了我。
青简,5,2010-06-09 19:24:49,,79,爱与生命无关
Ocap,5,2014-04-02 22:13:48,,59,最爱的动画。宇宙仍辽阔，历史仍轮回。但有一线生机，如那株绿草。机器，可为皮囊一种。
恶魔的步调,5,2008-07-28 15:54:27,,30,名字相反的搞笑二人组。又一个乌托邦，胖子乌托邦。最后那段奥德赛式的配乐实在是……难道还是这些没生命的东西让人感动吗？
我的苦難史30天30夜也講不完,NaN,2009-02-18 20:11:12,,198,那小眼神太可爱了～
朝暮雪,4,2012-08-07 15:43:34,,121,再卑微也可以拥有爱情。
闫妮,5,2016-09-28 09:44:38,,23,萌萌的机器人也可以找到自己的真爱
大志的小耳朵,5,2016-12-29 20:30:39,,26,好看，很感动非常优秀的动画片，经典。
红豆♥,5,2015-09-04 15:40:45,,40,路过太阳的时候充电板快爆了吧……
薇羅尼卡,4,2008-09-07 16:30:48,,60,爱情让每个“人”卓尔不群
纤纤,5,2017-03-29 21:57:35,,25,它是…守护者
橐龠,4,2018-01-17 22:23:06,,66,超级感动的，我得静会儿呀，不行了，啊啊啊啊啊啊啊啊啊啊
私享史,4,2009-07-29 23:24:26,,58,技术上似乎没有比Ratatouille更出彩，虽然有ILM的帮忙。台词一直是Pixar的强项，这回想向默片叫板？故事本身太简单，没台词点缀就有些寒碜了吧。片尾秀一把2D动画有点向美术致敬的味道。本片一项安尼奖都没拿到，Ratatouille当年可是横扫九项，还是Remy更有爱哈～
CharlesChou,5,2011-12-12 21:12:15,,38,总动员你大爷！！！！！！
曾于里,5,2011-08-04 21:52:20,,19,23年来看过的第一部动画长片。walle太有爱了。
旅途人生,3,2016-07-16 11:53:46,,75,这是一部有关环保与爱情以及科技的电影，电影以若干年后，环境破坏为背景，清理机器人的遭遇和伊娃的爱情故事，展现了环境污染，通过公理号的遭遇讲述了因为科技发展，我们而变得慵懒，展现了可以给我们带来便利时，同时也带来了新的问题，也讲述了两个机器人之间唯美的爱情故事，很温馨。
Elaine,5,2023-04-20 22:35:45,江苏,29,四爱经典。
梦里诗书,5,2015-01-25 19:12:09,,29,皮克斯动画下的《机器人总动员》已不仅仅只是孩子的童话，电影即便没有那精湛的特效，这依旧是一场足以直抵心灵的佳作，环境保护的立意，对乌托邦的反讽，于此宏观之下机器人瓦力的落足，令人看到了对生活与爱情执着追寻的感动。
Leon Winters W,5,2015-10-10 14:30:36,,24,两个机器人也可以演绎这么精彩的篇章，对未来的人类退化已经讽刺的相当幽默。WALLE是一个浑身散发着遥远的乡下星球的泥土味（还有垃圾味）的破旧机器人，但它成功追求到了心中的女神——最高科技的代表作品、珠圆玉润身怀绝技的EWA。
汪金卫,5,2009-08-29 19:09:10,,25,20160619【上海电影节展映】终于看了大银幕巨幕版。我知道我会哭但没想到会断断续续哭了20多分钟，痛哭流涕那种。瓦力与伊娃的感情真的直击我心。瓦力的执着可爱真是太萌。大银幕看到很多容易忽视的细节。对2001的致敬也更明晰。总之，世界上能有这么一部动画片，真是太美好了。六星神作
婷婷爱八卦,4,2017-12-29 15:47:19,,58,纯情的机器人🤖️！有时觉得机器人的世界好单纯啊，可也是那么无力
连城易脆,5,2015-07-15 09:42:13,,19,这电影最大的缺陷就是不该翻译成XXX总动员，直接叫《瓦力》就好多了...质感非常好，思想内核又特别高级...
有心打扰,5,2011-01-01 22:58:06,,19,不管你去了哪里，我都要找到你，然后牵着你的手，最后跟你在一起。
太常寺协律郎,5,2017-09-15 20:05:40,,28,又一次看哭......Walle去牵eva的手的时候.......世间最美好不过如此了。
酒鬼一家小迷妹,5,2018-04-07 11:13:59,,16,有些地方讽刺十足确实值得深思。超喜欢瓦力喊伊娃的，满满都是爱。真的很喜欢的一部电影。
杨迪,5,2009-12-17 01:24:16,,28,萌死
唐小万,4,2013-07-28 22:05:43,,53,瓦力像伍迪艾伦｡◕‿◕｡喜欢那个强迫症清洁机器人
sharon,5,2011-07-28 23:02:45,,13,最喜欢的动画电影之一，没有过多的台词，却很吸引人。瓦力和伊娃在太空里的那一段画面太美了!
红豆粥,5,2017-05-15 21:59:42,,15,看一次哭一次的神剧！明明都知道情节还会跟着哭！
小肉兔,5,2017-06-01 21:04:56,,11,真的太喜欢这部动画片了陪伴与爱
顾俏乜,4,2017-07-06 20:17:58,,98,Idon'twanttosurvive.iwanttolive。
元宝宝,4,2017-03-12 16:13:08,,34,冰冷的机器世界里，也不乏温情和感动！这就是动画片的魅力！
Panda的影音,5,2011-08-04 09:59:06,,11,喜欢瓦力的执着，为了爱情，勇往直前，不曾退缩！——最爱的（皮克斯/动画）电影之一，已经不晓得自己看过几遍了（很幸运地在2014年于影院大银幕又刷了2遍），重温时依然有笑有泪。——【瓦力】的单纯呆萌，【伊芙】的聪慧奉献，【Mo】的尽职尽责，……；污染的地球，梦幻的星空，绝妙的舞蹈，……。
大头绿豆,4,2008-10-05 07:18:56,,37,如果看的是DVD，画面应该很好。故事不像我想象的那么好，细节比我想象的要好。
小痕呀,4,2017-04-01 22:57:46,,22,又萌又可爱的动画片，轻松有趣，全程笑个不停，里面的科幻色彩也很浓厚。
海鲜高汤面,4,2017-04-12 20:10:21,,10,成人动漫电影，挺感动。
有心打扰,5,2011-01-01 22:58:06,,19,不管你去了哪里，我都要找到你，然后牵着你的手，最后跟你在一起。
铃儿响叮当,3,2017-02-11 15:32:54,,67,动画片我本来是拒绝的，但里面的配音意外的感觉很萌！剧情我觉得一般啊，居然豆瓣给这么高的分，有点不理解
Vamei,4,2008-11-14 14:06:16,,20,在冰冷冷的太空中，有什么比谈一场浪漫的恋爱更让人温暖的呢？
太常寺协律郎,5,2017-09-15 20:05:40,,28,又一次看哭......Walle去牵eva的手的时候.......世间最美好不过如此了。
酒鬼一家小迷妹,5,2018-04-07 11:13:59,,16,有些地方讽刺十足确实值得深思。超喜欢瓦力喊伊娃的，满满都是爱。真的很喜欢的一部电影。
杨迪,5,2009-12-17 01:24:16,,28,萌死
花落  思量错,4,2017-04-12 21:52:40,,15,小屌丝儿追求白富美的故事，还挺励志的，瓦力的声音也很特别。喜欢
[己注销],3,2009-09-24 11:57:54,,15,一般，不像很多人捧的那么高，也没有某些人贬的那么低，三星半产品。剧情很老套，这种类型看得太多实在有够厌倦
杨大志°,4,2017-04-19 23:26:16,,12,好感人，瓦力很可爱啊
sharon,5,2011-07-28 23:02:45,,13,最喜欢的动画电影之一，没有过多的台词，却很吸引人。瓦力和伊娃在太空里的那一段画面太美了!
红豆粥,5,2017-05-15 21:59:42,,15,看一次哭一次的神剧！明明都知道情节还会跟着哭！
然悔悟,3,2017-11-30 09:26:00,,41,相比于一般的动画电影来说有些无聊
小肉兔,5,2017-06-01 21:04:56,,11,真的太喜欢这部动画片了陪伴与爱
Panda的影音,5,2011-08-04 09:59:06,,11,喜欢瓦力的执着，为了爱情，勇往直前，不曾退缩！——最爱的（皮克斯/动画）电影之一，已经不晓得自己看过几遍了（很幸运地在2014年于影院大银幕又刷了2遍），重温时依然有笑有泪。——【瓦力】的单纯呆萌，【伊芙】的聪慧奉献，【Mo】的尽职尽责，……；污染的地球，梦幻的星空，绝妙的舞蹈，……。
九尾黑猫,5,2008-11-02 20:59:11,,9,en...好久没有这么好看的动画片鸟~>_<~
杨桃,5,2017-03-26 20:42:50,,13,很感动，机器人可爱~
木偶,5,2008-09-28 23:11:49,,16,当世界毁灭，我们至少还有爱
丑小鸭cxy,4,2018-03-22 16:08:59,,17,讽刺意味十足，就像我看过一副漫画一样，未来的人类会进化成猪一样的生物，肥胖脑萎缩成猪脑一样大小，好多影片都反应了智能机器控制人类，这部也不例外，值得人类思索。
未央,4,2017-05-02 13:32:06,,16,看着外表破旧的机器人瓦力独自守护在已经荒废的地球，萌萌的大眼睛，画面塑造出来那种苍凉的孤独感让人心疼不已
九尾黑猫,5,2008-11-02 20:59:11,,9,en...好久没有这么好看的动画片鸟~>_<~
杨桃,5,2017-03-26 20:42:50,,13,很感动，机器人可爱~
木偶,5,2008-09-28 23:11:49,,16,当世界毁灭，我们至少还有爱
原来是西门大嫂,5,2008-11-05 20:48:57,,13,幸福的小宇宙强大的爆发啦爆发啦！啊啊啊~~~
美女菜kun,5,2017-03-26 21:20:24,,15,看到后面都看哭了，好怕这个小机器人哪天突然消失！
Neroat,5,2014-11-17 09:09:53,,8,皮克斯电影里最喜欢的一部。
落拓,4,2017-03-20 14:04:52,,6,其实随着年龄增长已经不太喜欢看动画片了，但偶然看了这片子之后觉得真的挺好看的，很有趣味的电影。
爱吃糖的猫,5,2017-03-26 20:57:31,,39,太可爱了对爱永远都有些纯纯的向往和渴望温暖浪漫～
做一件事很难吗,4,2018-03-19 11:00:09,,9,“我不要只是生存还要活得有意义”很喜欢这句话这种动画片类都挺不错的
撒旦的表妹,5,2014-04-05 22:55:47,,27,walle好萌，有洁癖的mo更萌！好喜欢！前半部分一直看的眼泪汪汪，后面真的好治愈，walle跟mo打招呼的时候快被mo萌哭了！
你看起来很美味,5,2012-02-01 15:15:35,,20,准备今天晚上再看一遍，现在回忆起来，有个很深刻的镜头就是影片开始不久的时候，他收拾完废品，看见电视里两个人手牵手唱歌，于是他，用自己左手握住了自己的右手，虽然，在别人看来，只是两只铁钳子。我真的是，太喜欢瓦力了啊
仙仙美代子,4,2017-03-16 23:17:16,,10,这部动画我最喜欢看的是前半段地球上小机器人寂寞又规律的生活！有很大的教育意见！但是遗憾的是它没将这种感觉延续下去！后半段落入了动画电影的俗套！尤其是人类模型其实和小机器人有稍微的不协调感！
新桥妖妖,4,2017-03-18 20:04:27,,7,很优质的动画大片，活泼可爱，特效好好！想看咱国内也多出这么好的片子😭
柠檬海盐,5,2017-03-26 08:51:59,,10,看哭了
klzbyxg,5,2018-04-22 17:37:42,,8,非常感人的电影
请你吃童话,5,2016-10-06 11:07:32,,5,瓦力与人生。
昵称被占不开心,5,2017-02-13 09:57:56,,13,小瓦力，大人生，感动
Memento Mori,5,2010-03-05 20:59:05,,13,老实说，可以连剧情都不看。Wall-E低低的喊：EVE，我就哭了。
胤祥,4,2022-09-02 09:17:35,北京,4,动画#1000。世界观、故事线完成度、搞笑和煽情的点都挺不错的。今天看技术想象甚至都有点考古的意义。亚当等细节致敬《2001太空漫游》，各种故障机器人大游行那段怎么看都有点今敏的《红辣椒》的意思。问题是反派动机不明，而且未来想象如此，结局也真有些太乐观了……
寒枝雀静,5,2015-02-20 21:47:34,,4,哭。。。。
一线吃瓜群众,5,2018-02-14 01:51:22,,4,豆瓣评分而来，小时候看的了，画风好萌
布莱克书店,5,2017-10-23 14:39:44,,8,瓦力好萌。
子安,2,2008-09-15 12:30:10,,7,直到Eve出场前都蛮好看的。
一路有你,4,2017-05-26 17:25:36,,4,瓦力超萌超可爱，好喜欢这个电影啊神作！暖心极致
文泽尔,4,2008-12-01 00:55:51,,7,辐射风格，废土风格，过程流程化，HAPPYENDING。手塚式的机器人探讨——实际是个大杂烩，但协调得很不错。
M能能M,3,2017-03-10 10:39:33,,7,机器人真的好可爱，棒棒棒棒
我是鬼鬼,5,2016-09-26 09:08:28,,9,经典永不褪色……
陈粒,5,2012-08-31 15:22:38,,12,看动画片不说话成何体统
王xx,5,2008-12-13 22:57:46,,10,完美
承一诺守一生,5,2016-10-05 13:30:09,,5,萌
舞！舞！舞！,5,2008-08-18 12:49:57,,10,哭完了，来推荐。太动人，太好看。
不想上班的momo,4,2017-03-28 23:02:23,,4,看了龙族才看的，很感人
Yeoman,5,2015-07-18 12:54:09,,7,前半小时对于编剧的研究来说非常重要，因为没有台词，又不在默片那种形式感里，完全是皮克斯讲故事的方法。很想看看剧本是什么样的。
godzilla,5,2018-08-02 23:45:51,,8,电影没有明确地解释WALEE世界中存在的一切，给人感觉很神秘，主题是发人深省的。
橙曦羽潞,5,2017-05-10 20:42:43,,4,很可爱的一部动画片，放到现在也不过时，值得反复回味
西西里岛的瓦力,5,2022-05-16 14:16:01,,23,二刷了瓦力，即便是一部十四年前的作品，现在看来，想象力依然出类拔萃。情节紧凑，画面优质，场景浪漫。丰富的想象力创造了浪漫的故事，有趣的细节塑造了丰满的人物。在几乎没有台词的情况下，让你感受故事的有趣和情感的美好。
托尼·王大拿,5,2010-03-07 22:06:01,,9,空灵寰宇
Sisyphe,5,2021-02-15 22:57:10,,28,长评第一写的太好了。跨过如此孤独漫长的一生，他依然相信美好。死性不改的浪漫主义，一往情深就此生相随。“直到世界尽头，依然对爱渴望”
能工巧匠沙门哥,5,2012-01-17 12:48:24,,3,近几年看过的最好的爱情片啦！有点感动哦~
木由,5,2019-01-29 17:55:40,,15,瓦力真是我看多少遍都会心动都会哭出来的电影。另：凝视着历代船长的红色眼睛太可怕了。
Madison,5,2013-04-09 19:58:09,,4,无可挑剔
冰红深蓝,5,2013-04-17 14:13:30,,6,不错，德英版都看过。PT机器人eve出自这里
荞麦,5,2014-12-24 23:20:15,,5,也看过！
不可能不确定,3,2020-08-23 23:11:26,,8,既然机器人要阻止人类返回，为什么要派出伊娃去找植物。
橘子橙子和猫,5,2022-03-19 00:31:58,,11,机器人携手拯救未来人类，回到地球后也收获了爱情，最后片尾曲那段动画很有趣，荒漠变成绿洲，黄土变为鲜花，沉浸于虚拟中的人类重新踏上大地，和一众机器人重建地球，莫名感动。以及，mo真的好可爱，狠戳我萌点！
Lies and lies,5,2008-12-13 17:03:48,,5,可能是有史以来最好的动画片。特效不是关键，关键是浪漫。
高詩遠,4,2019-07-24 00:38:21,,1,机器人可以在充满垃圾的地球上追求自己所爱的事物，人类却在高科技的飞船上丧失自我，这种对比用的很好。令我感动的不只是两个机器人互相追求的感情，还有那一对胖男女以及船长敢于面对现实、面对自己一直忽视的身边风景的勇气。
金英俊,4,2008-11-14 10:54:34,,1,Wall-E.PROPER.DVDRiP.XViD-BenBurtt
Chris  一切由无聊开始,2,2008-09-13 15:02:35,,9,完全不符合科学逻辑的机器人电影，我怎么看怎么别扭。又不能算是童话。有些细节比较注意，但是基本没什么意思，只能算闹剧。如果说稍微有点好的话，应该算是在戏剧冲突情节推进方面的娴熟，但也只能算技术层面，好莱坞电影在这方面一向不错，所以这不能算是突出的优点。煽情方面也比较俗，都是些百试百
tlmgt,5,2016-03-04 07:37:01,,5,感人啊
今晚熬夜了吗,5,2017-06-28 20:43:25,,5,瓦力超萌超可爱，羡慕他和伊娃的感情
書衣偵探華斯比,5,2017-11-30 10:36:16,,4,一部让人看到希望的动画片。清扫污染源机器人太逗比了。就是大BOSS有点弱。
遇见彩虹🌈,5,2017-11-14 09:40:47,,30,看过好几遍，现在陪孩子看，孩子也很喜欢。几乎没有台词，却很感人。短片也很有趣。
清欢无别事,4,2017-05-31 07:23:49,,6,很感人，但不希望有这样一天到来
梦到sf,5,2012-05-23 00:45:39,,0,伊娃~
muki,NaN,2012-05-23 01:30:24,,0,感动
落棋,5,2012-05-23 13:11:43,,0,很美！
抗体猫洛洛,NaN,2012-05-22 21:52:59,,0,伊瓦~我爱你。
蛋糕甜蛋糕,4,2017-04-22 10:22:03,,4,经典，全程很多欢笑，但也很感动，看哭了。
bayer04,5,2008-09-01 21:14:09,,1,beyondperfection
🐳 居北望南 9¾,5,2011-08-26 16:40:08,,0,最爱动画剧场版没有之一！
zitsunari,4,2009-02-06 23:27:01,,3,宅男勇救御姐
[已注销],4,2011-01-09 18:15:49,,0,看过但是印象给我留下似乎不深啊。
李濛Lemon,5,2011-08-10 13:22:46,,4,记忆渐渐苏醒，瓦力握住伊娃的手，轻轻地叫道：“伊娃”，我的眼泪就掉了下来。音乐渐渐响起，旧机器里传出优美的歌声，“...comeonreadytobeinlove”我想，如果当时我身边有一双手，不论是谁，我都会紧紧握住。
噢耶~益生菌！,5,2012-05-25 15:56:36,,1,爱，感动，美丽
猪大腿,5,2009-03-18 13:30:52,,2,把我哭的啊。。
匪伊,5,2008-12-03 07:37:06,,0,游戏挺好玩不，电影也不会差到哪儿去吧？
强强,5,2009-01-26 19:50:46,,0,太经典了
20个小明≯,5,2010-07-14 19:09:51,,3,不愧为经典！！！重温后感慨颇多……这部作品绝对是心头好！当年还在上高中，用同学的mp4看的如痴如醉！完全击中我
Sora,5,2010-01-08 17:56:35,,0,温暖
iceman,5,2009-02-19 16:56:31,,1,哇，太漂亮了，很漂亮……
郑宁素,5,2015-09-20 20:13:10,,9,真是“文明能压碎，情怀不衰”
Sandra J,5,2011-11-29 21:21:49,,3,前一阵子看《第十放映室》介绍此片，竟然定义为“灾难片”……好另类的说法！
死鬼,5,2018-03-15 20:39:34,,27,你吻我时天堂都向我敞开即是闭上双眼也能看到玫瑰人生当你将我贴近心房我就身处另一个世界那里玫瑰遍地怒放你开口说话天使便会歌唱最平凡的语言也成了情歌我不要只是生存我要活得有意义
Cao,NaN,2008-11-26 19:19:46,,0,lovehopeforever
范克里夫大尉,5,2008-12-23 09:32:43,,3,颇有“辐射”风格。
阿宅Doooooris,5,2011-05-29 18:04:44,,2,我想说真实太棒了
你爹语重心长,4,2018-04-22 22:18:52,,4,好喜欢瓦力啊，巨萌。
dying,5,2008-11-28 00:16:41,,1,无需多言。
肚肺传奇,4,2009-01-19 18:37:14,,0,机器人的爱情
冰山李,5,2008-09-13 21:30:27,,2,9.5；啦啦啦，咱俩拉个手吧
Demi,5,2008-09-26 12:06:33,,0,结局太仓促。
七月,4,2011-05-30 16:44:16,,0,瓦力~~
Fan要坚强,5,2009-01-19 21:27:21,,1,eva和wall-epk过太多08年的情侣，温情而不矫情。
Cpt. 切尔卡西,4,2009-10-07 10:56:07,,0,黑了点
sēxteen,4,2008-11-18 15:55:05,,0,有那么好？吊足味口啊。
Captain,4,2012-06-18 22:29:42,,1,整部电影没有任何台词，竟然可以拍的这么有趣，非常佩服导演
阿离,5,2018-02-15 15:51:40,,4,想法超棒，瓦力和艾娃的感情有点甜呀o(*////▽////*)q
太夜秋风,5,2017-05-10 09:10:57,,6,这不是机器人的爱情，而是人类独有的情感!Eva就是个野蛮女友😄（有意思）
青黛,5,2010-11-20 01:40:50,,0,这个痴情汉。
六扇门的门,4,2012-08-12 12:01:04,,1,看出来了，外形粗犷的机器人wall·e是男的，外表秀气流线型的名字女性化的eve是女的，哈哈。wall·E通过个人英雄主义式的牺牲赢得了eve的机器心。不过觉得好奇的是那个太空飞船繁华的样子！
张苑希,4,2016-11-25 22:43:53,,2,很cue很萌的小故事，本质上其实还是个环保片。小身体，大能量，瓦力与伊娃~
snowinter,5,2009-11-26 05:16:52,,0,烛光永远是打动她的基本元素
可乐杨,5,2008-10-02 05:30:18,,0,赞！赞！赞！！！
liuqf1999,4,2012-02-20 17:59:25,,0,感人的一部动画片，呵呵
西直门外137#,5,2010-02-15 22:56:07,,0,wa..a..li....
word999,5,2010-03-12 21:04:44,,0,就是科幻有点软
十夜,5,2008-11-16 20:21:03,,0,迪斯尼无法超越的经典
桃子,5,2011-04-18 15:13:48,,0,怎么原来mark的没了？豆瓣偷偷rewindbackup啦？
双一,5,2010-03-04 08:12:07,,0,好玩
树,5,2008-11-19 15:09:45,,0,经典
找凹的凸,5,2009-12-22 23:13:05,,1,完全颠覆了我对情节的猜测，很简单很美的故事。
Kiddie,5,2010-08-25 22:35:15,,0,爱护地球人人有责
芒果,5,2012-02-15 19:05:43,,0,未来派的穷小子爱上富家女
麦,5,2010-05-23 15:19:27,,0,美好的爱情
微风拂面微微凉,5,2008-07-28 08:57:03,,0,wall.e和野蛮女友eve终于幸福地在一起了，，，
玉面小白菜,5,2011-03-13 00:49:56,,0,eva
饅頭☆m&j.dmg,5,2008-07-17 17:30:05,,1,觸動傷感反思
幻影刺客,5,2011-09-26 17:12:47,,0,瓦力太可爱了吧！！！萌屎了！
VinL,5,2012-08-12 19:37:02,,0,地球的未来。
鱼子粥,5,2010-08-10 13:28:02,,1,那些细节，让人会心一笑，或者感动流泪
Frank,5,2008-09-11 22:56:48,,1,说不出来的好看！！
懒得懒了,5,2010-03-07 00:38:11,,1,最最纯粹的爱情了~~~~好多精致的小细节~~
辰,4,2010-10-24 14:20:28,,0,轻松愉快的电影~
山楂卷,5,2010-08-26 12:47:36,,0,最好的动画片。
武侠小王子,3,2008-10-02 11:44:43,,1,模仿太空漫游的时候能别那么刻意吗？
三角形的办公室,4,2008-07-21 22:10:42,,0,pix感动常在
潘半仙,4,2011-06-03 23:55:15,,5,一个破铁皮机器人wall.e的故事，乍看其貌不扬，但真的是以小见大，感动之余也又一次惊叹好莱坞的想象力和表现力
小柒゜,5,2011-09-24 05:44:06,,1,好感人啊。。。
凹凸,1,2012-05-17 12:16:08,,5,矫情环保主题看得尴尬癌发作
beglobetrotter,5,2008-10-23 22:25:31,,1,请多给几颗星...
蓝人,5,2010-05-18 10:05:37,,1,天空中漂浮的尘埃，无法超越
了不起的克莱德,5,2011-08-09 18:56:50,,0,WALL-E!!!!EVA!!!!
Rosemary,3,2008-09-15 18:47:26,,0,可爱的WALLE，特别喜欢他叫EVA的痴情样
Sancruz,5,2009-02-18 14:07:46,,1,把我表弟看得热泪盈眶的电影。。。。
年高,5,2012-05-07 09:01:38,,6,好有爱啊，尤其打伞被雷劈那段
momo,5,2023-09-20 22:39:28,上海,11,十几年后再看依旧感动，浪漫的科幻动画电影。联想起近期小日子排放核污水，也许不久的将来，地球也会开始变得难以生存，我们却未必有能载上无数人在宇宙中徘徊的飞船。
forfaen,5,2008-12-06 18:07:23,,0,可爱的～
Sally?imdb9?9,5,2008-11-30 02:34:05,,0,爱情轻喜剧实在有爱
青,5,2011-11-16 23:59:25,,1,非常爱非常萌的一部
Louis,5,2010-10-25 09:06:51,,1,重看瓦力，环保的意义，机器人的感情……
@花皮球@,5,2008-12-12 12:46:47,,0,很可爱的瓦力
元宝：）,5,2012-06-18 10:39:47,,0,太可爱的动画片，太可爱的瓦力~
乳舟,5,2012-06-18 09:40:22,,1,看一次感动一次，真心的
大脸限定邱淑贞,5,2020-07-29 08:08:46,,16,还是那句话，我永远爱天马行空的想象，永远对爱和勇敢渴望。
Jus,4,2012-11-18 09:41:55,,3,”直到世界灭亡，依然对爱渴望“
小乙,5,2009-05-19 14:18:39,,0,SocuteWall·e，fullofhumanity.
s,5,2010-05-04 22:37:16,,0,美好的爱情ps吹神都为你唱了七百年后
孙此方,5,2009-01-21 06:34:22,,0,太他妈棒了！！！08年最好看的电影！！！！
Tia,4,2010-07-14 13:57:58,,0,去丽江的路上。
迦南Canaan,4,2013-08-26 16:44:43,,4,很感人，电影台词很少，但一句EVA胜过一切语言。
菠菜逛基辅,5,2010-02-02 13:08:19,,0,WALLE的美丽爱情~~
prost,4,2009-02-19 02:18:09,,0,情节老套了点，一样值4个半星~MO太可爱啦！
你猜,4,2011-05-29 23:18:19,,1,不是很门当户对。最后我在想，这些人以后要怎么在地球生活。
梁竣皓,5,2012-04-16 22:08:09,,0,嫁給我，好嗎?
林西拿,5,2017-12-07 20:25:38,,4,我相信後無來者。看動畫片到現在，大概知道皮克斯為何長青。因為他們都不用公式去寫故事，導致你無法預測發展，只能感受到想像力的橫衝直撞。我想到小時候，那些很孤獨的時候，我也會花上一整個下午玩這樣的遊戲。皮克斯的創作思路，就是先把自己變成小孩子吧。
生·人,5,2011-04-01 16:33:40,,0,很精良很标准
mark,5,2009-08-14 12:35:24,,0,eva!
柳胜薰_Calfn,5,2009-01-13 21:37:49,,0,剧情
地位低,5,2011-06-12 15:10:43,,0,完美，无需推荐
猫知道,5,2011-02-20 10:08:32,,0,很好很强大。
普罗旺斯,4,2017-03-21 21:39:11,,3,很久没看过这么可爱的动画片了。瓦力什么都不会说，除了那一声声执拗的：Eve！他们在星空画出美丽的弧线，他们无意间守候了一份真正的爱情。
卡卡洛特,4,2011-01-26 22:42:48,,0,特效编剧都不错
胡桃园咔嚓女王代表老柴咔了你,5,2012-09-23 14:43:29,,0,垃圾山。。。。E与白富美EVA。。。嘛，白富美好感人~嘛，E也。。。相当感人~
维维,5,2008-11-06 14:05:03,,0,“冷冰冰”的爱情
错用神,5,2012-09-02 23:53:36,,1,此乃神作
坐在海底支着下巴的鱼,5,2009-01-05 09:51:35,,0,未来，家园，都是萦绕心底的梦
小儿勾,5,2008-07-17 15:29:40,,0,大光明电影院
一抹夏日阳光,5,2011-08-04 10:18:01,,2,感动的机器人
momo,5,2017-12-18 21:15:49,,3,walle真的超可爱的
朝阳区妻夫木聪,5,2012-01-22 14:30:37,,3,如果说机器人都有真爱，人类是不是应该无地自容？
猪头妖怪,4,2008-08-24 21:53:41,,2,机器人版的《我的野蛮女友》……
golo,5,2012-06-18 22:03:25,,2,给最好的动画片做的一个注释。很喜欢瓦力的声音~~~~~
夏·羽绒毛线团,5,2010-09-25 21:33:41,,0,本来可以奥斯卡
XX亮,5,2012-03-29 06:59:55,,0,最佳爱情片
l.m.,4,2008-10-04 00:52:34,,0,真華麗.但動畫不是我杯茶.見是環保主題給四星吧.笑點還ok.但是感覺少了點.感動方面其實也不怎麽感動.
叠石,5,2008-09-16 09:35:33,,0,超萌
张未来,4,2010-03-29 14:39:12,,0,我不那么爱。
donchen,5,2010-05-19 01:22:12,,0,幼齿机器人。。。
种树的,5,2017-03-02 13:57:44,,3,可爱温馨的小机器人瓦力
小小,2,2011-06-29 02:03:49,,3,永不褪色的机器人情怀，当心灰意冷的时候，请盛装打扮，昂首阔步，走在街上，尽情拍照。个人以为此片评分绝对过誉，对白匮乏到令人俩共。至于深意，也很俗套刻意。
的云,5,2008-11-16 21:00:43,,0,我只想说这回负责制作动画的工作室简直太棒了，能把机器人如此的人化！甚至都逼着我加了个爱情标签！
小屋乌,5,2008-11-04 19:26:49,,2,你开口说话~~天使便会唱歌
SmokyEmpanada,5,2011-02-08 18:17:40,,1,当远离故土太久的人类甚至不大能分辨彼此同样丰满的样貌，偶然相遇的两个小机器人却用一串似曾相识的片段重生了我们早已陌生的爱情。默片般的演绎美好之极，恋爱中那些让人津津乐道的细节在瓦力和伊娃之间竟焕发了难以想象的灵气和生机。当我为你不顾一切，当浩瀚苍穹下让我依靠的，只有你。
支离疏,5,2014-03-06 09:04:23,,4,革命性的作品
欧阳熊猫,5,2012-08-12 20:20:01,,0,我心目中皮克斯前三的片儿
Lupin_3rd,5,2010-07-21 17:54:21,,0,这才是经典
旭,5,2009-01-31 23:40:28,,0,阿抹。
速水御舟,5,2011-07-05 20:52:52,,0,挺感人的
Zackiemad,4,2008-08-07 09:57:00,,0,CINEMATHEQUE060808
还没想好叫什么,5,2012-08-26 00:56:21,,0,瓦力萌翻了...屌丝也有春天.
心道,5,2014-10-03 21:48:02,,7,不知道大家有没有察觉··这是一个内向害羞的机器人··
DEPARTURES,5,2016-06-19 13:47:35,,1,SIFF2016迟到只看了最后半个小时，感动依旧啊
Kyle,5,2008-08-22 02:03:19,,0,保安录像那段真让人感动，我甚至忘记了，这是动画片，ta们是机器人
0932313,5,2008-09-15 11:30:23,,0,withfoolatCCK
王写写,5,2009-05-19 12:30:11,,5,皮克斯巅峰作之一
laurenⅢ,5,2011-03-23 00:14:44,,0,在这浪漫的夜~
aryui,5,2010-02-06 22:39:03,,1,因为很累就选择这出来休闲一下很好看很好看！怎么可以这么有创意呢？！厉害！
bill910,5,2009-04-25 10:33:08,,0,前面未世地球五星，后面太空宇宙四星。
王杰希o_O,4,2017-03-30 10:11:24,,3,可以说是最棒的动画片了吧，这么多年还是好感动。
焖鸡小腰,5,2008-12-08 21:06:37,,0,她很喜欢
Kyiv,4,2009-02-23 23:42:15,,1,很好看的说又一次被美国人拍的动画感动了。
嘴客,5,2009-03-12 21:23:15,,0,谁不爱瓦利？
不羁肉球,5,2010-09-17 13:52:02,,0,巨可爱！！！瓦力~
煮竹,5,2008-09-11 01:17:35,,0,Notonlythebestanimationmovieever，butalsothebestmovieinrecentyears美国有皮克斯、日本有任天堂，而我们还没有那个叫人满怀信心的巴掌。皮克斯在拍摄《瓦力》之前就放出话来，说要创造一种拍摄电影的
二表兄,4,2009-04-22 18:00:06,,0,修正想看。
露西華.M.黛,4,2011-09-17 11:42:07,,0,我看到它就想起霹雳五号……
❤sissy❤,3,2008-07-15 00:38:16,,9,应该叫机器人之恋嘛
Masaca,5,2008-08-07 22:36:23,,0,太好看了，精雕细琢的朴实影片
豪子的书桌,4,2011-05-23 12:09:20,,0,滥情美好的结局。
D I D A,4,2010-02-02 14:40:04,,0,意料之中，感动而保守，而令我真正感兴趣的或许是另一部皮克斯版的“宇宙拓荒史”
卡塞尔少年,5,2010-07-26 09:20:37,,0,我缩在被窝里感受旧石器时代的感情
AJI.9,4,2008-08-06 09:25:06,,0,在HH那边著名的ElCaptianTheater和David一起看的~之前还有stageperformance最后骗掉我们眼泪水
东遇西,5,2009-02-27 00:54:33,,3,好难不给它五星啊
Dolan,5,2008-07-04 07:17:19,,0,如此有趣的电影，怎能错过呢？
羽族优伶,3,2009-01-11 12:58:10,,0,怪怪的
Kurt Curtis,5,2008-07-31 23:24:41,,0,超强.I什么网评分超过了<教父>，<教父>片长太长了点.囧，当然这不是个理由啦.但90分钟内，能拍到这个份上，我认为凡是评价不到推荐的，就是没看这部电影.评推荐只是要逆反，不满意太多人力荐而已.这是一部伟大的电影.
高梵,5,2012-01-03 03:29:26,,0,好电影无需多言
I can fly,5,2012-02-07 14:26:06,,0,浩瀚宇宙中，我只想撑起把雨伞牵你的手，不再让你孤单
ys,5,2010-01-19 22:54:03,,0,爱死他们的眼睛啦！！把所有的好东西都给eva。只一个握手就足够表达了。
一些无用洞察,5,2012-07-04 12:36:32,,0,那就是白富美。
Clairliu,3,2008-12-25 06:42:43,,0,notmycupoftea
Vince♫,5,2008-09-11 17:24:42,,0,教育意义很大
沐夕,5,2009-10-03 17:36:17,,0,是寂寞
小雯雯,4,2017-05-14 00:31:19,,4,最重要的，你得是个好男人——哪怕你看上去不象个好人。心地善良，勇于牺牲，百折不挠，坚持站在正义的一面……这是WALLE最终得以赢得美人心的关键。
钟笑乂,5,2011-03-03 14:42:14,,0,机器人的爱情，比人的更美好
lotus,4,2008-09-27 22:42:42,,0,那可怜的模样
灰色堡垒,5,2014-09-04 11:01:21,,1,最喜欢的一部动画片。
一片云,5,2008-12-22 11:53:34,,0,这是08最好的电影，没有之一。
其艾拉,5,2010-02-23 00:17:25,,0,为什么别人的动画，我看了就会感动
Sad Lucy,4,2008-12-15 20:50:16,,0,改编的还凑合
独行侠杀手阿何,5,2010-04-13 22:40:20,,1,29世纪机器人爱情故事。地球人还不如机器人！连蟑螂都这么可爱真的好？！！！
Sole,5,2008-11-13 21:53:45,,0,有意思啊.
补肾,5,2012-06-18 00:05:59,,0,直到世界灭亡，依旧对爱渴望！
yuanhan,5,2011-01-21 21:20:27,,0,很有爱。
霍伯森的选择,4,2008-09-02 19:30:15,,0,我爱皮克斯
blb,5,2009-12-06 00:21:08,,0,最浪漫的爱情片
冷杉,5,2008-09-27 14:08:55,,0,再少點臺詞就更好了
中雪君,5,2009-02-15 22:59:23,,0,同样女主角长的不错。。但是情节很可爱~男女通吃
Top♛Ace,4,2008-09-07 20:01:36,,0,eve是名美女
夏夏夏夏夏夏夏,4,2010-08-18 23:27:41,,0,我爱你不如牵着你的手
大脸,5,2009-01-10 20:44:29,,0,伊...伊娃..比起主角walle我更喜欢里面的配角.
月球漫舞者,5,2008-12-20 16:32:28,,0,极致的浪漫
小小白药不能停,4,2011-03-30 12:18:03,,0,好悲凉的~
彤彤酱,5,2010-01-06 18:23:23,,0,机器合成的声音中同样饱含深深的爱意
Nagisa,5,2008-11-09 00:22:58,,0,好
寒江雪,4,2009-02-21 19:04:04,,0,故事太浪漫感人了，但少了那么一点余味
小biu~,NaN,2011-02-15 19:42:55,,0,嘿嘿好看
小变态,5,2008-07-17 10:37:25,,0,两个机器人之间的浪漫爱情故事，看得身为人类的我也为之心动
bing。,5,2009-05-28 23:38:04,,0,我看哭了。
ly莉,4,2008-07-27 08:05:14,,0,Lotsofcutemoments!--2008-7-25
七宝,5,2008-11-16 15:54:02,,0,皮克斯动画总是那么棒
旺仔大哥,5,2021-05-19 21:44:50,,12,台词很少，整部影片都紧紧抓着我的眼球，电影也发人深省，可惜相见恨晚，21年欣赏
克拉克🇨🇳,5,2010-12-25 12:20:53,,0,台词很少，但是句句充满爱
Miss puff,5,2012-05-25 23:05:19,,0,瓦里~~~~
淡定的狗仔,5,2011-04-20 18:49:28,,0,最好的爱情没有之一
窗花,5,2017-05-15 19:42:55,,5,很可爱，很好看，很有教育意义，但是真的很可怜，好孤单啊，我不喜欢这只能感觉
★冰凌宫★,5,2009-11-23 01:33:09,,0,去年的片子我现在才看，不过真的是非常棒，去年都没什么大响应啊，要不早就去看了啊呵呵。
BIGD,5,2008-09-28 01:23:03,,0,Eva~.~.~.Wall.E呵呵其实细节做得非常非常多，可惜我目前看的是很赖的版本
克里斯朵嘎,4,2011-01-03 12:51:07,,0,比较好
六壁坂,5,2008-11-23 14:29:53,,0,我的EVE
大猫团团,5,2008-07-07 20:36:42,,0,在电影院，结束的时候，有个小孩大嚷：Ilovethismovie.
虾坨坨艺仔,5,2011-05-06 17:04:26,,5,这么好的片子为什么不引进。哎，没有什么比回家更好，保护地球，瓦力让我好感动，一份非人类的爱情
罗弘霉素,5,2012-03-08 07:37:52,,4,《wall·e》是这个世界上最美的动画片。
Sodayui,5,2009-05-01 02:55:11,,0,每个细节都无懈可击。（看来bolt得居第二啦。。。）爱惨wall-e了~
忏聒,4,2009-06-20 14:17:36,,0,地球废品分装员
大旗,5,2010-01-12 19:19:32,,0,怀念那套旧文艺戏。
榌舞の~雪児,5,2010-12-08 20:26:36,,0,神作不解释
叉叉小箭猪,4,2009-11-30 15:37:13,,0,前半段很好，后半段就不行了
我头像超萌,4,2018-08-05 13:30:37,,3,很久以前看的，把我看哭了，瓦力很可爱又执着
Ly-iuue,5,2010-02-02 15:33:41,,0,很可爱啊~。。。
胡涵之,4,2010-12-01 14:40:12,,0,原来人类会变成那个样。
林 沂 沐,NaN,2012-12-21 13:27:11,,0,我認為我看過
李非洛,5,2008-11-09 18:28:29,,0,爱情片
虹口一条龙,5,2009-02-07 11:07:13,,0,皮克斯的人都是天才！顶礼膜拜~
普莉恩皮察雅,5,2013-07-16 12:44:43,,0,瓦力....伊娃.....
一一,3,2010-03-20 03:59:35,,0,动画片无爱
嘟小七,5,2009-01-01 14:08:12,,0,这揍是爱啊，爱啊！！
多多,5,2009-01-18 21:15:15,,0,老土青年追求白领女精英的成功过程。
zenz,5,2008-12-15 14:24:51,,0,那么单纯的爱着
叶老实的猫,5,2012-06-19 11:32:25,,0,机器人的动人爱情
疾走,3,2008-12-05 06:18:19,,0,Verycute，justnotmytype.
愛德華華華,5,2011-11-12 07:08:50,,2,"""文明能压碎情怀不碎无论枯干山水旧时年月投入垃圾里你我一起同居仍然能送你儿时玩具老地方抱着一起安睡七百年潮流里瞬息过去.仍然有你的忠心爱侣."""
ButtMan,3,2010-04-02 01:30:27,,1,实在无感
IllIIIllIlIIlI,5,2013-11-15 11:20:49,,0,神片
白阿毛,5,2011-09-09 23:36:56,,1,将所有的美好交付你身，只愿与你十指交握
ng,5,2008-11-17 23:46:48,,0,醉醒后终于有机会看完感人感人感人
MILK,5,2009-08-05 11:24:41,,1,机器人都可以排出细腻的感情戏，只是一个牵手，就让我无比的感动，你拉着我，我拉着你，这就是最简单的接触。它的意义远远大于KISS。那是最纯洁的接触。
Leverage2900,5,2009-07-31 07:32:15,,1,动画（前半部）可以拍到这样，赞
minyee13,4,2008-10-24 23:32:54,,0,可能是期望过高好好一部可以拍给成人看的感人动画被后段情节发展和怪异的结局破坏了失望啊失望啊上半场很喜欢下半场很主旋律
乌云上的银边,5,2013-08-06 06:33:42,,0,即使世界毁灭，也不会放弃追求希望的决心。还有比这个更正能量的么…
yangwen,5,2011-03-29 15:45:31,,1,要是我们都能像瓦力那样追女孩的话，应该都会成功吧。
阿龜,5,2009-08-13 21:16:44,,0,机器人之恋
蔡鸟,5,2008-08-04 21:15:28,,0,Comeontobeinlove，alllifelong...
Shy,5,2008-10-04 08:55:49,,0,我还是喜欢悲剧8/10
七色光,5,2015-12-30 12:46:48,,5,很有童心的作品，虽然导演说的灵感来自其它，但它确实唤起了我对机器人五号的回忆。
RR,4,2009-09-27 11:50:39,,0,爱情片儿
AyumiLee,5,2012-04-03 13:48:36,,0,Wasteallocationloadlifter-Earthclass
lying,5,2008-10-09 20:28:15,,0,eva~
菠萝蜜个隆冬强,5,2013-03-29 22:31:45,,0,瓦力比人类还要生动的表情和动作，那一份执着和坚守，以及最后摒弃最后一丝人性去拯救生命的时候感动了所有人。瓦力更像是一个警示灯和镜子一般，而对立的是已经不能站立的颓废人类。在看完了之后除了瓦力和EVA之间的感情，机器人尚有如此细腻的感情，那么人呢？在未来的未来真的会走到这一步吗？
RIC,4,2010-03-18 18:21:14,,0,不该抱太高期望
-VeronicaWooo-,5,2010-08-10 21:09:07,,1,太可爱了！我就么见过噶可爱的机器人！Wall.E!我要给白金五星@ECNUF
爹 我亲爹,5,2010-03-15 05:44:41,,0,纯真的爱情故事
鴕鳥小姐,5,2008-09-20 06:20:46,,0,其实我有点希望世界毁灭~人类灭绝...
琬头,4,2012-06-18 20:07:15,,0,配音真的很可爱啊~~赞~~WALL-E，E~~vE~~MO~~哈哈~~
神迦乐小舞,5,2009-02-16 15:08:09,,2,我将会永久保留它在我的电脑硬盘里。
Moriarty,5,2012-01-18 17:24:16,,0,感动能触动我身体中的某个点。
胖得来要戏,5,2010-12-17 12:20:51,,0,有时候人与人之间的感情，还不如两个机器...
木木茶,5,2009-11-12 12:32:22,,0,精致优美的画面，感人的爱情前半部片子实在让人唏嘘不已。满分！
alan sister,5,2009-08-03 18:06:54,,0,没想到动画片也能拍那么好
tietatou-o,4,2008-10-29 20:18:15,,0,俗还是看的我乱哭，果然我心情不好了
髦髦,4,2011-12-25 06:29:15,,0,★★★☆环保主题付合了大众潮流，其他的，只能算不错，不明白电影为什么评分如此之高？说实话，电影有点吵闹过头，中间我是看得有点心浮气燥。至于太空漫步，大众心目中最浪漫的一幕，其实就一般吧，没感动我。要说感人肺腑，还是日本动画来得真切。
勤劳的小蜜蜂,4,2008-11-21 04:16:48,,0,无感觉。。。
私~川流,3,2012-03-26 15:37:44,,4,我就不认为wall.e和eve应该是一对儿，不来电就是不来电，看着这个烦。第二个问题，人类回地球，过不久就又要面临现实的严酷，肯定之后大家就又回到飞船上住了。
李小宅,5,2011-03-22 23:11:15,,0,瓦力！
战神小姐。,5,2010-04-30 00:06:23,,0,好喜欢WALL~~~E~~~~
戴泰德,5,2011-06-19 09:23:18,,0,就在这你一句“wall-e”我一句“eva”的来回中感动不已。主题关乎爱情和人类存亡，大小可观。画面流畅唯美，温馨佳作。
平日,5,2008-11-13 14:15:55,,0,pixar功力越来越强了
小美人鱼,3,2011-08-12 16:25:36,,0,好吧我承认是我没好好看
盗盗~,5,2011-02-23 17:34:57,,0,就这样单纯的叫着WallE和Eva就很满足...
pinkjar,5,2009-02-19 00:37:00,,0,219EVAWALLE基本泪奔如果不是旁边坐了个人的话。
安狄,5,2009-08-05 10:12:16,,0,原来爱也不分型号
乐事,5,2009-07-30 10:41:25,,0,感人不失幽默，启示人类颇有教育意义，顺便说一句，超搞的拳击机器人，呵呵。
卤猪蹄,NaN,2009-01-19 01:28:24,,0,..比较无趣。
J,4,2008-11-14 19:30:22,,3,人不是主角~我讨厌那个蟑螂~比较有寓意的动画~不肤浅
blueloo,5,2008-12-23 21:47:58,,0,我等着世界末日
jagpumpkin,4,2008-12-14 15:32:10,,0,机器人有没有性别？一时的爱能解一世的孤独吗？机器的孤独会头重还是心痛？看到Wall-E垒砌起比肩摩天大楼的垃圾堆，独自在地球上穿行回到温馨的垃圾小屋时，我几乎快要哭了。前半部5星，后半部3星，片尾动画5星。PS：认真的一根筋人生很美好，比如Burn-E，比如小Mo。
狷介有乌青,5,2008-09-02 19:13:52,,0,哭的唏哩哗啦，WALL~~E~~~ItOnlyTakesaMoment
肥壮壮,5,2009-09-27 07:44:45,,0,PIXAR又一经典作品
sylvia lee,5,2010-09-17 12:04:42,,0,六星
Irreversing,5,2012-11-13 13:39:43,,2,居然一直没点
麦乐脚,5,2008-09-20 21:04:18,,0,感人至深的爱情
阿锦,5,2015-12-26 22:59:21,,5,特别棒我喜欢里面所有的歌曲
胖跳跳,4,2009-09-06 22:21:18,,0,貌似小众的魅惑
胖胖,5,2008-11-10 10:06:02,,0,完美。脱离了直白的说教，皮克斯公司的出品越来越一年中动画片的必选项。
Tilda D.,4,2011-06-19 17:21:12,,0,很温馨！
[已注销],5,2011-06-04 10:23:03,,0,纯情闪耀
豆子你不乖,4,2012-06-18 17:28:37,,0,只是没有台词，不过感情尽在不言中
curbdog,5,2012-06-18 13:21:10,,0,只要你安安心心看过它，那你就能明白什么是细腻··
半日光辉,5,2011-09-20 14:06:38,,0,和飞屋一样，影片最精华的都在前面。只不过瓦力的更长一些。另外，能不能不把皮克斯的动画片都乘坐**总动员？
正义B胜,5,2010-12-22 18:12:19,,0,皮克斯出品！！
米团,5,2010-08-19 01:20:28,,0,大爱
Veronic,5,2009-03-22 23:00:41,,0,爱死啦！可爱死了！浪漫到死！
尹小花,5,2008-11-21 11:52:03,,0,我的吗。。。片尾的动画。。。绝赞
莫云轩,5,2009-09-16 11:24:39,,0,没有多余的语言。却包含了很多很多
张熊熊,5,2013-07-10 18:11:12,,2,我爱你，不需要语言。。。。。
烧鱼,5,2008-11-09 13:33:37,,0,很不错的电影！感动人类的机器人
十个斗的眼窝浅,5,2009-11-23 20:20:03,,0,我真的好喜欢！！哭了……
至尊寶『x_x』,5,2009-01-27 09:46:40,,0,韩寒果然没骗人，第一次看机器人耍朋友.作为一个温馨浪漫的动画片我是很喜欢哦!~
积木,5,2008-12-18 20:17:30,,0,太好看太好看~
赵阿蛮,5,2010-08-28 20:29:32,,0,皮克斯总是给人惊喜好久没看到这么好看的动画片
Nico,4,2008-07-25 11:14:42,,0,如果结尾Wall.e没有恢复记忆的话就是四颗半心如果摆脱无聊老套的人和人工智能缠斗的话就是五星了。。。
小梅,5,2008-08-18 19:34:53,,0,几乎没有台词，但是相当感人啊
北极星,5,2010-01-02 22:01:57,,0,大爱~力荐~
Left2,5,2012-09-06 17:02:23,,1,这是一个捡垃圾的男屌丝追上高端白富美的故事，瓦力身体力行的告诉咱们你是谁你拥有什么你张什么样并不重要，重要的是你得有颗坚持向善正义单纯纯粹的心，虽然童话是万分不可信的，但所有人还是被瓦力感动的哭到吐了
龙丸,5,2017-08-22 22:09:11,,3,又一部被翻译耽误的好电影！我总动员你妹！
Sean,5,2009-02-01 22:36:18,,0,末世苍凉与童心希望
哈卡,5,2008-11-21 09:55:53,,0,我想的结尾应该是悲伤的那个
赵麻花,4,2012-12-12 00:53:22,,0,为啥我就觉得这片只是中规中矩。。。
闪电虫洞机,5,2008-11-30 21:22:47,,0,很不错。Idon'twanttosurvive，Iwanttolive.
cowsumy,5,2009-03-05 13:28:44,,0,我家也想买个walle
DK,5,2010-01-10 14:21:35,,0,原来你并没有看过　我以为只是我以为
Lynn,5,2010-09-04 17:49:10,,0,那段太空舞实在是美得惊心动魄。
Bright Sun,5,2010-01-15 21:50:50,,0,纯真的快乐
Lavender,3,2010-11-24 18:37:40,,0,动画真的是我的盲点，没办法。
骑士的蒙太奇,5,2010-02-16 10:26:54,,0,开头的默片手法让人感动
仿真男孩哪吒,4,2010-01-25 17:12:09,,0,细节和音乐都是萌萌的
王小花,5,2011-09-29 21:06:34,,0,好喜欢……
尔黑我！,5,2011-12-14 03:26:12,,0,机器人的浪漫！！！
乐天,5,2010-10-06 20:55:36,,0,神作。
阿朴,5,2008-11-11 16:23:43,,0,一边桑心一边笑
Odyssus,5,2010-10-06 22:49:04,,0,看到过的第一部非类人机械之间爱情的电影
铁皮骑士,4,2009-01-15 14:39:57,,0,我还真没看完过
息为,4,2009-01-28 18:42:00,,0,像2001太空漫游致敬。
游牧人·芳汀,4,2009-08-08 19:48:48,,5,2009年最爱电影，喜欢瓦力和伊娃之间纯纯的爱。
Arrhyth,4,2009-11-20 21:57:13,,0,一部正太迷恋御姐的非人故事。
风月四,5,2008-09-15 18:59:38,,0,那只小强还真是神来之笔
ich,5,2009-02-28 17:17:56,,0,那么多的勇气和爱，来自哪里，又去了哪里。
ibelieve,3,2009-07-23 23:12:00,,1,09/7/23AndrewStanton《WALL•E》.这部作品的外界评价很高，应该是部幻想现实篇。有很可爱的会害羞的垃圾处理机器人WALL•E，有女强人版利落洒脱干练的外型机器人EVE。还有在未来变得肥胖不堪的懒惰的人类。片子有警示的意味。而机器人的爱情让人好感动。
豆友1688040,5,2009-03-01 13:24:18,,1,感动，不止是因为爱情.更是因为那种回家的执著
Yan,5,2012-01-18 20:40:14,,0,真正纯洁的爱情
井戒,5,2008-09-15 02:29:45,,0,很感人。但同时对地球未来充满恐惧|||
小伙锅,5,2013-06-01 21:49:42,,3,儿童节之夜好想嫁给瓦力啊！
takinono,5,2008-11-08 23:18:19,,0,好浪漫~
从前有一只考拉,4,2009-02-23 17:36:17,,0,机器人的爱情。
蛮吉,5,2008-11-11 21:29:04,,0,美国
猫阿水,5,2009-06-11 23:24:06,,0,曾经深情未曾讲……
旺财sindy,5,2009-01-12 17:12:22,,0,自认为比功夫熊猫好看的电影。。。
臭臭,5,2008-12-08 13:50:04,,0,太棒了，老美的想象力和执行力太佩服了～怎么办呢？
安真,5,2012-06-17 02:58:44,,0,很有爱
暴走君,5,2013-11-21 14:50:20,,1,对牵手的执念，萌死了
Ran,5,2013-02-03 12:25:09,,1,要建个豆列叫“正能量”，瓦力放第一。
不动声色地,5,2014-07-23 14:53:54,,2,你为了重返家园的使命，而我，其实只是为了你。
Travis,5,2008-09-22 22:47:37,,0,爱爱爱
今年夏天,5,2010-02-24 20:36:14,,0,WallE的寂寞生活。。。
絪缊化醇,5,2016-10-31 12:59:09,,2,动画界的文明教诲，跑多远都要回家，破鞋子和臭泥巴就是未来人类的图腾崇拜。
ken_zhang,5,2009-05-15 09:25:22,,0,幽默可爱温馨感人
utm,5,2011-02-25 15:18:45,,0,最喜欢动画片
洋葱圈,NaN,2009-10-11 22:40:58,,0,长大后我一直表现的很强悍，但是内心深处我仍然像那个破旧的小机器人瓦力，每天做着微不足道的工作，勤勤恳恳，没有野心，不被社会重视也不在乎那些大人物的威严，我只希望保护好我那棵唯一的植物，每天我要给它浇水带它去晒阳光，如果有人要抢走它毁掉它，我会拼死保护。
July,4,2009-01-16 12:31:40,,0,孤独使我们更乐观~~~
东呆,5,2008-12-06 18:05:52,,0,很感人。老少皆宜。我希望他能夺得今年奥斯卡而不是傻熊猫
Summerpie,5,2008-09-11 15:18:02,,0,你有一双忧郁迷人的大眼睛pixar没有说大话它至少改写了动画电影史
豆友37382057,5,2010-11-11 20:00:28,,0,伊娃
耳朵在哪,5,2011-01-10 15:21:02,,0,瓦力~
失控芭乐,5,2008-10-20 23:53:40,,1,赚了我的眼泪。
路米內,4,2010-01-01 22:58:31,,0,不需要过多言语的温情。同时也看到了人类的“未来”。
Ivan,5,2009-02-21 03:35:35,,0,瓦力和他的野蛮女友
corrinne,5,2008-11-09 13:59:50,,0,震撼人心的力量~
师兄在家,5,2010-11-05 21:00:47,,0,有时人们应当停下来看看身边的风景，并不是那么不堪。
碧落亦然,4,2016-09-13 00:55:09,,2,虽然很萌很可爱，但是我还是略诧异它被豆瓣网友们票选得这么前……
花香袭人,4,2012-06-22 09:11:41,,0,对于无爱的动画电影，4分很不错了。。。
小A,4,2010-01-12 11:13:59,,1,8.25/10
丁一,3,2009-07-02 15:03:13,,1,观影盘点期，看过留脚印~
itrek,5,2008-11-04 14:39:12,,0,2008-11-04，传递植物那段让我想起了《人类之子》里面的婴儿传递。
狐斯塔夫,5,2012-05-26 21:12:11,,0,好爱悲催的小抹布~
沉歌,4,2009-10-02 21:38:17,,3,温馨可爱感动
放风的人,5,2009-05-10 20:54:28,,0,披着环保外皮的爱情故事
影之男,4,2009-10-14 11:56:35,,0,人性
发条饺子,5,2008-11-21 14:01:00,,0,如果把人类的戏份去掉，拍成风格统一的短片，该有多完美啊
野人泰,5,2009-08-18 11:19:50,,0,倆土鼈等到現在才看Wall.e...
夭八,4,2008-09-19 11:13:05,,0,干吗要叫EVA这种名字。。
夜雨寄北,4,2017-12-06 17:59:07,,3,瓦力之前太孤独啦
宫本喜四郎,5,2009-09-17 20:24:50,,0,大概是我看过的最好看的动画了
水之仓月,5,2012-06-12 19:58:22,,0,打动了心中某个柔软的地方。
张腾讯,5,2013-01-22 23:03:28,,0,船长居然是我的泪点！！！
Orangy,3,2009-06-12 13:25:36,,2,怎么说，我已经到了看这些动画片没感觉的年龄了
4,5,2010-01-02 08:28:13,,0,太好看了
Soda,5,2010-11-10 12:42:09,,0,最喜欢的wall-e
国产盘丝大仙,5,2009-08-02 01:54:33,,0,唯一一部让我掉泪的“爱情片”
PsYBriT,5,2008-07-24 21:56:40,,0,pixar和欧美3D动画史上最出色的一部
贾俊&PONYO,5,2010-12-09 11:02:13,,0,看电影从来不爱买什么周边产品，这部例外，买了很多
EL,5,2010-04-27 01:45:28,,0,我都一把眼淚一把鼻涕了，那份感情啊。不要忘記那個很重要的她啊。
虎折,4,2010-09-23 21:59:36,,0,太美了
Seann,5,2022-07-03 14:19:33,,6,在飞机上看，是不是距地海拔高了，泪点就变低了
圣徒,5,2008-07-29 11:53:18,,0,Wow!!!
杯麵,3,2011-07-19 19:37:08,,0,稍微有点无聊...是我的问题啦~~我对动画片的一如既往的无感~~~后面眼湿了一下下~
eel,4,2008-11-09 15:30:22,,0,值得一看
violet hill,5,2009-09-09 23:17:46,,0,無對白勝於有對白，地球美麗有賴你~
猫 泡,5,2010-04-08 21:06:26,,0,真好看！从哪个角度都好看！！
小羊仔,5,2010-04-24 21:05:58,,0,瓦力应该是皮克斯最红火的一部了吧。瓦力的制作已经相当相当的精美了。(1个番外)
莫依兒,5,2009-01-27 21:40:25,,0,有深深的感動...希望數百數千年后地球和人類不會真的變成那樣...
伍迪伦,5,2011-01-10 20:43:21,,0,年少无知
Sophieven,5,2012-05-08 12:01:59,,0,皮克斯迄今为止最完美的动画。感人至深的故事中融合了无限的创意和不造作的讽刺。七百年后，机器人都懂得了爱，人们的心却咫尺天涯。
章鱼小暖,4,2011-08-01 14:18:49,,0,直到有一天遇见你，我愿意给你我拥有的一切
大佑,5,2008-11-13 12:42:20,,1,5.0機器宅男愛情故事。
竹或子,5,2009-01-27 11:24:26,,0,动画片还不能竞争奥斯卡最佳影片TVT（Eve的设计师是搞出ipod的那位……怪不得………………
real曼,5,2008-08-28 23:29:26,,0,继狮子王之后最喜欢的动画
酱爆,4,2010-08-19 19:35:26,,0,立意不错，但我真的不喜欢Pixar的教育方式。
仓郡,4,2009-08-07 09:35:18,,0,真温情~
莉迪亚,5,2011-01-13 07:52:31,,0,很感动……
ztlpoppy,4,2009-01-04 11:01:19,,0,哇------------谁给我看啊好像看啊-------------后悔放的时候没有去电影院啊
Reynard,5,2008-09-15 10:39:50,,0,Impressive，Fantastic，interesting，funny&weepy!
六一成清明,5,2010-07-07 03:10:15,,0,最好的电影。
老芸子,5,2010-08-11 10:57:14,,0,喜欢walle的小爱情~
一颗橡树果,5,2010-12-25 08:40:48,,0,美好如童话～稀罕wall-e
幸福超市总经理,4,2012-05-19 18:50:00,,0,很有趣，也很可爱的寓言
隐形的人,5,2008-09-17 22:26:58,,0,瓦力的导演还真是爱苹果..6次出现ipod，两次出现MacOX开机声..
strelizia,4,2009-12-24 15:03:00,,0,滑溜溜
妹妹,5,2012-05-25 21:08:30,,0,回家真好
秋瞑,4,2017-12-20 17:42:09,,23,这部电影虽然没有什么文字对话，只有机器人之间的语言，但是传递出来的感情都是相通能理解的，我记得当时都看哭了。
vivien,5,2011-06-10 16:08:30,,0,太美的動畫。感人肺腑。我只是個小小的機器人我的工作只是簡簡單單日復一日清理地球上的垃圾。只有蟋蟀和我作伴只有電影讓我娛樂。直至你出現。一見鍾情一心一意。你去哪我跟到哪我只希望能和你牽手到老。主題思想也很好環保自立根生。邪惡的機器人妄想控制人類軟化人類。加油WallE&Eve。
アホ,5,2008-10-01 16:31:58,,0,有一天，我们会一直在一起，你的手在我的心里，世界就是以我们的心出现的绿洲，生活要继续，而不是生存，我的爱永存
Lacrymosa,5,2010-01-09 21:22:30,,2,哭了...谁还能比它更可爱
我爱德芙,5,2009-08-19 08:03:51,,0,大眼睛瓦利~~~
莜麦,5,2008-07-28 13:26:01,,0,你叫“伊夫”的名字，总是那么深情。
苏忽,4,2009-12-18 21:55:28,,0,最后的爱，只能用机器来描述。
Zdring,5,2008-07-20 19:55:31,,0,我还是忍不住看了枪版了，难受的煎熬哦！是一部高质量影片，从娱乐到思维上处理得都很到位，当然还有受各位追捧的爱情。
WJ,5,2012-06-17 07:58:13,,0,5+
瑷珺,4,2017-06-01 19:44:15,,3,看完《机器人总动员》这部电影，我的心情久久不能平静，我被“瓦力”和“依娃”的友情深深的打动了。
A_Huang,5,2011-05-16 21:10:11,,0,苹果的广告赤裸裸，但是我喜欢
76.X,4,2010-03-09 21:19:25,,0,惹人爱，没有特别的爱哈哈
Teeny,5,2010-12-24 00:22:07,,0,执着的爱着
PAND4,5,2011-05-23 10:56:15,,0,最好看，没有之一
容与,5,2008-09-11 20:59:05,,0,史上最浪漫电影，恩！
戳,4,2011-10-13 23:09:43,,0,有段时间超喜欢看动画片，这个动画做的还算精致，主人公也很可爱，但是剧情很平淡，也没有触动我的地方
月兔捣年糕,5,2008-10-06 10:36:21,,0,非常棒
谢之艾,5,2011-04-05 12:28:08,,0,有一天你会遇到一个彩虹般绚烂的人，当你遇到这个人后，会觉得其他人都只是浮云而已。
喜阿姨,4,2011-12-29 20:23:51,,0,前面的孤独感渲染的好好，后面也有泪点。虽然我觉得有点缺憾才是美
魔笛,4,2012-09-24 20:45:02,,0,略过誉
pksky,4,2012-11-02 15:08:04,,0,终于看了这部戏...角色刻画出色...故事还行...非常Pixar...
深层次空间,5,2011-01-06 12:57:01,,0,太经典的动画！无论是技术、场面还是剧情，无懈可击！
FUNNI,5,2009-07-02 11:09:48,,0,感觉在大场面的处理上已经超过所有这种类型的动画片了不过人类模型做的还是很梦工厂
azure,4,2009-02-25 21:18:26,,0,好不清楚呀
Forgot Limited,5,2011-03-19 00:51:59,,0,以动画之身位列影史高位
"Printf(""紅"")",5,2008-07-19 20:26:21,,0,勤劳痴情的瓦力与婀娜暴躁的伊娃的绝世爱情.
宇智墨耕,4,2008-12-13 19:50:31,,0,皮克斯的动画，谁会不看~~~
素色糖,3,2010-02-03 21:00:13,,0,有人说我比较像WALL·E呵呵
viking,5,2008-07-29 09:57:40,,0,太空史诗
Ben,5,2011-05-23 11:24:11,,0,看了几遍，还想再看，真的是用眼神演戏。
2ric,5,2008-11-04 21:57:13,,0,没白期待
道道道士,5,2011-12-15 11:42:35,,0,机械控最爱啊
yukainju,4,2010-03-25 17:52:02,,0,很唯美~爱情很奇妙~皮克斯每个都是精品~
雲無憂,5,2008-11-07 21:01:40,,0,无语望星空……
李大娘,4,2009-01-19 14:02:25,,0,我睡着了·····太孤单了这个。
舜,5,2010-10-30 23:22:43,,0,美国最好的动画
Lena,4,2008-11-09 13:48:11,,0,伊娃瓦力
[少 熊],5,2009-11-14 03:00:59,,3,文明能压碎情怀不衰。
神与野兽,5,2010-06-15 21:37:59,,0,无语，无法形容
子皿与舟,4,2011-06-20 18:21:12,,0,挚爱皮克斯。如果世界上只有你，就让我跟你到世界上的每一个角落。
晚晴先生夏雨庭,5,2012-02-04 17:02:02,,0,哇~~~里
Arthur,5,2011-11-05 14:27:45,,0,难得的好动画
LHT,5,2012-01-20 21:28:18,,0,很感動
胖丁,5,2010-02-22 16:55:11,,0,人的感情有点感动不了我了。
Utopia,3,2008-10-20 12:51:25,,0,2008.9
butterswong,4,2011-04-02 21:04:22,,0,七百年后
李哥,5,2012-12-19 14:56:03,,0,太棒了~！完美的细节，扣人心弦的故事情节，众多可爱的角色，卫生委员茂也萌翻了~！！一个男屌丝与女神的爱情故事，屌丝瓦力太可爱了~！一个叫大家爱护环境关爱地球的有爱动画片，会在下一代的心中埋下环保的种子~！
▒▒▒,3,2011-05-30 12:44:05,,0,发现对于动画片，台词过多有时会是种累赘
VICTOR,5,2008-09-13 17:38:55,,0,今年看到最好的电影，简直就是经典！
AdultChild°,5,2009-02-09 22:39:50,,0,远离这个世界。
vampire,5,2008-11-08 15:20:13,,0,胖胖的好可爱！！
