user_name,star,comment_time,geo_ip,vote,short
私喜,5,2010-08-07 00:00:41,,7396,看了这部电影是我2010年最幸运的一件事力荐！
Piper,4,2010-08-06 00:06:27,,5281,【温馨提示：请忽略这傻逼名字.不然你会错过一部好电影】1、病毒的鸟巢飞来了一只自由之鸟；2、Ta有没有告诉你，朋友就是给你一枚硬币教你自己独立做出选择的那个人.这个人才是你最大的财富：）
Lan~die,4,2010-08-08 22:45:01,,2160,如果有一天你变成了奇怪的家伙，生活于恐惧和虚假之中，就念重生的咒语“Alliswell”，狠狠地给这个世界一脚！对鼓励别样人生价值和给人梦想的片子我是举双手赞成，何况从头到尾都拍得这么欢乐。台词：“朋友是男人最大的胸部”、“你这么害怕明天，又怎么能过好今天”。
少年 遊,5,2010-08-05 11:44:57,,4805,这几个月来看过的最好的片——”做自己“，也许才是人生终极的成功。别总嘲笑印度人”阿三“，他们已经追上来了，无论经济、科技还是我们一贯认为只会跳舞唱歌的宝莱坞电影。盛赞！5+1星！
桃桃林林,3,2010-08-15 12:29:46,,460,虽然收入不多，但一直在做自己想做的事情，所以我也很快乐
顾盼,4,2018-02-10 14:55:13,,485,兰彻和他的朋友成功了，做了自己喜欢做的事情。反派同学也完成了世俗上的成功。第一次看的时候我不喜欢反派同学，觉得他自私，愚蠢。重温了一遍之后，发现他其实也很努力。
张小强,4,2010-08-15 01:47:31,,337,印度人大概是被应试教育憋疯了，才有这么夸张的小宇宙
玲珑,5,2010-08-04 18:46:54,,4586,当你不断追求卓越，成功就会不知不觉追赶你。害怕明天，怎能过好今天呢？心很脆弱，我们要学会哄它。鸡不会知道蛋的前程。学习是为了完善人生，而非享乐人生。只为生命而感激。朋友失败，你难过，朋友成功，你更难过。一切顺利。
七,4,2010-04-05 00:30:10,,233,其實bollywood是很好看的，尤其是整個電影院都跟你一樣enjoy~
Q。,5,2010-08-09 10:30:55,,3252,一部讽刺社会现象的电影都可以拍的这么轻松，喜剧里还可以有这么多闪光的慧言慧语。情节确实太过随意，下一秒的夸张总是来的让人啼笑皆非，无可奈何中却仍旧乐呵呵的接着看下去。末了的那段风光让我无比钟情！★★★★★
妖灵妖,5,2010-08-31 13:20:42,,3016,它又吵又闹、又臭又长，但我想不出什么理由不给它五颗星。
卫西谛,4,2010-08-21 15:44:48,,144,俗，但好看
尽欢,4,2018-02-10 14:52:05,,90,最近又重温了一次三傻。里面对于知识和学习的思辨，让人触动。希望我们都可以做自己想做的事情，成为自己想成为的人。
大力麦,5,2010-05-09 13:34:11,,2410,阿米尔·汗你是个天才！！！
Quentin,5,2010-08-04 22:58:01,,2256,活在当下，不记得失，以无为之心做有为之事，你收获的会是比物质更珍贵永恒的生命体验。
烨色正浓,5,2010-08-04 21:45:19,,2118,该片的中文翻译太烂了，差点就错过欣赏一部好作品了。兰彻一直在给大家灌输的一种理念就是：简单生活，遵从心声，为自己而活。的确，他让朋友们重新认识了自己和所要坚定的方向。很喜欢片尾的那片湖泊，不知道是在哪里呢？
婷婷爱八卦,4,2018-01-02 11:00:37,,87,印度的电影拍得还是很实诚的。国内多数电影拍得比较浮夸，这点得学韩国印度，只要诚心努力有什么不可以做好呢，毕竟中国人很聪明的！
艾小柯,4,2010-08-20 02:31:35,,57,非常完整的商业电影，十分cute
刘小黛,4,2010-09-01 21:01:35,,36,生存就是场赛跑。我们生活里缺失很多这样的丰富与精彩，所以觉得电影好看。我们是容易对社会失望也是容易被感化的一代。
梦梦梦梦,4,2017-02-28 22:31:50,,36,超级搞笑，为三个人的友情点赞。良心制作
亵渎电影,4,2011-12-08 20:50:09,,38,我是最后一个看的吗？文章汤唯几个人的配音很给力，不知道原版会不会更给力！故事情节和手法似乎没什么特别的，但紧密编排的剧情桥段还是很让人感动！还是那个道理，类型片尽本分了，也就成功了。三个小时的时间，论票价赚了。★★★★
何处相思明月楼,4,2018-01-29 11:28:14,,42,看完摔跤吧爸爸看的这部，这部电影给了我一种很不一样的活出自己。
影志,5,2011-02-04 23:53:32,,1429,近三个小时的片长，却没有一个多余的情节，剧情前后呼应之巧妙值得称奇。好电影不一定要苦大仇深，能真正愉悦观众，那也是一种巅峰。“做一名摄影家又会怎样呢？挣得少一点，房子小一点，车小一点，但我会很快乐，很幸福……紧跟你的天赋。”温暖励志美妙如2010年的《天堂电影院》+《阿甘正传》
恶魔奶爸Sam,3,2014-09-22 16:17:34,,241,你以为这是一部励志片，你以为这是一部教育片，你以为这部电影探讨了友情，教育和社会，其实这是一个玛丽苏的故事，龙傲天一般的男主，遇到的都是老派抗战片里面的敌人，轻松的念着咒语alliswell，当上科学家，迎娶白富美，走向人生巅峰。套用人民日报的话，连三傻这种电影都觉得好，这人得多没见识
天问,5,2010-08-05 03:09:19,,1353,很棒的印度电影，这当中一样的可以看到中印相似的教育体制与贫富阶层问题。轻松、暴笑、热泪中感受积极人生的力量。梦想与事业，做我们喜欢的事情，是成就的不变真理。
朴九月,5,2010-12-25 22:04:25,,1000,六星都不够。最后男主角戴眼镜那个形象好像吴彦祖！
D I D A,5,2010-08-18 02:12:41,,717,三个白痴，这是讽刺，不过讽刺的是那些自以为是的观众。你绝对可以在将近3小时的电影中拼凑出好莱坞喜剧片的种种元素，并对这些老套的剧情不屑一顾，这没问题，这“三个白痴”明摆着一副受人奚落的姿态。但是你被耍了，这些桥段只不过是影片内核外的闪光弹，酣畅淋漓的绝对是你一直错过的东西——爱
Suave,5,2010-11-12 22:57:08,,345,我们有很多考试，可爸爸只有一个
熊阿姨,2,2010-08-12 01:15:05,,1421,受不了了三个小时！！！墨迹的必须快进
同志亦凡人中文站,5,2013-02-08 21:39:58,,324,道理浅显但知易行难——试问有多少人在择业上能真正做到从心所欲？而填鸭式教育，在中印这样的人口大国，更是一百年都不会改变的基本法。节奏感很好的精良商业片。
易水寒,5,2010-08-09 23:33:11,,252,如果这辈子能有过wangdu这样的同学，也值了~
透明,5,2010-08-08 16:47:07,,332,中国导演和中国教育者最应该看的电影！
黄青蕉,3,2013-11-04 01:28:15,,150,第一不好笑，第二支线太多故事太长，第三嘛道理人人都懂，可是自己做不到都是意淫，这片说白了也就是一罐油稍微少一点的鸡汤啊
不错我就是神,3,2018-01-09 16:10:46,,62,还不错的
Muggle、佑。,5,2010-08-12 01:01:26,,406,1.开始笑了，然后哭了，又笑了，又哭了，最后还是哭着笑了。2.可以看作是反映现当代发展中国家教育体制现状的电影一枚。3.印度的歌舞传统还是没有丢掉。4.当中国电影还在发愁的时候。印度已经开始继承并发展了自己的特长及特色。5.男主让我想起了印小天==他笑的太用力了眼珠子都要飞出了
糖豆,4,2018-02-18 11:19:45,,31,白看不厌一部电影，刚刚又重温了一遍
是和有,2,2010-08-17 12:46:55,,203,WX-D9影片质量跟片名一样又傻又长
godannar,4,2011-01-10 16:31:05,,43,脸谱化做得有点儿过了，除此以外都是宝莱坞娱乐电影的新范本。本片的教育意义只可供应试体制的产物们发泄一下悲愤，千万勿上纲上线。没经过极大痛苦淬火的理想主义什么也斩不断。
Ocap,4,2015-08-17 16:31:50,,30,觉得结尾签完“失败宣言”后引出“我比你成功只是我低调不屑”这种设置，其实没免俗。试想最终他就如他们所见，一个乡村教师呢？也对应其核心，成功与否只有相对于自己而言，攀比的背后是一种不自清的愚昧，或许更好？这样必然丧失反转的惊喜，但才是实打实的励志吧。
眠去,5,2010-08-14 15:35:24,,393,明明是喜剧，还哭了好几次
September,3,2010-10-28 00:16:38,,94,情节起伏好大，前面还唱歌呢，后面就有人挂掉了；刚挂掉呢，又开始唱歌了......只能说印度人民心理素质真好呀
Mr`Goodnight,5,2010-08-28 00:19:26,,332,印度电影真的很棒！音乐和舞蹈很有意思~~男主角超级可爱，第一次觉得165身高五短身材的男人可以这么帅！！！！！！！
朝暮雪,5,2012-08-07 15:45:58,,148,笑中带泪，阿米尔·汗的电影中最喜欢的一部。
Dyingpluto,5,2010-08-21 18:41:50,,144,我衷心的觉得兰彻是水瓶座的。对学校的描述适合中国国情，且针砭时弊，对每个人都有用。
playdead,5,2010-09-04 23:51:09,,290,观影过程中，不禁感慨自己原来就是那种被社会被教育体制化，唯利是图，完全不知道自己真正要做什么的人。我试图努力回忆起那一个时间点，那个曾经还未被体制化的孩子的雄心壮志，却发现怎么也想不起来。我感到很悲哀。
周男神的迷妹YL,5,2018-01-14 22:31:15,,149,第一次看是在高中的时候，老师课堂上挤时间用多媒体放映班里同学集体看的，这才是真正的喜剧。喜剧总是有一个悲剧的内核，看完这部剧你笑了，这还远远不够，你应该对人生对社会有所思考。很庆幸这部电影做到了。经典当之无愧！
办公室甜心,5,2011-12-12 23:53:36,,198,天哪是谁想出个这么狗屎的中文译名的，以及难看死的海报害我一直没肯看这部电影，差点就错过了如此精彩的印度片.................太棒了啊充满基情【？】又极其励志，人设真是饱满又可爱，剧情也是丰富又不啰嗦，两个多小时一下就过去了，走出电影院心情真好呢！
Ruby超人小姐,5,2010-10-02 13:06:32,,86,男主角长得像吴彦祖。
宁宁,4,2018-03-26 00:07:12,,30,第一次看印度电影，觉得实在太好看了，有笑有泪，十分励志。
说点什么,5,2018-01-17 00:06:59,,84,第一次对印度的影视作品改观。这部电影作品有逗乐的地方，也有一些励志的地方。因为每个人都有着自己对电影的看法。而我只是想推荐给其他人去观看而已。千万不要被名字忽略这部好电影！
杨迪,5,2010-10-07 01:40:07,,104,当你不断追求卓越，成功就会不知不觉追赶你。
cobblest,3,2010-08-20 22:27:34,,64,不好看之二，也假，头一个太空笔那个就被我吐槽了……
yyq,4,2018-02-15 10:48:45,,17,挺有感触的吧，这部电影和我预想的很不一样
S,5,2010-12-04 14:29:12,,95,很好的诠释了“再多独自牛逼的时光，都比不上一起傻逼的岁月”这句话！绝对值得一看。
清欢,5,2017-06-07 14:59:18,,64,英语课上，和我的高中同学们一起看了这部影片。别人眼中的他真傻，但只有他自己知道自己坚持的是什么，追求的是何物。天才，总是特立独行的，敢于闯荡，一往直前的。
挽梦忆笙歌,4,2018-04-12 17:07:27,,22,人生在世要有梦想，万一见鬼了呢，励志有泪有笑的片子，可以说拍的很成功了！
呆萌小七,5,2018-02-26 23:40:02,,53,三傻大闹宝莱坞好看，很喜欢，值得五星
滚滚的麻麻,5,2017-08-15 00:30:08,,44,算是第一次接触的印度电影，汗叔厉害。
匡轶歌,3,2013-07-18 22:34:24,,51,看得我悔恨交加，仨小时啊……人生苦短，干点啥不好……
理想多钱一斤啊,5,2010-12-06 17:57:49,,41,我就知道这电影会合豆瓣网友的口味
米粒,5,2010-10-24 11:19:49,,33,太精彩了，太感人了，笑了哭，哭了笑，笑了又哭，哭了又笑。这就是真正的好电影。。。
蚂蚁没问题,5,2010-08-13 00:01:57,,88,忽略那个傻瓜名字吧，不然你才是傻瓜。兰彻，不，总爱说一切顺利的望杜先生，你像风一样自由，像风筝一样翱翔，你太伟大了，请接受我们谦卑的供奉
他奶奶喉结大,5,2010-12-11 02:10:12,,46,黄秋生穷到去印度接片子。
起床，吃饭,3,2015-09-23 13:53:38,,54,要是把中间那几段雷人的歌舞删掉，可以多打一星。
雨果,5,2016-12-05 11:35:01,,42,道理浅显但知易行难——试问有多少人在择业上能真正做到从心所欲？而填鸭式教育，在中印这样的人口大国，更是一百年都不会改变的基本法。节奏感不错，是个精良商业片。
shield,3,2017-02-11 11:57:03,,43,并不觉得搞笑。。。
乌鸦火堂,4,2010-08-11 23:27:42,,12,在一切顺利中踢飞这个世界
🇦🇷🇦🇷,5,2016-11-14 12:28:02,,49,这部剧堪称经典笑中有泪令人深思看了好几遍每次都是笑着笑着就哭了它所反映的印度教育问题在我国也是很普遍的所以颇有感触这是我看过最棒的喜剧了而且剧中那些舞蹈和歌曲都超级好每次遇到啥的时候都会摸着心说alliswell
袁萍,5,2016-11-05 12:15:54,,42,很纯粹的喜剧，很成功的愉悦了观众，但这部片子不只幽默搞笑，还是带着抨击的。对教育的不满和反抗，用很夸张的方式讽刺应试教育，用兰彻打了校长的脸。三个主角各有性格，以喜剧开始以喜剧结尾，但却留下问题让我们思考。
浮华,5,2016-11-03 18:25:56,,33,其实这部影片带给我的是对学习更深层的理解，和朋友之间的友情，以及该怎样正确的，自由自在的生活。对于学习，我学到了很多，知道怎样学习会高效，会开心；也知道了朋友之间不应该被那些琐事所困扰，你教的朋友单单就是你的朋友，你的身价在爱情面前是可以忽略的；也明白了活在当下，珍惜现在，
lynn,5,2016-12-12 00:39:36,,28,Lifeisaboutmovingon，acceptingchanges，andlookingforwardtowhatmakesyoustrongerandmorecomplete.生活就是前进，接受改变，还有期待那些让你变得更强大，更完整的故事
草威,3,2010-10-03 22:39:28,,37,影片还是挺让人高兴的。故事不错，镜头也很好。但从一开始导演想要什么就昭然若揭，手法也过于急迫和刻意。这种贯穿全片的没完没了的说教本身就是一种不自由，尽管它看起来轻松有趣。有些遗憾。
👹天神的审判,5,2018-02-22 15:37:51,,26,很经典，我又看了一遍，剧情特别搞笑，但是整个故事又有深度，笑过后你会回味思考。
神威,5,2013-02-23 00:29:26,,32,这辈子再也找不到第二部这样能一次次的治愈我给我力量的正能量充电器了，已经看过四遍，依然毫不厌倦
诸葛若见,5,2016-06-18 02:50:47,,17,心目中的2010年度最佳，没想过一部印度喜剧竟然会让我看了有流泪的冲动，被里面的剧情感动，产生一种强烈的代入感。
amelin,5,2016-05-07 01:41:33,,27,这是唯一一部看了三遍还是会哭的稀里哗啦笑的酣畅淋漓的电影了。每次看都有不一样的感受。爱情戏也很有看头。本来以为印度电影的歌舞会让人跳戏，但看这个一点儿违和感都没有。歌舞，景色和演员台词，剧情非常和谐。
X,5,2017-03-31 16:49:00,,19,印度电影第一次走入我的视线，没想到能拍的这么好，从喜剧的角度对比，我觉得比星爷拍的校园系列好的多……佩服印度人的创造想象力
Tone调的悲伤,4,2018-04-12 19:26:27,,13,这部真的很好看呀，有笑有泪，发人深省，不错不错
白描,5,2016-11-09 18:38:26,,27,起初看片名以为是个无厘头的片子，后来发现喜剧之下是对现实的反思，填鸭式的教育真的能让人获得知识吗，未来是要遵从自己的内心还是听从父母的意愿，还有要相信自己。这些都是都是兰彻带给他的同伴们。alliswell这是兰彻信奉的真理，同样也被我视作圭臬。
摇尾巴,5,2014-06-01 22:00:59,,19,超赞
巽,3,2011-02-03 22:02:02,,53,把说教挂在嘴边毫无意义。
心生,4,2013-02-23 00:26:49,,10,9分：印度电影独有的夸张与戏谑，很大程度上成全了影片对教育制度与成败标准的质疑，以及对于三个白痴友谊的展现，这些看似老生常谈的议题，在电影中变得那样具体而深刻。圆满的结局不再是永远的“完美”，而是显得那样理所当然。
请保持高冷,5,2016-09-05 12:16:11,,14,认真思考
大头绿豆,4,2011-06-04 17:11:52,,18,我本来想说，电影终究只是电影，人们还是要面对自己的生活。但我现在想说，什么时候我们连谈论一下理想主义者，都开始害怕了？Aalizzwell，来段印度舞吧，理想没那么可怕。
汪金卫,5,2011-12-15 23:41:03,,14,印度电影总是与“友情”“爱情”“歌舞”“片子长”等元素绑在一起。看了几部印度片，都深深沉浸其中，被打动。这部尤其是。估计这是21世纪以来在中国最火的印度电影了吧。太励志了。有种泪流满面的冲动。思想斗争了很久，还是没有去电影院看国语配音版。唉。《三傻大闹宝莱坞》这个傻逼译名是谁起的？
小牛牛意踌躇,5,2018-03-12 21:36:25,,23,被译名吓跑的我又被阿米尔汗拉了回来。电影中的笑点很自然，埋下的伏笔也都有呼应。影片对教育制度的反映令人深思。
隔岸观船,4,2016-12-29 22:06:27,,14,仿佛观看一出歌舞剧…
苏幼,4,2017-03-21 16:27:18,,8,剧情挺好，喜感挺强，看的时候很开心
九尾黑猫,3,2010-09-21 16:07:04,,28,三星半。很可爱，但是有点狗血，绝对化了一些东西。在现实的世界，理想总是最亮的明星。可是很多人不缺乏理想，只是缺乏坚持下去的勇气。这种勇气淹没在过于戏剧化的故事中了
grace-xhu,5,2018-03-26 08:00:33,,17,曾经自己看的时候就看了几分钟，没看完，在公司培训上完整的看完了才知道影片好看而且还很有教育意义，阿米尔汗真的好厉害了。
顾俏乜,4,2017-04-16 18:36:40,,12,很喜欢兰彻，思想不被束缚的人、不被应试教育所同化的人
江绪林,5,2011-07-28 20:20:03,,28,开头那首歌，真是自由，无拘无束的味道....奶奶的！
寂静时候不欢喜,4,2017-05-14 23:45:16,,10,励志又搞笑，值得推荐
徐若风,5,2012-07-16 15:04:21,,15,印度喜剧的巅峰。
艾晨,5,2010-09-23 17:01:44,,13,终于知道为什么这么高分了，第一，积极的心态，第二，深厚的友情，第三，严肃的人生提醒，第四，精彩的剧情演绎。
bamboo,5,2010-12-10 23:02:19,,25,我好爱这部片子！！！
粉先生MrPink,3,2020-03-15 17:15:49,,27,太理想，套路，商业，歌舞分割了剧情，讽刺教育自己却在说教。
亚比煞,3,2010-09-09 14:43:20,,39,前半部挺好玩，老头子跳舞很欢乐。后半部为了剧情的吸引，拍的太用力，编的有点假。还是这类片子的老套，好人坏人界限分明，男主角牛X，女主角永远是无脑花瓶，和一个有钱傻X结婚后被抢走...或许是我对电影的期许太高，或者是心境变化太大，反正最近真的不想再看这种励志片了。
慕詩,4,2017-03-18 18:27:30,,9,看的第一部印度电影
大耳朵图图_,5,2017-03-18 22:09:24,,15,印度电影入坑之作，音乐非常棒！以至于我竟然习惯了印度电影这种动不动就高歌一曲的邪教风
大耳朵图图_,5,2017-03-18 22:09:24,,15,印度电影入坑之作，音乐非常棒！以至于我竟然习惯了印度电影这种动不动就高歌一曲的邪教风
国王KING,5,2014-02-01 19:51:31,,18,【电影之夜】笑着流泪，Aalizzwell
隔岸观船,4,2016-12-29 22:06:27,,14,仿佛观看一出歌舞剧…
tlmgt,2,2014-03-09 17:11:44,,20,只想知道为什么那么无聊还拍那么长
苏幼,4,2017-03-21 16:27:18,,8,剧情挺好，喜感挺强，看的时候很开心
酒鬼一家小迷妹,5,2018-04-24 08:53:10,,14,很有教育意义的一部影片，阿米尔汗的电影总是如此有吸引力。
不将就。,5,2016-12-30 07:28:01,,17,初中老师让我们看的看了很多遍不知道为什么一直看不下去昨天终于看完了真的是经典之作搞笑中带有教育教育中又不乏幽默不愧是一部励志的好电影
夕梨,5,2018-03-26 07:58:33,,19,因为片名存错过的好片，遵从内心，为自己而活！
美女菜kun,5,2017-04-04 10:06:35,,12,很经典的印度电影，太好笑太有意思了！有自己的特点！
顾俏乜,4,2017-04-16 18:36:40,,12,很喜欢兰彻，思想不被束缚的人、不被应试教育所同化的人
寂静时候不欢喜,4,2017-05-14 23:45:16,,10,励志又搞笑，值得推荐
慕詩,4,2017-03-18 18:27:30,,9,看的第一部印度电影
张苑希,5,2014-03-09 00:26:48,,10,太过理想化的电影，但我无比羡慕电影里的人，因为他们活的真实，随自己的心而走，所以到最后，每个人都成功的拥有了自己想要的一切，我知道不现实，但还是向往。生活是熔炉，将你烤成焦炭，但不要忘了，那些年你曾经说过的理想，他们现在在哪，是淹没在时间长河里了还是随风飘散了。
大志的小耳朵,5,2016-12-29 20:31:35,,9,非常喜欢这部电影，只好给五星啦，印度的电影不多，看过的几部都很不错。
茶壶,4,2010-11-29 13:41:03,,7,你爸的印度电影不唱歌跳舞会死吗会吗？自省煽情励志看完挺高兴的
Kazuha,4,2017-03-20 10:27:46,,11,特有的宝莱坞歌舞元素，呈现出赏心悦目的喜剧色彩，同时也引发人们对理想追求的思考。ps.我很喜欢演主角的演员
杨大志°,3,2017-01-02 22:59:19,,12,没有想象中那么有意思，不怎么能适应印度电影中的歌舞。。。
Tetsuwan Atom,4,2012-09-04 23:45:55,,0,电影不错，就是受不了阿三
幸福超市总经理,4,2010-08-10 19:07:04,,1,好莱坞手段大融合
吃瓜小能手,4,2017-04-12 19:56:43,,12,这部电影，让我对印度宝莱坞乃至印度社会和年轻人的印象，有所改变。三傻这部电影，无疑是印度一次成功的文化输出。某种意义上，值得借鉴。
大奇特(Grinch),3,2011-12-13 15:22:09,,11,国配还是很不错的，倒是黄渤专业配音演员表现一般，可能是不想太抢戏吧。片子很积极的，接生那段有点儿卡普拉电影的意思。中间有场“幕间休息”本该是让观众嘘嘘的，国内院线啊硬生生连着放了……
伍德与夏洛蒂,4,2011-03-02 21:52:59,,9,几个月来对它的情绪多变啊，先是期望值很高，看得时候起初觉得墨迹，后来感觉舒服流畅，再最后觉得好棒。。。如此连贯节奏好的片子我却分了这么多步骤。。。(▔/﹏\▔)每个人都经历过不在意钱财名声和他人眼光，只做自己觉得有意义和喜欢的事情，那是段最快乐的时光，有人坚持住了有人离开了。
原来是西门大嫂,4,2010-09-19 23:47:29,,21,看过后我在想，连歌舞升平的宝莱坞都开始出现如此紧凑有力又绝对好看的商业片，在最后十分钟都不放弃一番接着一番地写，任何一个细节的拍摄都丝毫不肯粗糙地灌水，那么本国电影人究竟是太笨还是太懒呢？
汝就做吾的犬吧,5,2012-03-25 09:44:05,,8,过于理想化，尤其是兰彻始终立于不败这点，但是这些并不重要…本片是部挥洒青春追逐梦想的电影，这点而言已经做到完美，坚实真挚的友情、青涩懵懂的爱情、无法割舍的亲情，每条线都做得很饱满。煽情戏份处理得很用心，几段哭戏很有感染力，搞笑的桥段也很有趣，另外印度的歌舞戏真心不错，很感人的片子
月涩,3,2017-03-11 09:21:04,,10,印度片最大的特点就是随时随地就能跳上，高兴也跳不高兴也能跳，挺欢乐的。
小海,3,2012-05-23 22:28:39,,17,这是部不错的故事片，但是它的问题实在太多了。煽情几乎每一次都超过了火候，高潮的过度堆积则让这部片子逐渐失去了它本身的光芒。彼得·杰克逊曾经说过一部片子如果超过了一个高潮就会喧宾夺主，而这部片子呢，甚至有十个。它就像一部从手法到主旨都老旧的电影，我不知道它怎么会被过誉到这个程度。
恶魔的步调,4,2010-08-22 14:37:41,,4,印度片的特色，突然跳出一些歌舞片段。几段歌舞真是很精彩。不少是老笑话合辑的感觉，镜头剪辑模仿的也不错。这印度混合腔听起来真怪。
美好时光只为你,4,2017-05-17 16:17:41,,9,这是一部诙谐搞笑的疯狂喜剧电影，带有浓厚的印度色彩，华丽的歌舞，励志的剧情，折射非常人生。
做一件事很难吗,4,2018-03-25 14:38:52,,9,千万不要被片名忽悠我第一次看到也是一愣这有什么好看呢结果看看....果然高分是有原因的
左胸上的吸盘,2,2014-03-18 22:25:35,,17,三个小时的片长真是惨无人道，毋庸置疑，男主角最后是否成为牛逼人物是支撑叙事的最大悬念，但是这明摆着让他牛逼的剧情还谈得上悬念么？女主角丑是又一败笔，其它环节算拍的中规中矩的励志通俗喜剧，阿米尔·汗时年四十多岁了，但是脸型和保养还真是显得年轻啊。这导演的《黑帮大佬和平梦》更有意思些
LEMON酱,4,2016-09-01 22:22:52,,9,高中时班里一起看的电影，现在想想还是很有意思。
mumudancing,4,2012-03-04 12:18:28,,11,宝莱坞的水平直追好莱坞啊！
然潘,2,2015-01-08 11:36:51,,14,好像凡是跟印度有关的我就==
王食欲,4,2013-02-10 23:53:54,,12,对我本人的人生就产生了很大的影响。
曾于里,5,2011-07-16 12:06:23,,9,豆瓣稀有的9分以上电影。名副其实！
一岁粒粒,5,2021-02-09 10:47:17,,22,前两个小时，以为是一个富二代花样任性，试错成本更低的故事。后一个小时，身份揭秘，瞬间升华了呀，找到你所爱的事业，做你自己，不要被世俗的价值观所捆绑。全篇有笑有泪有歌舞，有友情有爱情，有亲情有师生情。有青春有热血，有分别有团聚，有新生有传承。除了结局略微杰克苏了点，一切都是那么好呀。“Alliswell一切顺利。”
柠檬海盐,5,2017-03-25 14:43:59,,6,被片名毁了的好电影，很搞笑
闫妮,5,2016-09-28 09:46:04,,7,这么晚才终于看了，太喜欢！音乐舞蹈特别赞，有冲动想给六星哇…看的时候有在想，家庭对人的影响太大了啊，兰彻是怎样的背景成长的额？话说他长得有点像厄齐尔……
momo,5,2016-10-18 16:58:10,,9,搞笑却又不失内涵的一部电影
多看电影爱电影,3,2017-03-11 07:31:38,,6,真是超级搞笑了！要不不跳舞就更好了，哈哈
Kandy,5,2023-06-09 13:22:30,广东,9,“你这么害怕明天，又怎么能过好今天”。
nuli,5,2018-06-02 03:15:05,,7,这部影片改变了我对印度影片的看法，影片是真的在讲故事讲哲理让你在欢笑中发现你的的探寻和道理。梦想坚持这些正能量的东西都在影片中体现了，用搞笑的方式来叙述但是一点都不让人觉得肤浅。
吃瓜的小土豆儿,4,2017-05-23 16:15:41,,7,很好看的一部印度歌舞喜剧电影，也很励志，很喜欢。
十二,5,2012-02-21 18:15:56,,8,我们的心很脆弱，你得学会哄它
小岩井,5,2013-08-29 01:29:31,,13,关键是要洒脱，自然而然帅
沧海一声喵,1,2013-12-23 19:40:47,,11,真是一部集所有恶俗桥段之大成的超级大烂片啊
逍遥兽,NaN,2010-09-23 21:35:47,,9,因为你是自由的
Lies and lies,2,2010-08-19 23:03:37,,8,中印人民就这么友好，以至于这部美国式的很遗憾如此之长印度歌舞剧能得这么高分数？
bornfreeyolo,4,2017-03-23 15:45:40,,10,非常励志，充满信心，过好每一天，成功就在不经意之间。
十里秦淮,5,2023-06-01 17:26:32,浙江,11,再看还是经典。谁都想当兰彻，谁都鄙视这僵硬的体制，可惜现实中我们只能做死记硬背的查尔图。
芥末蘸酱,4,2010-08-13 02:13:56,,0,可以不要有事没事就跳一段嘛!
春风绿江南,4,2016-06-01 19:45:11,,5,李克强总理都曾在女儿的推荐下看过这部电影，应该是不错的了，诙谐搞笑，发人深思的励志成才故事。
会痛的石头,3,2012-05-22 23:25:05,,1,励志哇？
宋昕,3,2012-05-22 22:59:11,,0,纯真的友谊
lins森,NaN,2012-05-22 20:05:37,,0,最爱！
Ying,5,2012-05-22 19:40:40,,0,我终于知道印度人说英语为什么是那个语调了一星给男主啊~BTW宝莱坞的舞蹈直接快进了....
梦到sf,5,2012-05-23 00:48:20,,0,好看，搞笑
cadi,4,2012-05-23 12:48:41,,0,天才啊三的崇拜，最喜欢看“病毒”被堵得想不通的样子
三分之一甜,NaN,2012-05-22 20:51:15,,0,\(^o^)/~在上学的都应该看看~
awesomedays～,5,2012-05-23 06:36:55,,0,时隔几年终于在罗马的旅店喝着小啤酒看完了确实很棒只是没有想到是酱紫的时间看完
蓝翔精英李大栓,5,2012-05-23 10:20:00,,0,简直就是反町隆史的印度版吗！！
PD,NaN,2012-05-22 21:27:58,,0,棒
Syane,5,2012-05-22 21:07:55,,0,Alliswell，alliswell!什么时候变成了类似于Fighting!类的自我鼓励自我安慰的口号。
CyberKnight电子骑士,4,2010-11-11 22:17:23,,6,感觉没有想得那么好，有些处理太刻意，而且多少有说教味道，只能算好看、不错，称不上有多出色。
娜莉梦游仙境,5,2016-10-27 23:02:38,,9,这是一部容易被片名误导而错过的佳片！是典型的印度喜剧，中间穿插一些歌舞剧，比较唯美！主角很帅，情节搞笑而又富含哲理！
随便叫什么,4,2012-05-25 22:39:36,,0,八年以后再看女神电影
老朱無電影不歡,5,2010-12-23 16:28:44,,0,宝莱坞的歌舞片确实世界领先，但类型的单一一直是其诟病，不过该影片很好地展现了印度电影煽情和励志的一面，看两遍仍会有新鲜感
柯不悔KOKIKA,5,2011-05-28 11:37:08,,0,allissososo~well
金权,5,2012-08-12 20:45:44,,0,it'saverygoodmovie.
小森林,5,2017-03-20 21:38:45,,5,又搞笑又感动，热血正能量，alliswell
姬气猫,5,2010-09-14 20:56:11,,0,喜劇和勵志的完美結合!!!
与你走天涯,5,2018-02-01 20:16:22,,26,看完挺感人的！批判教育，反思人生，励志向上！影片中所反应的印度教育问题及教育方式误区也是大多数国家所存在的，主人公试着去用自己的方式去改变，在他人眼中看似滑稽，实则他才是大智者！
451½°F™,3,2019-12-21 18:27:35,,4,用戲謔的方式諷刺應試教育，卻用雞湯的方式來營造「成功」假象，口碑的勝利卻反而印證了電影只能成為某種「想象的庇護所」，回到現實中依舊是「應試制度對於普通人最公平的制度」，所謂「道德正確」的成功只屬於天才和富人階級。
我lu不会飞,4,2017-02-28 22:48:20,,6,这个真的很好看，太搞笑了，从开始都结束都没有停下来，很不错。
Winters,5,2012-06-18 16:50:17,,0,超级搞笑的
Senlin,5,2012-06-18 09:41:54,,0,值得一看...
莫信僧,NaN,2012-06-18 08:50:28,,1,我承认，某个情节我眼酸了~
@six,4,2012-06-18 11:45:43,,0,印度熬出頭了
sylar,4,2012-06-18 07:55:05,,0,追求想要的吧！
饼,NaN,2012-06-18 10:33:40,,0,哈哈，英语老是放给我们看的
小熊爱吃虫,NaN,2012-06-18 10:37:06,,0,印度阿三。。。确实拍的不错
Finans,NaN,2012-06-18 12:37:41,,0,这个超搞笑，是个很不错的电影！
夜曳野耶,NaN,2012-06-18 12:58:13,,0,傻瓜，励志
途经一个你,5,2017-05-11 18:59:05,,4,追求卓越，成功就会在不经意间追上你。一部不可多得的好电影。
child1979,3,2012-05-26 00:40:24,,0,流畅，也算精巧。但情节老套，笑点又不突出，也就是个中等水准的片子，实在想不通缘何评价这么高。
TUGI,5,2010-08-07 19:55:29,,10,欢乐的励志片~教育者，和不敢追逐梦想的家伙都看看吧
自由之丘,3,2012-05-25 21:40:19,,0,有点意思。
爬行钢炮,5,2012-06-29 19:48:05,,0,还是三个白痴这个名字更符合片子。
我要默默玩豆瓣,4,2012-06-19 01:02:42,,1,励志电影。
困猫团,5,2012-08-12 23:12:48,,0,很不错的励志片
大灰狼,4,2010-11-27 21:41:07,,1,这才叫雅俗共赏的电影，接近三个小时，分分精彩，不落俗套，好久没看过这么尽兴的喜剧了
Echor,5,2010-01-12 18:50:03,,1,noenglishsubtitleforthismovie.mypoorhindi.
已注萧,5,2010-12-09 21:16:31,,1,又哭又笑，发人深省。拍摄极棒，配角出彩。
半,3,2010-08-17 23:43:40,,1,有很多画面很高亮哈哈哈。但是导演同学也太罗嗦了。主角好像吴彦祖，就是矮了点。。。
蒲公英子,5,2012-06-18 16:17:52,,0,到现在都记得他们考试那段，哈哈，太有才了
一路有你,4,2017-05-08 00:47:47,,9,真的喜欢这部电影，觉得很有教育意义。
阿士匹灵,5,2010-11-12 22:18:38,,0,心情愉悦。
攘攘,NaN,2012-08-13 00:05:05,,0,后半部灰常赞挺励志的哥哥到底在笑什么唉越来越不懂她了...结尾的景色很美...
筱晗,5,2010-11-29 08:58:46,,2,他简直是神啊！
支离疏,5,2015-01-26 11:26:31,,5,不想给五星都得给五星。
Dr.Young,5,2010-08-13 23:59:41,,0,哈哈谢憨豆..
XD|醒来。你在。,4,2010-11-14 21:43:25,,0,wizCaptainChen.喜剧片不要什么意义，有风格剧情就已足够。
郁殷,5,2010-08-22 17:18:01,,1,印度人民志氣高。
SoYoung,5,2011-02-13 21:06:21,,0,又是这个女演员，哈哈，我喜欢，不过还是延续了印度片一贯的风格，不过个人确实不喜欢电影里面的歌舞桥段太多，不过故事确实很带劲，言之有物的一个电影~
十四行,5,2010-08-16 17:35:15,,1,wangdu试图改变他身边的人，他成功了；这部电影试图改变我们。
🌞娘卷卷🌙,NaN,2010-08-30 18:02:48,,7,男住有点像老爸老妈的浪漫史里面的Ted，有米有
Diva Tequila,5,2011-01-03 02:24:13,,0,这片子太棒了！！！！！
饅頭☆m&j.dmg,5,2010-08-10 07:30:10,,2,绝对是经典中的经典.这在中国绝对是禁片啊
横流可是,4,2012-06-18 18:35:40,,0,很有意义的电影，值得一看。
好呀你,5,2012-08-12 15:58:43,,0,终于看完了~
半城风月,5,2017-01-09 12:35:34,,6,关于追寻理想的青春时光，三位主演的经历令人捧腹大笑之余，又是满满的温情和励志。友情是彼此追梦的动力。最后必须夸一句，米叔果然是宝莱坞的神坛级人物！
开头的小L,5,2012-09-03 17:47:15,,2,FollowExcellence.Successwillchaseyou
空羽,4,2010-12-05 11:13:39,,0,喜剧的所有桥段几乎全用上了，高潮迭起啊。确实好片！
'lock_樂.,5,2010-11-29 02:13:10,,2,简单生活，遵从心声，为自己而活。
孝宸,5,2010-08-20 18:45:37,,2,虽然觉得印度电影的某些场景有点滑稽，但这却不失为一部好电影！音乐一如过往的印度电影音乐般好听，还有美丽的高原风光！
赵启辰,4,2011-09-03 02:26:42,,1,印度人还真是爱流泪啊
如小果,5,2011-06-23 00:03:39,,3,哈哈，学好数理化，走哪都不怕。
娜尼希丝,5,2012-06-19 02:11:15,,0,一会雷人一会搞笑一会爆泪点一会秀下限~你赢了~MrWangdu！
麦,5,2010-11-23 21:58:47,,2,他妈的，太High了！本年度看过的最牛逼的电影，神作！五星不够，N星
Takemeflyaway,4,2012-06-18 15:52:39,,0,半夜和姨媽表弟一起看，電影還是大家一起看才好看.藍邱好厲害，兩個朋友是阿傻中的阿傻，但是好可愛!
The Lion King,5,2012-06-18 15:42:53,,0,比我想象中有深意、有内涵。
蜜汁小姐的牛肉,5,2012-06-18 15:44:54,,0,值五颗星
梅边竹下,4,2012-06-18 15:46:47,,0,现实会如此顺利么？已然是极度优秀的人才敢有的追求吧
ccfind,NaN,2012-06-18 14:01:09,,0,粉刺的经典
寂寥月神,3,2012-06-18 18:14:25,,0,看完感觉剧情挺狗血的，励志的有点假，不知道为什么这么高的分数，可能是因为中国的大学教育实在让人看不到希望吧。
苏C,NaN,2012-06-18 15:22:13,,0,每次看都会感动的想哭，却不是通常意义上感动的想哭，没有沉重，是自由的欣慰
钫氟,5,2010-08-09 22:12:58,,1,我可以给7星么。可以么可以么
竹叶卷心,5,2016-08-24 22:04:28,,5,看过的最好看的搞笑励志片和印度片。
糖野梨子,5,2012-11-22 02:31:19,,0,看到后来忍不住哭了！好励志！
Hey2028！,5,2012-05-26 00:01:52,,0,最近几年让我笑的最多的电影，更是哭的最多的电影！
粟熙,3,2010-09-08 12:23:50,,5,惊讶这样的通俗喜剧可以评到9分以上……理想主义不是这么轻松扯淡的，当然影片很欢乐很印度，也许能让当下被压抑的不少年轻人找到一个宣泄的出口，男主印度阿汤哥也颇像谢耳朵，可惜实在达不到我心中优秀励志片的标准
birdy,4,2012-05-25 15:32:17,,0,剧本很好
Rosyash,5,2021-02-17 23:24:09,,38,这个中文片名太坑爹了……我一直以为是什么搞笑喜剧片……看完了能更加坚定自己的内心！Alliswell！
Tazo,4,2010-12-12 17:26:40,,3,真是本笑中带泪还温情满满的好片子
小红帽,3,2011-04-17 15:20:44,,0,这简直是童话呐
crow,NaN,2012-07-02 12:00:54,,1,三个阿三打造的好电影
天成,5,2012-05-25 21:47:34,,0,三个小时一点也不觉得长！还希望它更长一点呢！
坦克梁,5,2010-12-07 18:20:17,,1,比《老男孩》更给力的电影！
宅拾叁,5,2011-02-11 22:49:16,,1,已经多久没有忘情地去欣赏一部电影了？
铃儿响叮当,4,2017-02-28 22:00:44,,5,被人推荐看的，果然超级搞笑
AKi,5,2010-08-22 20:55:44,,2,跟着小直升机看见Joy挂在天花板下墙上写着IQUIT背景音响着givemesomesunshinegivemesomerain，givemeanotherchanceIwannergrowuponceagain的时候，心sei了一地，前一秒多欢乐
穆如清风,5,2011-11-25 14:28:26,,1,《threeidiots》超级好看！咋以前漏了呢？影片包含了许多，亲情、友情、爱情、梦想、乐观向上的人生态度、对教育现状的讽刺……无数的催泪点、幽默风趣的话、拍摄手法和情节的巧妙让人欲罢不能……总之这电影太好看了，珍藏！Rancha成了我的dreamman!!!!!!!
Fenng,5,2010-12-26 02:03:53,,8,一个Bug，大家有没有留意到，10年前的时候网络不可能那么发达的，大雨里接生的那一幕，摄像头...
子非鱼,3,2010-10-04 09:40:06,,0,总觉得有好多矫情
邱胖胖,5,2012-08-12 16:23:39,,0,真的好看当初因为这个片名把它直接忽略
桑,5,2012-06-18 21:24:16,,0,又是一部被糟糕的翻译给淹没的片子。幸亏我看了，采用夹叙的方式推进。里面有很多感人的镜头以及非常美丽的场景，以要突破教育体制为主线却附带了亲情友情爱情等复线，同时又表达了梦想和事业的关系，虚荣的人心等等。内容很充实，同时也延续了印度电影一贯的歌舞，让人中场放松但又很连贯。赞
麦田,5,2010-10-13 00:13:58,,0,煽情味有点重，不过讲的故事很好
贝胶,5,2012-05-25 22:44:28,,0,这名字已经不能用坑爹形容了！
尼斯达,5,2011-05-12 23:49:42,,1,我靠！这家伙几个角度好像阿姆！！！
King Sitcome,3,2010-10-10 16:35:17,,0,梗总刻意重复就没意思了；一煽情我就想尿裤——额……也可能是我的肾有毛病~~~
M能能M,3,2017-03-10 10:40:21,,4,太搞笑了，，全程都很好看
大發,5,2010-10-12 20:19:03,,0,欣赏男主角的演技，能歌善舞，很轻松幽默的片子~~
小鸡破逼于,5,2010-11-14 18:32:15,,0,这是个神马情况。。。
杏仁核,5,2012-06-19 00:16:17,,0,Alliswell
豆友3363965,4,2010-12-24 20:56:21,,0,太搞了。。。
DRAGON-0818,5,2012-05-25 20:30:07,,0,唯一看过的印度电影，温馨感人。人生没什么大不了，哭过笑过。
城南草木生,4,2010-08-09 23:56:22,,5,宝莱坞大乱炖
Morning,4,2011-01-09 19:00:02,,1,真的有点过长，其他倒没什么，情节土了点，但那是智慧宝典，不过这样的励志还是闭合了点。
惊宏一瞥,5,2012-05-26 00:30:38,,0,寓教于乐~
思阳,4,2011-08-07 06:56:10,,0,暗叹一声自己还真是很少看印度电影。主题思想很不错，但是就西方文艺水平而言已经有点落伍了，成为大肆宣传一种天经地义，自六十年代来就在革命反抗的东西。当然，我不了解印度，也许他们当下仍然需要这种解放，也许中国也是。
淡水无香,3,2016-06-21 16:03:17,,4,影片的慢启动剧情和刺激神经的印度音乐毁了电影。
恰卜恰布,5,2011-08-04 10:28:42,,0,男主就是救世主啊···是神啊···很多触动人心的台词··当时还背来着··现在都忘了··
镜花水月,5,2011-05-01 22:18:37,,0,那哥们吊死了真是……
Jennifer,5,2010-10-06 01:25:09,,0,今年的第一，宝莱坞越来越好莱坞了。
爱丽思,4,2010-11-14 17:17:55,,2,男主角简直是汤姆汉克斯和吴彦祖的混合体~!!
NullPointer,3,2015-09-18 23:10:50,,5,浅白。
敏感的小宇宙,5,2010-09-07 00:56:40,,0,男主角很帅气
软蛋黄,3,2011-09-03 00:52:47,,0,印度电影你不跳行不行
Kebe,3,2012-09-03 21:17:13,,0,实在不习惯印度电影的风格，快进着看完了
纳什维尔的猫,5,2010-12-25 12:23:52,,0,屎流目
Frosti=拧下阿波罗的头颅,5,2010-08-14 19:20:39,,12,这不是一部闹剧，真的~
谷玄,5,2010-08-25 22:23:38,,0,收放自如
E了個leven,5,2012-05-25 22:14:44,,0,secondtime.stillmovedbythefriendshipandthepersistence.
小辣椒,5,2017-01-01 21:27:31,,5,虽然名字很傻比，但真是好电影，印度人都看顺眼了。
刃,5,2012-10-06 16:31:29,,0,真的很好看
Décembre,4,2012-08-13 01:08:36,,0,另一种视角
文泽尔,3,2019-12-17 18:34:41,,13,可以说是非常不喜欢了尤其是理想化的结局印度片的套路化始终过于严重
Sh.S.敖登托雅,3,2010-10-17 09:20:53,,0,其实影片控制在两小时之内就堪称完美了。可惜两小时之后诸多情节显得繁复罗嗦。还好，不是很烂。男主人公长的很像痞子阿姆。
春暖花开,4,2010-08-07 22:26:17,,0,在欢快的气氛中，谈教育问题，印度人的视角真的很不错。
ᥫ᭡້໌,4,2017-03-07 10:20:06,,4,泰剧的歌舞情节很能带动情绪，故事虽然狗血，但不乏亮点。
awaying,4,2012-05-25 23:40:29,,0,轻松欢乐。
怪猫,4,2012-05-25 16:45:10,,1,片名糟糕，但是细节还好，很难想象主角都40多了
叫她孙女凯拉走,5,2016-08-23 13:24:42,,5,一部十分优秀的喜剧，笑料很足，电影想要表达的我也能很好的理解。因为这部电影喜欢上了阿米尔汗，同时对印度电影有了全新的认识。当时看到进度条被吓了一跳，看完却觉得意犹未尽，里面的唱歌跳舞也没那么让我反感了，值得多看几遍的电影。
一如既往如你,4,2016-02-10 17:40:43,,5,好看，就是太长了！太tm长了！我的天...
查無此人,3,2010-10-29 16:46:40,,0,音乐一颗，非常积极向上的态度一颗，美术一颗，可是也真的就这样了
身毒丸,5,2011-10-05 02:35:56,,0,印度电影已经达到这样的高度了，汗颜。。。
elle,5,2011-03-21 10:02:05,,0,低沉委顿时看，莫名其妙的就充满了无限希望。
WAKEUPSTUPID,4,2010-09-01 14:01:44,,0,围脖啊围脖，泥鸭梨卫冕也太大了吧，，
肉一,4,2011-11-06 22:44:49,,0,做自己，做自己喜欢的自己。
哒啦哒,4,2010-09-16 16:28:59,,0,恩还不错就是因为除了贫民窟的百万富翁很少看关于印度的片子或者印度出产的片子...
放开那个浪味仙,5,2010-09-14 00:20:43,,1,各种混杂宝莱坞造就的欢乐与温暖。
一米八五,5,2010-08-14 21:23:10,,0,印度的伟大电影啊~觉得Rancho长的好像吴彦祖啊~
邹小樱,5,2012-02-23 22:21:24,,0,笑死爹了宝莱坞……
陌生人,5,2010-10-19 15:56:57,,0,好电影，只是翻译的片名不解，为何要加上大闹宝莱坞，关宝莱坞鸟事？
波斯貓,5,2012-11-25 19:40:07,,2,一定要看的勵志經典啊
剁主,5,2010-08-24 10:52:49,,0,三个白痴的千古绝唱！！！！！印度阿三威武！！！！！！
品客,3,2010-09-10 04:54:24,,3,有些细节很好，但是片子又臭又长，我觉得我还是不喜欢印度电影，笑点也完全击不中我……3.5星吧。
monowl,NaN,2010-12-03 22:38:01,,0,原汁原味的印度电影，不禁让人担忧，连印度都开窍了。我们呢？
七颗子弹,5,2010-12-03 16:19:48,,1,你是否联想到了汤姆汉克斯？
一笑,5,2012-06-19 12:52:44,,0,Followexcellence，successwillchaseyou.
Lyx,5,2012-06-19 02:10:07,,0,深思
妍清浅,NaN,2012-06-19 02:09:50,,0,被名字害了的好电影
勾勒阳光,NaN,2012-06-18 18:37:24,,0,好朋友一起2b着并且都2出了好的未来，那才是人生。
兜,5,2012-06-19 00:05:52,,0,当人生不知何去何从时，它会对你有所帮助吧！Alliswell！
本人醉奶,5,2012-06-18 19:55:28,,0,Alliswell！！可以给超五星么？一边哭一边笑┱┲﹏┱┲追逐梦想之类虽然理想主义。但是完全的感动以及给予信心。配乐很欢乐很印度挺好听的00
蓝浅海蝶,5,2012-06-18 23:39:36,,0,这部片子值得一看，教育意义很好呀
Fantast_chen,5,2012-06-18 21:55:02,,0,心里面要被折腾死了~~过山车一般的剧情，但是除了感动还是感动
小九儿,5,2010-08-10 08:09:04,,0,过于美好了吧
元宝宝,3,2017-03-10 13:35:28,,6,人生有时候只是和我们开了个玩笑，而我们却还都当真了。辛辣讽刺又轻松欢乐的一部印度影片，剧中不可缺少的印度歌舞还是挺有可看性的。
罗弘霉素,5,2010-09-15 02:26:47,,4,我摔断双腿才使我真正站起来了！先笑后哭，然后边笑边哭，最后再笑！
Sammy,5,2010-12-21 10:31:46,,0,一切顺利！追求卓越，成功就会在不经意间追上你。
石头免费,4,2012-05-25 16:05:32,,0,肝了这碗鸡汤！（干什么干啊，男主是个天才学霸好的吗（。
只有霸王,4,2010-10-21 00:13:17,,0,还好吧，挺热闹的。
fallingraining,5,2011-09-12 01:19:26,,1,其实这是一个中国人乃至全亚洲人都需要思考的问题，我们到底是要为了自己、为了兴趣而学，还是为了金钱与权利而学。
武侠小王子,4,2018-04-03 18:57:12,,1,不由联想到国内的教育制度和当今家长的教育理念，那真才是毁人不倦啊！
猫弟,3,2011-12-20 00:25:59,,0,呃...
mr.tall,5,2011-03-22 03:10:12,,0,五颗星，我也不能免俗，一定要跳舞。一定能要跳舞。梁朝伟来印度拍电影也不行，一定要跳舞啊，跳舞。
布宜諾斯,3,2016-01-17 00:38:12,,3,不好看……典型蠢电影
搬砖少年,5,2010-08-27 01:52:35,,0,天才般的傻瓜
[已注销],5,2011-03-03 21:04:31,,0,算，改了！还是五星！
乍暖,3,2017-06-13 23:41:57,,3,7/10。终究是个童话故事，还没完没了的讲浅白的道理。触动最深的是喜转为悲的镜头。
会笑的昨天,5,2016-04-06 19:04:25,,3,精彩华丽的歌舞向来是宝莱坞电影特色，戏中男女主角各种高难度的舞姿非常浪漫有余。
点兵山的老大哥,5,2012-06-17 10:44:41,,0,名字翻译的太蛋疼了
谁,5,2010-11-12 04:21:04,,0,真的很喜欢
桃星,5,2016-10-17 22:26:58,,6,看了之后心情愉悦，被影中的三兄弟的友情感动到了，生活中真的好难有这样为你今后的生活，工作着想的朋友啊！
timeriver,4,2011-10-01 16:59:26,,0,歌舞很带劲，适合全家娱乐
lily,4,2010-08-12 23:28:26,,0,扣掉一星是因为实在受不了北印度语啊！
阿尔法,4,2010-10-18 17:33:20,,0,工厂出品~
Ray,4,2010-10-11 16:24:08,,0,愿意为阿米尔顿写一篇文章~
vitamine R,4,2011-01-04 19:59:27,,0,很多次泪涌
Don Juan,5,2010-12-18 17:27:53,,1,因为片子过长只能打五星
樹一,5,2010-08-23 19:38:17,,6,Alliswell~弱弱地问一句...有没有人觉得Rancho长得很像Mr.Bean？
EVANGELION,4,2011-11-07 05:15:18,,0,基本涵盖了#俗套百科#大全……
imai07,5,2011-12-14 13:46:05,,1,明知是YY片，還是看得那麽歡樂
大楼东,5,2010-10-02 21:30:06,,0,长的像艾米纳姆
吃 硬,3,2011-06-02 16:50:47,,0,感觉情节太散了
twopersons,3,2012-04-26 17:08:57,,0,好笑好玩。做自己。
rêve,4,2011-01-09 21:53:25,,0,传说故事~~没想到这个电影能拿这样大高分~
言知檀,5,2010-08-14 14:40:44,,1,观影生涯里第一部六星电影。去你妹的学长训话。去你妹的教育体制。去你妹的死板教学。去你妹的表面浮华。
独立日,5,2011-01-29 14:54:50,,0,敢于挑战大学的刻板与陈旧，说出来我的心声啊
米斯特 爱欧,5,2010-12-28 01:52:38,,0,印度版的死亡诗社假如少点歌舞名字好点就好了
忽而初夏,5,2010-09-11 01:03:56,,1,不要给它扣上励志片的帽子
ek,5,2010-11-19 21:21:15,,0,alliswell
彩戏师wala,5,2010-08-18 00:18:41,,16,这是人拍给人看的电影。
Nobervem,5,2010-08-07 01:09:59,,0,態度拯救一切。創造現實童話的印度電影，不過我們也願意接受！
空思,5,2010-09-04 21:05:08,,1,校园、公路、爱情、基情、歌舞、励志。该有的都有了，而且如此不俗！
朱欢尘,5,2018-04-06 12:16:09,,3,被名字耽误了。
穿过肉身的痛,4,2018-06-01 21:21:57,,7,在搞笑中发现真知，天才和蠢才在视线中的无形抗争，特别是最后，天才努力的成果让更多的人成才的付出，非常的让人感动和赞叹。印度电影很多都是完美和感人的结局！正能量支持
MegaMind,5,2010-08-18 08:10:17,,0,我总觉得印度歌都是一个调。我总觉得印度人说的那英语太鬼。我也总觉得印度人都一个样。可每一次印度电影都给我们带来不一样的震撼。
nowfree,NaN,2012-05-26 00:15:50,,0,不错。
Over5,4,2010-09-16 11:36:32,,1,无比精致的三哥带表
桃花岛傻姑,4,2010-10-10 15:11:18,,1,印度人告诉我们，和美国电影的差距再不能拿技术、投资来说事儿了，我们的差距是对电影的用心。
棲qi木聪,5,2010-08-12 03:57:14,,0,印度电影不得了了！！
繁花一梦已败,3,2010-08-14 19:08:42,,1,重要的是有朋友跟你一起high
❤栗子✎,4,2012-08-12 17:21:40,,0,喜欢Rancho这样思维特别又具行动力的人~
阳光正温暖,5,2012-08-12 15:00:43,,0,男主=SHELDON＋吴彦祖
夏小河畔,4,2012-08-12 15:19:47,,1,经典，总是激发学习的热情。
s,5,2012-08-12 17:52:23,,0,说实话，很喜欢印度这种歌舞文化浓厚的电影，却同时表现着一种正能量。很励志，很感人。
iamAo,4,2012-08-12 12:03:02,,0,有点长看的没有耐心。
杨杨Caroline,5,2012-08-12 17:52:08,,0,我想要的大学，我想要的友情，我想要的生活，成长，经历，美丽。。
去你大姨妈的,5,2012-08-13 00:21:30,,0,认真看，很值得。
冰凝飞舞,4,2012-08-12 18:49:11,,0,虽然很轻松搞笑，但是不乏励志煽情。
火星毛毛,5,2012-08-12 11:28:34,,0,完美！
七个汉字的名字,4,2012-08-12 22:45:07,,0,好吧～郁闷时值得一看
我爱鲍鱼酥,5,2012-08-12 23:04:24,,0,如此潇洒
我真的洁癖,NaN,2012-08-12 12:40:16,,0,男主角很像吴彦祖。
黎某某,5,2012-08-12 19:03:09,,0,好欢乐啊
鹿角海棠,NaN,2012-08-12 21:29:27,,0,终于明白为什么推荐我看这部电影的人说“不看枉大学”。真是三个傻瓜。傻瓜都会和傻瓜成为朋友的，所以我就想通了为什么我没有朋友。
Payne,4,2012-08-12 13:41:27,,1,里面的这句给了我很深的映象“你这么害怕明天，又怎么能过好今天。”
孙浩栩,5,2012-08-12 11:39:05,,0,http://www.douban.com/accounts/register?confirmation=15ad67293153a870
无爱无忧,NaN,2012-08-12 08:14:48,,0,印度言论真自由
╰*綄鎂の愛,5,2012-08-12 13:18:55,,0,那些关于梦想/自我/爱/自由的小激动~~~
miyako,4,2012-08-12 13:16:31,,0,有哭有笑，这才是人生。
GL0,5,2012-08-13 01:31:34,,0,真的是流了很多泪水……
光年‖影视歌三栖民工,4,2010-09-27 00:56:28,,0,编剧不错，都知道是肥皂剧，主角身份的悬念可以吸引人继续看下去。感觉跟贫民窟的百万富翁有一脉相承的味道
kindsos,5,2010-12-13 20:42:38,,0,有多么搞笑？！没有。。有多么励志？！。。没有。。感人么？感人，男人之间的感情和淡淡的浓浓的亲情。。两个半小时的搞笑电影？！不是，还好不是，不然不是笑累了，就是腻味死。。当然唱歌，跳舞用去了半个小时的时间。。。
睡懒觉的cc,5,2010-08-11 15:28:56,,0,"天才之作，真是爱死这三个“傻帽”了。这回我算是真真切切地领悟到什么叫做“学好数理化，走遍天下都不怕”了╮(╯▽╰)╭P.S""Aalizzwell""_“一切顺利”。"
介甫,5,2010-10-03 13:47:00,,1,追求优秀，成功就会追求你，向你脱裤子.
哲燊。,5,2022-03-09 01:14:35,,16,重温。是我初中时特别喜欢的电影，一直记得那句“Alliswell”，一定程度上影响了我后来的专业选择。这次重看发现有很多夸张和理想的成分，不再有当年那么惊艳，但初心不改，仍然可爱。
Dora KID.,5,2010-08-09 20:16:47,,1,真是……豆娘你妈了个逼的
妖嘎冻未条,4,2013-01-01 16:13:39,,0,PleaseBUYourself!
旭亮搜神记,5,2010-09-26 03:51:46,,0,传世小片，名不虚传。
冰红深蓝,5,2013-04-17 14:21:08,,6,看过好几遍，很有共鸣，可惜做不到像电影里那样的freeandblithe
无所谓,4,2010-11-23 19:04:46,,0,Nicestoryaboutbreakingtherulesandchaseyourdream.Maybealittleoverlong.
陶子冬,5,2010-09-19 08:34:43,,0,印度电影井喷力作，时间稍长，结构上已经偏向好莱坞，很牛的结局给人以大海的感觉，以对抗教育体制为戏剧冲突，讲述友情、爱情、成功的故事，总说要拍有价值观的电影，你看了以后觉得好吧？那就对了，因为它有价值观。这个范例告诉我们，强调这点对一部电影有多么重要。
人可,3,2010-10-31 17:48:23,,0,你拥有选择权你掌握着自己的人生让成功追着你跑这样当然好但是不得不说这部电影有些理想主义还有结局是标准的“从此王子和公主幸福的生活在了一起”模式很不适
鳥肉叉燒包,5,2010-08-17 01:06:36,,1,十颗星献上说意淫庸俗不现实？我谢谢你明天就买个坟墓躺里面反正也跟行尸走肉无异了
生·人,4,2012-06-30 00:22:41,,0,图解式剧情，矫情拖沓，俗套太多，除男主的假身份。念讲稿那段效果很好。机械主义成功学世界观。说教太过，男主太具侵略性，讲的还是假道理，依旧成功学：神一样的男主，高举“做自己”的旗帜，把名利美色友谊道德智慧幽默潇洒英雄都占光，并光耀当今后世。正迎合了大家的潜意识需求吧==
乙一,4,2012-05-25 22:59:23,,0,不是很承受得了集体歌舞
黄小豆,5,2012-05-25 18:40:24,,0,个人爱好与学业的矛盾不只在中国有啊
冷色水才,5,2012-05-25 23:21:49,,0,三个损友的故事！！我想了我的发小！
子爵91,5,2012-05-25 19:33:56,,0,"看了两遍，回想一下，我在大学里也经历了又不傻到“傻子""的过程，我做了我该做的，我想做的，我知道这是我愿意走的路，虽然有的人不赞同。"
三人行,NaN,2012-05-25 17:33:16,,0,差点因为这部电影的名字放弃看这部电影，还好窦文涛的推荐，感谢涛哥了。
顾小惜,NaN,2012-05-25 22:50:31,,0,完全不觉得时间漫长的电影。好电影都有一种情怀。我有空再看一次
37°2,5,2012-05-25 19:41:48,,0,这是我暑假以来看过最棒的电影了、有意思、宝莱坞的歌舞也挺有趣、虽然我欣赏不动.⊙﹏⊙b汗..
莱尼圆,3,2010-08-11 04:28:15,,0,立意很好，轻松诙谐的方式讲述大俗的成功学，提倡寓学于乐学以致用，鼓励坚持理想活出自我，批判陈旧教育体制和师长绝对权威，反对分数万能和金钱至上，并且触及一些印度的社会问题。但故事表现得极端理想化，人物也过于典型，加上夸张的表演和过犹不及的配乐，减少些煽情桥段缩短些时长，效果要好些
相思君,5,2012-09-03 20:32:18,,0,依然有每隔半小时就又唱又跳的宝莱坞风格，但这部片子真的好看画面也不错，改变了我对印度电影的看法，名字翻译的太俗气了
石中剑,5,2010-09-08 13:55:57,,0,9.8
Aaroncae,5,2011-01-05 13:55:53,,0,长命百岁不敌半世痛快！！！
欢乐分裂,4,2010-08-17 21:04:05,,4,很励志很清新，无需多言，就是好看
小熊大人难忘记,5,2011-11-13 00:13:02,,0,一段瞬间泪奔
泰坦,5,2010-08-09 00:38:18,,0,“因为你是懦夫，害怕未来，看看这个，戒指比手指头还多。为开始戴，为姐姐嫁妆戴，为工作戴……你这么害怕明天，怎么能过好今天？又怎么能专注于学业？两个怪兄弟，一个害怕，一个虚伪……”　　　　“追求卓越，成功就会在不经意间追上你……”
红法师,5,2010-12-01 22:22:15,,0,--原來越到後邊越精彩...wow~
沉歌,5,2010-12-04 15:24:29,,7,内牛满面，操！
一只酸奶牛,5,2023-01-25 20:00:21,广东,22,愚蠢的译名，伟大的电影。给成年人的人生童话，剧本太棒了。
tony,5,2010-09-21 19:50:58,,0,哦
笨锅,5,2011-12-11 13:53:54,,0,不明白为什么要翻译成三傻大闹宝莱坞，三个傻瓜不就行了？唉，真不错，长达近三个小时，竟然感觉不到拖踏，还有，对我这种已为人父的人来说真是太有教育意义了，美国电影他们总是在拯救地球，而这样的印度电影是在拯救人性，兰乔为什么受所有人的膜拜是他能将自己的思想装入别人的脑子。
老六,5,2010-08-14 16:24:55,,0,阿甘傍上帕里斯的故事……
小塚ai艾,5,2010-08-11 21:58:22,,0,这是最近看过最好看的电影了！！很可爱很励志兰彻长得好像印度版的Eminem+JohnCusack哈哈
幕天席地,5,2017-02-07 16:28:56,,5,为三人的友情点赞
xxx,4,2011-03-19 13:41:14,,1,笑点没我想象中的密集。原来是抨击教育制度。如果是这样的话，我也想成为傻瓜
rsxxy,5,2012-05-25 15:26:03,,0,戏剧化的理想主义者。为了歌舞给5颗星。
荔枝超人,3,2010-12-11 22:27:08,,3,notbad
周鱼,5,2010-08-13 23:57:01,,0,印式什锦菜带着单薄的天真从“深刻程度”和“技法”上看称不上超一流的电影但从泛亚洲的教育体制和等级制度来看无疑于洪钟大吕华语电影人应该好好学习就算是看第2遍依旧是太逗乐了太泪点了而编剧鬼才的呼应和导演顺畅的过渡同样是本片的亮点
Zia,3,2010-11-03 17:18:47,,5,一般吧比较通俗易懂，不太受得了过于夸张的励志和拖拉，不是我的菜
🐳 居北望南 9¾,5,2011-05-14 03:12:29,,0,最喜欢那个交卷子的场景了：“你知道我们是谁么”“我管你们是谁，就是校长的儿子也不行”然后把卷子翻乱哈哈哈~以后有机会用用~
VeooeV,4,2011-02-18 19:22:14,,0,算是好电影
听风,5,2011-02-03 05:17:21,,0,多年以后，也许我会说：“如果不是这部电影，我将会谋杀自己。”假如你在为别人而活，厌倦了竞争，不相信只有金钱能让人安宁快乐，那么让我们一起说“Alliswell”。然后尽力追求卓越，成功就会出其不意找上门。
沙拉酱波娃,5,2011-12-27 23:26:25,,0,难得的好片。这么正义，这么励志，挑战教育体制，又倡导个人价值的实现，友情爱情亲情一个都不能少。很多场面让人过目不忘，让我哭了三次，笑过五次，包袱抖得刚刚好，严重推荐。
锦翼,5,2010-08-11 23:26:38,,4,除了翻译的这个名字，一切都那么棒
影子的影子,4,2010-10-01 21:58:41,,0,干啥要加上大闹宝莱坞啊？搞得我还以为和电影有关呢。故事真是非常励志，不过那几场煽情的戏貌似有点过了，我倒是更喜欢插科打诨的段落。印度电影少不了的歌舞也非常不错，歌好听剪辑很利落。片长真是太长了，这要在好莱坞还不得至少砍掉一半啊。男主角很好看啊，特别是最后出场的时候。
糖吖了个旺旺的,5,2010-10-27 00:38:00,,0,可以重复看n遍的片子。看的时候感觉里面的情况和中国有点“如有雷同”。
[已注销],5,2011-01-09 18:16:33,,0,某一方面改变了我对印度的印象
啊！有网真好！,5,2010-11-17 03:20:44,,0,牛！！不过我要了解下印度人和阿拉伯人如何从相貌上区分。。
Singin'in rain,5,2010-08-18 13:05:20,,0,太好看了，又搞笑又让人落泪，最喜欢的那类电影
海阔天空,5,2012-06-19 09:11:03,,0,很俗的电影！但是迎合了像我这样对只求这2个小时过得快乐就行的观众！！看这部电影的两个小时我真的非常快乐！！
拔刀诀,5,2010-10-19 14:39:56,,2,很久没有这么开怀大笑了。冯小刚张艺谋之流永远也拍不出这样好看的电影。
追忆,5,2011-01-09 12:40:27,,0,本片在编剧和演员表演方面有很多地方略显稚嫩和不成熟，但本片的主题极为独特，就凭这一点就值得五星鼓励，应试教育最大的魔力就是，你明明知道那是错的，你也明明知道什么是对的，但你还是明明的让自己和自己的后代，义无反顾的投入其中
空想特摄兔男郎,5,2015-12-16 23:45:57,,4,鸡汤大师的大学之旅。近三个小时的片子却不让人觉得闷，剧情高潮此起彼伏，反转点四处乱入，虽然鸡汤虽然俗但是却依然能把人感动到。制作精良剧本到位，确为主流电影佳作。不禁想到天朝那些毫无诚意的大投资渣片每每吹嘘自己要如何进军国际市场，其实早已被这般的高水准印度片甩在身后。
谙,4,2010-12-23 00:51:01,,0,近年来的宝莱坞佳片，除了爱恨情仇，竟然还能将歌舞与喜剧搭配的如此天衣无缝;再加上熟悉的理工科生活，相当有感觉.女主角不是我喜欢的风格...
黯黠,5,2011-06-10 19:42:57,,0,第一次看印度電影，真的很讚!!!!!!!男主其實還是有帥到啦!!!
阿布,5,2010-09-25 01:15:29,,0,可以打6星了
美神经,4,2017-07-08 23:28:59,,2,我是非常羡慕的，欢脱，积极，自由。可是这无亦于太过于理想，现实是，这么世俗的社会下，早就失去了那些东西。
FÉLIN,4,2012-01-24 22:43:52,,0,说超级好看的估计是没怎么接触印度电影吧，典型宝莱坞风格，歌舞喜剧。情节简单，电影很长，胜在演员拿捏不错，泪点剪接刻意了点，画面色彩艳丽。阿米尔汗真的好帅，难怪是印度阿汤哥。台词虽说教了点但也很符合现实，中国年青人看特别有感觉
Zou,4,2010-08-08 20:21:05,,1,不至于被称为神作吧。我本来以为会有一个神圣的结局，比如男主角升仙了
困难户,5,2010-08-16 22:56:06,,0,印度人民开辟了一种属于印度特色，造福全世界的电影模式。
chili,5,2013-05-21 20:43:11,,2,这才是励志片啊，男主角太有魅力了，聪明热情真诚勇敢而且无私又宽容，活得理直气壮，完全就是理想型。
猪大腿,5,2010-08-12 09:37:06,,0,82/100。你让一个痛恨工科并最终从理工科大学退学的我情何以堪啊。。。另外这货完全就是个遇见了伏地魔当校长的哈利波特嘛=。=
Granite_花花,4,2010-10-03 20:29:44,,1,还是最羡慕里面的友情，影片说教成分太重，娱乐一下不错~~
彩虹几度,5,2010-08-14 02:02:25,,0,深更半夜里，偶滴欢笑声盖过了楼下老太咳喘窗外猫儿叫春···终究还是电影让信仰在制度面前赢回一口气，相信有许多看过本片的人都能在嬉闹的剧情中，或者狡黠的对白中，又或者是诡谲的配乐中，找到启发和答案
匪伊,5,2011-01-14 00:59:52,,0,很有趣，没想到印度电影能把故事讲的这么简单舒服，像轻松的下午茶。
wangzhy,4,2010-12-17 14:11:24,,0,挺逗的一部片子，就是总哭来哭去的……但是还远远不及《DeadPoetsSociety》！！！（最后还是推荐，片子的意义大过了它的好坏）
强强,5,2010-09-17 23:30:06,,0,高考是个世界性的问题。男主角好像汤姆-汉克斯
狗富贵,5,2017-05-07 13:25:48,,3,这名字翻译的无力吐槽，这绝对是部好电影
劳而获,5,2011-03-03 16:54:44,,0,印度也有这么棒的电影
浪遏飞舟,2,2010-12-09 15:03:33,,4,只可惜，人生不是一部电影。
南团,4,2011-02-04 15:59:11,,0,不简单
Liz d'Anvers,4,2010-09-30 13:14:09,,0,不能算是完美至少奉献了快乐
幽月兰,5,2011-08-29 18:58:39,,2,太有创意了，开头看得忍俊不禁，后面又不由感动得潸然泪下，其中更不乏印度电影特有的活泼歌舞。编剧、导演、演员都太有才了，2小时40+分钟的片子，楞是没有冷场，深刻反映了现代教育制度的缺陷，于喜乐中针砭时弊，堪称一时无两的佳作呀。
Eleanor,4,2014-07-25 14:44:38,,2,中国那些导演何时能把故事讲到这个地步.....
我不是服务器,4,2017-01-05 10:30:49,,6,这个电影我从头一直笑到尾，当然不光有搞笑的情节在里面，三个人之间的友情也是令人感动的，我记得比较深的情节一个是兰乔认为接吻会撞到鼻子还有一个就是“消音器”的演讲，被兰乔改的让校长火冒三丈，让同学们捧腹大笑，兰乔希望校长可以改变教育计划，在电影的最后结局很好！大家可以去看看
歪歪,4,2010-09-12 15:53:33,,0,是个好电影，但没有理由这么无情的讽刺天分不高埋头苦读型去实现梦想的人吧，所以只能给它四星了~
绿山林的Vian,4,2010-10-05 17:03:15,,0,很好看就是太长了可能因为加了歌舞片段
阿错,5,2010-09-29 19:46:43,,0,有笑有泪有爱。。出乎意料的好看。。。近3小时的长片，一口气看完，非常精彩。。
常乐,5,2010-08-25 18:00:30,,0,这是个悲伤的电影。
Ｍ．,5,2010-08-15 22:11:15,,0,五星神作。生活的真谛
北落師門Hiruma,4,2010-10-01 21:49:12,,0,有点过长。尽管仍然充满着各种打鸡洒血狗血的剧情，仍然是看得最最欢乐的电影之一。ALLISWELL！（PS.Rancho和Raju两个明明就基情四射好不好(╯□╰)）
iceman,5,2010-11-22 14:03:12,,0,我心内的NO.1……知行合一
Sandra J,5,2012-01-22 13:34:28,,1,第一次认真看印度电影，我发现：这真是部好片！让我笑中带泪~
鱼丸粗面,5,2010-10-06 18:25:51,,0,一举颠覆了我对印度电影陈腐粗糙的成见，原来宝莱坞的电影水平已经到了这种水准！有笑料、有深意、有温情的完美励志喜剧，虽然有人唧歪故事老套，老套拍出水准才更了不起啊。
丸子与樱桃,5,2010-11-18 23:59:49,,0,一边哭一边笑的给看完了
笑口常开,5,2011-03-03 13:50:05,,0,印度片太长了，不过很好看
冯凝,5,2010-10-19 19:31:08,,0,今天脑袋一抽风，给了两个满分。这片子拍得的确不俗。
阿童木升级ING,5,2011-02-06 15:44:45,,0,这名字差点毁了这电影
linn,5,2011-09-13 04:32:09,,4,想起和父亲晚上的电话。他说他庆幸让我自主选择了自己的路，从小到大尊重了我所有的选择，保留了我那份所谓叛逆不服从体制的个性。自由地去发展和选择。不晓得未来会怎样，但是但凡我继续选择我所热爱的理想那么他与母亲便是我最强大与坚实的后盾。我庆幸生在这样民主自由的家庭，感恩之心走在路上。
川总,4,2010-10-24 18:08:31,,0,剧情是俗了点，但是很感人
洗狗,3,2010-08-31 15:32:17,,0,消音器就是放大版达哥嘛！印度的歌舞有点吃不消
serenity never,4,2010-11-19 22:39:28,,0,明亮得不像阿三片
阿毛,3,2011-12-09 19:20:04,,0,印度纯真版的燃情岁月
湛卢,3,2010-12-05 12:42:11,,0,史诗一样的肥皂剧印度人太玩儿命了
林鎏,5,2011-01-12 09:02:51,,0,很少看到这种好片了。
向晚,5,2010-09-18 14:43:57,,0,怎么能够错过
筑筑,4,2010-08-21 06:32:45,,2,呃，非常适合学生看
Mannialanck,3,2010-08-28 16:03:02,,1,6分。讽刺填鸭式教育题材，不大感冒。中间几段歌舞没意思。一部片要表达的东西太多反而什么都表达不了
邈邈,4,2010-09-21 12:41:35,,0,理工科天才中也只有谢耳朵比兰乔更奇葩
岛上的夏奈,5,2010-12-22 16:10:16,,2,世界太多“天才”，我们做个“傻瓜”怎么样？
adele885,5,2010-08-15 11:26:02,,0,Alliswell！
豆友2078374,5,2010-08-19 22:27:26,,0,理想的有些不现实了。。。只有天才才能做到了
freeup,5,2010-12-25 16:26:51,,1,看了三个小时先笑后哭不错不错。
疯狂的二狗,3,2012-07-17 22:39:20,,0,三个傻逼
麦兜,5,2011-02-06 21:32:14,,0,作为印度电影，最大限度地克制了歌舞场面的铺陈，仅有的两首歌曲非常好听。这部影片堪称东方版“死亡诗社”！
 雨水,5,2012-01-08 15:12:52,,0,即使有164分钟，看起来也不累，这部电影很棒。
安靜,5,2012-09-03 16:10:11,,0,astoryaboutfriend.
龙马桑,4,2013-02-25 01:15:49,,0,太赞了：。。。。。。
Sunflower,5,2010-08-12 13:44:51,,0,必须高分!
初音方法论大帝,3,2019-10-05 22:16:39,,4,6.5分，详情见长评。大多数人给《三傻大闹宝莱坞》打高分，不是因为真的觉得这电影有多好，只是因为仇视教育制度而打的高分。跟《银河补习班》相比其实也就一个5分一个6分哪个更烂的问题。
亂,5,2011-02-10 23:57:07,,0,這就是我愛的男人
Valkyria,5,2012-06-19 14:03:51,,0,励志片典范。
大颜猛蛙,5,2012-03-05 20:55:41,,0,拉杜他老爸戳中我笑点了啊哈哈哈哈
冥想高潮,4,2011-01-20 11:49:53,,0,怎说都比Slumdog　好看哇!!!
带头大叔,5,2011-10-07 10:06:23,,0,热情奔放的歌舞夹杂着英语印度话和人性冷暖，好厉害的工程师们，洗
Andrea1949,4,2011-01-01 13:10:51,,0,追求卓越，成功就会不经意地追上你
二叔公,4,2013-02-21 19:28:53,,0,为什么这么能哭........
whyzhenzhen,5,2011-04-06 04:23:38,,0,在嬉笑泪水中重新思考亲情、友情、爱情、事业、人生观、价值观，近来最喜欢的一部戏
三淡发,5,2010-08-10 13:54:21,,0,电影就该是这样，源于生活，高于生活~
归去来兮,5,2010-09-05 03:10:08,,0,虽然标签是青春、励志，虽然结尾虚假的美好，哪怕没有他们的勇气，但是，暂时做点什么自己喜欢的，不好么
谧蝎,5,2010-12-11 00:42:53,,0,欢乐无极限
阿宅Doooooris,5,2011-06-06 14:00:51,,0,太立志了
想太多小姐,5,2010-08-18 22:23:37,,0,年度最佳励志喜剧煽情片……
石小po,5,2010-08-27 12:31:03,,0,跟人家一比，中国电影什么tm玩意儿啊！能被看下来，能被不觉得烦不觉得困的看下来的电影越来越少，这片儿从这个角度来说真的不错4.6
水夫兔,5,2010-11-15 10:12:05,,0,丝毫不影响向我这种对连演带唱嫉妒反感的人对此片的评价。国片已经被印度追上了。
Rainelf,5,2010-08-08 14:28:35,,0,我给五星，因为长达3小时的片子，竟然不间断的看完了，虽然有点傻，但真的很可爱，好笑加感人
SUN,5,2010-08-22 00:48:02,,0,我有什么理由不给这样的电影满分？差不多三个小时的片长，却是我看得最不枯燥的三个小时的电影。很久前就标注了这个电影，今日终于得见，几乎改变了我对整个印度电影的看法。几乎是我看过最好的励志电影！印度的风景好美！
ADorableName,5,2017-03-24 22:55:12,,3,第一部接触到的印度电影
垣原阵,5,2013-01-16 14:45:03,,0,太长，但不影响质量。
only,4,2011-02-21 22:16:34,,0,很经典的生活态度啊、、追求卓越，成功就会不经意的找到你。
甜m i l k 。,5,2011-05-25 17:01:34,,0,這應該是我今年看過的最鼓舞人心的電影了吧？遇見一個朋友，然後一生都改變。我一直固執地認為工作必須是自己的興趣，否則，毫無價值可言。去干自己喜歡的職業吧，把你的激情全部展示出來，Aalizzwell，就這一次，放下所有的恐懼，只需一點點勇氣，你就可以把你的生活轉個身。加油，朋友
Demi,5,2010-12-13 17:43:29,,0,有趣有创意。
七月,5,2011-05-30 16:44:46,,0,音樂配的好，結局也好。
男二号,5,2012-01-02 22:26:57,,0,看的时候真的哭过笑过
summer,5,2010-09-10 22:14:26,,0,宝莱坞独特的力量中国电影啊~
毛毛怪,4,2011-01-02 21:48:42,,0,好久没看到这么鼓舞的片了
msazhou,4,2011-03-05 08:36:18,,0,读书不是死记硬背，只有灵活的运用，才能够成功。一开始很好笑，后来蛮感人的，最后告诉俺们幸福成功是自己争取的
巴别塔上的雇工,5,2010-12-26 23:55:20,,0,这个译名太2了，既不是三个傻瓜，也无关宝来坞。这是一个优秀而深刻的电影。
away,4,2011-01-03 11:05:19,,0,如果早些时候看到这部，也不至于把四年的大学给读完了
21,5,2011-07-07 19:23:37,,0,没想到一部傻的可笑名字的印度电影，能让我落泪三次，主角有点年轻时汤姆汉克斯的影子，5星是属于你的
Cpt. 切尔卡西,4,2011-01-04 12:31:28,,0,這麼誇張...我也變傻了
Bobing,5,2010-10-05 18:55:51,,0,电影中的理想与现实处理得很好，而现实与理想却处处碰壁。看完只剩一声叹息。权且让我们记住兰乔的话，一切都好。如果对明天充满恐惧，又如何过得好今天。
咖喱老人,5,2010-09-30 16:46:50,,0,这电影中间看的我很严肃，甚至有些纠结……还好是喜剧大团圆结局……
摇滚玄奘,5,2010-11-29 21:33:25,,0,有搞笑，有感动，有很好的主题，有不错的歌舞，又励志，又批判，画面也挺美，没什么好挑剔的了，这次宝莱坞让我很enjoy。虽然不能算经典，但能打6星么？
小小,5,2012-10-13 15:36:52,,0,印度出品，十分好看。有人说如果里面不是印度人，换成中国人，恐怕分数不会超过8分，豆瓣就是这样。然则一方水土一方人，换了人就等于换了灵魂，那便是完全不同的两部电影，而不是中、印人之分。有些比较根本是自寻烦恼，反正我便从不指望侏罗纪公园是中国拍出的，而霸王别姬是美国可以诠释领悟的。
饲养幻想,5,2011-09-29 04:43:24,,0,第一遍。我只是觉得BBQsauceMassalafish好吃。第五遍。发现你的品味我总是后知后觉。好看。2011.5.2011.9Haydon.withchase
东羽白,5,2012-07-04 02:27:31,,0,兄弟深情没什么阻拦。
啾啾,5,2010-08-22 12:05:44,,0,一切顺利。
天涯·明月·风,5,2010-09-04 01:38:09,,0,原来印度电影也可以这么精彩！
Mr Nothing,5,2010-08-16 17:51:39,,0,我也想说可以打六星吗？
AE86,5,2010-09-14 16:04:30,,0,可以打6星吗！！皮埃斯：可惜我们不是天才，我们甚至连人才都不是，我们不具备任何力量，更没有颠覆的勇气。所以我们在电影的理想主义ENDING后，只能带着意犹未尽的感同身受，继续默默无闻和压抑的生存下去。
勵帝或,4,2012-02-14 03:36:20,,0,最近一档子事，让我精神恍惚，这部电影带来另一种激励!坚定决心，追求优秀，成功自然就会追求你，向你脱裤；读书不是为了什么文凭和死记硬背那些既定概念，而是为学得知识，学以致用；做自己喜欢的事，房子可以小点，车子可以小点，只要快乐就好；价格标签、工厂学校、物质梦魇、利润报表、杰克逊阿里
Edeed,5,2010-08-15 16:15:37,,0,难得的好片，尽管超过2小时40分钟.，
五色全味,4,2010-08-18 03:15:29,,0,好长的励志片
hildgard,5,2011-02-26 23:50:19,,0,开心3小时嘛~~
Nicholas,5,2012-06-17 17:36:27,,0,难得的印度好电影
Yes张嘉乐，三月是春光明媚的,5,2010-09-05 01:01:09,,0,做生命中有价值的事情
六道輪逥,5,2012-06-17 14:05:17,,0,很极致的一部片子，表演的感情饱满剧情也转折，一个选择改变一段人生，做好当下远比规划长远重要，更理解了理工学生的苦与乐
这也会过去。,5,2010-12-12 19:03:32,,0,这么给力的片怎能不给五星
青黛,5,2010-10-07 14:32:35,,0,追求卓越，成功早晚会降临。三个傻瓜，无数个惊喜。
Seamoon,5,2011-12-12 12:39:03,,0,在豆瓣这部电影被超过22万人收藏，而阿凡达的收藏次数不过26万多，觉得有刷票的可能。男主角演员的个人经历挺传奇的，不亚于电影里的身份。本来想分两天看的，结果为了看完2点才睡觉。这是我豆瓣上的第1000个看过的电影，以后多关注印度电影啦。
王脱盐,5,2010-10-25 01:01:16,,0,当我以后强逼着自己的孩子走独木桥时我要提醒自己有这么个电影
woa,3,2010-08-07 14:42:47,,1,比大陆电影强。对超天才的角色无感。
收莫子的麦子,5,2010-09-11 00:52:57,,1,我不知道该怎么说，教会我们怎么生活，，，太爽的电影，，
Whisper,5,2010-09-03 22:31:31,,0,我天啊..这片子简直完美..太喜欢了。这几年看过的最棒的印度电影了。
LifeArtist,5,2011-12-25 23:35:13,,0,Hopeisagoodthing，maybethebestofthingsandnogoodthingeverdies!阿三我不该对你们有成见。。。><~
花都满,4,2010-09-20 09:58:53,,0,这片真没那么好看。。。实话实说
卡比巴拉的海,4,2017-02-12 21:40:05,,3,在幽默中讽刺着社会现象情节有点拖沓
lara,5,2011-03-09 18:18:13,,0,给白白的男主多加一颗哟～
畸小山,3,2010-12-13 23:22:46,,0,我总是会跳出来。而宝莱坞说，电影就是电影。
遙遠,3,2010-10-10 23:38:23,,0,把老师说教改成学生说教，效果好不了太多
Suito,3,2010-09-17 15:18:43,,0,很歡樂的片子，最後那片湖真是漂亮啊.
可乐杨,5,2010-10-25 23:50:51,,0,好有爱的电影。
萬和生,5,2010-09-28 17:43:57,,0,说心里话，中国拍不出这样高水准的电影来，只会拍些烂大街的破武侠。
V.M,NaN,2011-04-16 12:53:13,,0,我是不是很老土啊
K,3,2010-08-04 23:00:03,,1,我也想要这样的兄弟
呼笑成疯弗雷德,5,2010-11-26 22:47:43,,0,看到最后很桑敢啊
karen,4,2010-12-22 20:34:24,,0,歌舞，科技，美景，倒叙。。。印度片特色。。。不过印度怎么被拍得那么漂亮？！
Obtson,4,2010-10-04 18:18:16,,0,太欢乐了，太欢乐了。
kalcium,5,2010-09-07 17:29:04,,0,做自己什么的，最性感了
塘坑一姐小渡边,5,2014-08-23 07:30:39,,2,专门去电影院看了，就等着国内上映。欣赏这部电影的人应该是有反抗精神的
liuqf1999,5,2012-02-20 17:49:18,,0,为什么样我们拍不出这样的电影
季秋,3,2011-01-11 15:08:36,,0,太过戏剧性了吧。。。
左眼看电影,5,2010-12-02 23:05:42,,0,我只嫉妒为什么这样的片子会从印度阿三那拍出来。欢笑、泪水、励志、爱情、友情、教育、科学、无厘头，居然还带悬疑，都TM融合的那么好，两个多小时丝毫没感觉
燕仰,5,2010-11-28 03:00:55,,4,兰彻不就是梦中情人嘛…
前海一支剑,4,2011-05-08 15:55:54,,2,其实中国可把这片的翻拍权买过来，不用怎么改编就能翻拍中国本土版本。哪个导演敢试试，看能不能拍得过印度人？
啼幽,5,2010-09-18 22:46:03,,0,我看哭了==我真是低档……
五只眼,5,2012-01-27 05:03:56,,2,wonderful！！！！！让现实归于生活，让梦想归于电影！！
桃子,2,2010-12-20 06:05:38,,2,好像那种热血的日剧啊……角色简单、自以为是、改变世界……果然不太喜欢……（但热血的日剧就喜欢，对电视剧和电影的标准还是不一样~）
爱哲,3,2010-08-23 15:10:37,,0,看过印度电影的歌舞才知道什么叫打了鸡血
番茄杀人狂,4,2011-07-21 20:41:29,,0,励志片
哆啦Z梦,5,2011-08-07 00:20:50,,0,感动了，可能与中国的教育体制相仿更有共鸣吧~掉了好几次眼泪。而且RAJU和RANCHO处处基情四射啊！又亲又抱的！女主就是个摆设有木有！！印度的电影产业已经遥遥领先于中国了，光腚不应该深思下么。。。值得打5星的好电影，大爱骨灰爸爸那段哈哈
不吵的猫,4,2017-02-16 01:04:58,,6,挺好看的呀
西海岸有树,5,2011-07-16 00:15:30,,0,又笑又泪！！TOT
来园的桃子,4,2010-08-07 20:06:11,,1,男一号1965年生人……
绿毛水怪,5,2010-12-11 21:13:35,,0,今天结束这个学期~!!laughhardcryhard
麻木粮姜,5,2010-11-17 21:03:24,,0,印度有未来我们没有
冷兵器的残泽,5,2010-08-12 23:46:31,,0,今年看过最让人轻松愉快的电影，片长将近三个小时一口气看完了。虽然有些情节设置经不起推敲，但摆得很端正得娱乐片架势提醒你不必较真。看好印度电影，继韩国和泰国电影在亚洲竖立起自己的招牌之后，印度的搞笑片同样给人留下了深刻的印象，去年的〈月光集市到中国〉也很让人开心。
今日上映,5,2010-08-21 11:07:44,,0,中国就缺这样会讲故事的编剧
N米,3,2011-09-03 00:03:43,,0,圆满，理智。。。追求自己想做的
树,4,2010-09-06 14:30:50,,0,强烈推荐的印度电影，深刻啊，教育部的砖家看看吧！（2011-3-25后记，今天看了《死亡诗社》，才叫经典，我把《三傻》由五星改为四星，致敬《死亡诗社》，记住，《死亡诗社》不仅仅是一部涉及教育的电影，它影响一生。）
明日冰雪封山,4,2011-01-02 22:18:44,,0,很励志，励志到有点不切实际。。。不过还不错~
♚追杀伪依赖,5,2010-09-16 21:29:44,,0,满是泪点的喜剧
找凹的凸,5,2011-03-19 09:04:40,,0,感谢字幕组的童鞋成功就是成为你自己
Kiddie,5,2011-02-04 18:44:49,,0,真是温暖的三个傻瓜
陳冬dong同學,5,2012-01-25 23:44:22,,0,喜欢敢于站出来的人~
麦,5,2010-11-08 12:21:53,,0,再回头看看中国的教育制度。
siji小猪头moli,5,2010-12-10 21:10:19,,0,没想到3个小时的印度电影能如此吸引我...男主是印度版裘德洛呀
流浪忧伤,5,2010-08-26 20:00:03,,0,朋友这里有我们的成长轨迹，你是选择了哪一条的成长道路，物质生活中你迷失了没有？
荼笑,5,2011-09-20 21:56:33,,0,印度电影的突围！国货呢？...非常启发人
400blows,NaN,2010-11-24 01:24:45,,0,一定要加歌舞吗？？？
微风拂面微微凉,5,2010-12-12 17:56:24,,0,无视中间的歌舞，其实是部好片
于犹烈,4,2012-05-26 09:24:43,,0,哈哈，为了久违的蓝天
niaoooo,5,2010-10-23 03:29:33,,0,害怕明天，怎么过好今天
奔跑忘记忧伤,4,2015-10-13 17:13:49,,3,对教育制度的反思。
梅林,5,2013-09-16 21:21:24,,0,以喜剧形式直击腐朽的教育机制。
豆辛瓜辛,5,2018-01-17 13:45:18,,39,想多打一分让你骄傲！名字什么的不重要，看内容！anyway，alliswell.
星野修介,4,2012-07-21 14:58:27,,0,这张脸的轮廓类似蜘蛛侠，所以是符合大众审美的很帅的脸吧？！
古正中,4,2011-03-02 19:24:07,,0,的确挺励志和搞笑，但是也不用这么高分的。
Jimmy,4,2010-10-24 03:07:31,,0,因为不喜欢印度人减一星
幻影刺客,3,2010-10-28 17:38:02,,0,说教太严重。
kaqiman,4,2012-06-26 09:49:20,,0,都说这是一部从头笑到尾的电影，为嘛我却从头到尾都在流眼泪。。
SleepyPino,5,2010-11-03 19:49:24,,0,这片儿太热闹了
Pagliacci,NaN,2010-11-14 14:29:10,,0,AamirKhan已经45了==他长得不是像吴彦祖不是像憨豆也不是像耳朵，其实他比较像Eminem对不对……？
