user_name,star,comment_time,geo_ip,vote,short
毛毛毛读作cuì,5,2011-04-22 12:53:01,,8388,饰演魏斯乐入木三分的名演员穆荷自己，在两德统一后去察看自己的“忠诚资料”，发现有长达六年的时间，每天向秘密警察报告他的言行举止的，正是他自己的妻子。
sogdiana,5,2007-08-01 10:49:55,,3888,两条线，两个男人，两个故事，两个互相打捞的故事。丢了一个，彼此的人生都会沉入海底。当剧作家在街头，看到行走在人行道上的特工时，他本可以上前喊住他的。但是终于是没有。就像哈代所言，呼唤的人与被呼唤的很少能互相答应。他们最终选择了沉默地相互记录。
seeme | 北北,5,2011-02-08 21:07:48,,3681,2006年最佳奥斯卡外语提名。用自己的后半生成全了理想，沉默又坚定的男人，最后只得到“献给好人的奏鸣曲”。有时选择坚持自己的路，是用幸福去交换的。
南笙,5,2013-01-24 23:48:34,,3559,最后一句，不，这是给我的。一语双关，瞬间落泪。这种利落的结尾，漂亮。
黑刀,5,2007-09-11 19:22:42,,3118,结尾让人叹为观止，感慨万千。
林小熏,4,2010-12-11 22:24:48,,8219,国安局血的教训：千万别请文艺青年做秘密警察～
今天小熊不吃糖,5,2010-09-29 07:08:38,,2465,看到结尾到底还是忍不住泪奔了
杨子虚,5,2012-11-03 21:36:52,,1932,这个故事告诉我们，女人是靠不住的，好基友才是一辈子的！
桃桃林林,3,2006-12-18 09:34:39,,408,远没有期待的好，一般而已
影志,5,2015-11-15 19:07:37,,1672,“你还站在正确的一方吗？”……惊艳于“做点变通”，惊诧于“重要的不是成绩而是成败”，惊呆于口误后的抓手动作，惊愕于搜索后可获损失赔偿，惊叹于女主的悲剧，惊奇于小人物改变的大历史，惊喜于“这是给我的！”
握不住的灵魂,4,2012-02-12 14:10:03,,7428,东诺士马克的电影用了很多当初东德的机关大楼实地拍摄，但是监狱博物馆的馆长却拒绝了他拍摄的请求。原因？馆长说，因为东诺士马克的剧本不符合史实:整个东德历史，像魏斯乐那样“良心发现”的秘密警察，对不起，一个都没有。
御姐控_光崽,5,2009-11-15 20:37:33,,1685,你还记不记得他听歌流泪的样子，倾斜在椅子上陶醉的样子？
私享史,5,2007-02-28 00:52:22,,1637,真的很赞，尤其是演员的表演！淡化意识形态的典范之作！故事本身也很精彩！20191031重温了这部电影，说一个你们肯定没注意到的细节：本片结尾告诉魏斯曼柏林墙倒掉的那个拆信员，就是那个在餐厅里讲大领导笑话的军官！而耳机里播送柏林墙倒掉新闻的，是导演本人……
萝拉,4,2007-04-02 10:49:08,,4965,有个大漏洞，按理第一次被搜查，无论是谁都会把打字机马上处理掉
缈沨,5,2009-09-01 04:38:03,,733,en，1984的背景，看到1989年11月9日那段突然哭点大爆发。。。电影节奏很好，音乐大赞。。。
Ying,5,2011-11-26 16:01:46,,756,重看仍无比感动。为什么INTJ最适合做情报人员？因为他理性近乎无情却会被艺术和梦想打动、执行毫不犹豫却勇于质疑自己不沦为机器、孤僻独行却又珍惜与他人的温情。他是最聪明的，却是最不能被掌控的。
小油飞,5,2015-11-28 04:01:07,,673,窃听普通人二十年都没感觉，窃听个艺术家没几天就被策反了……极权政府恐惧艺术还真是有道理啊……
shu,5,2013-01-09 11:42:39,,699,这里每天发生的事儿，都是现场加强版的《窃听风暴》；只是weibo能不能有点心，偶尔做回HGWXX/7。
MK凉凉,5,2013-02-14 23:23:51,,557,最后一星给在“艺术家没有去与HGWXX/7跟相认”。
大头绿豆,4,2007-01-10 00:27:54,,2484,专制意味着有些人可以做另一些人的主人。
Fal Conde,5,2010-03-24 16:59:23,,485,现实中没有这样的人一个也没有
兔礼帽,5,2020-09-01 15:52:55,,373,惊讶于这部片子竟然可以看，随后悲哀于自己的惊讶。
江绪林,5,2012-03-03 21:33:27,,339,深度慢慢地流淌而出，告诉我，无论世事是多么地艰难、荒谬甚至肮脏，心灵也能因不放弃真诚和正义而动人，并带给生命以尊严、优雅和希望。
暖鱼,5,2008-04-04 22:41:24,,382,什么才能打动石头？又是什么让我们坚持？再是什么让我们出卖？
❤ Chemical,5,2009-12-21 20:51:06,,459,如果可以的话，我想给10星
OnJel.,NaN,2007-08-27 12:07:45,,482,看哭了==
Lan~die,4,2009-12-22 21:00:26,,989,“献给好人的奏鸣曲。”人得想办法成全自己。
何生生,4,2008-01-04 06:22:31,,365,女演员被车撞死真是一个太过明显的瑕疵
起床，吃饭,5,2011-08-12 04:05:53,,311,我愿意，心怀安宁和岑寂的喜悦，缄默一生，直至岁月不再尾随我。
欢乐分裂,4,2013-10-17 20:31:06,,349,四星半，被结尾感动得湿了眼睛；即使有瑕疵，仍愿相信这等荒凉中一抹温暖人性的存在；布莱希特的文字、贝多芬的音乐，让这个严谨刻板的审讯者慢慢融化，这真是一个太理想化的故事，也是一个太残酷的故事；长久的信赖并不安全，黑暗中的惺惺相惜日后定能绽放微光。
F,5,2009-11-22 11:42:32,,365,只有德国人才能拍出这样的片。
Luke,5,2012-10-13 12:07:11,,319,伟大的电影。极权主义政治的无耻，人性的光辉。
可可爱爱郭麒麟,5,2011-11-05 21:51:46,,286,冰冷的国家机器是战胜不了人性的。极权主义是最彻底的暴政。
巴喆,5,2012-06-29 21:55:13,,158,(四删我评论，补记)少壮不努力，一生在某地。9.2
杨迪,5,2012-05-01 21:42:11,,182,用文章来代替相见的方式让我几乎泪奔！“NO!THISISFORME.”
张老实,5,2014-11-19 17:32:19,,158,豆瓣审核员会被打动吗？
泽帆,4,2010-02-22 15:32:18,,337,这本小说谨献给HGWXX/7，致以最深的感激。
方枪枪,5,2011-01-06 12:00:10,,124,专制、意识形态、1984、老大哥，这一个个名词，不时浮现脑海。然而，导演却如此这般轻车熟路的将电影本身驾驭的恰到好处；两个男人之间惺惺相惜的情感表达也相当出色，不掩饰，也不夸张。结局那一刻，当“这是给我的”那句台词脱口而出之时，这样的场景，含蓄却不失张力，刹那间内心感慨万千。
瑾朵朵,5,2017-12-28 21:42:17,,220,他把枪口，抬高了一寸……最后两个被改变一生的人并未相认，一切尽在不言中，太浪漫了
五月,5,2017-07-21 23:25:46,,157,是国人重温这部电影的时候了。
木卫二,4,2006-12-03 13:30:49,,217,以前常开玩笑...
罗弘霉素,5,2010-04-15 10:23:16,,195,“用包起来吗？”“no，thisisforme.”全文唯一一句英文出现在最后一句，这本书是买给我自己，又说明是德莱曼写给我的，还捎带悄悄点明，随同英语进来的，还有自由和民主。Nein，esistfürmich.，最后一句是德语，发音像英语，来自于10年后的指正，感谢@DIFAN
到底凡人,5,2008-03-18 06:05:48,,171,偶然能改变整个体制么？
🫀Psyche,5,2015-08-16 00:38:55,,122,德国人是某种植物，在风平浪静的时候不摇不摆，有时安静地像个机械。一旦他们的心灵被艺术敲醒，某种疯狂的力量开始疯狂的摇摆，吞吃那个已经死去的外壳，直到内里重生，而后被猛烈的冬雪封存，生命静止。#剧情节奏之神#
眠去,5,2007-02-27 19:46:26,,67,"""nein，dasistfuermich.""btw，inearlymistakenforKevinSpacey"
影子的影子,4,2009-08-23 16:08:38,,194,我也不明白为什么我要给四星，也许就是因为最后那本书吧，扉页上的字让我心底一震。说句题外话，里面有的演员我在德国学生的短片里见过，话说外国学生的条件真是好，可以请到专业演员演出学生作品，中国学生作业啥时候能到这个待遇？
国王KING,2,2015-08-05 20:02:18,,169,看着一堆一堆的好评让我忍不住困惑起来，难道我的评价鉴赏能力变差了么？的确觉得不好看，开头实在是异常的沉闷，让人难以忍受的节奏推进，除了开头的审问和窃听器安装，其他都乏善可陈。它絮絮叨叨地拍了一个小时，但我还是难以入戏。哎，人各有所爱。只能这样跟自己说了。
卢十四,5,2013-10-04 21:58:29,,131,想了想，为那份沉稳、不滥煽情撒狗血的气质，打五星。
荒也,5,2012-11-17 01:27:55,,88,“29块8分，要包起来送人吗？”“不用了，这是给我的。”
奇爱博士,4,2010-11-13 20:01:37,,80,剧情很狗血，细节很深刻
尺棰,5,2021-03-28 21:53:40,,68,被片名耽误的电影
shininglove,5,2010-03-08 22:40:22,,55,补胶片版，结尾仍然看得浑身颤抖。
Quo Vadis,5,2022-05-21 02:56:11,,76,“我是个作家，我将你的名字写在书的第一页，让你的故事广为流传，永垂不朽。”结尾封神～然而现实却是如此——导演说本来想去东德档案馆实拍场景，却遭到馆长拒绝，理由是剧本内容不切合史实。馆长表示，“这样的好人东德一个都没有”。
ζωήιδ,4,2010-01-14 14:10:10,,94,几乎猜到了一切：猜到他会喜欢她，会羡慕他们的生活，会喜欢诗人的诗，甚至猜到他和她都会牺牲自己去保全爱人。对此类题材太过熟悉以至于没有悬念？TNND羞愤！
米粒,5,2009-11-19 19:46:57,,83,非常感人，也有非常震撼的结局，在重压之下，该如何保持信仰？
水田英松,5,2014-06-05 21:43:17,,64,中文译名太差，我当年一听这名字以为是什么四流动作片，所以没看
Vamei,5,2013-01-16 07:02:17,,64,体制的重压下，许多人都会迷失。某个人的善意在体制下显得微不足道。或许能拯救生命，或许来不及拯救。但无论如何，对于这个人来说，他以个人之力反抗了整个体制。他总可以说，我是为自己活着，而不是为了一个冷酷的体制浪费了自己的生命。
Su,5,2010-02-03 11:05:24,,73,希望有天能看到我们自己的电影。
游牧人·芳汀,5,2010-12-17 20:12:02,,43,剧情自始至终张力十足，我的心也始终悬着。而且很意外的为结尾那句对话“要我把这本书包起来送人吗？”“不用了，这是给我的。”感动得泪流满面。好久没有为一部电影流泪了。虽然看了不少讽刺SHZY的电影但这一部还是很有泪点
咩,5,2023-04-17 17:35:33,广东,51,就冲最后一幕给5星，这个结局太好了，比我想象中的结局两个人相视相拥可好太多了，这是拉兹洛给恩人最好的礼物。
后自愈,4,2016-06-15 23:01:23,,56,冷静沉着。极权主义下的艺术之歌，窃听和被窃听的人，你很难说到底是谁失去了自由。细节里见真章，生活里显人性，在一点一滴的窃听中唤回了本属于自己的良知，在电线波里遇到未曾谋面的惺惺相惜。还好，还好柏林墙倒塌了，还好它禁锢不住思想。献给好人的鸣奏曲，献给HGWXX/7，无言感动。
Jiangdada,5,2016-06-08 07:51:05,,59,试图发现别人隐私的同时发现内心善良的自己
大-燕-威-王,5,2015-03-07 22:54:28,,33,片中留下的伏笔，是我观影到现在最好的之一。
U 兔,5,2016-01-29 09:36:05,,56,穆埃的表演太惊人，似乎都是同样的表情和动作，却看得出完全不同的心情和气质，眼神透露出细微的变化和心理的翻天覆地。当然，一定也是电影语言讲得比较到位。节奏跟色调一样冷峻，艺术家的屋子是暖色。艺术终于温暖了最冷的理性。让人感动的是没有为做了正确的事而有丝毫后悔。“这是给我的”泪爆
琴酒,5,2011-04-26 00:05:25,,27,再次表示热爱MartinaGedeck。再次表示热爱这种略带神经质的很硬的男人，连拆信封的姿势都是那么让人喜欢。再次表示听这种语速进行的德语祈使命令句好舒服。再次表示我的听力碰到日常对话就是废的，吞音根本听不出来啊！
Alain,5,2016-08-08 15:04:02,,41,仔细感受卫斯勒一步步转变的过程，是从被国家机器培养的冷酷无情的秘密警察，变成人性觉醒的一个人，甚至是好人。当他开始冒着叛国的危险伪造假证据帮助作家，我已经无法控制泪腺。这是一首献给好人的奏鸣曲。一个能真正用心感受音乐、感受文学的人，不会是坏人，对吧？
焱返,5,2020-08-13 23:43:00,,41,我书写你的故事，你书写我的故事。窃听充斥声音，而两个人之间只有沉默的交流。
[己注销],5,2009-06-15 00:36:03,,27,其实我想给的是四星半。就柏林墙电影而言，我觉得《再见列宁》更出色一点
Ocap,5,2016-07-05 01:15:14,,31,16.5.2观时思如泉涌、心如弦动，观后扼腕长叹、归于无言。禁网期间并列最深撼动与最大收获，感慨万千。之前就给归网后的自己下达了强令，要拉片写一篇对得起自己观感的长评，年底总结找个时间吧。
不要秃头,5,2022-12-24 22:53:41,浙江,46,艺术离不开自由的土壤，所以极权害怕艺术
阿尔吉侬,4,2023-05-23 17:39:54,广东,26,据说，当导演要求去前东德监狱博物馆拍摄时，馆长拒绝了他的拍摄要求，理由是“剧本不符合事实”。因为他说“整个东德历史，像维斯勒这样的警察，一个都没有。”
陀螺凡达可,5,2011-12-28 05:04:22,,29,震撼精彩
X,5,2017-05-13 23:17:25,,46,历史的车轮碾压下的人性就像一棵草
原来是西门大嫂,5,2011-12-08 20:34:11,,31,在与1984相似的概念中要情怀温柔的多，这是一个artist比笔杆子战士该有的诗意吧。《他人的生活》是一个很好的名字。
davekozg,5,2012-02-21 12:34:23,,42,《窃听风暴》拍摄期间，导演为还原历史原貌，打算使用原监狱大楼，被现在的监狱博物馆馆长拒绝。馆长的理由很简单：你的剧本根本不符合史实，因为，冷战期间，整个东德的秘密警察中，象男主角卫斯勒这样“良心发现”的人，对不起，一个都没有！
艾晨,5,2008-11-16 21:10:18,,15,片中出现的歌曲也很好听。
六壁坂,5,2015-10-11 21:42:16,,43,下不为例，我的朋友
张猫大,5,2022-05-17 14:58:11,,34,自信而有力的审讯，严厉而直当的教学，沉稳不变的步伐，同时拥有非凡的判断力，你的所有小心思在他眼前一览无余，而他自己在面对任何人时都不会透露任何情绪，他让你了解到的关于他的一切仿佛只有冷酷无情。虽然那张面无表情的脸贯穿了始终，但他其实也只是个普通人，会贪恋应召女郎的温存，会因某位艺术家的自杀而落泪，甚至会假装成粉丝，上前鼓舞在堕落边缘徘徊的可怜人。他的所现和所为处处矛盾，可一旦有机会让他抉择，他坚定地“站在对的一方”，无畏会落得如何下场。听到围墙倒时我就哭了，明明是个历史小白，仅仅是觉得这样一来，好像他所付出的一切都有了意义。而当最后“献给HGWXX/7”浮现时，在黑暗中牺牲而孤独的灵魂啊，终于被世人所识。他值得被赋予任何意义。
西楼尘,4,2015-04-30 12:45:04,,66,人与人的关系本来就非常微妙，而倘若放置在社会大环境下，彼此的猜忌、秘密、背叛，将人逼入绝境。在一个极度亢奋的社会背景下，所有的人权、尊重、自由都显得毫无生机。当社会的权柄被部分人肆意操纵和利用，旁观者看到的是深深的悲哀，而身在其中的人却不能自拔。魏斯曼心态细微的转变，是全片关键。
悄瞧巧俏,5,2022-12-04 13:46:22,浙江,21,全影片最后一句It'sforme一语双关，感人至深。
薇羅尼卡,4,2017-10-21 15:23:43,,47,比电影更残酷的，是现实本身。这个温存好人的梦，也只能在银幕中实现。
Eika,5,2022-09-01 23:11:21,瑞典,27,之前正好刚刚读完一九八四，连着看这部，效果简直了。最后HGW走进书店，翻开几年都没有创作的德莱曼新书《献给好人的奏鸣曲》扉页写着献给HGW...眼泪一下绷不住了，结账时，店员询问是否是礼物要不要包装，那句“No，it'sforme”简直一语双关。
xiaohanyu,5,2011-07-31 03:32:20,,36,石头虽然坚硬，可蛋才是生命
袁长庚,3,2011-04-25 00:25:25,,100,不是说片子不够好，只是韦斯勒先生的转变毫无征兆确实是个败笔。一个秘密警察的头子怎么忽然从冷血到悲悯。处理这样的历史素材，最好还是慎重为好。奥斯卡的小金人完全是冲着1984式的寓言过去的
铲铲,5,2015-02-17 21:38:06,,24,大名鼎鼎，今日终于看到，果然不负胜名。“这本书是给我的。”泪流满面。
bloodice,5,2022-11-30 22:35:58,广东,17,在东德片里寻找同样的历史。
美女菜kun,4,2017-04-02 16:25:36,,66,作为一个专制的病人，应该拿什么来拯救自己的灵魂。看完真的泪崩！
请保持高冷,5,2016-09-04 15:19:51,,16,喜欢这个故事
芥末蘸酱,5,2010-07-01 21:11:59,,12,每一次OOXX，都是对专制的一次反抗.
托尼·王大拿,5,2011-10-05 04:22:53,,11,一首献给好人的奏鸣曲
噗子,5,2022-01-09 01:17:40,,25,無數的人們含著熱淚看完了這部影片
xsent,5,2022-11-14 14:05:24,浙江,19,两人有种默契，互相被改变了一生却从没有直接的交流。这样冷静的地方很喜欢
曼仔,4,2020-08-12 01:38:33,,36,结尾真是利落又有力量，瞬间泪目。整个故事其实是有点理想主义的，一个化身为体制螺丝钉的人，真的会因为布莱希特的诗句、贝多芬的音符而被唤起内心深处的良知吗？要知道当年的高级纳粹军官很多都有很好的教育背景，很多日本军官也是，文学艺术他们所知所学不在少数，但“美”很多时候也可以不与“善”发生联系。
连城易脆,5,2014-01-08 12:33:02,,8,我希望也有人将来会送我一本《好人奏鸣曲》...
林溪,5,2021-04-19 21:26:12,,18,很优秀的一部影片。震撼！
米尔,5,2022-03-12 20:06:52,,43,希望历史不要开倒车。
玻璃海苔,5,2023-02-26 13:26:54,江苏,31,献给好人的奏鸣曲；很久没见过这么含蓄漂亮有余韵的结尾了
朝阳区陆依萍,5,2015-12-12 21:51:43,,20,电影资料馆14排17座。原来真得好看到爆炸，都看哭了！！！查一下资料，男主离世了，又哭了好一阵子.....
余小岛,4,2012-11-19 22:18:50,,35,看完电影仔细想想总会觉得有一点不值得——用自己的下半生去帮助一个不相识的陌生人最后只得到一本书。
汪金卫,5,2009-11-06 22:56:03,,15,【中国电影资料馆展映】6年零9天前，在被窝里小MP4上看这部片子的我不会想到今天能在（一个同样极权的国度中的）大银幕上再次欣赏到这部经典电影。即使是体制内的机器（《1984》《我们》），同样能闪耀人性的光辉。诚然，电影是很理想主义，现实的东德并无这种事。但它能够唤醒每人心中的良知！
芥末蘸酱,5,2010-07-01 21:11:59,,12,每一次OOXX，都是对专制的一次反抗.
托尼·王大拿,5,2011-10-05 04:22:53,,11,一首献给好人的奏鸣曲
噗子,5,2022-01-09 01:17:40,,25,無數的人們含著熱淚看完了這部影片
xsent,5,2022-11-14 14:05:24,浙江,19,两人有种默契，互相被改变了一生却从没有直接的交流。这样冷静的地方很喜欢
糖罐子.,4,2018-06-29 15:27:28,,15,那双深邃的蓝眼睛后面，藏着一个德国人静静的温柔;虽然他头发不多个子不高，怎么都不出众，虽然整部电影里他都是那般严肃不苟言笑，虽然现在这个演员已经不在人世，我却深深被他吸引，被影片里他所展示的良知与慈悲所感动着。献给HGW；个人的过去在国家的历史中终究化为尘埃。
Doublebitch,4,2010-08-14 10:35:31,,19,没有想象中那么震撼，但确实是部无法挑剔的电影，意料之中的结尾
Roronoa,4,2022-11-15 22:31:05,上海,21,不知道现在看这本片，感动的人还和十几年前一样多吗？我觉得这是一部童话，现实中的可能性就像网络sc会放你一马一样低。一个干了好多年的资深老员工兼教师，为什么突然福至心灵，被艺术感动做起了慈善？童话是美好的，现实是残酷的，看过就好了，我没有发自内心感动到，因为我不相信它成立。披着严肃的zz批判外衣，里面是一厢情愿的天真。最惨的是女演员，她要是不死，那几个倒霉蛋都得完。一开始教室里的有人性学生和老师最后一起拆信，有点好笑
连城易脆,5,2014-01-08 12:33:02,,8,我希望也有人将来会送我一本《好人奏鸣曲》...
林溪,5,2021-04-19 21:26:12,,18,很优秀的一部影片。震撼！
米尔,5,2022-03-12 20:06:52,,43,希望历史不要开倒车。
玻璃海苔,5,2023-02-26 13:26:54,江苏,31,献给好人的奏鸣曲；很久没见过这么含蓄漂亮有余韵的结尾了
朝阳区陆依萍,5,2015-12-12 21:51:43,,20,电影资料馆14排17座。原来真得好看到爆炸，都看哭了！！！查一下资料，男主离世了，又哭了好一阵子.....
汪金卫,5,2009-11-06 22:56:03,,15,【中国电影资料馆展映】6年零9天前，在被窝里小MP4上看这部片子的我不会想到今天能在（一个同样极权的国度中的）大银幕上再次欣赏到这部经典电影。即使是体制内的机器（《1984》《我们》），同样能闪耀人性的光辉。诚然，电影是很理想主义，现实的东德并无这种事。但它能够唤醒每人心中的良知！
福原躁象,5,2020-08-24 22:31:38,,17,给五星，为了最后一幕的鼻头一酸。情感表达得很克制，没有过分丑化，也没有过分煽情。维斯曼好孤独啊，孑然一身，只能偶尔叫个妓女发泄下个人欲望。他不想再当扼杀别人的机器了，而那本他拿走的诗集，流淌出的美妙词语，让他感受到自己坚定的价值观出现了崩塌。以前觉得扉页上写的“献给某某某”实在无聊，现在能够理解它的分量了。（PS：柏林墙倒塌后，柏林突然就这么开放了吗？德莱曼居然能随意查阅监听记录。）
冰红深蓝,4,2013-08-01 19:57:46,,7,很感人，极权主义下的众生百相。人性、爱与背叛、欲望和自由
腻歪,4,2022-10-15 09:21:51,天津,14,女性的命运太惨了。被侵犯、被捉弄，连成为英雄的机会都没有。
固力猫,4,2022-12-29 19:24:29,北京,12,经过漫长的三年，已经无法以平常心看待这部电影。但凡集权体制内尚存哪怕一个良心未泯之人，现实都会变成童话。
五花肉,2,2011-11-13 14:59:59,,20,这个特工也太没职业道德了典型的叛徒
SELVEN,5,2016-11-06 13:25:13,,8,85/100勇敢的去做对的事情，即便是在一个看不到光明的社会里。
翻滚吧！蛋堡,5,2011-08-24 00:06:02,,12,在巨大国家机器下沉沦，压抑、却又能闪烁着人性和自由的希望，献给好人的奏鸣曲，HGWXX/7演的好好！
帅X,5,2023-03-26 13:54:18,美国,19,“这本书献给那个荒谬的年代，献给我最亲爱的导师，雅斯卡，献给那个次次救我于水火而从未谋面的你，我的朋友。”
陆钓雪de飘飘,5,2020-09-05 12:30:30,,12,《他者的生活》，我喜欢静默中的真理与沉闷中的真情。
柠檬海盐,4,2017-05-15 23:00:49,,8,很不错，一级棒，推荐，好看，棒棒哒
张大水,5,2012-12-07 13:57:37,,136,看到最后一幕书的扉页写着献给HGWXX/7就落泪了。
17950,5,2007-01-09 20:53:25,,3,表演9分，导演8分，音乐和镜头的配合绝赞，9分！！OriginalMusicbyStéphaneMouchaGabrielYared
做兔子还是做人,4,2021-12-09 21:47:42,,11,美国棱镜计划里有没有如此良心的窃听者？
思路乐,5,2019-02-07 20:55:49,,8,【A－】可以说是一部温情暖心版的《1984》了，一份电报，一本书籍，代表了两人之间胜过千言万语的那种情谊。但不得不承认，这样一个看上去无比真实的故事，却是虚构的。不知道这样到底是为了安慰，还是为了讽刺。
AAA二流观众,4,2018-10-24 01:54:19,,6,自杀是对一个黑暗时代的最后抵抗。
momo,5,2016-12-03 12:19:31,,9,电影立意深刻，直指政治，发人深省。男主的演技我是服气的，但艺术家夫妇的表演让我很出戏。前半部分的节奏有点慢，画面的美感还需加强。
有心打扰,5,2010-11-28 19:34:33,,6,友谊，有时候超越生死，难能可贵的力量。
曾于里,5,2011-08-11 08:39:22,,13,2007年奥斯卡最佳外语片。献给好人的奏鸣曲。主演大叔2007年便去世了，太可惜。
乌鸦火堂,5,2009-07-29 03:10:53,,17,个人看过最好的片子之一
一只麦麦,4,2010-07-13 15:43:43,,5,极权之下人性的觉醒与挣扎
悲辛無盡獨行夜,5,2012-11-09 13:10:30,,4,SomedayYou'llBeaStory，《德国史》作者认为《窃听风暴》过于冗长煽情，刻意强调夸张斯塔西在东德的地位，不明历史真相的观众容易被可怖故事所蒙骗，以为这就是大多数东德人的日常生活写照，又说不熟悉历史但理解力正常的观众也能看出情节漏洞，而最大漏洞是男主所起作用严重缺乏历史真实性，据说监狱博物馆馆长拒绝了导演拍摄请求，因为剧本不符合史实：整个东德历史，像男主那样“良心发现”的斯塔西秘密警察一个都没有，
时以星,5,2014-08-30 21:59:32,,7,十年前一部《再见列宁》，现看一部《他人的生活》，都同样被撼动到无法言语。大爱这深沉醒觉，胜过千言万语。
张脑三,5,2022-09-22 11:27:58,上海,15,没有什么风暴，就是忍啊，吞下生活无尽的苦水，靠着高墙砖缝里的一丝光亮苟活，HGWXX/7被派到地下室拆信的时候，又怎么会想到柏林墙四年后就能倒塌
昏金暗玉,5,2008-08-28 18:19:25,,7,当然好，虽然细想下来非常理想化，布莱希特的诗、一首钢琴曲就能感化人心。对美的接受不需要教育和过程。我们都容易被纯粹的情感和美所打动。但真实的世界是导演想去博物馆取景被拒，只因为戏里男主角这样的警察，在那个时代的东德，一个都没有。
663Ö_Ö,5,2013-05-19 16:54:52,,5,哭惨了。东西德那些故事永远是我的泪点。
mumudancing,5,2013-03-16 21:49:44,,11,10颗星
墓岛GRAVELAND,5,2015-08-18 13:23:50,,7,“民主”德国最后的“净土”。这种人人受监视没有自由的白色恐怖时代实在是可怕。连时间也刻意的被定在1984年。影片开头讲课时采用的是双线叙事，后来转成单线【其实从某种意义上来说依然是双线】，幸好柏林墙已经倒下，而在某些其他国家，柏林墙却仍在继续，然而这样有良知的“好人”却实在太少
腹黑的小百合,5,2022-10-22 20:34:04,山东,13,《献给好人的奏鸣曲》——“这是给我的。”
月半女史地板君,5,2013-07-29 15:29:50,,5,论如何反抗“平庸的恶”
Nin,5,2015-03-17 00:37:59,,7,就是这种让人呵呵的中文译名让我拖到今天太无聊才肯看哼
prost,4,2014-06-05 15:26:26,,11,查水表这种事情，拍的是历史，凭什么认定现在就没有？天下乌鸦一般黑
Sabrina,5,2017-05-28 20:02:43,,16,希望我国国安人员也能看看去。应该都看过吧？枪口抬高一寸。
内陆飞鱼,4,2017-02-21 21:44:25,,4,看过、标注过的片子，居然显然没有，豆娘怎么回事。
Pearciac,5,2009-08-03 11:58:11,,6,被结局震撼了
樹一,5,2012-11-06 20:45:37,,6,不评论。
林愈静,5,2013-12-15 23:18:11,,11,重看了一遍，仍然激动的要哭.
paracelsus,5,2007-10-14 11:59:52,,2,shukei
bornfreeyolo,4,2017-03-31 15:08:18,,8,好有意思，节奏超紧张！喜欢这种氛围！导演赞！
猫猫,5,2011-07-30 11:34:00,,5,后来一个同学和我说，这片子在硬件方面是非常写实的（拆信封也是有的，但不一定是犯错误的人才去拆信封），但那个年代的你德不会有男主这种文艺青年。
MxShelly,5,2023-03-03 01:28:48,江苏,11,艺术撼动暴力只是良心的一厢情愿
fallingraining,4,2011-08-31 13:37:34,,9,还“民主”德国，整个一白色恐怖。一个人是否有良知和他的意识形态截然无关，与政治立场更是毫无瓜葛。
沁云,3,2007-04-08 06:26:48,,6,2020/4/16重看，评价没变仍是三星。国家层面的sadism，角色们选择与它同流或忍受精神痛苦。本片视角不但是西方中心的而且是男性中心的：东德秘密警察必须是机器人一般、必然要在片中通过音乐和文学的洗礼而被“人化”；牺牲的必须是女性而得到救赎的必然是男性。这是想象生活的能力的匮乏。【2007/4/8纽约AngelikaCenter。】
冰山李,4,2009-02-01 16:39:38,,4,8.0；UlrichMühe演得真好，可惜了。别忘了电影名字叫做《他人的生活》
Elact,4,2013-02-10 01:38:46,,7,有良心的人上不去。
Eleanor,4,2016-03-03 20:21:46,,3,献给好人的奏鸣曲。
木偶,5,2012-06-10 23:07:49,,6,献给好人的奏鸣曲
秋里,5,2013-09-04 00:33:50,,5,男主角演得很好，眼神里始终有悲悯和善意。这个时代最大的产物最坏的产物就是体制，可这也是人类社会必然的产物。而有的体制是不堪入目的。
征羽,3,2021-01-30 23:41:08,,10,作为中年情报人员，主角的转变做得太虚，无法信服，前半段很无趣。
Indecent time,5,2014-07-17 14:26:12,,3,情感克制，节奏不急不慢，没有刻意的政治色彩，真正的给我们展现了一个人的选择与窃听前后的人的情感轨迹，他的选择让他永远失去了荣华富贵，却可以直视自己内心深处的良心
千寻亿选,4,2010-06-04 23:04:48,,3,俗称网监
小易甫,4,2009-07-14 10:47:12,,3,从审问到转移打字机那一段的剧情安排得相当好。
渡口无边,3,2013-11-17 00:34:27,,1,以后重看
七色潜水艇,4,2011-09-14 10:12:17,,0,还没消化掉，有机会再看。
白玛,5,2011-10-28 00:57:04,,4,啊，那最后一个眼神儿啊
d'oo'dle |思罢喜罢,5,2007-04-01 23:37:53,,1,TheLivesofOthers.别人的生活.自己的内心.生活不在别处.
糖吖了个旺旺的,5,2012-03-16 11:53:17,,0,很感慨。记忆犹新。
少年夏不安,NaN,2007-12-07 22:13:31,,4,德国电影依旧不是我的茶，好闷。
Berlinka,5,2019-01-01 15:04:32,,7,孤独的康德说，自由源自道德。
玛卡巴卡大推车,5,2023-04-17 16:16:11,四川,16,三次泪目第一次听到监听员被钢琴所打动第二次妻子夺门而出含泪说对不起第三次买下作家写给自己的书说献给自己人高于其它生物的本质不是这些情感又是什么呢？
瓜里,5,2016-04-20 16:53:25,,5,去过柏林2次先身临其境后对这个电影的感官深刻到让人颤栗……
第七大陸,5,2017-01-25 19:01:13,,5,虽然在打开扉页之前，我就知道这本书是写给他的，但是那一刹那，还是湿了眼眶。艺术和信仰和政治。跟着心走，人性的方向，正确的方向。
Auu,4,2015-01-09 16:23:21,,4,一个人能改变的并不多但不能说一点都改变不了
珍妮的肖像🦄,5,2017-12-20 20:18:43,,19,台词：「列宁说，贝多芬钢琴曲听过三遍，就革不成命了。」我其实知道，能够说出这种话来的人，绝对不会被贝多芬还是歌德阻碍到。此片说的是触动与良知，列宁的反面。
一沐,5,2007-08-09 00:17:09,,0,恩
小黄兔,5,2017-04-03 18:53:16,,4,耐心看下去，意想不到的好看！四星故事，五星給乌尔里希，這個男人眼睛會說話！能夠保持不慌亂，也很cool！最後他拿著作家的新書，一種穿越時空的相知相識。間諜比床伴更可靠麽？但女演員的出賣，我覺得也是很無奈。
厨房里的ATC,5,2008-11-16 08:34:48,,0,真感人~~唏嘘人生
七个愿望,4,2009-12-28 14:42:12,,0,结尾很有感觉……
微風,5,2015-02-27 14:01:50,,5,自由就是对人性抱有一种信仰和希望就是相信天堂不在别处它就在我们心里慈悲就是人心中最神聖溫暖的情感當心中懷抱一份對人的善意光明的人性于此彰顯
阿德,5,2010-10-06 23:31:30,,2,不如《审讯》，但仍然很牛
鹿鸣之什,5,2010-08-20 19:36:15,,1,无法用语言表达的感动。
Connie,5,2011-08-21 15:43:59,,4,很假很烂漫，但这丝毫不影响我的敬意和臣服。因在我的认知局限下，还只能依靠这种妇人之仁的虚假去意淫传说中的理想国。(龙应台：饰演魏斯乐入木三分的名演员穆荷自己，在两德统一后去察看自己的“忠诚资料”，发现有长达六年的时间，每天向秘密警察报告他的言行举止的，正是他自己的妻子)
超cute侠,5,2019-05-31 00:06:53,,3,不是那种冷硬的东西德政治电影，而是用一种向善的过程完成对政治形态的抨击以及对人性的美好希望，通过窃听这个行为去了解被窃听者的生活以及思想，进而完成了自我意识形态的转变，这应该是腐朽里生出的奇迹，正是因为人性的觉醒柏林墙才会倒塌，结尾窃听者买了作家的书，看到写有献给自己的扉页，那一刻真是相当温暖。
#瞬间收藏家#,4,2013-10-07 18:15:29,,2,2013-10-07历史滚滚向前，碾碎的是什么。“欢迎参观”，还好只拆了四年零七个月。可以对照罗伯特哈里斯的《祖国》。冷静、克制，但总好像缺点什么，结尾改成查不到代号含义可能更好。Lazro是卡萨布兰卡里那个词吗？
不贰🙈🌈,5,2017-10-02 20:25:03,,5,一个真正用心聆听贝多芬的“激情奏鸣曲”的人，应该不会是一个坏人。
奋意|呆萌の国,5,2010-04-27 13:23:04,,0,好人的偷窥~~
Panda的影音,5,2012-09-13 23:32:51,,3,可惜我个人的观感比较一般！——你是想告诉我，你也给我“拍”了《窃听风暴》？还是想提醒我，这部电影再过10天就上映10周年了？-16.03.13——1984年的窃听技术已经娴熟到如此地步，那2015年的得高端到何种境界？由此不禁猜疑，那时的我是在《楚门的世界》里还是在《窃听风暴》中？-16.03.23-十周年
祥林嫂,4,2015-03-03 23:03:49,,3,献给好人的奏鸣曲。。有一个短评这么说“东诺士马克的电影用了很多当初东德的机关大楼实地拍摄，但是监狱博物馆的馆长却拒绝了他拍摄的请求。原因？馆长说，因为东诺士马克的剧本不符合史实:整个东德历史，像魏斯乐那样“良心发现”的秘密警察，对不起，一个都没有。”
流浪忧伤,5,2011-01-01 23:23:51,,0,真的很好看
荼笑,5,2011-10-04 17:07:29,,0,夹缝里的良知...力荐！
Μουσαι,4,2018-06-20 11:37:13,,2,白色恐怖扭曲人心，而艺术却能唤醒人心。影片有德国人一贯的严谨，压抑，整洁，一丝不苟。角色的行为和言行都非常克制，加上特殊的年代带来一种纪实感。但东德当年的确不存在HGW。多纳士马克说，他想通过电影告诉当年的人们：你，是有选择的。然而事实是，没有人选择良心。”幸运的是，墙终还是倒下。
魏知超,5,2010-01-01 00:39:46,,6,什么时候才能有免于恐惧的自由！
Mizulys,5,2012-05-04 15:56:40,,10,看完的时候在想，阿萌拆信拆了4年7个月。艺术家才发现真相⋯要是再蠢一点再晚一点阿萌怎么办！！阿萌无怨无悔的为他做了那么多事情，伤心的时候一起伤心，为他挽回恋人，为他逃脱罪责。。。一切的一切，阿萌需要一个拥抱。最后阿萌看到书的时候，眼神分外清澈。
静静的投资,5,2014-12-03 22:45:49,,1,看完泪奔。。。
EDP,NaN,2012-06-19 02:40:08,,0,音乐很棒，剧本很棒，演员很棒，德国人很棒【F】
见晴,5,2013-03-13 13:00:57,,1,几乎没有快进看完的电影
狼哞,5,2012-01-21 17:55:20,,0,大哭。
该用户未命名,5,2010-03-31 20:03:41,,1,好剧本，好演员，就是可惜自己现在才看！！！
逆风青年点叉叉,4,2012-12-10 00:03:28,,0,这是给我的~
王德发,5,2010-01-13 20:57:06,,0,獻給好人的奏鳴曲
心生,5,2017-03-19 17:24:48,,4,后面的戏剧张力太吓人。（忘标记系列）
Sherylkim,4,2013-02-26 12:26:35,,2,可怕的政權，美麗的人性，但其中卻隱藏著血淚和悔恨，在壓抑體制下每個人都無法像鳥一樣自由飛翔，心裡像被箝制住在一個小盒子中，有的人實在太過於懦弱，於是身體溶解，讓靈魂上天堂去尋找可飛的地方，而留下來那些勇敢的人則靜靜講述在舊德國裡被遺忘的故事。
啾🖤,5,2012-06-03 20:02:14,,1,感人至深。还是好基友保护了你！！！
咋呸,5,2010-04-07 17:18:04,,0,伟大的人性光辉在此刻显现无疑我在想威斯曼在审讯女演员的时侯她知不知道他在暗示她为了守护德鲁曼一家威斯曼背上了一生的惩罚直到看到那本书后这一切都是值得啊
KID,4,2008-10-05 19:21:52,,0,片子不错，只是政治
文尔,5,2013-10-24 14:19:22,,7,神作，大神作。秘密警察卫斯勒太惹萌。克制的叙述，娓娓道来，没有大肆煽情却愈发感人。咒死那个把片名翻成《窃听风暴》的翻译，导致这么好的电影我一直压着没看。影片的内核其实很文艺。
小橙Haruka,4,2010-04-10 15:26:11,,0,四星半吧
十二宫,5,2012-02-26 20:27:26,,0,给好人的鸣奏曲
乐,3,2021-02-26 23:18:50,,3,非常遗憾，这是个假故事。我对以残酷现实为基础又强行添加温情的电影没有兴趣。
๑۩۞۩๑拜晶女๑۩۞۩๑,5,2011-04-11 12:24:29,,0,男男之恋吗
涵湘宁,5,2010-04-26 20:41:20,,0,完美的电影，完美的剧本，完美的男主角，绝美的场景和灯光。
Ting sir,5,2011-02-25 23:32:50,,1,良知的自我救赎，人性的光辉闪耀！
AGPの黄昏,4,2010-01-14 10:02:30,,0,淡定如斯
猫知道,5,2011-02-27 13:24:20,,0,洒遍人间都是爱~
卡卡洛特,5,2011-01-26 22:47:21,,0,热泪盈眶
动感皮皮狗,5,2007-12-06 22:59:04,,0,第一次被德国电影这么震撼
软蛋黄,4,2012-04-25 09:17:19,,5,比起当时的东德，现在的中国让我欣慰。骂政府骂专制有什么用，历史总是往前看的，我们只有期盼更民主更自由的日子早点到来。我发现反政府题材的电影在豆瓣打分总是偏高，看得出大家在看电影时心里不由得会叫个好。
渡边,4,2011-01-23 01:18:41,,10,好人1984.
老泰瑞,5,2011-07-06 21:43:00,,1,一开始以为是间谍片，后来才发现这是一部少见的优秀德国伦理片。
茄汁沙丁鱼,4,2009-12-18 18:17:47,,0,一部好片子，就是即使类型非你所爱，还是能在你心里留下痕迹。
M·Benfel,5,2012-08-12 13:58:40,,2,类型居然写惊悚。。。
瞬时冰火,5,2010-06-12 21:02:10,,1,这个特工的转变是什么时候呢？是对制度的无奈吗？
皇后大道,5,2010-11-17 11:15:11,,0,太牛逼了
徐一,5,2010-02-10 14:33:04,,0,2007年最好看的电影
黑黑嘿,5,2009-11-11 17:44:17,,0,就是对窃听题材的电影着迷！
见竹只为遇见,4,2017-05-05 09:36:07,,5,关于人性，在84年东德的背景下，剧情精彩，尤其是结尾，令人叹服的泪点
JoshuaLi,5,2013-10-29 12:47:38,,4,集体是没有人性的。在XXX的高压统治下，人性泯灭在对集体权威的趋附与屈服中，于是爱人间相互背叛，亲人间也没有了信任可言，人人自危，每个人都背负着以集体之名强加在自己身上的罪恶而生存着，就这样，变成了一具具行尸走肉。好在柏林墙最终倒下，电影以人性光辉的重新闪耀而结尾。
派翠克,5,2010-04-03 00:27:08,,1,德国人很有自省的胆识和勇气，很感谢今晚明珠台竟然播了这部电影，这意味了很多东西……
metaphor17,5,2015-12-12 23:34:37,,2,最喜欢这种波澜不惊的震撼。
ziv,5,2011-04-25 17:38:46,,0,人在做，天在看
微喵的兔姑娘,5,2011-03-30 20:16:10,,2,飙泪，大叔你是好人
然而,5,2012-01-07 01:05:07,,1,德国人严谨的民族性格
Chris  一切由无聊开始,4,2007-12-30 15:32:00,,0,2007.12.30
0932313,5,2010-11-08 00:22:31,,1,去看某人削芒果，错过了最重要的一段。。阿阿阿啊
宋雯婷,4,2019-04-11 22:57:45,,5,很工整，不足是类型化稍微有点严重。
嘴客,5,2010-01-27 19:17:16,,0,给编剧最高的敬意。
Zoooooe,4,2012-05-25 18:44:59,,0,1984不多說。。
齊克斯尼力佐飛,5,2011-04-17 17:17:37,,4,值得回味。一股平静而涌动的力量。
Comel,5,2011-10-07 22:38:08,,2,看到了他们黑暗的终结，却看不到我们光明的到来。当主人公翻开书页的一瞬间，我已经感动得一塌糊涂，或许这是一种期待，也或许只是一种幻想
chipda大猫,4,2012-09-12 09:53:35,,1,男主很不错。故事核心不错，但煽过了。
应许,4,2016-10-18 00:29:24,,4,被文艺策反，这哪里算人性复苏的烂梗？视听上确实平庸，正反打，近景、远景切换，令人昏昏欲睡。通篇冷静严峻，但结尾撞车确实很戏剧性。不过，全片是那种越看越有味道。档案上红手印细节不错。开始还以为是画押按手印按出来的，德国人应该不按手印吧。👀
唔！,5,2012-02-09 17:48:07,,0,感人。
Dolan,4,2008-05-20 13:05:19,,0,相当强的电影完整的剧情值得一看
ys,5,2011-06-25 22:29:32,,0,演员真的很棒苏比2008-11-09我们总是歌颂从未发生过的事。
海鹰,5,2011-10-04 15:05:40,,1,专制黑暗下人性的微光。一部需要沉下心静静观看的好电影。
嘉嘉,5,2012-08-12 20:15:42,,2,女人真那么软弱吗
meloncollie,5,2011-01-21 14:57:03,,1,意识形态的重建。
钟笑乂,5,2011-10-25 21:38:49,,0,德国最佳，果然名不虚传
=_=秋叶,5,2011-05-27 17:32:32,,0,文艺青年当特工真是伤不起啊
小蓝,5,2010-01-05 14:31:24,,0,无以回报
薛易,4,2010-09-17 12:14:46,,0,要死要活一辈子
豆友36105243,5,2011-06-30 23:15:11,,2,不否认存在bug，但是这是一部感人的影片。不妄论政治（我不懂），悬念和不断转化的矛盾，人物的心理变化。一流的演技，配乐很精彩。乌尔里希·穆埃于2007年病逝，这是比影片本身更悲伤的事情。
之晨,4,2016-12-24 11:09:23,,5,你窃听着生活，生活也窃听着你。你拯救了生活，生活也拯救了你。
blb,4,2012-03-24 02:09:25,,2,我有这样的质疑：一个一旦发现学生心中尚存“人道”，就会划叉否定的人，会这样轻易的回归人性吗？……不过，有的地方确实打动人。
orella,5,2010-01-14 14:15:10,,0,德国好人
Andy,4,2007-01-25 22:20:05,,2,看过心里压抑，女主角虽然满脸褶子，但就是有一种女人味.
中雪君,4,2011-05-23 22:30:38,,0,这个IMDB还是比较欧洲的。。所以这是个第三人称视角的爱情故事就对了
老鸭,5,2012-04-26 21:56:30,,0,当之无愧
Luk,5,2017-04-30 21:34:17,,4,卫斯勒其实与艺术家是同一族群，当他意识到官僚真实一面而醒悟。我认为后来的策反不是因他信仰坍塌，恰是他始终坚信的「正义」升华。自由无一例外需要代价，但你努力所得的一切却是无价。
问鱼,5,2012-06-18 17:04:52,,1,这部反映东德的电影还有另外一个名字，翻译为《他人的生活》，我记得很久以前在书上看到过电影主演说过“这不是他人的生活，这就是我的生活”，因为他也曾被长期监听。
查无此人,4,2009-09-20 23:58:52,,4,片子很不错，如果要全面了解那个时代的事情更好。资本主义阵营干的事情也不见的有多光彩。
月球漫舞者,5,2008-09-05 10:56:26,,0,心灵震撼
托腮,5,2011-08-02 00:42:53,,1,文革也拍拍吧
CiCi,5,2011-09-01 10:12:09,,6,柏林墙的倒塌是多么伟大的一刻。
🌙e-L°。,5,2009-08-31 18:33:00,,0,一部很棒很棒無以言語的電影。。。。。剛看完心情還沒平復
ullmann,5,2012-05-26 00:38:28,,1,你，是有选择的。【其实这是个槽点
克里斯朵嘎,5,2011-10-30 13:09:11,,0,一看就是德国电影
思惟凝胶,5,2012-11-15 05:31:28,,0,当一个人面对整个体制时，又能如何呢。。。
豆瓣酱,4,2011-05-01 00:42:25,,0,这不就是铁道部刘志军部长和他弟弟刘志祥站长嘛！果然人间处处有温暖，可惜我是那个可怜的HGWXX/7，再给我一次机会，我会做我该做的……
商夏,5,2014-07-27 12:03:14,,3,堪称伟大的电影，我许久没有被一部电影打动了。当然真正的无产阶级革命者要卑劣低级得多，没有这么容易被文艺这种东西感化。
cain,5,2011-07-16 02:19:27,,1,献给好人的奏鸣曲
叉叉小箭猪,4,2009-11-16 16:13:22,,2,不知道该说什么
最烦装逼,5,2008-12-05 12:59:25,,0,德国电影就是有一种不一样的感觉。
胡涵之,5,2010-01-18 22:26:44,,0,太好看了。
希尼莫,4,2012-03-07 10:34:21,,0,与钢琴战曲一个路子，超人性，有艺术益友作伴，不亦乐乎。
李非洛,5,2008-11-07 08:05:29,,0,惊心动魄的故事，平静的叙述，我们这个年代的人或许都有一种怀念的情结，哪怕是那样一个混乱的时代
普莉恩皮察雅,5,2014-03-01 21:35:31,,1,看的时候觉得闷，后来看完回味起来反而更有味道
威尔森与蕉,5,2012-02-16 16:51:38,,1,流畅的叙事，人性的刻画
水杯,5,2010-02-25 04:26:53,,0,能理解的艺术
minyee13,4,2008-05-31 02:03:15,,0,虽然我看得一度昏厥不过原因不在剧情。。。最终还是要被人的真性情所打动
某J。624,5,2018-12-21 17:16:17,,3,1、热评所谓的最大漏洞难以苟同。2、说警察转变突兀的严重怀疑看了删减版（叫妓女那段）。3、前半个小时的确沉闷，但也如同警察本来的生活。4、结尾还是看哭了，剧情不难猜，不过导演对影片的掌控加分，演员的表现也将这个凡事必须隐秘表达的故事阐述得很清晰。5、“这是给我的。”
Yome,4,2017-08-04 00:00:12,,7,中國的墻多久能倒？
Shy,5,2009-06-09 08:01:23,,0,深刻
心之呢喃,4,2012-07-02 23:25:42,,0,又是部诉说专制社会恐怖的，现实比电影更恐怖，据某位历史学家说，在东德时期没有一位克格勃像电影主人公一样良心发现了……
桃子,4,2010-11-12 23:47:37,,2,“因为，百合子从小就是个怪物，所以遭到横死也是理所当然……她原本就是个注定与周遭格格不入的小孩，像这种女人晒到的太阳特别强，映出的影子也特别黑。厄运总是缠绕着她。”——桐野夏生《异常》
已注萧,5,2011-04-06 08:20:18,,2,此时此刻，正如彼时彼刻...
ultrachen,5,2012-06-18 02:32:35,,0,太棒的电影了！看了好感动~~也真实的还原了当时的社会。特殊的年代特殊的感人故事。
纤纤,4,2017-04-10 11:14:03,,4,我们彼此了解，我们选择擦身而过…
Vivi,5,2011-12-30 19:50:21,,0,向1984致敬，向老大哥致敬，感谢电影还会赋予我们一些对于人性的希望和期盼。
frankerstein,4,2008-07-22 23:53:57,,0,影片拍得过于理想化吧还是。
eatshit,5,2009-12-27 09:57:18,,0,非常好看
RIC,4,2010-03-18 18:36:30,,0,故事很精彩意识形态很重
神迦乐小舞,5,2011-01-15 19:37:24,,0,那个时候，有多少伟大的人？
Moriarty,4,2011-12-09 11:23:37,,0,隐藏在平静下的惊心动魄
zongzi,5,2010-02-15 10:39:00,,0,无言的五星！
懊恼,4,2011-09-18 21:42:49,,0,平静到毫无波澜。
天地心任徜徉@做无知的有识之士,5,2010-06-01 14:51:47,,0,各方面都很讨巧出色的电影
#烧光光#,4,2008-02-21 23:04:33,,1,人性之光
阿尔吉侬,5,2014-01-30 19:16:57,,1,写给人性的情书
pinkjar,5,2010-10-20 19:02:11,,0,代号勇者，人物HGWXX/7
安狄,4,2011-03-06 23:36:21,,0,献给好人的奏鸣曲。你谢还是不谢，他就在那里，不变不移。
龙肥不buy,3,2007-03-17 21:07:43,,0,07.03.17
徐徐,5,2011-03-17 00:26:38,,0,人不可改变
亢龙无悔,5,2008-10-05 12:25:22,,0,好片，经典
浪味仙,5,2008-06-20 12:07:58,,0,真是太好看了啊
肥壮壮,5,2010-04-07 02:02:37,,0,哇，这部片子最近很热嘛，不过确实是好片啊，结局也很棒，联系起最近的GG事件，真是感慨良多，但我依然相信，未来是美好的。
庹博雅,4,2010-10-14 22:19:18,,0,意义，冗长了点，幸好有cy这一铁影友
Memento Mori,4,2010-03-21 21:12:15,,1,真的很好看。1984年，像密语一样的数字。密语的表演。
胖跳跳,5,2010-11-11 09:04:26,,0,一个陌生男人的呵护
光环,5,2010-11-08 21:58:16,,0,人性光影
大河马,4,2013-02-04 15:59:47,,0,电影过于严肃，不是我喜欢的类型
子非于,3,2018-02-12 22:58:28,,2,又是一部评分虚高的“经典”
冬贝与9-13刺青,4,2008-05-23 12:06:05,,0,这个像MOBY一样的小老头儿用自己的良心帮助了革命者有点深度的电影
正义B胜,5,2010-12-25 19:33:09,,0,回味无穷
诸葛福媛,5,2018-04-19 13:38:49,,1,一定是有过那样的坏人的，否则为什么会有战争和分裂？一定也是有那样的好人的，要不然我们要怎样才能坚持活下去？
乌鲁鲁,5,2012-12-02 11:27:45,,0,真切的感觉到被监视时那种恼怒和无力
越小墨,5,2011-07-25 15:07:59,,0,献给那个时代，也献给这个时代的英雄。
zing,5,2011-03-14 22:14:15,,0,！
至尊寶『x_x』,4,2010-01-21 02:38:17,,1,4星是因为历史背景不是很了解，不能真正看懂。但是越来越觉得正儿八经的社会主义国家注定会拜拜的。中国不算正儿八经的社会主义。
鹏鹏Reggie,5,2012-08-12 11:26:38,,0,看到结尾，眼泪夺眶而出。在最黑暗的年代里，良知便是推动社会走向光明的希望。
borlunse,4,2010-05-11 17:37:29,,0,专制和暴力是不可能完全湮灭人性的善良因此历史不可能让这样非正义的制度长存只是不明白为啥这位监听者的转变如此大有点不理解
zumaqiong,5,2012-11-10 17:47:15,,0,即使你不能不开枪，你也可以选择不打死他。究竟是什么改变了这个训练有素铁石心肠的特工？是那个女人？是剧作家希望为改变国家现状英勇献身？还是他看到这个体制本身丑陋的面目？抑或是对自己心灵的救赎？然而，他最终选择背叛他效忠的专制。而当真相揭开，他看到扉页上写的感谢词时，他一定不会后悔
annie妖,5,2010-04-05 14:28:13,,0,上次被这样撼动过的片子是慕尼黑。
REX,5,2010-07-23 00:22:34,,0,我该有多喜欢这部电影和男主角啊！今年看过最棒的片子！！
wantonqueer,3,2010-02-02 10:55:45,,0,果然我不适合德国人的调子.
Parodinal-KOH,3,2011-05-19 13:18:58,,0,冰冷的意识形态工具蛮横的扭曲了人性，东德如此，此影片也没能逃出窠臼，过度沉溺于批判所带来的复仇快感了.
Sean,5,2009-02-02 01:03:16,,0,大泪
异世绿,5,2008-12-03 13:16:59,,0,比较喜欢叫他《窃听风暴》。
黑骨精,5,2012-02-24 22:09:45,,0,虽然故事很长，但是并没有让观众找到丝毫的拖沓痕迹，导演的精心，让每一个段落都像一部精致的小电影组接而成。影片将时代落脚到了政策飘摇的八十年代的德国，其意义和故事性不言而喻。加上乌尔里希·穆埃的精湛出演，足以令人肃然起敬。他的表演沉静而又干脆，无需过多肢体语言，就足以撼动观众心理。
猫语猫寻,5,2014-06-24 14:50:58,,3,最会讲笑话的人一定是不会被自己的笑话逗乐的，最会讲故事的人也一定是全程最冷静的那一个，这就是导演的高明之处，从头到尾的那种德式的冷静让人忍不住严肃起来，可是最终却又在这样的严肃中败下阵来，为电影里的人感动不已。穆埃的演技堪称完美，那双会说话的眼睛几乎承担了大部分剧情。太赞了。
Kreuzberg,5,2010-08-04 17:13:04,,5,HGW也许是对那个时代的唯一一丝安慰吧
观点60,5,2010-06-28 01:06:50,,0,伟大的电影！
手冲咖啡是骗局,5,2012-07-08 14:30:57,,2,冰冷长夜，我们互相保全。
陈小桃,5,2008-02-20 15:19:08,,0,看见了无奈，看见了压抑，看见了自我，看见了选择，看见的坚持，看不见的是那一段已过的历史。
西宇,5,2011-02-26 17:32:03,,0,就两字“自由”
nordschleife,5,2010-08-18 03:26:49,,0,Nein.Dasistfuermich.
尔黑我！,5,2011-10-27 07:33:37,,0,无声的残暴！
随心随性,4,2009-06-11 09:49:06,,0,政治下的人性
k_Kei,5,2016-04-17 06:10:05,,2,是艺术本身的感染力抑或艺术家们对于体制的反抗精神打动了这位秘密警察？之后想想皆有之，而人性的复苏则是这些因所产生的必然的果。电影的基调沉稳，比起窃听风暴，显然我更倾向于他人的生活。而一部好电影也必然有一个好结尾。
如意,4,2022-12-02 11:59:59,加拿大,4,柏林墙33年前就塌了，而我在33年后依然无法保留一条隐晦的电影评论“如意，你好你发表的关于《DasLebenderAnderen》的短评，因为涉及时政或意识形态等信息，已被移除。如发表的内容多次被移除将导致账号状态异常，异常账号的评论将不再出现在公共区域。感谢你的理解与支持。——豆瓣电影”
铁皮骑士,5,2007-03-06 23:50:10,,0,影片叙述得平淡，我却在XX/7拿着《一个好人的奏鸣曲》说“这是送我的”的时候眼圈刷的一下湿了。
Mean,4,2012-06-19 01:52:17,,0,每个人都在被所谓制度强奸
息为,5,2011-05-22 17:05:44,,0,还是没忍住。
白鲸,5,2011-03-12 00:41:35,,0,还是东欧剧变那个年代的故事最好看
Arrhyth,5,2010-07-25 23:21:02,,0,五星！记得以前看灵异孤儿院时，说过温情与恐怖是不可能相交的电影元素。现在这种想法被它彻底击碎了。哪里来的恐怖？贞子毕竟并不存在，而电影中国安局的实体此时此刻不正在我们身边游荡么。｜我们不缺要自杀的人，我们能自杀的都已经在四十年前自决了；就像我们并不缺男人，只是四十年前都被阉割了。
胡桃夹子,4,2010-09-22 16:13:37,,0,仅从电影角度来说，不值这么高评价
小巨,4,2008-10-21 20:47:57,,0,看得到的和看不到的
蛮吉,5,2006-12-24 12:35:45,,0,德国
熵,NaN,2011-07-03 13:58:07,,0,这些搞艺术的无时无刻不在做
Tuberose野,5,2010-01-29 09:51:51,,0,我喜欢德国的片子
夏雨荷,5,2010-01-03 01:54:06,,0,！！！！！
Tristan,4,2012-07-13 09:18:13,,0,#台词#YouknowwhatLeninsaidaboutBeethoven's'Appassionata'?''lflkeeplisteningtoit，lwon'tfinishtherevolution.''你知道吗？列宁听完贝多芬“激情奏鸣曲”后说：“如果我一直听这首曲子，革命就不可能成功”
Chariey,5,2011-08-25 08:29:37,,0,因为《窃听风云》想看这部片子的，看了才知道，这部的政治含义这样深，看到结尾的那一句“这是给我的”终于泪下
Wuiia.,5,2012-08-26 21:16:25,,0,It'sforme.结局太完美了，起码给电影提升了1分。
utm,5,2011-02-20 22:41:05,,0,特别喜欢苏联题材的电影，你们能想象到这货后来导演了《致命伴侣》吗
东呆,5,2011-06-01 20:54:35,,0,那眼神！！！
1968小金,5,2008-05-21 18:37:56,,0,看第二遍真心被打动
路米內,5,2011-06-11 22:08:47,,0,强烈推荐我们的国安和国保看一看这部片子。你们也窃听、跟踪、搜查、监视，你们有没有想过你们执行任务的对象在干什么？会不会也对他（她）产生感情？会不会对他们也网开一面？会不会对他们被判“煽动颠覆国家政权”有点同情？我不知道，但我不想有一天我们也有机会去档案馆或者纪念馆查阅“我”的资料
Ivan,4,2007-05-19 06:51:07,,1,自由诚可贵生命价更高
任晓雯,5,2009-11-24 19:09:06,,6,你知道吗？列宁听完贝多芬《激情奏鸣曲》后说，“如果我一直听这首曲子，革命就不可能成功。”那些听过的人，我是指真正用心聆听的人，难道会是坏人吗？——觉得这句好。前和朋友聊国AN局种种，说这机构里的人，都是机器的一部分。其实把机器拆开来看，不还是一个个活生生的人嘛。
corrinne,5,2011-11-16 22:49:36,,0,最后的那个眼神~
师兄在家,4,2011-06-14 18:59:20,,0,窃听中解放人性
roymk,5,2012-03-12 00:28:47,,0,现实在延续
LostAugust,5,2007-05-07 18:35:27,,0,动人心魄的重
itrek,4,2007-02-22 02:31:23,,0,还成，有些小问题
Grizz,5,2014-02-03 21:00:02,,0,活在体制内
Chaos,5,2010-12-10 05:24:08,,0,好看
发条饺子,NaN,2011-02-04 21:26:30,,1,经典的德国人作风，谨慎沉稳，不煽情的动人。虽然结尾没有肖申克那样的阳光沙滩老友，却也让人抒出胸口的闷气。
沈济源,5,2011-05-25 11:50:56,,0,“Nein，esistfürmich.”
B,4,2011-02-09 03:59:46,,0,个人的历史在国家的历史中终究化为尘埃
梅林,5,2012-08-08 16:01:38,,5,窃听者的生活如行尸走肉，被窃听者的生活如交响乐般激扬有力。
葛奴乙的香水,5,2010-11-10 20:22:27,,0,忍不住泪奔
Alexander,4,2009-09-16 23:43:22,,0,正常好看
哑口鲑鱼,4,2011-05-17 15:52:28,,0,1.沉稳细腻，再克制一些。2.东德与我们3.政客，“你这样一种人竟操弄过一个国家”——吉诺4.人性的本真
miaisdreaming,4,2011-09-06 12:58:12,,0,很少看外语片，这部我很爱，关乎人性
Max,4,2012-07-11 19:29:58,,0,再看一遍会打五星的电影。
小p,5,2012-10-25 13:51:09,,0,看到结尾“这本小说献给GHWXX/7，致上最深的感激”时哭了，非常非常棒的电影！
cozylee有好运,5,2011-10-09 21:40:33,,0,看到1/3我以为他是因为女伶才对勇士另眼相看，看到2/3我才知道，他原来是个有良知的人，最后的致敬真让我感动，感谢一个人的方式，写一本书，序言里向他致意。
小个梨头,5,2011-05-14 19:45:30,,0,DieSonatevomGutenMenschen
CapyPOWER！,5,2016-02-28 14:11:57,,4,三年前看的片子，结果看了不久就得治男主角的扮演者得胃癌去世的消息，唏嘘不已
Elsewhere,5,2012-06-09 10:14:01,,1,剧本/导/演超群..这才是电影该有的样子，能的话给6星了
伍迪伦,5,2011-02-27 18:39:17,,0,我的眼角长含泪水
老袁,5,2017-02-01 21:47:06,,4,视听看
変態紳士,5,2011-07-10 00:51:19,,0,禁止联想
怪兽,4,2009-11-18 01:06:10,,0,Thisisapromisingandgreatidearuinedbyamuddledandundernourishedscript.
丑嘴唇,5,2012-05-19 12:29:50,,1,揭露丑恶最重点还是要提炼人性的美好。光说人性丑恶的东西不是电影，是檄文。
Aubrey,4,2010-11-13 13:08:31,,0,看到最后掉了眼泪
上帝在高处吸烟,4,2010-11-17 15:01:26,,1,西方的“主流意识形态”的传奇演绎。
12,4,2012-07-22 18:52:40,,2,这是…我们身边的真实事情吧…
vivien,5,2012-01-12 12:07:37,,0,現在拍的東西德電影基本都是說社會主義漏洞。電影拍的很好像蛇一樣。特工的孤獨人生。官僚的腐敗。藝術傢的被逼無奈。作家女演員和特務的形象都挑的好。列寧說要是我一直聼貝多芬那革命就不會成功難道聼貝多芬的都是壞人？獻給好人的奏鳴曲~感人~
豆丁,5,2013-04-12 20:09:09,,0,感动到了，结尾看着好心酸
人造人,5,2010-12-11 15:33:46,,0,BigBrotheriswatchingyou
王大大,5,2012-02-08 10:50:50,,0,几近完美的影片，人性的刻画是近年来的欧美电影中难寻的。主题敏感，有点年岁的人来看绝对会有心灵的触动
彌張,4,2013-06-16 23:41:55,,2,“这是给我的”
Porc au Prince,5,2011-01-29 13:44:56,,0,翻译风波这个译名太差了。叫他人的生活多好。各方面都很内敛的一部电影，很欣赏导演来回切换场景的方式。但是女主的性格中“软弱”那一面的刻画有点模糊。。。
杜祺晏,5,2008-03-25 13:03:41,,0,非常感人，非常喜欢这个结尾
vii07,5,2011-10-19 22:26:54,,0,那个时期做到清醒真的是不容易
MengxiZ,5,2007-12-26 14:00:56,,0,超级好看啊～
一骞个人,5,2020-04-26 23:02:46,,4,8.6分左右。这部电影让我重新坚定了文学和艺术的意义。
游坦,5,2015-07-02 16:03:45,,1,他们最终选择了沉默地相互记录…
梁威是条狗,4,2010-03-10 23:49:37,,0,绝对经典~！
一计落甘,5,2008-03-22 02:45:27,,0,近年来少有的好片
午夜瞎想,5,2012-07-24 22:19:25,,0,他们曾经的生活，我们现在的的生活
一些无用洞察,4,2012-06-17 21:02:22,,0,略拖沓
优雅的胖子,5,2011-12-30 21:21:50,,0,都说看《窃听风暴》看到流泪，整个俩小时我都没看到泪点，结束时被整部电影最后一个镜头最后一句台词击垮。。。“No，thisisforme。。。”
波澄酒,5,2011-04-25 18:39:43,,0,一开始不觉得会有多大的乐趣，但是随着剧情的深入，人性的爆发点慢慢的暴露出来。结局时候的献给好人的奏鸣曲真是让人瞬间飙泪了。东德和西德，小共和国和联邦治国。摄影更是好！这五星拿的深刻且值得。
Zdring,5,2008-08-18 08:54:55,,0,！！！无疑的，我被感动了。
A_Huang,5,2011-05-18 21:01:38,,0,人性中的善良之光总是这么珍贵
池鱼沐水,4,2010-07-24 09:19:41,,0,2010.7.22，男主角乌尔里希·穆埃逝世三周年，真的是一种巧合
PAND4,4,2011-06-19 02:43:19,,0,献给好人的奏鸣曲
海德文,4,2022-07-13 19:02:26,,2,献给告密者的挽歌，献给好人的奏鸣曲。
苏三,5,2012-07-22 01:57:29,,0,我想不通为什么叫窃听风暴呢。。。。
老叶,5,2010-04-07 02:13:36,,0,献给好人的奏鸣曲。社会主义的杯具。
井行,5,2010-05-27 21:15:55,,0,最后的那一句话简单而震撼。看的时候是在高三，zz还是同桌，他说这部让他哭了，我当场就震惊了。
18280,3,2013-08-24 11:45:21,,0,感人
海瑟薇,5,2011-04-04 00:55:18,,0,我看到了人性的光芒
FUNNI,4,2010-07-20 10:53:02,,0,为了信念的不顾一切才是勇敢
My shield,NaN,2012-08-26 18:31:36,,1,我总觉得卫斯勒的行为，不能说是良心发现，而是他仍然渴望自由，仍然心存信仰，所以他不忍心亲手扼杀作家争取自由与信仰的星星之火，他将自己的可能性让渡给一个更能争取自由的人，这样的行为远高于良心，在我看来是一种伟大（豆友）
哔呣咣啵の哸啐,5,2010-11-23 00:09:46,,0,看着看着就产生了是在看“银河映像”的电影的错觉。
燙傷半邊,4,2013-01-03 23:56:34,,0,最后一刻飙泪了~
语然小语,4,2012-03-22 15:28:54,,0,8分水平，标准奥斯卡最佳外语片格式，编导才华的确称不上“惊为天人”，其后拍出一部烂片再正常不过，终于用一个体制拆散了一对恋人的故事，和科波拉“对话”无法比拟，但作为教材无可厚非。
李可笑,NaN,2012-11-28 23:51:30,,1,做工考究的全年龄向德国电影，改名为“好人卡”可能会冲淡一些标题党的误导
阿暖,4,2011-04-30 13:32:17,,2,“你是一个好人。”我确实想不到更好的结局了。
明月巍峨,4,2023-03-07 11:26:53,上海,5,我们的现在和那个时期的东德本质上没有区别，区别在于他们的墙塌了，噩梦结束了。扣一星给召ji桥段和女主角的脆弱描写。而且说实话双男主这种救赎也许在现实里更有可能在女性之间发生。
眼圈,3,2012-02-20 20:45:09,,0,无感
沐晓白,5,2009-08-19 00:25:00,,0,看完最后一幕，四星变五星。
eastcosta,5,2012-09-28 14:06:36,,0,男主人公魏斯曼的转变多少有些唐突，如果影片的开始部分能多一些铺垫，该片堪称完美。
邢肉肉,5,2010-05-28 17:50:21,,0,我给六颗星
心想事成的小寞,5,2012-05-25 18:33:50,,0,昨天上课看了《DasLebenderAnderen》（《窃听风暴》），很棒的一部电影，讲述东德对艺术家的窃听，人性在里面体现的淋漓尽致，尤其是里面每个人物的表情动作都很耐人寻味，不知是不是我特意用心理学揣测的结果。总而言之好推荐。不过豆瓣的封面怎么是法语的!!!!!明明是德语电影!!!!
烈火婶婶,4,2011-01-08 23:46:59,,0,细致，却也有些拖沓。
三十,4,2012-09-13 23:57:33,,0,有那么几分钟我还以为自己在看港片
vampire,5,2008-06-05 16:14:51,,0,可惜啦，一个这么优秀的窃听高手。。
韦恩斯坦_李,4,2010-09-03 18:49:35,,0,“拉贝”同志这次做了窃听保护者，加上之前的“格林厄姆教授”，他演绎的都是很有人性的历史人物，快被定性了。剧情片以故事取胜，此片也是因为搭上了东德政治历史才显得那么有意义，不过东德的历史还真挺让人好奇的。其实无论资义还是社义，政治高压都是不可避免的，只不过社义对自由的管制更多吧。
大尾巴鱼,5,2011-07-02 23:11:51,,0,“要包起来送人吗？”“不，这是给我的。”瞬间泪如泉涌！
暴走君,5,2013-11-27 10:11:01,,1,软弱无能有表达欲的人最后都成了作家
▒▒▒,5,2012-06-03 12:00:01,,0,精彩！
Oo龙芽oo,5,2012-06-24 22:35:22,,0,比韩剧更会含蓄，而且清爽不油腻。
内触妙乐,5,2011-07-01 13:08:47,,0,"""这本小说谨献给HGWXX/7，致上最深的感激""——人不能和人性做斗争，制度更是不可能和人性做斗争!导演把这个主题表达得非常的到位和完美.""no，thisisforme""——导演用一句话完成了主人公灵魂的升华，也证明了他是一个当之无愧的伟大的人"
Marcela,5,2011-02-01 07:27:51,,0,一个已经麻木且适应于模式化的党员也有颗温柔的内心，结尾泪奔。
闹闹的秘密花园,4,2010-12-04 21:37:25,,0,一切都源于女色，这点我受不了，扣一颗星
海棠一生,5,2011-07-31 19:45:56,,0,再冰冷的铁幕下也有温情。结尾感慨万千。
花君,5,2012-08-26 20:39:27,,0,要是我一个人看，可怎么办，可怎么把这感觉传达给你。
###疼,5,2012-02-24 18:59:06,,0,剧情非常吸引，但感觉好像在卖弄政治把戏吸引眼球，但电影非常有节奏，卫斯勒上尉审问克里斯提娜的时候和最好搜查节奏达到顶峰，之后的结尾意味深长，令人回味无穷，配乐大赞，就是镜头在某些部分如果多几个人物表情特写感觉更加完美。HGWXX/7，这是你的故事，我是你的观众！
曾小菜,5,2010-01-16 11:46:40,,0,我们总是歌颂从未发生过的事。
乔小囧,4,2011-01-26 03:10:57,,3,艺术可以感化人们，政治可以强暴艺术，政治也可以强暴一些人，但政治永远无法改变所有人。最铁腕的，往往是最脆弱的。
少年熊猫,5,2012-12-08 23:29:45,,0,克制是表现残酷最有力的方式。令人无法忘记的表演。
=……=车梨,4,2012-04-05 12:07:18,,0,完全被最后那一句“itsforme”秒杀...很好看！！
水彩游侠,5,2009-07-05 11:02:10,,1,尽管他是一个以逼人招出真相为职业的人，但他其实更希望人们能坚持做自己认为应当做的事情。非常棒的故事和人物。
找自己,5,2012-02-03 19:33:34,,0,按照自己的心做事，无论怎样结局都不后悔
ArenA,4,2010-02-09 23:44:36,,0,剧情虽然不完美。但为了HGWXX/7这种伟大的精神，它值得五星！可是，我们这个国家，还存在这样的人吗？在XXX的内部。
人民私仆凹凸曼,5,2009-12-22 14:28:11,,0,没有风暴，很平静，结尾很感动
Ume,4,2008-02-27 11:17:14,,0,看到最后一定会被打动
夜第七章,5,2022-06-26 00:39:13,,5,“我不得不想到列宁对贝多芬的《热情奏鸣曲》的评价——我不能听这曲子，否则我无法将革命进行到底。听了这段音乐的人——我指的是真的听进去的人，还会是坏人吗？”我不相信这种乐观，但还能怎么样呢，面对这样的生活如果不自我欺骗并秉持这种微末的信念的话。
何碰碰,5,2010-10-01 23:22:54,,0,力量思想警察秘密警察文字狱XXX
豆友59041927,5,2013-03-22 22:57:08,,1,"真正用心""聆听""的人-难道会是坏人吗?"
小盐,NaN,2011-01-28 16:59:50,,1,男主像凯文史派西
蓝雨笛,4,2012-01-04 12:22:31,,0,让我想到了天朝
朱熠,4,2013-01-02 18:34:21,,0,四星半。初秋的九月每一天都是忧郁的　　那些笔直的小树向着天空　　就像爱情一样茁壮的生长着　　头顶是湛蓝的天空　　天空飘着一朵棉花般洁白的云彩　　而只要你心中有信念　　它将永远不会离你而去
德拉库拉拉,5,2008-02-21 00:04:09,,0,2008-2-210:02:599/8.6(36976)#50
落草,4,2011-05-06 23:25:21,,0,献给好人的奏鸣曲。
。,4,2012-06-18 15:57:14,,0,1984
组织找我谈话了,5,2012-06-18 15:55:46,,0,有些人的内心比外表还爷们儿！
刘善甫,5,2014-01-25 18:58:11,,0,之前就看了为什么忘了标注了？
Tekki,5,2010-06-06 14:38:16,,0,黑暗中的人性之光
很好很会吃米,4,2014-04-02 13:06:59,,0,如果不是最后那本书，我可能真的就没受触动了。挺一般的，相对豆瓣这个奇分来说。德国人镜头和叙事也太冷静而有条不紊了，看得我好急。秃头动机不明，是基吗？
牛奶盒子烂掉了,4,2011-09-27 20:58:14,,0,很喜欢他那种特别单纯的眼神
celestebook,4,2013-02-13 22:21:35,,0,东诺士马克的电影用了很多当初东德的机关大楼实地拍摄，但是监狱博物馆的馆长却拒绝了他拍摄的请求。原因？馆长说，因为东诺士马克的剧本不符合史实:整个东德历史，像魏斯乐那样“良心发现”的秘密警察，对不起，一个都没有。
Rui,5,2012-09-29 12:00:59,,0,《献给好人的奏鸣曲》
Hao,5,2008-08-19 15:32:05,,0,一九八四。
Favillae,5,2014-10-04 06:23:41,,1,thecostofconscience，UlrichMühe演得真好，但是，在监听以往那些嫌疑人时他怎就没有良心发现？剧作家的生活有何与众不同之处敲开了他的裂隙？同情与明了这种同情将偿付的代价仍坚定作为的勇气，源于人内在良知。但其若本有良知，又岂能长久从事秘密警察工作，若只突然良心发现，又怎能如此坚定？
倾盆大雨,5,2011-02-19 19:01:06,,0,这是给我的！！！太他妈细腻了，太他妈厚重了！太他妈感动了！
MissXtotheO,5,2011-10-03 17:18:39,,0,他人的生活这个译名可能更为准确影片展示了高压政治入侵干涉个人生活所带来的悲剧
康斯坦丁,4,2011-02-16 22:48:34,,0,好电影可以让你去认识那段真实的历史
时间,5,2009-05-10 23:38:51,,0,"""这个新德国有什么好写的？没信念可依循，没标的可反抗。在我们的小共和国，日子好过多了……许多人直到现在才懂。"""
水皮牛寺,5,2012-07-16 19:08:39,,0,“这本书是送给我的”
大顶公,5,2012-12-01 02:15:42,,0,敲门的时候应该说是查水表的
mazzy,4,2012-08-04 18:28:58,,0,《献给好人的奏鸣曲》。结尾，镜头定格在HGWXX/7的微笑，心头一颤。发现这个男演员在第二年就已经去世了，很难过。
徐小Q™,4,2011-04-20 21:47:59,,0,"""Thisisforme!"""
...,5,2011-05-02 22:11:21,,0,故事很棒！最后那句“不，这是给我的”让我鸡皮疙瘩都起来了~
泥鳅鳅,5,2011-01-20 22:55:27,,0,哭了。献给好人的奏呜曲。
朝闻道,5,2014-01-18 14:26:14,,1,无论这是不是一个真实的故事，这的确是个感人的故事。作为某党黑暗强压之下的国民，这部电影的确值得观看。
瞬间,5,2011-10-24 02:29:55,,0,太感人了，一个作家感动了一个秘密警察，前德国白色恐怖下的一段温馨叙述。
mintvanilla,4,2011-02-26 18:12:45,,0,2011.02.26世间唯有自由最可贵。片名应该是《别人的生活》。
verrückt,5,2010-11-18 09:50:38,,0,最后彻底感动
二阶糖富美,4,2021-06-30 00:40:13,,3,拖到现在才看，就真是一部很奥斯卡人性美的故事，也很像小时候看的读者文摘里面会刊登的故事。结构社会背景人物情节和故事都在一种古典单纯的世界观逻辑里完美自洽。一种静态简单的美。原本那样的社会里，没有那么单纯理想主义的艺术家更没有那样的史塔西，但这也不重要，主要还是有种陈旧感，白皮书也一样，但有效总归有效。我个人反而更喜欢无主之作
帝琉苏,5,2010-03-06 21:31:10,,0,"最后一句到底说的是“Nein，dasistfürmich.“还是""Nein，thisisforme.”"
ample,3,2012-08-05 01:42:54,,0,所以我不喜欢德国电影（根本就没看过多少吧喂）……
purr,4,2010-10-07 09:52:38,,0,给好人的奏鸣曲
吴邪,4,2019-04-29 21:47:17,,1,可惜的是整个东德历史像那样自由善良的秘密警察一个都没有
不許動,4,2011-09-10 23:10:46,,0,也许是我历史不大好为什么要帮她们
乌鸫,5,2007-03-30 09:36:25,,0,无话可说
五指毛桃,4,2014-10-02 20:51:27,,2,不愧是戴锦华老师重点点评的剧，内容上确实以人道主义的理想化胜利感人，全剧给人舒缓、平静的震撼。
微观尽头,5,2010-03-29 15:00:50,,0,跨省风暴
朱日妮,5,2008-08-01 21:19:08,,0,最后一个人用扉页上的简短文字慰藉了另一个人的灵魂。那双蓝色眼睛蕴藏了多少话语。
二级发呆员,5,2012-11-08 20:51:10,,0,自由与爱情。
米娜,4,2010-08-18 19:43:10,,0,我应该再看一遍==
Joey的第34任女友,5,2008-01-27 21:21:25,,0,硬朗的线条，柔软的内心。
木头人,5,2010-06-23 22:33:36,,0,让我反思又感动的好电影~
Taylor,4,2007-09-29 16:55:15,,0,内容至今难忘~
Clement_ZG,4,2014-03-22 07:13:56,,2,可是如果把希望仅仅放在一个人的良知上未免太脆弱了
小帆帆阿姨,4,2009-08-09 05:08:41,,0,稍微有点慢
浴面葫芦娃,5,2010-11-21 16:50:32,,1,窃听是对窃听者良心的拷问，当别人的所有一切都展露在你的眼前时，生活也就是别人的了。更喜欢英文片名。|即使在体制内也可以选择不作恶。极权体制的运行就是靠着一颗颗小小的螺丝钉。正是利用人们对于失去已得到东西的恐惧，秘密警察收下了许多秘密证人|本片是极权主义解释何以运作的微缩模型。
周期性神经病,5,2012-06-20 00:53:35,,0,人类不可能获得自由，除非他知道自己是受制于必然性的，因为把自己从必然性解放出来的努力虽然不可能是完全成功的，但正是在这个过程中，他赢得了自由。
hua,5,2012-04-16 15:44:08,,0,国安局特工的献身
躲猫猫社社长,5,2016-06-21 19:30:08,,2,点到为止。喜欢Wiesler冲上去之后说了两句又马上退回来的那个镜头。p.s.海报实在太像KevinSpacey了。。
Sean,4,2010-04-28 21:36:20,,0,自由万岁！
梁珺,5,2009-12-20 00:53:36,,0,完全没有想到这是一部如此精彩的电影，深深被其打动！
阿笨,5,2011-09-25 02:27:30,,0,感动
豆友3849705,5,2010-03-02 14:15:58,,0,闷骚屌丝监控拯救高帅富成功除掉白富美产生伟大隔空基情的故事男主角因罹患胃癌于07年去世了泪奔
烟视媚行,5,2009-03-09 19:38:52,,0,向XX/7鞠躬致敬
合疾||白痴,5,2008-02-08 20:59:48,,0,保护你们，默默的受罚
SonicDe,5,2011-01-27 12:15:59,,0,献给好人的奏鸣曲
友邻广播,5,2010-11-01 10:53:55,,0,电影不错。。老谈是不是混血？
下山的西西弗斯,5,2012-08-06 00:51:52,,0,结尾太好了！！！
qianqian,3,2010-06-04 15:35:34,,1,没有想象的好看
东海少年,5,2011-05-01 02:13:11,,0,我们生活的社会
朝东风凉,4,2016-09-29 17:49:40,,2,只是觉得维斯曼的转变不够有说服力，这样就可以轻易被感性打动的人怎么可能做特工。但是看到最后仍旧很感动。
就叫我铿爷吧,5,2008-05-08 20:53:28,,0,看完之后心情是悲凉的，其中还透着一丝人性的温暖。
林小童,5,2008-04-19 22:05:02,,0,080419傍晚到夜深，面膜禁锢了脸，一如这故事冷静内敛，情绪控制的恰到好处。不谈政治。聊家常，其间妈来电，说爸出去一天未回，我说那你多寂寞呀。妈说把一些旧棉袄拆了做两个枕套，新家里还在布置，太高，她不想去住。还说说其他家的家事。那面下了一天的雨。北京阴沉，我在夜晚平静。
流浪的精灵,5,2010-04-17 21:14:53,,0,这是给我的，一句话，我哭了~
饭捕头,4,2011-11-08 10:36:34,,0,个人自由能否冲破国家高压权力统治的禁锢？本片给了最好的答案
Nadja,5,2011-03-20 00:36:05,,0,政治和生活结合得非常完美！结局实在让人忍不住多看几遍热泪盈眶
肥匪廢·老🐰,5,2011-07-16 09:05:16,,2,关于人性挖掘的电影，豆瓣的评分总是巨高无比。不过这部电影值得五星！不解释。@拉布大林
漂流瓶bb,5,2009-04-14 16:49:02,,0,窃听所带来的不仅仅是情报更是对被窃听者细腻人性的追逐
蘑菇猫会吐泡,5,2012-09-09 18:16:12,,0,看到最后忍不住痛哭失声，这是一部献给好人的奏鸣曲。
眼神不好,4,2012-03-15 11:16:55,,0,变成天使默默守护你
言午许,5,2009-01-21 20:59:53,,0,我学了德语后看的第一部德国电影人之初性本善
YiWz,3,2011-02-07 18:54:49,,0,没看下去。。。。
Iceland,5,2011-05-18 16:04:33,,0,高压专制真可怕，电影结尾真动人~~不知道我们的柏林墙何时能轰然倒塌~~
只手撕天,4,2011-10-07 18:58:02,,0,文艺青年尼玛伤不起啊。
Scorpion,4,2011-12-19 21:43:16,,0,发生在特殊年代的事件，感人至深，是有多大的信念支撑
Puff,5,2009-05-28 22:17:28,,0,你始终站在对的一面么?是的.
我只是只懒羊羊,4,2014-04-25 17:47:54,,0,很好的大片，但是除了结尾，少了点感触~
River,5,2012-05-26 00:49:14,,0,绝赞！主角的每一个表情、动作都是那么的淋漓尽致。
octopus,5,2011-01-12 02:17:40,,0,最后的一个镜头触动了所有的感情升华的太完美
大魔王,4,2012-04-23 20:24:45,,0,很戏剧的一部片子。听让人反思的可怕的政治斗争
瞪鞋派,4,2009-05-13 03:43:15,,0,我需要有一个人来陪我看电影···这片儿有空得再看一遍··
watly,5,2008-08-18 09:20:27,,0,真适合中国人看
森暮,5,2011-12-26 16:17:09,,0,中文翻译真浮夸
君宝同学,5,2011-11-06 06:34:47,,0,情节和表演那细腻…啧啧，德国电影对xx主义的反思确实完爆其他所有国家。看完想起了《浪潮》，同为近两年德国电影代表作，探讨的主题相似，连最后定格在主角复杂表情上的手法都一样，大爱！浪潮表现人性恶的一面，更震撼；本片表现善的一面，更让人动容。
果,5,2010-05-04 20:35:20,,0,真是满纸屏蔽词，一把辛酸泪。让我想到当今的中国。
Out Man,5,2007-12-03 21:46:00,,0,一部被宣传片所误导的好片。
西决,5,2013-09-10 18:03:14,,0,赞
Bigteeth,5,2007-02-04 23:47:23,,0,Perfect.
子安,4,2010-06-06 22:41:35,,0,算得上精彩不过多少带着点知识分子的天真劲
L.L,5,2011-02-07 02:37:36,,0,“这本小说谨献给HGWXX/7致上最深的感激”内敛含蓄，无可挑剔。记得曾经说“电影越看越多，喜欢的却越来越少。”原来，看电影也要耐得住寂寞，等待总会带给你更深层次的惊喜和更丰满的精神！久违的感动，让我想起了3F，想起了小小家，想起了那个充满了电影的屋子。
Reminiscent,4,2010-04-13 11:23:50,,0,他们有着不同的信仰，却带着不同的信仰走向不同的道路，有人为钱，有人为利，有人为了革命，有人只是为了做个好人。
|Dime|,5,2010-05-30 14:21:04,,0,东德天朝人民心连心
我爱看电影,3,2011-07-09 13:34:56,,0,感觉很枯燥啊看不下去
Left2,4,2011-11-02 18:40:53,,0,
ADC,5,2010-11-12 20:21:03,,0,TT
木馬114,5,2009-02-21 21:26:44,,0,本子很好故事很好
榴莲王子,5,2012-12-10 23:45:15,,1,看了一九四二才想起来这个还没标记过虽然威斯勒的存在是个美好的幻觉但国内导演真该学学什么叫举重若轻
Squidward,5,2013-04-13 09:23:30,,0,之前一直因为这名字总能联想到各种不喜的港片所以一直不想看，事实证明尼玛狗翻译害我不是两三年啊。跟1984有点像，不同的是比1984更走温馨路线，特别是结尾放柔调子有爱的很
菜炸炸,5,2018-07-08 20:13:43,,2,冰冷专治极权下的人性觉醒，最后一幕眼泪哗啦啦的流啊！这个片子应该打十星，柏林墙都已经倒了近30年，我们却还生活在乔治奥威尔的1984年。
马西嘿嘿嘿,5,2009-07-18 22:54:52,,0,看到一切即什么也无从知晓。庆幸有这么一部电影能够将被我们遗忘的历史重新呈现在眼前。我没有压抑，也没有感受到沉闷，从细节知晓这段历史或许更好。不需要唯美的镜头动人的爱情故事夸张的剪辑花哨的叙事，好电影就是这么存留下来并将永久为后人敬仰。
Peggie,5,2010-11-18 21:56:29,,0,无论在怎样灭绝人性的制度里，总有坚守良心的好人。
未卜,4,2011-06-07 11:44:56,,0,窃听可为为好可以为怀
浑浊儿,4,2011-07-18 20:42:34,,0,车祸的时候忍不住翻了个白眼
Stephen Chao,5,2011-08-07 21:34:00,,0,拍的太屌了
Iker,3,2011-08-21 12:41:35,,1,只是觉得铺垫得不足，这样的窃听人员竟这么轻易被打动？
Vita Kei。,5,2011-07-14 15:14:49,,0,献给有罪或无辜，迷失于茫茫尘世，随波逐流，不曾意气风发的人。献给一贯保持希望的人。尽管面对悲伤，四周冰冷。献给独立寻找自由的人。献给变得枯燥，掌中之物从指间溜走，总是在结束后抵达的人。
低熵体,5,2011-08-21 16:33:58,,0,“你这样的人竟操弄了整个国家！”体制内的人表示深有感触
fight for you,4,2011-08-30 13:51:35,,0,当好人的代价太大了
arens,5,2013-02-18 16:30:05,,0,阿伦特在TheHumanCondition一书中写道：“人类不可能获得自由，除非他知道自己是受制于必然性的，因为把自己从必然性解放出来的努力虽然不可能是完全成功的，但正是在这个过程中，他赢得了自由。”
樂啊樂,5,2017-05-30 17:19:58,,2,"""不，给我自己的"""
coco果果,5,2013-03-10 23:08:24,,0,献给好人的奏鸣曲，黑暗中的人性之光。静静的叙述一样可以震撼人心。
想被丧尸咬一口,4,2009-06-14 01:32:55,,0,演得真好看完才知道是奥佳
半边番茄,5,2011-06-05 14:36:39,,0,最后五分钟取掉会更好
阿美,5,2011-08-25 21:52:13,,0,这部电影亦是，献给好人的奏鸣曲。
沉默的若亚,5,2012-04-29 19:55:28,,0,献给好人的奏鸣曲。再强的压迫下也会有反抗，也会有未泯灭的人性。看到中间明明隐约知道卫斯勒的结局，可最后真正看到结局的时候还是被深深震撼了。
茴香微微,5,2012-11-25 17:10:15,,0,收藏多年绝对好看的一部电影，对自由的追求，对国家机器的思考，高压统治绝望下的希望与温情。从“墙塌了”到“先给好人的奏鸣曲”满是感动与泪点。适合安静地一个人看的电影
三叠纪的猫,5,2013-02-22 18:21:49,,0,之前竟然没添加让人感动的好片
水脉,3,2010-10-17 20:45:40,,1,毫无悬念的两个小时，一遍播放着电影一边做各种各样的事
我要默默玩豆瓣,4,2012-06-19 04:12:22,,0,给人希望的电影。最后一幕，他说，这是给我的，那蓝色的双眸让人感动。
HGW XX-7,5,2007-01-18 12:58:49,,0,非常好的影片！
MiaH,5,2010-08-11 01:23:10,,2,这片在社会主义的中国需要普及
[已注销],5,2011-09-16 01:27:26,,0,良知
晓口袋,5,2016-07-20 16:35:50,,2,一名高级斯塔西成员悦纳了来自艺术家的，音乐和诗歌的熏陶，成功写出了一部拯救艺术家的舞台剧。最后的镜头，买书赠给自己，简直是妙不可言的犒赏。
ballcool lee,4,2009-09-29 23:27:57,,0,喜欢这个短评：看得时候老想在我们的影院里看这样电影的时候，我们得多少岁了
MaxHorowits,5,2021-05-01 21:50:45,,2,磕CP，怼黑粉，背黑锅，这才是真正的为爱豆撑腰啊。
bugz,5,2009-02-03 22:13:08,,1,看了三遍了...还是很喜欢...
oui,5,2012-02-09 01:47:30,,0,关乎人性。。。究竟谁是好人？其实谁都不是。。
hiphop,4,2007-01-18 13:52:48,,0,毫无人性的社会主义国家安全部门，虽然不愿意相信，但不免让我感觉背脊发凉
[已注销],5,2011-10-20 20:24:13,,0,不知道谁说过人与动物最大的区别是人创造了艺术！很棒的电影，向保护艺术家的那人致敬！
赵天霸,5,2012-08-23 23:40:48,,0,东德的苦难结束了，我们的苦难什么时候才能结束呢？
XUE,4,2008-08-03 14:08:29,,0,我突然想到一个词dasschwersteGewicht——最沉重的负担分裂过，又统一的德国总是一个很容易触碰内心深处柔弱之处的国家。表面上看起来深沉的德国人内心总是出奇的柔软。默默地，我们都是好人，我们向往和平。
你绝对想不到因为这也出乎我意料,4,2008-06-28 20:41:35,,0,我就知道他会去救，必然会去的，我就看到他一路小跑了。女主死了有点可惜，同样可惜的是她悲哀的出卖了双重的自己
胡小猴,5,2020-03-09 22:36:34,,5,黑夜深处的一豆烛火，格外的明亮和温暖。柏林墙注定是要倒掉的。
Damselfly.,4,2012-10-17 07:05:42,,0,可能是期望太高了。在这种洗脑下主人公的政治信仰转变得太突兀了。尤其是女伶车祸那段真不是狗血爱情剧么！还有生平最恨的就是＂X年后＂这种没素养的东西，当初就是那段屎烂尾硬生生把朗读者拽出了我的五星榜，这种俗气的催泪弹省省吧。不过最后拖着个掉书袋送信的一幕还是要男默女泪一下。
神游少年欣小欣,5,2010-04-22 20:15:38,,0,不是一两句能表达清楚这场电影给人的感触...总之..在当今的现在...让人充满共鸣...HGWxx/7..thx
大漠孤烟,4,2011-01-03 16:32:36,,0,韩寒君推荐
Haru,5,2011-01-14 23:57:35,,0,印象深刻。
Neo,3,2011-07-03 19:59:59,,0,intheendweremember，notthewordsofourenemies，butthesilenceofourfriends.
Fan,4,2010-09-06 10:18:09,,0,这男人帅的好冷静~~
.H,5,2012-02-10 00:45:26,,0,歌颂那些从未发生过的
stknight,5,2010-03-04 10:10:26,,1,感觉现在奥斯卡的最佳外语片要比最佳影片强不少啊
Why,5,2012-08-12 13:35:38,,0,很久没有看到这样的电影了
