user_name,star,comment_time,geo_ip,vote,short
山风如月,5,2010-09-01 10:06:31,,50129,大概广电局也不知道该从哪里剪
大宸,5,2010-07-31 22:49:13,,13112,卡梅隆负责革新电影技术，诺兰负责革新电影结构...
楚仙,5,2010-07-15 21:54:25,,10964,一部电影好看到即使你明白它在故弄玄虚也是义无反顾的打五星。
陈允然,5,2010-07-17 13:34:58,,7030,我的陀螺停不下来了。
朝暮雪,5,2012-08-07 15:42:42,,6803,所有的梦境中柯布中都戴着戒指，所有的现实中柯布都没戴戒指，所以陀螺只是障眼法，戒指才是真正的图腾。结尾柯布根本不在乎陀螺有没有停下来，因为他出机场的时候没戴戒指，他早就知道自己回到现实了。
桃桃林林,4,2010-09-01 22:04:56,,18341,1、电影确实精彩。2、没有想象的难懂，相信你自己。3、总会有一个让你记一辈子的镜头。4、请降低期待值。5、请提前上厕所。6、记得关手机。7、一定要去影院，因为影院也是个造梦机器。8、记得听完结尾音乐。因为它负责让你醒来。9、极可能是近几年你在影院看过最精彩的电影。10、穿越吧少年
影志,5,2010-08-26 17:31:32,,5816,“既然做梦，就做大点”这句太深得人心了。——2010年最天才的电影。“谁又能说，现实不是梦境。”Doyourememberhowyougothere?
seren,5,2010-07-16 20:48:58,,4943,一直在牛逼，从未被超越。只有Nolan才能达到这种境界！！！
kingkongofkhan,5,2010-08-01 08:27:29,,2801,前期的口碑营销确实有点儿过了，绝对还没有达到神作的级别，但依旧是近年来最好的影片，诺兰独有的叙事技巧视觉风格以及影像语言都被完美的贯彻其中，其遵循并热爱的怀古之风从人物造型，台词蔓延到拍摄手法以及特效制作上，不过正因为如此，一些动作戏上的处理还有视觉奇观的展现则还不是那么过瘾。
Villalon,5,2010-07-16 21:45:08,,2401,我还能说什么呢出影院第一件事就是拿iphone上豆瓣至少5颗星啊第156个评分的哈哈哈哈一直要用心用脑看的电影内容很严谨逻辑性强非常好看等高人仔细分析。。又去影院看了一遍很爽很抖擞
熊想躺平,5,2010-07-17 16:53:52,,1784,列奥纳多干完这票肯定是要去ShutterIsland修养一阵了。
TORO VAN DARKO,5,2010-07-17 05:37:42,,1705,《奠基》是一部复杂精致并绝对精彩好看的电影，他让你在片尾字幕出现时完全反应不过来之前的两个半小时发生了什么，就像一场梦境一样让你匪夷所思却又流连忘返。
flowerowl,5,2010-07-17 14:44:06,,1752,ChristopherNolan是天才!
鼬,3,2010-09-01 14:52:13,,1325,就那么一个创意，被大家吹得玄而又玄。片中充斥着毫无意义的枪战。看的过程中惟一的惊喜就是CCTV了。
法海爷爷,5,2010-06-25 10:04:15,,1663,诺兰+莱昂纳多的电影，我无话可说！
TheSingingSea,5,2010-07-19 05:14:35,,1374,永远别用回忆来建构你的梦境
艾小柯,5,2010-07-19 07:31:52,,845,迷离失所，戏假情真！
阿喵,5,2010-09-01 02:43:26,,485,有人说诺兰克死了金敏……
张小北,5,2010-08-26 22:26:56,,504,诺兰后期的几部电影都犹如教科书般精确和经典。本片尤其如此，在所有的电影元素上都极其精准……故事层面也做到了商业和艺术的完美平衡。是我个人2010年的年度电影。
亚比煞,4,2010-09-12 06:12:53,,5460,你永远记不起一个梦的开端，就像记不起我们如何来到这个世界上。
漩式焰,3,2010-09-02 02:59:45,,510,今敏大人啊~~您的点子被电影化，感觉好像科教片……
木卫二,5,2010-08-23 00:37:42,,422,窗口上，玛丽昂对莱昂纳多说，我跳！你也跳！结尾和片中的一些配乐，演唱者就是皮亚芙……
苇间疯,4,2010-09-04 12:18:23,,4382,确实挺好看。人人都在评论这片，我也评不出个鸟来了。因为《盗梦空间》这片，中国人民已经陷入了智商无限的癫狂幻想之中。人人都觉得自己的解释最牛逼，人人都觉得自己是哲学家，是心理学家，是数学家，是诺兰的知己。
布·迪安,3,2010-09-02 09:26:26,,341,没感觉多好看，你们接着炒吧
不爱™,5,2010-07-19 07:56:59,,492,本片可用于测智商
私享史,5,2010-09-02 00:59:31,,361,【上海博纳银兴】【UME双安】心理学导论观摩教学片，植入了以下心理学概念：平衡觉、视错觉、记忆、梦境、认知空间、潜意识、防御、情绪、动机、强化、心理咨询。上个月在后海边，同学突然问：“怎么证明现实是真实存在的？”我答：“证明不了。”——这就是本片的缘起，它在试图证明。
古尔齐亚,3,2010-08-30 23:04:42,,216,这故事也忒烂了
司大龄,5,2010-07-18 00:37:05,,419,……开放式结局……看到最后全影院一起喊：comeon！
Molly Zheng,4,2010-08-01 11:47:12,,1712,你们终于知道我每天晚上做这种梦有多累了吧
longer,4,2010-07-12 17:27:06,,594,概念不算新鲜但还不错;p充斥许多漂亮的慢动作镜头和带点匪夷所思的建筑构想，视觉效果挺棒的！偶尔会令我想起Paprika……
同志亦凡人中文站,5,2010-09-01 22:06:45,,280,炸飞！！！！！！神作！！！！！！！！
一蓑烟雨任平生,3,2010-09-02 16:07:09,,184,能让人叫好的谜语一定是比较好猜的那种。只有这样受众才会产生对自己智力的陶醉。就是一个基于真实和虚幻的循环结构设定加点动作片元素而已，没有其他任何东西了。一部没有什么意思的娱乐片。
大头绿豆,4,2010-09-11 18:15:42,,153,庄周一句话就搞掂了，费那劲儿干啥
Hey Johnny,5,2010-09-01 20:41:38,,325,我就是觉得NB，用那个最容易驳倒的辩词“有种你们也拍一个我看看！”
婷婷爱八卦,4,2017-12-22 09:00:44,,153,好烧脑的电影，看了两次才看明白，好吧自己笨了点。佩服编剧导演了
易老邪,2,2010-10-31 13:20:29,,117,很是失望。本片创意构思和特效场面都还远不够震撼，叙事上有点弄巧成拙，故事发展全部依赖大段大段的对白，不痛不痒矫揉造作的情感戏形同鸡肋，再加上迪卡极为拙劣的演技，使此片不可避免地成为一部平庸之作。剧情谈不上有多复杂艰深，想象力也远不及《黑客帝国》《移魂都市》等佳作
命中注定的爱,4,2018-02-09 22:31:10,,87,设置了很多悬疑，每次重新看都有新的发现，是一部经典的电影！
ParasItE,5,2010-07-18 07:54:17,,323,MLGB诺兰你熊的！这TMD就是我想要拍的电影！！！
momo,5,2022-10-17 21:41:32,河北,190,除了影片自身的魅力，片中斋藤身为甲方如此努力让我吃惊😭😭他爹的我怎么碰不到这种甲方
D5,3,2010-09-05 10:57:42,,178,这片子我不打分，这片子把观众的潜意识里面的装B形象勾引出来然后展现的淋漓尽致
亵渎电影,5,2010-07-20 15:39:11,,139,这个间谍故事在动作指导方面趋向007邦德系列，其中不少桥段都是导演诺兰在向自己最爱的邦德电影【女王密使】致敬，在我看来【奠基】更像是一部科幻版的007电影。★★★★★
sasasasa,3,2010-08-02 14:30:32,,118,HKiSquare。再过个10年的样子，应该就和TheShawshankRedemption一样，变成一部经典的鸡肋片。素质不低，但剪辑太碎，节奏也太仓促，结构的扭转还是掩盖不了一个弱剧本。另外实在对那些视诺兰如神明的文青对怀疑者的五毛式口气感到不解....
颜饭yy,4,2018-01-17 15:02:40,,205,要想从梦境里醒过来需要重大撞击，但有时你无法分辨到底是不是在梦里，所以有了陀螺这个图腾。然而你又怎么确定你现在经历的现实不会是一个梦境？梦醒的条件大概就是离开这个世界吧。梦、梦中梦、梦与现实错综复杂，即使烧脑多看几次也会看懂的电影，值得一看。
熬夜季军,4,2018-02-01 15:51:10,,104,看的时候绝不能分神不然马上就看不懂剧情了
七沐妹妹,4,2018-02-02 20:17:17,,150,重温了盗梦空间，的确没必要拿它跟红辣椒比。多年以后，还是很喜欢的。诺兰把梦境感做的很足，跌落的瞬间也很令人信服，电影真的植入了怀疑真实的一颗种子，此时的我分不清梦境与现实。
安东,5,2010-09-08 11:14:40,,97,电影啊，造梦艺术，一部电影能拍成这样，至少在娱乐功能上已经登峰造极了，两个半小时黑漆漆的电影院里，我一直在梦里，跟我生活的现实世界完全无关。诺兰，我继续做你的粉丝。
世界尽头,5,2017-06-08 18:53:53,,93,感觉永远无法走出一层又一层的梦境
いっぱい脸红红,5,2010-07-17 03:12:32,,71,豪华版memento
卢十四,5,2010-09-02 23:07:36,,90,一定要耐心看完字幕。我承认最后那几秒镜头我完全没想到……
▲,5,2010-09-02 01:26:45,,140,You'rewaitingforatrain，atrainthatwilltakeyoufaraway.Youknowwhereyouhopethistrainwilltakeyou，butyoucan'tbesure.Butitdoesn'tmatter-becausewe'llbetogether.
蓝下老婆,4,2017-02-16 17:42:38,,45,这部片试图从头看了好几遍，但都没有看到最后，我智商不够啊，烧脑
杨迪,5,2010-09-24 02:36:18,,74,第一次看还是选择中文版好一些。20171005终于想起来二刷，为当面的自己汗颜。明明自己电影院睡着了，只能留下那种模棱两可的评价，这次转为5星好评。
Q。,5,2010-09-09 00:09:41,,61,还是习惯叫它《奠基》。赞美的话太多人说了，不再重复。克里斯托弗·诺兰再一次证明了自己驾驭非线性叙事电影的超凡能力。虽不敢说自己百分百看懂，但是绝对没有大多数人传说的那么难懂，不过肯定是一部会需要你动脑子的影片。至于结局……仁者见仁智者见智，一千个观影者就有一千个哈姆雷特★★★★★
乱樂,4,2018-01-16 11:27:03,,138,电影比较烧脑，梦中梦，梦里有梦，不细看真不知道主角进入到第几层梦境
欢乐分裂,4,2010-09-05 00:22:02,,37,时隔十年大银幕重温，仍被imax的音效震住。回头再看，当然不必再觉烧脑，但这种对梦境/现实多维度多线索地合拢叙事，俨然已成某种可用来借鉴的模式——即使影片本身也印有致敬痕迹。以博尔赫斯的圆形废墟时间交叉概念先行——“时间永远分叉，通向无数的将来。在大部分时间里，我们并不存在；在某些时间，有你而没有我；在另一些时间，有我而没有你；再有一些时间，你我都存在。”强劲的想象产生现实（以致于无法区分意识边界的极限），梦是通往/影响/改变现实的途径；用记忆编织的梦境是危险的，因为就连记忆本身亦充满主观的谬误与篡改。人类最痛苦的根源聚焦浓缩于片中两个心结——夫妻之间与父子之间，也是打造四重梦境的立足点；无论科技多么进步，情感永远是我们无法绕开或解决的难题。以及结尾——当然仍处于某层梦里啊。
西楼尘,5,2013-08-21 22:27:33,,90,烧脑的诺兰，一贯的大师。三生有幸生活在诺兰的时代，并有幸在电影院一睹风采。配乐大师也是功劳显著，诺兰惯常的闪剪直接让观者感受到高潮一般的快感，内心激荡而震撼，绝望而嘶吼。
乌鸦火堂,5,2010-09-01 23:03:38,,45,精彩，诺兰引领一个时代，给我一个不打五星的理由
塔卡纳马塔塔,3,2010-09-02 20:52:42,,125,nolan的片一定要有痴情男死老婆么。。我觉得这片真的一般，部分情节拖沓，nolan的片总是看似很高科技，等琢磨清楚了觉得bug也挺多。小李为什么发育成了这样。
菇仔,1,2010-09-02 01:16:25,,40,为什么我就觉得不好看，一点点阿凡达，一点点禁闭岛，一点点这个一点点那个拼在一起，水果硬糖出来演科技女，来昂纳多成了精分专业户，可以的，你们可以再拍盗梦二，盗梦三，但是怎么来说都跟一个幻想狂的中学生写的作文似的，那叫一个牵强。
文泽尔,4,2011-01-17 11:56:10,,38,故事的架构本身实际上仍旧是在类型片的领域内厮混如此多的大制作动作部分也决定片子本身是走票房路线不过谁规定走这一路线就不能有深意呢即使亡妻情梦中梦的设定都不算新鲜但诺兰对节奏和视觉效果的把握却值得称道宏大场景和开放结局以及令人印象深刻的大量走道场景可说是类型片巅峰作
uqinzen乌青,4,2010-09-03 12:03:18,,60,很多人说看完电影会怀疑现实，我说，在梦里他们不用上厕所，而看完电影大家第一件事情就是去洗手间。这是区别现实和梦境最简单的方法。
美好时光只为你,4,2017-05-28 20:32:34,,28,虽然感觉挺烧脑的，但不可否认，也很精彩啊，很不错。
Ocap,5,2014-04-20 13:51:03,,40,启蒙我的电影重作之一。意义非凡，对我的影响远非本身质量可以抗衡。→20.8.30大银幕N刷。
徐若风,5,2012-12-16 09:52:36,,61,锦瑟无端五十弦，一弦一柱思华年。庄生晓梦迷蝴蝶，望帝春心托杜鹃。沧海月明珠有泪，蓝田日暖玉生烟。此情可待成追忆？只是当时已惘然。/2020重看感觉有点呆板，和小时候看的感受完全不同😑
接十分钟的吻,5,2018-01-20 03:26:26,,142,在梦中打造自己的世界，其实也是挺恐怖的
眠去,5,2010-09-02 23:33:42,,100,“新概念、新想法、新观点是一部好电影所赋予的比票根寿命还长的纪念品。”究竟是庄周做梦变成了蝴蝶，还是蝴蝶做梦变成了庄周，又有谁知道！最后陀螺有没有倒下，对我已经没有什么差别了
大奇特(Grinch),3,2010-09-01 23:47:57,,67,创意很棒，就知道这是个大套套小套的故事，和诺兰早期那个短片《Doodlebug》一样。抛开创意，其实本质很简单，就是《Doodlebug》的2010升级版，加入了《骗中骗》《穆赫兰道》《禁闭岛》等修改补丁。不过如果是“老婆回到真实世界，小李自始至终还在梦中？”的话我就喜欢这片子了
石头星,5,2017-02-19 11:46:00,,41,烧脑片的内涵不是故弄玄虚让人云里雾里，要烧脑要符合逻辑要剪辑清晰要有故事完整性要有适当人性探讨，诺兰这部影片是典范，加上小李子简直完美。
Nikitaa,5,2010-09-02 08:04:07,,95,国外电影结构剧情技术意识都如此了，让国产电影情何以堪。。。
荔枝超人,5,2010-08-31 14:01:34,,61,Youmustn'tbeafraidtodreamalittlebigger，darling.
炫3D,4,2017-04-14 16:43:43,,22,卡梅隆突破了，有了创新，名导就是名导，制作精良。
齐木楠雄,5,2015-07-23 21:22:45,,25,最喜欢的电影，满分
恶魔的步调,5,2010-09-04 23:26:22,,23,山中千年，世间一日。一个意识结构层面的故事。1009212nd。200828，突然意识到，这也是消失的爱人。
Virgohi21,4,2010-07-22 03:25:57,,30,这故事对我有致命吸引力。好看死了。虽然觉得有点急躁可以做得更好，并且本应可以再往人物和故事的深度发掘。
巴塞电影,5,2016-11-16 15:55:02,,25,完美的烧脑大片，梦境空间层层递进，逻辑情节环环相扣，似海深情飘荡在梦境空间里，是迷失还是放逐……
掉线,5,2011-07-31 10:54:54,,19,【A+】20170825心血来潮为分析剧本重看，深深佩服诺兰在构筑悬疑张力上的功力
米粒,5,2010-08-12 00:10:25,,18,终于在HK的IMAX如愿以偿了……真的非常非常精彩，剧情、特效，演员的表演，以及诺兰的哲学，都是很大的亮点！
江绪林,3,2011-10-06 16:54:28,,52,豆瓣上评分那么高的片子，分几次看完还看得如此索然无味。。。。。。
琴酒,4,2010-09-02 22:31:07,,20,徘徊在四星和五星之间，主要是剧本设计太强大了竟然很合逻辑。而且能把人看恍惚——不是那种恨高级的恍惚，就是神经刺激过猛无实感。
麦子,NaN,2010-09-17 02:56:53,,49,14/09/2010想这么一起黏在电影院的座位上变老。
妖灵妖,5,2010-09-01 20:55:25,,18,阿凡达的高潮戏四十分钟，盗梦空间的高潮居然超过一个小时，一定要去戏院看，体验这份超长的焦虑，字幕后的额外audio内容错过也不可惜
我lu不会飞,5,2017-02-16 20:47:35,,18,一环接一环，很烧脑，有意思。
顾俏乜,4,2017-07-14 21:26:23,,13,构思很赞，脑洞这么大，黑洞都要抖一抖。
yum,3,2010-07-19 23:39:33,,40,立片基础是sci-fi梦的控制，所以如果要是认真的逻辑探讨你就输了。高射炮打蚊子的剧情设计，故弄玄虚的各条线，强大的CG，神来一笔的配乐，众多让人一见倾心的大配小配。最后40分钟拖沓无比，全片需要全神贯注。btw男主你还要继续减肥，卡在小巷内一段我差点不厚道的笑噎过去
闫妮,4,2015-02-01 14:22:37,,15,诺兰就是想象力的代名词吧。后知后觉发现里面有马良
王大盆,3,2016-02-01 22:26:06,,27,可不可以老搞开放性结局啊？让陀螺倒下很难吗？？
大志的小耳朵,4,2016-12-29 20:28:53,,17,太烧脑了，没完全看懂，这类电影可以看好几遍因为一遍不能看懂。。。。。。。。。。。。。
死鬼,5,2018-03-16 23:38:04,,40,一颗小小的意念种子也会生根成形它可能成就你也可能毁灭你那么你是想放手一搏还是要等到年华老去心中充满遗憾孤独地迈向黄泉路？
Kazuha,4,2017-03-26 20:08:27,,14,梦中梦，超级酷的，想起清明梦，我尝试过清明梦，可总是在意识到自己在做梦时就立马醒了哈哈哈哈，表白小李子~
苏幼,4,2017-02-20 08:42:54,,37,这部电影真心不错。反物理学的探讨、旋转的动作场面、具有冲击力的背影音乐等，在影片的后半段，这些因素合力将你催眠，将你带入诺兰设定的电影梦境之中。
武志红,4,2011-02-19 21:46:53,,26,悬念很多，但其实道理很一般，并无深度。不过有朋友说，真的可以这样去改变别人的潜意识，这就给这个片子增分了。
shininglove,5,2010-09-11 22:18:50,,28,阿姆斯特朗说：《盗梦空间》的一小步，是电影史上的一大步。
请保持高冷,5,2016-09-04 15:16:14,,15,看过以后曾经有一段时间经常怀疑自己在做梦
水木丁,5,2010-09-07 21:51:07,,23,真的是非常好看。
琧婯,3,2010-11-15 20:48:14,,28,诺兰变魔术上瘾了哇，用梦包了蹩脚的好莱坞杂碎糊弄观众，又是苦男死女执念的爱情戏罗嗦的东西太多可以砍掉一个小时重点放在小萝莉身上就好了，最关键的这片子有邪教向现实虚幻鼓励自杀。。。我就做过梦中梦我在梦里梦见我的梦醒了
小痕呀,4,2017-04-03 19:47:20,,11,超精彩的电影，无论是故事的叙事技巧，拍摄手法，还是视觉感官体验都好棒！很吸引人的题材，让人眼前一亮。
慕詩,5,2017-03-17 17:01:22,,13,特效、脑洞真的让人瞠目结舌，太高级了，晕眩
X,5,2017-03-31 16:34:51,,12,一花一世界，一个陀螺引发的颠覆世界观
隔岸观船,5,2016-12-30 10:46:52,,19,要论脑洞我最服的就是这一部了经典之作诺兰真不是一般人可超越！
狗富贵,5,2017-05-03 13:42:19,,11,牛！不停换景那里晕眩啊，陀螺转转转～
狗富贵,5,2017-05-03 13:42:19,,11,牛！不停换景那里晕眩啊，陀螺转转转～
武志红,4,2011-02-19 21:46:53,,26,悬念很多，但其实道理很一般，并无深度。不过有朋友说，真的可以这样去改变别人的潜意识，这就给这个片子增分了。
小痕呀,4,2017-04-03 19:47:20,,11,超精彩的电影，无论是故事的叙事技巧，拍摄手法，还是视觉感官体验都好棒！很吸引人的题材，让人眼前一亮。
啊宁,4,2022-10-01 08:41:39,山东,22,没有那么烧脑……这个top9的位置多少有点夸张了……
杨大志°,4,2016-12-29 09:24:55,,12,太久远记不太清剧情了，不过确实很有意思。经常幻想如果我现在所经历的一切都是梦境怎么办哈哈哈哈
爱情海,4,2017-03-26 10:48:43,,14,梦境与现实，亦真亦幻，用异想天开的想象力考验着我们的判断能力。
左胸上的吸盘,3,2010-09-13 12:04:21,,21,跟莉莉在南京看的，很好懂啊，有什么可分析的
幸运遇见你,3,2017-03-01 13:31:15,,20,看到最后感觉自己都出现幻觉了
竹叶卷心,5,2016-08-24 21:59:41,,12,太值五星了，我看第二遍才懂开头，情节，画面，人物，剧情，无可挑剔，唯一可惜的是人物塑造上有点不够。
然悔悟,4,2017-04-14 23:01:49,,13,那个梦中有梦真的是令人诧异。电影好看又烧脑
元宝宝,5,2017-03-01 11:58:25,,14,观影全程紧跟剧情，既使这样看到结局，我都没看明白是在梦境中还是在现实中。烧脑呀，真是烧脑。
薄荷,5,2017-02-16 13:19:39,,16,很精彩很烧脑！酷！！！
Littlefish✨,5,2021-06-14 15:23:38,,64,潜意识层层武装保护的也许只是儿时的风车，能够治愈内心的只有自己
司墨,5,2022-01-30 08:09:48,,45,记得上次看还是高中老师在教室里放，一晃眼已经十多年过去了。好希望我能醒来，发现这不过只是高中课间十分钟时间我打的一个小盹。
潇湘烟雨,5,2017-12-24 16:38:17,,24,没什么看不懂的
内陆飞鱼,5,2010-09-05 07:55:35,,8,故事和概念很牛，逻辑关系也很严谨。虽然场面不够大片。
苏比,5,2010-09-01 09:53:51,,17,在裆国看到一刀不剪的大荧幕盗梦空间，你还要什么自行车啊，还不跪谢郭嘉。
托尼·王大拿,5,2010-09-11 02:58:19,,11,纵向叙事的一次伟大实验
庄小龙也有尾巴,4,2017-03-20 10:05:21,,13,层层叠叠的梦境让人分不清现实与梦幻，看完让我甚至开始怀疑自己到底是处于现实还是仍旧在做梦。实在是太烧脑了！！！
九尾黑猫,3,2010-09-03 18:10:30,,19,依旧对诺兰不感冒，没有什么新鲜的，关键是没有观点，爱情重要？梦境重要？真实重要？看不到清晰的观点，结果便不那么重要，于是到底是真是假也失去了意义。
顾盼,5,2018-03-25 00:40:41,,14,人在梦境里会放下所有的心防。
[己注销],5,2014-02-08 01:45:59,,19,（9/10）确实是个挺精彩的故事，感觉作品是在借鉴今敏的《盗梦侦探（红辣椒）》（有点想重看今敏这片了）。从最后陀螺减速并摇晃、孩子露出正脸、造梦者（岳父）回归、主角手上没有戴戒指、齐藤醒过来等细节来看，主角应该是回到了现实中，而不是掉进了下一层梦里。
宜乎众矣,3,2020-08-28 22:04:02,,21,第五遍看，有点失望。曾经的我一度倾倒于它诡谲动人又精致缜密的奇崛级想象力与幕幕难以复刻的奇观筑现，不计其数地对它那磐根错节的烧脑剧情与深藏不露的细节触点进行剖析描摹，一次次深入其中探究层层深入却无限蔓延的潜意世界，只愿享受一场两个半小时的梦境迷途之旅，只期待结尾那一刻的诧然惊醒。今天的我面对大银幕，早已没有了初次观看时对所有情节逻辑的顾虑与担忧，然而我眼前呈现的只是一部在浮于表象的精巧概念下通过灌注商业式的追车枪战爆炸片段来推进剧情的毫无深度的科幻商业片，一部以极其普通的调度能力慌乱地承载动作场面、无力地表现视觉奇观的平庸动作电影（尤其指酒店失重打斗那段）。最大的优点或许就是汉斯季默的配乐，在电子合成器与传统乐器的结合下紧凑与磅礴并存的瑰丽听觉感受无比契合这场险象环生却终将回醒的电影之梦
卡比巴拉的海,3,2017-04-10 20:19:32,,11,看不懂
LORENZO 洛伦佐,5,2010-07-22 10:53:15,,14,惊叹于诺兰缜密的逻辑.奇谲的拍摄手法和大胆的情节架构.跟着导演对梦境抽丝剥茧层层剖析，一个关于“梦的解析”关于“爱的延续”的伟大构想拔地而起，成就一座堂皇的迷宫让观众目眩神迷
思阳,3,2010-11-09 04:37:39,,11,庄周梦蝶而已，之上只有好莱坞，不如期望。说来Nolan不知道是不是中国哲学的爱好者，他的精湛短片doodlebug虽然只有三分钟，但比这片子的哲理丰富多了。
LEMON酱,5,2016-08-24 10:53:28,,10,很好
新桥妖妖,4,2017-04-10 15:03:28,,12,特效很好，剧情满分，还有莱昂纳多的颜……
木鱼水心,4,2010-09-09 12:07:45,,22,影院效果有加分。
莫林庸,5,2020-11-01 23:40:31,,21,for(;;){for(;;){for(;;){}}}
momo,5,2016-10-31 12:50:06,,21,诺兰的电影逻辑性特别强，特别好看，演员选的也好
Leon Winters W,5,2015-10-20 09:38:16,,15,只可惜当年年纪小，没有看懂，现在后悔没有去电影院看。Inception就好象是玄幻小说，你必须接受它里面的无数天马行空的设定；但是它是最好的玄幻小说，因为在它的设定下情节无懈可击。所以首先要解释片中提到的所有设定
纤纤,4,2017-03-25 19:22:48,,11,梦境与现实…当他们交织在一起还有谁能分得清…
梦梦梦梦,5,2017-04-12 23:38:28,,14,就喜欢看这种看一遍看不懂的电影，还有演员都好帅……
你爹语重心长,5,2017-03-18 21:49:30,,9,感觉需要多看几遍才能看懂。
饿霸地煮,5,2020-08-30 14:51:37,,8,诺兰无法提供新的思想或者人性的发现，他的电影基本上是把新瓶装旧酒玩到极致。
师诗尸,5,2010-09-01 03:19:03,,11,第一部去IMAX二刷的电影，很烧脑，超好看
Panda的影音,5,2011-08-03 23:29:21,,8,2011+2012+2013+2014+2015+2016，每年元旦的特别任务：观看《盗梦空间》！新年观影，愉悦心情！——我是有多幸福，在我现今的生活里，能有两个家伙矢志不渝地陪伴在我身边，带给我无穷无尽的快乐和感动！能爱上他们，是我这辈子最幸运、最开心的事情！电影+音乐，我爱你们！永远！永远！
一路有你,4,2017-05-15 15:36:55,,11,伟大的编剧，能有这么奇思妙想的构思。
落拓,5,2017-05-17 08:31:51,,10,当初跟风看的这部电影，虽为达到自己的期望值，不过确实挺好看的。Doyourememberhowyougothere?
偏要勉强,5,2018-02-07 12:44:29,,13,伟大的导演，伟大的编剧，给我们编织了一个不可思议的梦，所以我们是在现实还是梦？
美女菜kun,4,2017-03-31 19:54:40,,10,太烧脑了，看了好几次才能看懂，脑子变笨了，哈哈哈！
小言,NaN,2012-09-04 09:51:03,,1,经典
沐婉,5,2012-09-04 21:30:53,,1,没看到底。
八颗牙牙,5,2012-05-24 08:21:43,,0,久久不能忘怀……
love little,5,2012-05-23 16:52:28,,1,不错不错
苏爪爪,NaN,2012-09-04 10:33:54,,1,忙忙碌碌的回忆
符小离不是兔妖,4,2018-04-19 20:19:36,,7,我都要看晕了……梦境一层套一层，挺烧脑的。
品茗听雨轩,4,2017-07-01 00:13:30,,7,天呐，这个简直太烧脑太烧脑了…说实话，我是真的没看懂，然后越看不懂就越看不进去了……但这电影质感是真不错…
嘟嘟熊之父,4,2020-08-30 17:44:02,,15,在冷漠的时间刻度与等价的时间交换面前，我们唯有放弃对时间的真实感受，才能够减缓痛苦、延长快乐。始终觉得诺兰的电影是反立意深度、反人物塑造、甚至反戏剧逻辑的，他更加看重的是原始的情感动力与极致的视觉轰炸对观众感官的欺骗与麻醉。换言之，情绪上克制的表达、叙事上细节的思考与动作戏清晰的调度并不有助于高概念的成功洗脑。可以类比为乘坐海盗船，说白了不就是像钟摆一样左右摆动嘛，但真的坐上去了，整船人还是会忍不住发出鸡叫。
尉迟上九,3,2017-12-19 19:55:37,,10,时隔七年再刷，深觉无趣。
Paper Planes,1,2010-09-05 00:40:39,,9,看的是零点首映。概念先行的动作片，节奏混乱昏昏欲睡。《红辣椒》《eXistenZ》等等一堆电影在概念上的简单抄袭混杂。线性推进+“最后一分钟营救“，典型经典好莱坞叙事，你妈逼的开创新式叙事结构。烂番茄87%，metacritic综评74分，都不算很高的分数。我不黑你黑谁？
梦询,5,2018-01-11 11:19:38,,67,映像最深刻的就是那个陀螺，以陀螺是否能停判定是否在梦里。
tlmgt,3,2017-05-02 09:44:19,,22,某种原因我只能给三星
CCandFF,5,2018-03-20 11:23:09,,11,太烧脑了，高中时候老师给看的，分了好几次看完的，没看懂，有机会会再好好看一遍
幕天席地,3,2017-02-14 11:07:16,,11,讲真看不太懂，没法给高评分
奇爱博士,5,2010-09-04 17:10:20,,13,突然地，我迷幻了，我不再惧怕死亡了～
bornfreeyolo,5,2017-03-23 15:43:08,,8,梦中梦。诺兰太牛了，再加上小李子，完美!
宋小君,5,2010-11-25 13:07:06,,13,话就不多说了，一部电影能拍成这样，令人膜拜~
花落  思量错,4,2017-03-11 14:10:47,,9,很难看懂，耗费了我不少脑细胞，三重梦境，一环又一环犹如陀螺一般停不下来，陷入层层轮回当中。如果你愿意相信平行宇宙，愿意相信那里有另一个你，过着你梦想中的生活，那谁还愿意醒来呢？
🐈,4,2017-03-24 17:09:43,,7,全程无尿点，好看！！！！！
D I D A,5,2010-09-02 17:21:50,,11,你最好无须在观影前过多参与剧情解析，相信经历过原始诺兰的《追随》、疯狂倒叙的《失忆》、隐线极深的《魔道》以及道德哲学的《黑骑士》。《奠基》不会更隐晦到让你失眠。我的观影建议：享受诺兰近乎完美的画面哲学，听得懂英文的请无视字幕，不要错过一些被严肃剧情隐藏的幽默，最后，不要剧透。
做一件事很难吗,4,2018-03-18 09:14:42,,10,莱昂纳多·迪卡普里奥主演很烧脑的一部作品看着👀着我就睡着了😭😭😭再看又睡着了啊好吧我看不明白😭😭
圣马可的苹果pi,5,2012-05-23 14:57:52,,0,应该再看一遍
momo,5,2012-05-23 16:22:13,,1,超爱
米小鼠,4,2012-05-23 10:41:49,,0,包着糖衣的老鼠药
向往的生活,NaN,2012-05-23 14:37:58,,0,我看懂了哈哈
安非他命,5,2012-05-22 22:21:06,,0,目不转睛地看。。。
幻影猫熊,NaN,2012-05-23 10:27:04,,0,科幻片的一个小巅峰
豆友54862630,4,2012-05-22 20:06:37,,0,迷迷糊糊
满山的蒲公英,NaN,2012-05-22 21:37:39,,0,梦中梦，梦里梦···
心灵旅行,NaN,2012-05-22 21:39:50,,1,做计要再看一遍，才能懂。
名叫郁郁的知了,5,2012-05-23 14:18:01,,0,大片！超爱！更别说里面那么多我爱的演员了！
番茄炒蛋不加蛋,5,2017-02-09 22:25:22,,6,特效好，惊艳
股神看不懂,5,2016-11-02 22:40:54,,15,诺兰大叔的片子，还是他自己的风格，明明很难懂却无法阻止对他的爱，这样的佳作也只有诺兰拍的出来
Lan~die,5,2010-09-08 00:13:30,,14,黑客帝国后好莱坞最佳科幻片。融入了庄周梦蝶式哲思、杨过离开古墓式情感探讨，展现了逻辑的魅力、开拓了电影表达的疆界，在最后一刻结构和情感的张力逐层引爆至顶点，让人惊叹。故事结局其实早有解答：只要我们在一起，火车是通往虚幻还是真实并不重要，一切取决于我们相信与否。小李只是不愿看清现实
梦里诗书,5,2015-01-14 20:34:51,,13,非线性叙事的电影手法在《盗梦空间》中得以最为契合剧情架构的呈现，环环相扣的多重梦境，编制了一张逻辑夯实的巨网，诺兰在这部作品中取巧之处在于，每一个人都能看懂电影，但却又让人感慨“一千个读者眼里有一千个哈姆雷特”。
塔塔君Minkun,3,2020-08-29 19:16:00,,9,时隔十年重看。诺兰大师不要打啦，我看不清谁打谁，前两层被晃晕，第三层还蒙着脸。总之知道你们打得很激烈这件事就行了吧？
柠檬海盐,4,2017-04-20 22:30:24,,7,烧脑的剧情
M能能M,3,2017-03-10 10:39:01,,8,感觉很神幻，真的挺好的，让人很容易入情
doodlebug,5,2010-07-17 13:37:37,,13,greatloop~你们都被INCEPTION了。。。。
wandering,5,2021-03-23 15:32:29,,45,梦中与你百年携手，醒来我却未曾白头。
我,4,2017-05-03 15:11:51,,11,You'rewaitingforatrain，atrainthatwilltakeyoufaraway.Youknowwhereyouhopethistrainwilltakeyou，butyoucan'tbesure
司令,3,2010-09-03 18:26:00,,5,为嘛！为嘛这个片子这么高分！
蜉蝣,4,2010-08-18 17:18:48,,7,【重看2020.01.28】
聖冰箱,5,2013-03-14 16:48:11,,8,真的就是作为商业电影的外在要素很到位而已我也根本没说这就是烂片了这就是标准的框架坚固往里头一点点添肉的典型遐想很有限从外围向中心层层关闭逻辑清晰简单无比所以我只是觉得那些说不是一遍能看懂的人是不是可以去死了
米拉之落,5,2010-08-14 12:49:07,,9,“要做梦就做大胆一点”，憋尿2个半小时看完了，讲打怪升级的故事。
小熊爱吃虫,5,2012-06-18 10:22:40,,0,和刘海亮汀汀他们一起看的~
琳酱,4,2012-06-18 09:13:50,,0,我似个没文化的不能理解。。。
蓝·妍,NaN,2012-06-18 12:44:44,,1,印象最深的是梅尔的死，究竟是谁断送的，那个不停旋转的陀螺，现实与梦境的混淆……
心念27,4,2012-06-18 11:53:19,,1,梅雨晚秋，我记得的。
lichol,4,2017-04-16 11:13:35,,6,谁又能说，现实不是梦境。”Doyourememberhowyougothere?
甜椒Oli,4,2017-03-26 10:22:07,,10,科幻就是能够无休止的满足你的幻想。却也让你无限的失望。你追逐却也达不到的世界。
yocofcjx28,4,2016-11-12 16:05:24,,10,梦中的梦中！其实我觉得结局应该给得很明确啊，陀螺倒了的声音，为什么好多人还会纠结现实还是梦境呢？还是看电影时没等到字幕的最后？
登对,4,2017-01-02 15:21:24,,11,脑细胞不够用没看懂但是特效演员确实很震撼呐题材也新颖
丑小鸭cxy,3,2018-02-07 00:20:01,,39,梦中梦，分不清现实与梦境，如果心有执念那么梦里梦外更难分辨。
Peter Cat,5,2010-09-21 10:00:52,,11,仅就这部来说，算是文本复杂性游戏性到一定极端高度，但另一方面调度和表演又都比较简陋。2020.5.15@盛世嘉园//2010.Xwith处女女//2010.9.19美嘉with处女男
陳,4,2010-07-31 12:21:04,,8,五層(六層？)的套盒結構的確懾人，但怎麼每一層潛意識都是陳舊的槍戰、槍戰、槍戰？荷里活類型片已佔據了潛意識的每一區嗎……
冰红深蓝,5,2013-04-17 14:06:20,,12,完全没有记忆碎片那么复杂，或者说诺兰放弃了花哨繁复的叙事技巧，用了最方便大众理解的古典叙事模式。视觉特效不错。动作片外衣下的内核其实仍是一个爱情故事：Ifyoujump，Iwillnotjumpwithyou.（8.8/10）【2020.8.29大银幕重刷】这片的主要问题，其实是动作对抗（打戏）拍得很少有出彩或新颖的，甚至可以说像走过场。好在节奏把握甚佳，尤其是平行剪辑与配乐的运用，高潮时让你无暇思及动作戏的缺陷。另外，除了结合睡眠科学与虚构想象的梦境规律设定（最有趣的还是对身体刺激作为梦境重要材料的强调，以及多层梦境中的相对时间规则），一大亮点是选角，小李子表演不能说优秀，但其他角色都堪称完美，特别是艾伦·佩吉、玛丽昂·歌迪亚与基里安·墨菲~
滚滚的麻麻,5,2017-08-15 00:26:04,,66,越往后看，越觉得自己的大脑不够用的，敬佩编剧。
Ariza,3,2010-07-25 05:04:51,,14,算是有半部好片~!前半部的入夢，分析，再入夢等惰節密集得來處理得亦算流暢.但後半部則好像除了要貫徹電影的主旨之餘，還要照顧科幻動作片迷的囗味，因而顯得有點力有不棣~!但整體其實已是Nolan暫時最好的荷里活大製作~!★★★半~!
媛木子,5,2017-03-08 16:49:05,,7,这部电影信息量巨大略烧脑，但剧情丝丝入扣让人看的非常舒服。影片中拿出纸风车那段感动到我了。
lowdive,4,2010-07-17 13:58:52,,10,ShuttleIsland是一面镜子，Inception是一架旋梯，庄周是一只蝴蝶，飞舞在博尔赫斯的花园里。
staff,4,2023-06-16 23:03:56,重庆,14,7.5/10。其实还挺好懂的，基本上都给出信息了，就结局开放点。应该算是《红辣椒》的完善版，将概念讲述得更具体，共享梦境，一人看守，多层梦境同时下坠可解；第二层梦境的失重感做得比较好。内核比较虚，为了个破商战，斋藤在梦里呆了几十年，真素惨绝人寰惹；两个家庭的亲情线也总感觉不是很自然，结束得也有点突然。
悦宝,4,2012-06-18 14:14:52,,0,四颗星
何呵呵,3,2012-06-18 13:08:59,,1,很难懂，得慢慢看。剧情有点拖沓……
螭吻,4,2012-06-18 15:40:12,,1,我眼拙。不过剧情还是吸引人的。
Finans,NaN,2012-06-18 13:12:05,,0,想象力很丰富，还有三层梦境？！！!
青丝,5,2012-06-18 16:15:28,,0,很有感觉的一部电影.
咖啡与橙,5,2012-06-18 15:38:40,,0,“创造”了个世界导演可以去写个像哈利波特的书
curbdog,5,2012-06-18 13:54:51,,0,这想象令人赞叹···
一如既往如你,5,2016-09-04 16:44:28,,7,既然做梦，就做大点。卧槽啊！！！
QT,3,2012-05-26 00:55:39,,0,看得累死我了。
城南草木生,4,2010-08-10 03:39:57,,5,真没必要看两遍。。。
celalian,5,2012-06-18 21:14:47,,0,论文
游牧人·芳汀,4,2010-09-04 16:50:42,,4,#电影院#人家好莱坞都进化到玩梦境加心理解构了，反观我国同期上映的片子却还是打怀旧伤感牌，唉！电影工业整整落后人家不止一百年啊，简直一个世纪。
蓝色啄木鸟,4,2017-04-10 23:24:45,,8,小李子还是很上进的，为了小金人，接的都是好片子。但这片子太烧脑了，记得那天下班太累，看这电影时居然中间睡着了⊙﹏⊙。
J,5,2010-09-03 16:30:58,,4,TomHardy!!!我吃死他了！噶搞笑噶迷人！囧瑟夫的小身段儿！简直和蜘蛛侠一样了。MarionCotillard好美啊啊啊啊啊！Ellenpage实在是走不出这戏路了。CillianMurphy还是演娘娘腔比较好，丑！欣赏不鸟。太恢弘了这配乐。故事么……最讨厌小李了
溪棠-迷糊狐,4,2017-06-01 03:01:00,,7,没有宣传的那么难以理解，不过看完以后头疼了一晚上
螃蟹|腮脖膨客,5,2010-07-22 18:41:12,,6,Amazing，outstanding，brilliantandMarvellous
ForVictoRi,5,2017-03-03 10:49:28,,5,当年看过的最好看的科幻片，烧脑，颠覆你的想象力，编剧出奇
宋雯婷,5,2016-07-06 13:23:02,,6,生活，一个大大大谜语
Mars,4,2010-08-09 22:29:27,,10,there'sonlyonedream;itisthewholestory.
萌萌哒,5,2017-04-30 10:14:09,,7,经典，烧脑，开放式结局。一直在想到底那个陀螺停下来没有，走出梦境了吗？
茕茕白兔,4,2018-03-11 01:03:18,,10,烧脑啊！这剧情紧凑的一波一波地根本不能走神，一走神就跟不上啦。还有特效，也是很震撼了。
面团团,4,2012-06-19 00:59:22,,0,上大学看的第一部电影。
Laputa,5,2010-09-04 10:59:55,,23,庄周梦蝴蝶的故事。当美国编剧已经进化到在电影里讨论心理学前沿的时候，中国还在搞亲情和人事斗争，差距就是原子弹和大砍刀的不同。其实影片中还有一层梦境，那就是观影者与电影之间。
壳子,5,2017-01-08 13:24:20,,10,脑洞挺大的电影能拍出这样的逻辑性不得不佩服诺兰很多人说烧脑不要害怕只要仔细看都是能看明白的还不能区分智商…不过看各种大神们的分析真的是折服有的说得有理有的完全是脑洞好么…最后结局我倾向于现实…
科林,5,2011-11-04 00:57:08,,5,Smart，Clever，Intelligent，Complicated，FunnyandExcited.TwoThumbsUp!
途经一个你,4,2017-07-04 14:40:27,,4,你在等一趟火车它会把你带去远方你知道自己想去哪里但不确定火车开向哪里但是没关系这是为什么呢因为我们会在一起
ZhangYan,3,2010-09-01 14:45:17,,13,平庸之作
匡轶歌,5,2010-09-03 17:27:44,,9,《インセプション》这就是我心目中深邃、浑圆、全方位，构造、意象、理念、手法、技术都结合得精巧完美的神作。还有没人跟我一样看这个，激动、感动、撼动，以致看哭了的？莫非我的哭点太奇怪……？
昵称被占不开心,5,2017-02-13 09:48:40,,11,一场无法盗取的梦
本人醉奶,5,2012-06-18 19:53:02,,0,所以最后他回去了么？我觉得陀螺会停下来的TT好吧理想主义者。我很懊恼没有去电影院看IMAX。。。
不要海椒和香菜,4,2012-06-18 20:57:58,,0,似醒非醒的人生最蛋疼
陈duck莹,5,2012-06-19 00:49:06,,0,好看死了~
 L,4,2012-06-18 21:56:06,,0,很强悍可是有点看不懂主题
shiittliitt,NaN,2012-06-18 23:24:33,,0,我擦给绕糊涂了
一個死槍槍,3,2010-07-29 15:05:34,,6,想象力瓶頸夢境層次單薄五快錢的七人午夜場肥leo仍久迷人
思路乐,5,2016-12-10 09:39:52,,11,【A】导演已经把陀螺倒下既是现实的想法inception到我们的大脑里，这才是全片最牛逼的inception。//2020.7.29，无论如何，本片第三幕的动作戏部分是绝对的灾难，诺兰真的不会拍动作戏....
小辣椒,3,2016-12-31 18:08:40,,7,或许是剧情太好，我记得当年在电影院看睡着了？所以……
A-sun*,4,2010-09-03 23:17:03,,5,我日。容我用一晚上消化一下，但可以肯定的是，我要看第二遍！还有，谁说最后有彩蛋的！！！坐到就剩我一人了也没有彩蛋！
今晚熬夜了吗,5,2017-06-28 20:42:02,,4,电影的制作是非常好的，但是看完电影都开始怀疑自己了，梦想家，哲学家，艺术家……………………
喻鸣,5,2011-11-20 17:12:20,,7,每当我试着去评价这部电影时，都语无伦次地找不到合适的赞美之词。
OliveCC,5,2023-03-05 00:39:29,湖南,14,滚动字幕的最后一段是唤醒用的音乐！（声音彩蛋）电影也是一场梦，电影结束导演也在提醒我们“快醒了快醒了快回现实世界吧”但当我们结束观影后仍在为电影讨论争论探索解迷“一旦一个想法植入你的脑海，你就很难摆脱它了”谢谢导演你也是“盗梦”成功啦
寒枝雀静,3,2015-02-16 09:27:53,,6,二刷A➡️Ｄ+/概念框架大，而且概念的延展本身也完全不细腻。最讽刺的大概就是绕了这么大一个圈反而回归了古典的真实观，相当于还是把一个立面压平了。
未央,4,2017-05-05 14:50:09,,5,诺兰的电影充斥着浓厚的个人风格，模糊不清的现实界限，有意打乱的叙事方法，黑暗阴郁的影像风格，从一开始的《记忆碎片》到现在的《盗梦空间》，这种特质愈发成熟，臻入化境！
记忆错觉,5,2012-06-16 17:07:27,,0,2012-236.欧洲杯期间抽空。为迎接无比强大的骑士崛起！！重看诺兰（1）！
兽兽·美术吗？,3,2010-10-04 15:57:41,,6,真的一般般，至少不是我的菜。
👹天神的审判,5,2018-03-11 14:11:50,,35,剧情很新颖，原来梦可以自己制造和控制，最牛逼的是还能进入梦中梦第六层梦境，但是梦中醒不来就成了永远醒不过来的植物人了，原来做梦也有危险。。。。
云中,5,2010-07-25 10:45:24,,6,不得不说一句：我操！
叶洲,4,2010-09-01 21:10:20,,4,此片给很多智商有限的人带来了极大的满足感，于是产生了巨大的过度阐释的需求
草威,5,2010-09-02 21:24:43,,11,诺兰越来越像一个上帝在操纵电影了，别人拼了命的找想象力这种东西，他却可以随意浪费，真是天煞的。
艾伊达Ayda,4,2017-03-21 22:02:09,,7,所以最后是在梦里还是在现实中？
Aesthetic Mass,NaN,2020-09-08 00:04:25,,6,{★★★★}没有人能否认，诺兰一次又一次拍扁在他曲折环扣的迷宫中横冲直撞的人物的做法遏制了绝大多数观众的情感投资，whywouldthey？但在这部有资格厮杀进新世纪最佳科幻片之一的电影中，我再一次发现哪怕是他抽离共情的模拟演算下，这些人物也是经填充的、若非饱满：他们如此不完美，却被机械的动机推搡着渴盼完美。十年后，我为Cobb亲手打散妻子的幻影而感伤，也为RobertFischer被一个善意的谎言欺骗而暗怀希望。但它们都不是电影仍巍然挺立的原因。一次又一次甘愿成为其间探索者的我们知道，诺兰的迷宫才是这片新疆土上唯一不曾褪色的风景。
⑦世蔷薇花,5,2016-12-27 13:13:29,,9,精彩，不知道撸了多少次了！！
klzbyxg,4,2017-04-07 16:39:31,,4,分不清哪个是梦哪个是现实
萧小潇,4,2012-05-25 19:15:24,,1,大爷的，智商有限，电影大体逻辑看懂了，但是大神们都说的各种高深内涵，没有体会到。
、佚,5,2018-05-02 18:51:18,,7,现实并不存在，只是我们身陷其中。
晚不安,5,2020-08-31 16:34:21,,13,作为诺兰神话的最高点，显然还是经得住重看的，最方便的检验方式，就是意识深处那个旋转不停的陀螺。诺兰所有最受推崇的作品，无一不是在建设精密的结构，实践操纵时间的叙事法，但它的复杂程度（四层递归，逐层回退）绝不超出观众的理解能力。而这种由形式构筑起的紧张感，在持续补足他所不那么擅长的情感描绘与动作场面。十年后，在现实与梦境的辩证法之外，我才经由小李子紧锁的眉头，真正注意到这个“长相厮守”的爱情困境，是它驱动着电影最核心的危机。——并不是恐婚心理在作怪，而是追求永恒的美好愿望让人们滑向深渊。
苏然,2,2018-03-26 10:37:06,,9,比较烦诺兰
我不绝望,5,2010-07-27 12:37:38,,0,NB
xz芳芳,3,2012-05-25 15:26:45,,0,不甚喜欢
消释,5,2012-05-25 18:18:17,,0,如果此片不给5星·我不知道还能给什么片5星。。所以好好看吧！
李小炘,5,2012-05-25 20:28:22,,0,怎么说呢，超爱这种逻辑性的东西！
明赐,NaN,2012-05-25 21:56:51,,0,几层梦境？忘记了，有空再看看
╯▽╰,3,2012-05-26 00:28:51,,1,不是我的菜
子爵91,NaN,2012-05-25 19:26:45,,1,既有科学又有不科学的地方。
金星上的红茶馆,4,2012-09-03 10:46:33,,0,四星半。没有传说中那么难懂嘛
Lies and lies,3,2010-09-04 16:28:23,,10,nolan再这样下去在影史上成就会非常有限的
三才,5,2022-06-27 19:29:31,,15,我的大脑从没有这么混乱过，事物的本质是什么，知道你愿意相信，梦就是现实
无风,5,2010-08-07 00:49:54,,15,滥用精神分析术语。。。看来精神分析在娱乐界已经和量子物理差不多地位了。。。
奥德赛的暗流,5,2012-01-29 15:20:12,,8,当年热播的时候没看，今天顺便看了一场，明明逻辑这么清楚个片儿居然有人看不懂？
神甫,NaN,2012-01-04 18:49:22,,3,可能期望值的原因，并没有看得特别的雀跃，但不得不佩服诺兰游走于商业成分和自我标志如此得心应手。影片中所有好莱坞擅长的一切：视觉、动作、情感虽然都很熟悉，但也都非常饱满。而故事的核心虽然不是第一次涉猎，也被挖掘得足够充分。在可预期的未来，诺兰必将是这个世纪好莱坞引领类型的翘楚。
东篱,5,2018-06-12 08:59:40,,13,你永远记不起一个梦的开端，就像记不起我们如何来到这个世界上。
有心打扰,5,2010-08-26 10:08:29,,11,你醒着吗？你现在还相信你是醒着吗？你应该想想自己是在第几层梦里面，然后想办法逃脱。
helencat,5,2012-06-19 12:44:26,,1,2010年在美国电影院看的，没有中文字幕，没怎么看懂，觉得整个电影都是梦。2017年又看了一遍有中文字幕的，看懂了99%，原来我被诺兰耍了。
福鹿,5,2010-07-20 12:02:34,,5,牛逼！
狷介有乌青,5,2011-10-03 22:25:35,,5,潜意识中的我所创造的世界远比现实要强大很多，既然如此，为何要在现实中做一个碌碌无为的平凡人呢，大家都去睡觉吧，梦里我们神通广大
南笙,5,2012-05-07 01:08:24,,9,莱昂纳多老了。
柯不悔KOKIKA,4,2010-09-21 19:02:30,,0,好吧，这的确是一枚合金弹头8.28又去电影院刷了一遍Imax.还不过瘾还想再去看
月桂树在冬天,5,2023-08-10 00:37:01,福建,7,有时候感慨，和文艺作品遇见是需要时机的，越天才的作品越是这样。
cheng_iziz,4,2012-08-12 09:53:34,,0,不一样的世界！
热心网友方先生,5,2017-02-04 22:39:41,,6,要刷好几遍才能看懂的烧脑电影，我们的梦境到底是什么样？也许以后会有可以记录梦境的机器，那样肯定是带给我们无限的灵感。
Morris,3,2010-07-14 11:46:22,,19,quiteconfusing~
爱幻想的小孩,5,2012-11-11 16:00:44,,5,我刚发现如果把片中的那首法文歌放慢听，特么的就是一开始的原声音乐！！！那个慢慢的，诡异的咣咣声！！
JC MU,5,2010-09-07 23:20:23,,0,牛逼
Meng,3,2010-07-17 12:56:01,,10,缺少强大反派，套招用完就完。
刘小黛,4,2010-08-12 17:24:19,,7,思想总是源于内心而来，通过植入不能篡改。（PS：众星云集，EllenPage这妞越长越正演技却越糟糠了！）
Sarcophagus,3,2012-12-21 20:59:03,,11,也许是理念比较熟悉，相对有些失望
办公室甜心,5,2010-09-03 21:55:36,,7,那19.3%四星的和2.9%三星的豆子们你们应该改成五星啊！
草莓__三月,4,2017-03-14 00:43:51,,4,可能我智商不够，有点看不懂，太烧脑了。
8LKHLPOU&#,4,2010-09-13 09:38:50,,6,女人要永远，男人要真相。
狠狠红,4,2011-01-22 06:09:06,,5,还不错。只是个人的审美体系里，5星电影不能仅仅是个通关游戏，所以只能给到4星了。
L@TtE™I我亲爱的偏执狂,5,2011-02-22 13:59:34,,0,没看完~泪奔~
连城易脆,5,2013-12-05 13:18:45,,13,戒指或许是破解剧情的最佳提示...
爱的镇魂歌,5,2013-08-08 14:54:47,,4,三环相扣坠醒时间卡点，四层入梦深陷意识深渊，如梦如醒，似真似幻，层次分明的逻辑融入庄周梦蝶的悬念，紧张感如同一根抵着刀口越绷越紧的弦，耐人寻味又颇具震撼。各方面都很好，就差了承认一句借鉴盗梦侦探。
通缉者Ｃ,3,2012-06-19 02:36:00,,0,仁者见仁的电影可能期望太高所以看了以后没有那种震撼
深溪虎,5,2010-09-17 23:32:16,,0,诺兰，你真牛
tom and jerry,5,2017-03-19 21:28:51,,9,主演都好帅但是第一遍没有看懂最后没有分清到底是梦境还是现实所以又看了几遍值得多看几遍
曾于里,4,2011-08-13 16:29:42,,6,我真不是技术控
王食欲,4,2013-02-10 23:57:25,,9,烧脑片，但是人物感情处理得好低级。
小僵尸蹲蹲,5,2010-09-11 05:40:35,,1,转还是停..
小雯雯,3,2017-04-09 22:25:57,,8,电影很精彩没有想象的难懂总会有一个让你记一辈子的镜头
四木九（已故）,5,2010-08-26 14:11:43,,1,应该可以更好的。
巴喆,5,2012-01-11 18:50:08,,7,画面满是天马行空的想象力。词穷，反正就是牛逼！神作！9.2（厦门影院）
有强迫症的金牛,5,2012-08-12 22:02:40,,0,结尾没交代清楚比较纠结
黑樱桃摩卡,4,2010-09-12 21:07:24,,0,没看到开头，一大遗憾....
理想多钱一斤啊,NaN,2010-09-08 14:30:38,,4,休息日自己跑到影院看哒！那失重太有感啦！现在看完回来再去看看剧透，有种预感还会再看一遍
弗朗索瓦张。,5,2010-09-01 03:20:01,,9,电影本来就是造梦机器。一部伟大的神作。但总觉得特效还可以再绚烂一些。
FAN.,5,2012-06-19 09:43:11,,0,那晚做的梦很奇特
Neroat,4,2014-11-17 09:08:39,,3,最后的旋转到底停下来了没有？
潘半仙,4,2011-06-03 23:55:01,,4,独特而又全新的科幻视角探索了人脑对于梦境的神秘诠释
阿士匹灵,5,2010-11-04 14:08:08,,0,我的陀螺再也停不下来了。
伊谢尔伦的风,4,2010-09-04 20:08:47,,8,剧情不错，设定不错，总算是为我至少半年来都只能对着波斯王子之类片子的剧情吐吐槽的日子划下了休止符……不过也没“优秀”到“完美”的地步吧？我觉得动漫里这种设定和剧情很常见啊……另，不理解为啥有人说看不懂。又，绝不是我的错觉！雪山那个碉堡（医院？）的外墙上出现了CCTV字样！
子虚乌有亡是,3,2010-09-02 17:26:20,,2,afterallthatsickpropaganda
Dr.Young,4,2010-09-14 22:17:07,,0,没媒体口中的那么难懂吧..看来一切只为吸引眼球罢了..
天然呆,3,2017-03-17 14:14:05,,7,我能说我智商不够看这种电影吗？看不懂怪我咯
ryan,4,2010-07-27 07:28:46,,0,在我看来这片子只有一种结局不剧透首先剧本很好懂有一个很不错的设定反而凸显剧情的单薄其次我严重认为芝麻配乐脱节和全片氛围不搭最后给与四星还不得不提的是主角团队有个男人太性感了!SmokingHOT!出场时穿的花衬衫特有魅力~
叶荣添,5,2010-10-25 17:32:38,,0,无可否认，诺兰是个天才，他会有卡梅隆的成就
Halah,5,2010-09-11 23:38:47,,0,哇MarionCotillard。哇ellenpage
StanGoD,5,2010-09-05 09:01:27,,0,omg，需要多看好几遍了
🌊🌈🌟,5,2010-10-04 23:33:59,,0,我也许是最后一小拨看完盗梦的人~只能说诺兰绝对牛逼，不拍续集对得起谁啊！
张,5,2010-07-16 22:18:29,,9,一开始的三个场景转换可能会看的云里雾里。但是渐入佳境后就环环相扣，顺便解答开场。没有马丁的莱昂拉多依然保持他的演技派。Joseph太有爱了，伊默斯抗起他的榴弹发射器说，亲爱的，既然是做梦那就来个大点的。没有停下的陀螺，万一我们的生活真的是一场梦。
午后阳光❤,4,2012-09-03 11:54:24,,0,曾经因为一个人在封邮件里提过“梦中梦”，而执意不去看这部电影。时过境迁以后，想起要看这部电影时已经没有任何感觉。看之前期望过高，好像没有特别难理解，关于几何空间始终不懂。
牛逼孩子,5,2010-09-05 12:46:12,,0,凑合
Diva Tequila,4,2011-02-07 01:10:20,,0,给力哈
非鬰,5,2017-04-02 13:46:19,,3,最後一幕究竟是現實還是夢境……
just game,4,2012-06-19 06:27:09,,0,结局都很欢乐。都得到了自己想要的东西。包括那位阔少爷~
echozhou,NaN,2012-06-19 10:26:56,,0,看起拽瞌睡
慢动作前腰,5,2012-06-19 09:39:55,,0,走进思维深处的混沌无意识
积木屋子,5,2012-06-19 10:47:43,,0,LEO穿西装的时候给人非常绅士的感觉
霖Lee的空间,3,2012-06-19 05:01:58,,0,有意思
LeO,5,2012-06-19 10:27:24,,0,剧情不错
小树苗和小数点,5,2012-06-19 06:21:50,,0,颠覆正常思维
旺旺,5,2012-06-19 10:44:31,,0,非常喜欢
十五、Think,5,2012-06-19 10:31:37,,0,一个信念，影响着人内心深处。。媒体？社会？环境？
微笑的人生,NaN,2012-08-12 20:00:17,,0,还不错的电影。。。喜欢
我真的洁癖,NaN,2012-08-12 12:39:28,,0,制作上算大手笔。
流浪钢琴诗人,5,2012-08-12 12:59:18,,0,超好看啊！
撕皮大盗,5,2012-08-12 21:36:33,,0,深奥
随风蜗牛@琦,5,2012-08-12 10:49:13,,0,到底哪个是真实的，我也不清楚。亦真亦幻的也挺有意思。
腰腰,5,2012-08-12 20:39:35,,0,关于梦。看了多遍都不觉得腻
Roby,5,2012-08-12 18:29:57,,0,高智商
流川文文,4,2012-08-12 19:49:56,,1,会迷失在梦境的第几层？
青森,5,2012-08-12 23:32:41,,0,很喜欢看过以后有些后怕虽然猜到结局了~
沈豆豆,5,2012-08-12 21:13:18,,0,需要带着脑子看的电影和ex一起
无爱无忧,5,2012-08-12 07:53:13,,0,另外一个想象空间
朗立,4,2012-08-12 22:45:40,,0,超喜欢的一部电影
Foolsonparade,5,2012-08-12 23:55:34,,0,去电影院看，值回两倍票价
西月城主,5,2012-08-12 14:20:42,,0,诺兰给我们编织的又一个噩梦。
煦,NaN,2012-08-12 22:56:26,,0,环环紧扣。
s,5,2012-08-12 17:50:57,,0,内容很刺激，但也很发人深省，如果意识可以被植入，人性的黑暗面将会发挥得骇人听闻
miyako,NaN,2012-08-12 13:15:47,,0,周公也解不了的梦。
女魔头,5,2010-09-04 22:58:03,,0,诺兰再一次成功的卖弄了他的技巧。。
kizu,3,2010-09-02 18:16:53,,9,也就是立体交错的剧情而已，结尾和开头可以连起来做无限循环。。。
© 自由过客,4,2010-12-12 18:00:05,,0,值得重看
Abe,5,2010-09-02 14:43:57,,0,六星成么
阿斯顿,5,2011-02-28 17:31:30,,0,好
Icey,5,2017-01-23 21:46:38,,6,梦与现实。
御伽雀,3,2021-02-02 23:57:12,,9,这群人的行为动机未免装逼又生硬
赱馬觀♣,3,2013-01-08 00:44:33,,6,盗梦，像一根镶着铂金丝的晾衣绳串起的一堆老旧褪色的过季衣服。卖点停留在细薄的概念层级，反复提醒你存在一层层梦的嵌套。等身临其境之后却发现，这些梦境实景远没有预期的神秘奇幻或者视觉震撼，只不过是一些早已见怪不怪的好莱坞现实主义动作俗套的组合，而展示得又远不及勇闯夺命岛那般精彩刺激。
年轻且颓废,5,2023-10-03 05:51:02,美国,17,只要是让你快乐的地方陀螺能不能停止旋转还重要吗
鬼腳七,4,2010-09-09 22:59:03,,2,成功的商业范例，仅此而已。ellenpage的戏做得欠了点
mini pocket,5,2012-06-19 14:06:39,,0,艾伦佩吉脑残粉。
涂俊南,4,2016-12-22 02:42:52,,10,我居然一直以为我看过只是印象不深……才想起来高一班上放这片的晚上我跑出去喝酒了……
逆光飞翔,5,2010-09-02 00:26:20,,0,《盗梦空间》以其复杂多变的剧情结构与故事内容，以及惊心动魄的动作场面与视觉奇观作为制胜关键。面对影片整体如此无与伦比的震撼效果，除了令到观众发出惊叹之外别无他言。
张春[阿卡纳],5,2010-09-01 12:30:08,,5,小费舍醒了以后就完全不记得他们了吗？另：后来被音乐炸到要崩溃了。
dada,3,2010-07-20 13:08:56,,9,大烂片，不过演员和场面真的不错
57,4,2011-11-16 20:05:33,,5,做一个落后于时代的人，嘿嘿~
邓若虚,5,2010-09-05 09:22:42,,8,1，一秒钟都不浪费，非常紧凑，故事讲得一清二楚。2，用EdithPiaf的那首歌，是想提醒观众玛丽昂·歌迪亚饰演的梅尔的存在吗？她也是对这个计划影响最大的人。3，失重那一段是我的最爱。
瑷珺,4,2017-06-01 19:43:05,,5,在看完这部电影之后，我觉得心里有许多的感觉说不出来。
高光光,5,2010-07-17 12:58:30,,0,amazing!对于梦境始终都很迷恋的我在这个电影里找到Nostalgia的感觉。到目前为止是我最喜欢的电影！！Leonardo，myfavouriteactorever!
田赋妮,3,2010-08-03 09:22:30,,2,littleideathatsall
____沐儿,4,2017-05-25 20:54:02,,7,你在等一趟火车，它会把你带去远方，你知道自己想去哪里，但不确定火车开向哪里.但是没关系，这是为什么呢，因为我们会在一起。
Alain,4,2016-01-31 16:13:13,,8,热门老电影重映之前记得删光自己曾经的短评。
亲爱的桂花树,3,2016-04-10 15:10:07,,10,是怎么成为年度热点电影的？想不通。没觉得难懂，只觉得没意思，情节设置如同游戏，怎么可以拿它跟黑客帝国媲美呢？小李子总是演这么忧郁矛盾情感受挫的男人，真是够了。
蕾蕾,5,2010-09-25 12:46:51,,0,最近比较好的了
空中飞人,5,2010-09-19 21:12:38,,0,2010.9.19许昌奥斯卡
小红帽,5,2010-09-09 23:32:59,,0,你在我旁边
衫弃,5,2010-09-06 16:31:30,,0,这才是电影。
宅拾叁,5,2010-12-28 18:43:20,,0,完全符合逻辑的一个梦
清欢无别事,4,2017-05-31 07:21:16,,5,看不太懂，果然不太适合看这种片子
Indecent time,5,2014-11-19 00:07:41,,4,fuck！没想到第五刷让我彻彻底底爱上了这一部！剪辑用镜和节奏堪称水乳交融！主题的若虚若实也与星际穿越完成了镜像转换，个人前十可期！
扌丁月佥,4,2017-03-22 12:43:54,,4,剧情很紧凑，以我的智商看不懂。
子非鱼,4,2010-09-06 11:12:05,,0,阿瑟~~阿瑟~~~~~~~我也被人植入想法，变脆弱了%>_<%
svincher,5,2022-12-25 20:15:33,江苏,19,印象最深的一段话就是，想法就像病毒，顽强无比，感染性极强，再细微的念头也会生根发芽，它能塑造你，也能毁灭你。很震撼的电影，不止是视觉，而是关于念头，关于梦境与现实，或许我们以为梦不是现实，但有时候自欺欺人的念头何尝不是梦境般困住我们，束缚我们的念头，让自己分不清现实与虚幻。活在当下，无论梦多美好都要记住面对现实，才是真实存在的。
彩彩子,5,2012-09-03 18:35:26,,0,我想我可以醒来。
齊楊森,5,2010-09-27 21:19:05,,1,進入你的世界。不願意醒來。
godzilla,5,2018-07-01 10:31:36,,5,电影虽然是华纳兄弟资助的，但它仍然是一部诺兰风格的电影。诺兰写了剧本，导演了电影。富有想象力的想法渗透在他写的对话和他设定的情节里，这是一部思想家的电影。
环玥,4,2010-07-27 12:13:19,,1,逻辑严密，场面自然没的说，关键是漂亮的黑色故事。上一次我为了他的黑暗之神特意飞了香港，这次为了他放弃了海港城的购物之旅，蛮值得。
RC,5,2010-10-26 01:44:31,,4,其实我想吐槽的是：为啥里面的人在做梦的时候都非要用常规武器不可|||明明想得出榴弹炮，就不能来个大火球龙召唤术什么的吗！
虚弱橙,4,2010-10-01 18:26:48,,4,诺兰也成为了宣传比电影本身漂亮的导演
麦田,5,2010-09-15 01:13:20,,0,至于解构、诺兰就不必多说了，他成在细节上，众多的经典镜头注定使得此片名垂影史。这会是里程碑式的电影，如果在技术上的里程碑片子是阿凡达的话，本片我敢说是类型电影的里程碑。将会和低俗小说一样载入史册。
Olive,4,2010-09-01 16:09:39,,1,要看明白，还是得借助攻略……必须要说，CillianMurphy作为这部戏的花瓶太对味了！~Marion演小李的亡妻演出风格来了呀——阴魂不散。
現役☆駄目人間,5,2010-09-25 23:47:11,,2,20100918❤陪你看的XD
King Sitcome,5,2010-09-04 15:21:44,,0,看得我感冒了~~~动作场面蹩脚，态度形式做作.也无碍于其尿性的姿态!各种彩蛋，疑问!绝对怀疑主义，相对主义，悖论，虚无主义，经验主义，解构主义，梦的解析..............（原来我当时这么激动~~）@大庆万达影城IMAX
20个小明≯,5,2010-09-02 16:24:45,,2,【哈-中央万达】他为电影而生，他会被载入史册，他就是个传奇！！！他是诺兰…（这片真是太TM精彩了）
仙人掌,4,2010-08-29 19:52:10,,1,幸好温习了Nolan之前的作品，完全看懂了~
披着人皮的鬼,4,2010-09-07 20:09:46,,0,过誉了看一遍理解完全无障碍但各方面都算是优秀作品但如果对盗梦或植入没有一个完整的系统的解释（比如潘多拉的世界）那离经典可还远着呢
不吵的猫,5,2017-02-16 01:04:02,,9,烧脑不聚精会神的看根本看不懂。不过好喜欢这种片子哈哈
凉拌培根,5,2014-03-19 12:58:41,,0,一遍懂啊没说的那么深但是给的感觉就是在做梦一样我喜欢page
自存,5,2011-11-29 02:57:29,,0,一个轴心的运转需要什么作为平衡呢。没有人会了解自身的潜意识动机，或者说没有人真正了解自己。
mOco,4,2010-09-19 09:23:06,,2,诺兰的水准之作。
大發,5,2010-09-02 11:04:03,,0,佩服逻辑之强。2010我的最佳之一。
小鸡破逼于,5,2010-09-05 23:57:15,,0,看了两遍，几乎掌握了所有的细节。别的就不多说了，其最让我欣慰的是作为一部反映梦境的片子几乎摒弃了所有和符号有关的东西，大好！
♣lùlu♣,5,2010-07-25 20:00:33,,24,如果这是梦，我愿长醉不愿醒
橙曦羽潞,5,2017-05-12 19:38:31,,5,卡梅隆与诺兰，可以打5分了。电影确实很精彩
恰卜恰布,5,2011-08-05 11:24:02,,0,小李叔一级棒··还有囧瑟夫··刚开始听人说这难看懂那难揣摩的···其实没说的那么深不可测
镜花水月,5,2011-03-29 11:54:38,,0,啊~~这类片子我抵抗无能……
JOJOSAMA,5,2010-07-17 10:49:50,,0,诺兰这个名字就值五颗星，果然是神！中文译名很有问题！
panger,3,2010-09-04 20:49:44,,0,梦中梦中梦中梦。。。
吃瓜的小土豆儿,5,2017-04-09 21:11:32,,5,超级好看，编剧这脑洞也是没谁了
汽车大师,5,2010-09-01 21:48:55,,4,达到期待值；叙事上比不上prestige花巧精致，但诺兰能把一个理论上复杂的故事说得如此简洁明晰，是他最大的本事；批评这片梦境不够超现实我觉得是牛头不对马嘴
敏感的小宇宙,3,2012-01-19 20:55:46,,0,跟不上，有点乱了我
adown,5,2010-09-03 00:06:41,,1,相爱的人会有一个不倒的陀螺。
软蛋黄,5,2011-09-03 00:50:40,,0,自从有了盗梦空间，整个电影界的格局又焕然一新了
关雅荻,5,2010-08-04 02:28:27,,4,Inception他更多关心的是世界观完整，人物塑造和真实感的视觉呈现，三者结合后，你会忘记所有的技术细节疑问，或者说这电影根本不承载回答类似“分享梦的机器原理怎样”这样的问题。诺兰证明了电影未来的一个重要方向，就是想象力和电影技术结合的极限将被反复突破，Inception绝对是
谷玄,5,2011-05-08 01:01:16,,0,无与伦比
王敖,4,2010-07-20 11:17:41,,5,动作版的野草莓，看的时候老想起博尔赫斯，或者列子。要说缺点，就是风车比较傻，让人想起无极的馒头。
Ｍ．,5,2010-07-30 16:00:01,,1,重点是有Marion，Marion，Marion！！！配角控不淡定了。。。
小锡兵,5,2010-09-22 16:03:55,,1,怪不得人都说工作时不能感情用事~建筑系同学应该会很爱吧╮(╯▽╰)╭
岛上的夏奈,4,2010-09-06 09:39:11,,5,大脑研究和意念知识的初次大银幕展示
NeoCon,5,2010-09-01 13:06:30,,0,Nolan'sfirsttruemasterpiece
zoey,5,2017-07-23 16:00:01,,4,今天又看了一遍，之前看只是对梦里那个新奇的世界感兴趣，天马行空让人神往，这一次看看懂了Leo和mal的纠结，一层一层梦境的嵌套。最后，我还是更愿意相信Leo回到了现实
刃,5,2010-09-12 21:45:18,,0,好看。虽然情节让我想起了筱原千绘还是谁的一部古早漫画的情节。。。
夜夜读毛选,5,2010-10-06 14:43:42,,0,诺兰难以置信的自我超跃。
CaesarZX,5,2010-09-14 23:13:00,,0,应该可以负责任地说，这是我真正开始看电影以来，第一部让我从头到尾没有空闲去联想其他事物的电影。好吧，除了同导演的Memento之外。
刘二,5,2010-12-06 02:53:37,,0,关于图腾那个色子应该是因为它独特的重心和重量当然要是在设计过的梦里点数应该是伪随机的就是会周期重复但是如果周期设计的很长真没有时间去用随机数验证是否在梦境跟人家陀螺比差太多了不是
独眼苍狼夏侯惇,5,2018-05-02 19:45:34,,5,好看
emillyhom,5,2018-05-04 16:36:53,,4,有点烧脑，死了不少脑细胞。所以最后到底出来了吗😂😂😂
鸡头井。,NaN,2010-08-29 18:26:55,,34,没有那么。。。好。。。吧。
ReMinD,5,2011-02-27 23:03:32,,0,看了不懂上豆瓣再看分析终于懂了。。实在是经典啊。
Ruby超人小姐,5,2010-09-04 17:10:25,,1,导演真阴险啊！！！
春暖花开,5,2010-11-29 17:38:46,,0,Ellenpage
小柒,5,2010-09-01 09:13:52,,4,梦里分不清身是客..
巫小能,5,2010-09-05 19:23:48,,0,牛逼！！！！
sea,5,2012-02-22 05:28:10,,0,很有创意！近几年少有的大作
alfredo,3,2010-07-16 23:47:04,,4,本以為是多層夢境交織的複雜科幻心理驚悚劇，其實是新世代好萊塢電玩動作片。電影花太多時間在解釋劇情，讓前半段顯得囉唆且停滯。後半段又放太多無聊動作設計，高潮的潛意識自剖也已經是過於老套，雷也不算是雷了。除了幾幕演員動人的表情，感覺故事說得很累又缺乏神采，不知所謂為何。
naramiki,NaN,2010-09-13 01:07:00,,8,看完了盗梦空间有两大发现：1.小李长大了，成熟了，当她说“Ijump”他不jump了。2.CCTV在第三空间给大家造梦，然后被帝国主义盗贼炸了。
开,5,2010-08-16 00:02:58,,0,nb。
黑天使,4,2012-01-19 13:09:49,,0,盗梦侦探更早一点
诸葛若见,5,2011-06-18 18:38:45,,4,除了画面，剧情给的启示感及带来的沉思，也足够赞！
sosovipp,4,2012-04-05 00:32:28,,3,语录：人太多就没法思考。万事皆有可能，只是很难成功。
菲氏葉猴,5,2010-07-18 00:27:10,,0,结局只有一个
查無此人,4,2010-09-05 23:06:25,,0,当然它是伟大的电影，可是对个科幻迷来讲，震憾远不象第一次看philpk.d写记忆植入来得震撼。有莱在，就忍不住希望可以在悲怆点，呵
裘笛,5,2010-07-19 14:57:56,,0,4.5
elle,5,2010-09-01 17:33:38,,0,很幸运它提早上映了让我有幸一看。p.s：我原本以为那对正太萝丽永远只有背影的，没想到导演很给面子地让我一睹正面。果然没有让我失望，甚至比我yy的更萌。
WAKEUPSTUPID,4,2010-09-07 23:02:56,,0,林奇，他们都在死命追着你，即便一切都是徒劳，，
U 兔,5,2010-09-01 23:08:04,,2,2023年重看，感觉还是挺舒服的，叙事讲究，有人物有故事有美术，完全是个好玩的大片，看着毫无压力，特别消遣。而且发现囧瑟夫好帅啊，他那种闭上嘴做事的职业感让我特别爽。故事讲得真的好，虽然夸张，但是有很多可以玩味的地方，也佩服诺兰的脑洞。2010年9月1日说：让卡梅隆打酱油去吧~~顶！no！让詹姆斯卡梅隆玩蛋去吧！！！
肉一,5,2010-09-08 11:03:26,,0,So，youstillinthedream.
A L E X,5,2010-09-01 23:37:14,,3,我爱约瑟夫·高登·莱维特。这片子太给力了！！！！！！！
Lucifer,5,2010-11-19 03:21:14,,0,SOcool创意无限，人物众多且都描写到，演员个个表演到位，展力十足，戏剧性很强，感情线索虽多胆条条分明，爱情父子伙伴之情有感动到我，细节显功力，没有明显硬伤
陈永仁,3,2010-09-10 13:14:30,,4,nolan没有任何新东西
哒啦哒,5,2010-11-06 09:38:38,,0,相當不錯啊這部片子2個多小時我一直没有放松過
修小豆,4,2012-06-17 17:02:46,,0,没评价的评价
放开那个浪味仙,5,2010-09-05 22:04:49,,1,神作。
月呀么,5,2011-05-11 23:49:36,,8,值得也需要看第二遍的
一米八五,5,2010-09-09 00:16:35,,0,速看影评
Simon Louis,5,2012-04-24 21:33:57,,0,像这种牛B大电影，靠三两句短评是没法撑得起的啦。
左红右蓝,5,2012-09-03 09:45:43,,0,电影院看了两遍
雅克BacK,5,2010-10-04 15:31:44,,0,诺兰and迪卡普里奥.，，，，，还能说啥呢··
天蝎小猪,5,2010-10-10 00:39:18,,1,开放式的结局啊~~
阿苦,5,2010-09-04 23:23:03,,0,转啊转啊转啊转
YoyoRan,5,2010-07-30 08:59:49,,1,因为太精彩，所以看得我想睡觉！很多事情你完全想不起它是怎么开始的，因为它其实是一个梦。梦都是没有开始的。
Loy,5,2010-07-17 16:10:50,,4,mymindwasblownout
仙仙美代子,5,2017-03-16 23:14:28,,4,可能好多没接触过这种题材的人第一遍会看不懂！梦与梦相互交叉！哪个是现实而哪个又是梦境呢！最后结局看了好几遍都不知到底是现实还是梦境！
小野潇潇,5,2010-09-19 21:01:40,,0,今天终于有时间去把想了18天的这部电影看了，我喜欢里面的各种老男人！
Moe Szyslak,4,2010-09-05 20:51:28,,0,看懂了90%
tinn,5,2012-06-17 17:40:27,,0,trick
Sammy,5,2010-12-21 10:31:33,,0,睡觉会不会越睡越累？
只有霸王,4,2010-09-05 22:01:46,,2,剧本结构并没有杰出至使人咂舌的地步，甚至在精妙性上，尚不如诺兰自己的《记忆碎片》，但其仍不失为一部很不错的商业影片。它的成功绝非来自剧本的勾合累砌，而主要出自对“梦境”体裁的尝试性探索。常人在面对不可知论时，都会自生出敬畏，遂而赋予其神圣感——这是该片评分极高的主要原因。
fallingraining,5,2011-09-12 23:46:32,,1,这片子太牛了，创意和剧情都几乎无可挑剔，估计要看了第二遍才能完全理解。
庸人自扰,4,2012-12-11 02:29:11,,0,现在一点不想看诺兰
海洲v5,5,2012-12-08 02:30:47,,0,dreaminyourdream
Shushu@Paris,5,2012-09-30 02:29:42,,0,fantastic
冻鱼哥,5,2012-06-19 15:48:38,,0,一直紧绷着神经！
竹幕,5,2010-10-05 19:49:34,,0,我睡着了，在电影院里……
Small.D,5,2010-09-08 01:00:02,,0,诺兰肯定很爱三明治，从《追随》到《盗梦空间》都是一层层哈哈~
无非,5,2010-11-06 01:53:27,,0,标签上居然有哲学，无奈了。
凹凸代餐,5,2010-09-01 17:19:59,,0,打三星及以下的都脑子进水了吧。是说你们装逼装得深沉。还是说你们智商太低看不懂。这绝对是我在影院看过最牛掰的片。完秒阿凡达。整个观影过程就是Perfect。唯一的怨念是最后收太快。两个多小时看得心跳加速。一下子就慢下来了。该有个过渡吧。下面是HC时间：艾伦和玛丽昂好美！约瑟夫好帅！
Mademoiselle B,3,2011-09-17 11:16:08,,0,看了《致命魔术》后……
搬砖少年,5,2010-09-01 22:59:08,,0,细节的处理和结构近乎完美，NOLAN难道以后的剧本你可都写个八年？
少 年 不 二,5,2012-09-07 02:30:29,,0,很费脑子的片子很新颖的方式
张子慎,NaN,2012-06-14 02:29:04,,0,再次证明了先进的科技足以破坏人们的生活，而未知的东西恰恰是人们最想了解的。
aierlanhisocc,5,2012-08-20 02:30:31,,0,从电影院出来后跟靖哥哥一起大叹“‘真值！”
rojecknet,5,2012-08-25 02:28:44,,0,最成功的小众电影，粉丝众多
你不懂得3点半,5,2012-08-15 02:27:58,,0,一个字.震撼
啾啾啾啾啾啾,4,2012-06-09 02:27:31,,0,还是很喜欢的。我爱梦。
怪盗基德,5,2012-09-03 15:14:40,,0,相当相当佩服编剧的想象力，导演的执行力，演员的表演力，赞爆了！！！
Name.G,4,2012-09-03 12:54:09,,0,什么东西你看多了都会有新的感悟，所以，别告诉我，你看几遍之后懂了，故作悬疑的目的就是，让你永远有点那么不明白，才会更爱Ta
June。,4,2012-09-03 12:50:07,,0,叙事架构好。。
不怕死_柯柏文,5,2012-09-04 01:13:46,,0,真的好看。我觉得最后totem停了。
航leon,4,2012-09-03 16:57:03,,0,挺好的电影，第一次看有些眼花缭乱，电影结构设计新颖独特，情节很紧凑，演员很出色。
sxlxk,NaN,2012-09-03 11:31:20,,0,你有梦想吗？你记得你的梦吗？你相信你的梦不是真实的吗？你还敢做梦吗？
被时间扑了空,5,2012-09-03 12:27:52,,0,每个人的心其实都蕴含着极大的能力，能创造，能主宰。我们能创造梦境，在梦境中我们是无所不能。然，梦境果真虚幻不实么，你又可知梦境不是另一个世界的真实，而我们所谓的真实，其实是另一个世界的梦境？
夕阳下的猫,1,2012-09-03 10:58:11,,3,太费劲了。
MoMo,NaN,2012-06-17 10:40:00,,0,看了两遍才懂
冷布丁,5,2012-06-17 05:30:55,,0,最后肯定是现实
咻咻咻咻咻贤呀,4,2012-09-03 19:39:09,,0,我其实没有看懂。。。。。。。。。！！！！但感觉是部好片。。
爱装傻的小可乐,4,2012-09-03 17:17:47,,0,梦中梦
伊翁,5,2012-09-03 13:02:30,,0,最后的陀螺到底停止了没有
vimmy,5,2012-06-17 11:51:23,,0,哎原谅我的智商有限看了两次都没有看懂
项背,4,2012-09-03 10:14:32,,0,表面题材新颖
包裹,5,2012-09-03 21:47:32,,0,现实中的陀螺永远不会停
轻微偏南风,4,2012-09-03 21:34:09,,0,电影院看的，效果很好。电影构思挺奇妙的。
我真的比你高啊,3,2012-09-03 10:10:31,,0,这尼玛不就是我的梦吗？
昨日de斜雨,5,2012-09-03 19:36:08,,0,这部片子带我走进诺兰，真是相见恨晚
迷思鹿,NaN,2012-09-03 20:21:19,,0,我好想也做过两层的梦境
猪猪没头脑,5,2012-09-03 19:22:13,,0,完美。看了两遍。
竹沐司,5,2012-09-03 21:26:17,,0,脑筋大爆炸！
刘Fairy,NaN,2012-09-03 16:07:31,,0,只能用NB来形容
[已注销],5,2010-09-01 18:52:53,,0,大神啊，请盗我入梦吧！
菜端,5,2010-09-07 23:44:59,,0,诺兰的片得看
|,4,2010-09-07 17:09:20,,0,真的比诺兰以前拍的东西容易懂点儿..
Queenside,5,2017-02-06 23:16:40,,4,电影画面效果美呆了！！！最后的悬念真的是经典！！！
一碗小米饭,5,2011-04-29 23:32:10,,0,哇哦
Lisaaaaaa,5,2012-07-12 20:32:56,,0,编剧的脑子太牛逼了
包子岛,5,2010-07-17 15:58:14,,2,结局无与伦比的完美.请没看电影的人先不要看剧透，不让会毁了电影！！看完后，有短暂心脏停止跳动的感觉.我该去看医生了
沁兒,5,2010-12-03 19:04:16,,7,重新上映一个3D版我一定再去看一次～
lily,5,2010-09-05 14:37:08,,0,神作！结尾的悬念留得真好！看完电影出来我都不知道自己是活在现实还是梦里了！
罗弘霉素,5,2010-11-06 21:53:59,,5,卡梅隆负责革新电影技术，诺兰负责革新电影结构...
林子==,5,2010-09-27 16:31:08,,0,有种人创造商业片的新叙事结构
Ray,5,2010-09-02 15:30:52,,0,ChristopherNolan套层故事的极致。再看一遍firstDMAX.SHOCK!
vitamine R,4,2010-09-03 20:47:45,,0,看懂了，虽然有点压抑。。。但是是一种不同的享受~不要活在梦里，不管是第几层。也许你可以，所以现实是强大的，它甚至包含了梦。
小徐师傅,4,2012-09-22 22:14:17,,0,看这部片子让我感慨良多，感慨我好像已经过了爱动脑筋的年纪
比芭宝,5,2010-09-04 23:26:24,,0,女人觉得只要和爱人在一起，就算困在天涯海角世界尽头都不要紧，但是男的比她想要得更多，他决计不肯孤零零地做一个无人观赏的创世者，一定会大吼大叫甚至不择手段的把女人拉回现实！VS花@三里屯美嘉
吃 硬,5,2011-09-17 17:08:07,,0,故事讲得好
隔岸之雨,5,2012-07-05 15:34:23,,0,第五颗星，给去电影院看出来的效果
twopersons,4,2010-08-17 23:23:20,,0,好像逐渐停下来了。
凯罗,3,2010-08-11 08:05:38,,11,费脑子的片子。个人觉得这些梦境都太清楚了，我的梦视点不断在转换，有时自己在场，有时不在。这些是无法用摄影机来捕捉的。
甘露,4,2010-09-11 20:28:13,,0,没怎么看懂，为什么要到富二代下第四层，最后2个2B怎么怎么回来的？
一座夏天垮下来,5,2010-07-20 19:16:44,,33,今年最好电影。没有之一。Nolan导演叔叔！！！！！！！你就是个梦想家！！！！！！！！！！！你就是个颠覆者！！！！！！！！！牛逼！！！！！！！！！！！！！！！！全电影院的人都跟着你的设计一愣一愣地笑叫担心恐惧！！！！！！并且所有人出来都是一个反应“我现在不是在做梦吧？”
徐嘻,5,2010-09-03 16:24:37,,0,梦一样的电影，其他都是尘埃
独立日,5,2011-01-29 14:09:53,,0,太具有想象力了
sean cheung,4,2010-08-29 23:48:33,,3,過於賣弄，還算是好電影，但並不是非看不可
Ck,5,2010-08-01 19:09:32,,0,為你沉澱　逾越了理性　超過自然　瞞住了上帝讓你到身邊　即使愛你愛到你變成碎片　仍有我接應你落地上天如你化作了粉末　誰還要健全來沉沒在我的深處吧埋在愛情下　世界快要變作碎花
江边一只鸟,4,2010-10-01 01:47:45,,0,我很可耻的在IMAX厅正中间睡着了。。。。。。
阿暖,5,2010-09-05 20:19:30,,2,2020.9.11看第七遍了，结尾还是心潮澎湃。I'maskingyoutotakealeapoffaith.
cccc,5,2011-01-29 23:22:50,,0,太~刺激了
简佳y,5,2012-06-19 13:18:36,,0,很是佩服编剧的大胆的想象和别具一格的思维
蓝房子,5,2010-09-21 22:58:59,,0,写本片影评的人都是神经病。
空思,4,2010-11-01 19:10:21,,0,既然是做梦，那就做大一点的。
白洁悉,5,2010-09-06 16:09:33,,0,“在你的世界里，只有我是真实的”
Pomelo,5,2012-06-17 17:39:57,,0,无比强大的坑喜欢这种需要思考的坑
MegaMind,5,2010-09-05 20:58:10,,0,我有幸观此片。却无幸放大自己的梦。
sonic monk,4,2010-10-30 23:16:57,,0,好牛哦，在下线前一天去影院看了一盘，差点就跟不上时代的节奏了。其实全是我超爱或者很欣赏的演员，电影也很精彩。
Over5,5,2010-09-08 07:42:20,,1,时空相对论解法
nsxrb,5,2010-11-01 01:28:37,,0,无话可说！太好了
棲qi木聪,5,2010-09-07 21:37:26,,0,梦的解析+空间结构，值得再去看遍
[已注销],5,2010-10-05 15:07:04,,0,电影院看了两次xD
菠萝,4,2010-09-12 23:33:47,,1,四星只因为你是诺兰，你本该做的更好的……放弃了对时间轴的控制，加入了无数无意义的动作戏码。纵然有美妙的Pledge，精巧的Turn，可是诺兰，最重要的Prestige在哪里？难道就只是那个不温不火的旋转陀螺结局吗？中影电影院
米姐起飞,5,2010-09-05 13:41:46,,3,老实说，在电影院看它我喝掉了一瓶嘉士伯及一瓶雪花。加起来要8.5°~以至于结尾时我想上厕所..却定要听完最后的片尾曲才去..等得急不可耐.看完尿完走在凌晨的小路上.仍感觉像场梦~
kindsos,4,2010-09-06 11:18:27,,0,一部成功的商业大片。虽然没有Matrix第一部那么的颠覆。如果说本片是悬疑片，我觉得真的算不上，虽然看懂剧情需要一点儿逻辑思维，但是基本上可以猜到结局。人生如梦，如光，如电。我有亲身体会，我们在梦境里的时间的确要比现实中长的多。梦里的理想国，现实的理想国，其实都不存在。
睡懒觉的cc,5,2010-09-07 19:50:34,,0,【宁/秀】什么是“电影”？这才叫做是“电影”！
NUAN暖,5,2010-09-04 01:34:07,,3,给6星了都
Dora KID.,5,2010-09-05 00:35:51,,0,来。。我们再看一遍。
王神爱,5,2010-11-17 06:58:02,,0,看完脑仁想的痛，但痛的很愉快，毕竟现在已经没什么片子还能让人思考到脑仁儿痛了。
Redspur,4,2010-09-02 10:01:37,,0,之前我一度觉得诺兰会失手，因为一个导演一直保持这么好的状态让人觉得不可思议，但诺兰就是这么不可思议，他再次让我震惊，让人们看到了电影的魅力。
无所谓,5,2010-09-11 07:39:29,,0,Bestmovieoftheyear.aMUSTsee.
陶子冬,5,2012-02-14 00:12:23,,0,电影院首映
人可,5,2010-09-02 19:43:40,,0,超前的想象力
阿诺说,5,2010-07-17 13:51:40,,0,没看懂的片子，能不给5个星么？反正做好了再去看几遍的打算。。。不过，对于这种唬人唬得神乎其技的片子，还真是既佩服又无奈。
老一辈资深小孩儿,5,2010-11-09 07:33:49,,0,神马叫做高智商!瞅瞅人家!
莱尼圆,5,2010-09-06 21:48:29,,0,诺兰展现了惊人的智慧和创造力，构建出一套设置复杂却条理清晰的奇幻梦境，现实与梦中的多层空间，不得不说这很有意思。虽是概念先行，但也少不了大制作的动作场面和视觉奇观，精巧的故事结构和丰富的商业元素出色融合。阴魂不散亡妻的乱入有些烦人，但自圆其说的故事也添加了点人情味。
‐「Lesley﹠,5,2010-09-22 00:31:53,,0,诺兰已经成为现今世界当之无愧的NO.1
鳥肉叉燒包,4,2010-09-05 01:19:40,,0,攝影師WallyPfister稱，華納公司曾希望Nolan把《Inception》拍成3D。但Nolan一口拒絶了，因為那會「干擾觀眾欣賞Inception的故事」。另：倘若视效展现成份与心理戏成份的比例再减少些就好了。
妖嘎冻未条,5,2010-09-04 20:57:53,,0,有没有10星啊？
momo,3,2010-07-19 13:33:26,,1,看不懂梦境构建的规则和逻辑的话，就只是“魂斗罗梦游记”而已TT
Aaroncae,5,2010-09-08 16:11:21,,0,属于我的那个陀螺你不停的转吧，千万不要停下来也不要让我发现！
小卫,4,2010-08-08 16:03:27,,3,费牛劲了
柴犬妹妹,4,2010-09-10 10:51:13,,0,终于看了╯_╰
叫我マグロ,5,2011-05-21 17:35:45,,0,2010.09.xx
泰坦,5,2010-09-07 18:28:21,,0,各方面都很精彩，唯物主义与唯心主义没有对或错，只是不要太过相信任何其一，物极必反，还有不要试图给别人强加思想价值。学校居然组织我们看，这也算是大学的美好回忆吧
🇦🇷🇦🇷,5,2017-01-24 15:54:46,,6,反正当时的理解水平我是没怎么看懂的就觉得很奇妙的设想还有小李子真是太帅了
EVA_征服天堂,4,2012-06-25 15:14:50,,0,梦中梦！
红法师,5,2010-11-13 03:38:06,,0,哈!哈!哈!哈!!
巡歌,5,2010-09-05 11:16:57,,1,"现实与虚幻的距离有多远.片中的梦境有时候又如此的真实.我喜欢电影中的一对白.""他们不是为做梦.现实又何尝不是一种梦呢'一重重的梦中梦.时间与空间上的交替.让我们很容易迷失在自己的梦中.回想起来自己已经好久没有做过梦了.一天天的忙碌让我们都没时间为自己造一个梦境."
笨锅,5,2011-01-03 21:12:43,,0,看了很久了，还是来评个分，不错，哈哈，看的过程中总是在算，第几层了？
老六,3,2010-12-05 01:59:17,,0,大逻辑错了，细节怎么弄也不能变成一个对的故事……是不是我太较真？
motivation,3,2010-09-10 18:05:38,,0,NOLAN的野心不小，耐心欠缺
小塚ai艾,5,2010-09-02 10:30:25,,0,梦中的、梦中的、梦，在电影院里一度怀疑自己是不是在梦中==Nolan是天马行空的思想家>.<！我也想要去一些人的梦中植入想法啊TAT“字幕全部结束之后，有一个2秒的音效，陀螺倒下了，结局不是开放的！”
bayer04,5,2010-07-29 05:25:48,,0,YouknowIlovemindbenders，butthis，THIS!!(andtheyplayedEDITHPIAFasawakeuptune，andtheycastLUCASHAASasthethirdguy).
夜叉®菜小叶♀叶小菜♂,5,2010-09-22 22:02:14,,1,柯布和他老婆造的梦境就是中国人的梦境吧，有那么多房子可住，既可以住这个又可以住那个
周鱼,5,2010-09-01 03:15:42,,0,MYdoubanNO.1234部电影神般的诺兰神般的非线性结构如此观影体验任何一位其他导演均不可复制解读本片的关键在于找到柯布的图腾
七色潜水艇,5,2011-04-20 22:58:51,,0,神作！！！一无话可说了，暂时是这辈子在电影院里看过最棒的商业电影。
SPEC,4,2010-09-01 16:10:24,,0,我一个人去看的
🐳 居北望南 9¾,5,2011-05-14 02:32:04,,0,地球人都知道。
VeooeV,5,2010-09-06 09:03:18,,0,看了就给五星就好了。。还解释啥。。。PS：小李最后大概还是掉进了六道轮回
听风,5,2010-09-08 14:45:54,,0,值得去电影院收获一次视听盛宴以及困惑之感，然后请适可而止，这只是个奠基。
沙拉酱波娃,5,2010-11-03 00:56:38,,0,结局看得有点儿迷糊。那是第五层梦境吗？编剧是受了李商隐“庄生晓梦迷蝴蝶”的启发吗？
Boris,5,2010-10-07 14:05:39,,0,人就是一个想法
汪金卫,5,2010-09-05 13:51:01,,3,在电影院看到落泪
糖吖了个旺旺的,3,2010-09-17 21:20:24,,0,确实是最近今年来影院播放水平很高的一部电影了。但是也想夸张到可以9.4分吧！不过巨星云集啊！
四月物语,4,2010-09-01 06:26:42,,0,没有黑暗骑士那么神
[已注销],5,2011-01-09 18:15:13,,0,名不虚传
陈楸帆,5,2010-08-23 14:05:36,,4,Nolan的电影在构筑逻辑的同时第一次具有这么强大的情感触动，太能想了～
Singin'in rain,5,2010-09-01 23:46:35,,0,神作！！！！Nolan永远不会让我们失望！！！！
追忆,4,2010-10-16 21:04:47,,0,应该承认这是一部成功的结合了各种商业片优秀元素的电影，好导演、好演员、好故事、想象力、爱情、悬疑、枪战等等，但唯独没有思想深度，这一点甚至比不了蝙蝠侠6；因此经过慎重考虑选4星，同时也再次证明，无论什么事情，期望越高，失望越大
闲人,5,2010-09-05 23:31:33,,0,诺神完胜卡神
