user_name,star,comment_time,geo_ip,vote,short
囍夭夭,4,2009-04-06 20:40:29,,5663,看到开头就知道结局，不过这并不重要，重要的是过程。。。最感人的不是赢得职位，而是在厕所里捂住儿子的耳朵。。。作为一名容易感情用事的中国观众，感动比励志对我来说更重要=。=
Zia,5,2009-08-09 19:33:17,,6738,如果能让自己不再为光阴被虚度，才华被耗尽而流泪，如果能让自己坚定，“我不要似是而非的人生，我要自己做的每一件事都刻骨铭心”，那么这场狂热便是得其所，记住这永远不是最差的人生。
水木丁,5,2015-03-08 15:31:34,,3584,虽然是个好莱坞励志片，但真正让我感慨的其实是，穷人想要翻身，真是太难太难了，他们大多数不是不努力工作，但确实是一根绳子勒在脖子上，压根没有喘息的机会，而且他们的孩子从出生下来就没有，毕竟不是每个穷人家的孩子，都足够幸运能有这么顽强，比别人聪明十倍的爸爸啊。
疤疤爸爸,5,2009-08-23 12:15:59,,2507,为毛不去天桥上乞讨？为毛不去地铁里乞讨？在我们这儿是这么办的。
半袖,5,2007-01-28 00:42:12,,2172,孩子母亲颤抖着说你会照顾好他；装扮成时光机器来安抚孩子，子夜洗手间中独自哭泣；“你是个好爸爸”，孩子说。看电影的时候，我的手经常不自觉的紧握着，为那揪心的困窘。幸福在这里敲门了，可是那些没有被敲门的人呢？
天亮天黑,5,2010-11-10 20:38:55,,1168,生活时常会让我们感到艰辛，并会让我们无数次目睹生命在各种重压下的扭曲与变形。——《生命不可承受之轻》
小没,4,2008-02-12 19:07:33,,3658,我一直记得，有人对我说：当你迈过这个坎之后，你会发现，还会有什么不可以面对的困难。
小海,5,2012-04-04 18:24:29,,1132,想起来徐本禹说的那句话：”你穷，别人会同情你，但你一直穷，别人不会一直同情你的。“《幸福来敲门》虽然算不上是完美的励志片，但它至少教会我一点，不要把自己经历过的事儿当个事儿，即使能感动他人，这些也什么都不是。把这些扔在脑后，让生命爆发出战斗力，去击败一切，才是真正动人的感人故事。
曾经,4,2010-01-22 23:46:32,,1773,有点失望...感觉是为了励志而励志......要不是导演和演员功力，就沦落成俗套励志片了......
青猫,5,2008-02-17 16:59:01,,713,除了幸福什么都能放弃一定要幸福和自己喜欢的人在一起做自己喜欢的事
树木夕凉,4,2007-04-28 19:30:46,,773,失业时候看的，简直是催泪弹，WILL的儿子将来一定是块料，奥斯卡上看他跟小美女打闹，忒逗.
冲浪小子Z,5,2018-06-17 14:00:30,,526,老爸走了10年了，还是会常常想起他
lynn,5,2016-12-31 13:32:56,,292,Yougotadream，yougottaprotectit.Don'tletyourdreamsbedreams.
今天也没有猫,5,2018-02-05 14:56:42,,213,以前的英语老师推荐给我的，非常励志感人的一部影片，父子俩睡在厕所那一段至今印象深刻，逆境中的依偎和成长很打动人。
明天你好,5,2018-05-26 23:26:34,,189,爸爸为钱被政府划走而打电话时，儿子的表情很戳心，爸爸和别人争吵打架时儿子的哭泣很揪心……儿子看到了爸爸所有的窘迫，还好孩子只是孩子，转瞬就会忘记所有的困境，愿他的未来足够精彩！
luc1en,NaN,2009-06-09 01:25:45,,5181,不是幸福来敲门，而是死皮赖脸敲幸福家的门，直到幸福来开门
shield,4,2017-01-05 18:11:19,,211,就算身在阶级底层，父亲也极力让儿子相信世界并不是那么残酷无情，故事非常感人。
Over5,3,2009-01-11 20:48:02,,1492,睡在厕所的父子，有人被尿憋死在门外～哎～
Panda的影音,5,2011-10-10 20:42:58,,147,我们都不晓得幸福什么时候会来敲门？所以我们最好自己主动去寻找。
momo,5,2016-11-01 01:16:13,,115,really励志，很多时候，再艰难也要撑下去，因为更艰难的日子在未来。。。
EMMA,3,2008-01-25 08:48:30,,1172,不太喜欢里面说的有钱了代表幸福了，它的穷困与之后富有，只能说是不用为了钱奔波而已
张樾,4,2008-02-17 09:53:47,,200,总会找到一个上帝，端坐天堂。
荒芜,5,2017-03-12 21:17:26,,95,当你迈过这个坎，后面没有什么是过不去的。可如果当你翻过一座山。发现后面全是山。你还能坚持吗？现实远比电影更残酷。
某茶君,4,2007-01-25 01:07:18,,133,就算一个男人面临再窘迫的环境...他至少还可以拥有自尊...梦想以及明天...我也要守护好自己的理想...关于电影而言有些副线做的稍显简单...故事还有一定的潜力可以挖掘...
sharon,4,2017-03-19 22:39:56,,197,看到男主最困难的时候去捐血换吃食，带着西装上班，特别心酸，而这份难受的对比使得美好结局更激动人心
乌漆麻黑,5,2021-02-17 02:54:05,,70,前面的时候我会想，人生真有这么难吗；后面又在想，成功有那么简单吗；
朝暮雪,4,2012-08-18 01:16:50,,86,如果陪伴你我就无法工作，但如果工作我就无法陪伴你，那我还是陪伴你吧。
小熊娃娃,3,2009-08-23 00:29:04,,529,★★★[CCTV6]典型的美国励志片，有点假有点滥情，有些小细节不错。只是，我很反感这种“美国梦”、“成功梦”的模式，现代社会的骗局，只能把艰难的生活变得更艰难。
三井寿司🍣,4,2018-01-15 18:55:48,,104,这绝对是我看过的最温情的影片之一！片中父亲为了孩子能够吃上饭，一贯好脾气他与别人起了争执，不在乎自己挨饿，自己遭受白眼……只在乎对自己来说最重要的人。影片最后，父亲一身轻松走入人群中的镜头，让我想起来了朱自清的《背影》，一样的温暖。
斑斑点点,5,2017-03-12 14:07:10,,66,大学英语课看的电影。非常典型的好莱坞励志片。也很适合学习英语。
赤练的老公,4,2017-12-26 19:04:20,,116,前半段很绝望，后半段很励志。儿子的爆炸头好评。爸爸在绝境中一直努力，很振奋人心。值得一看
收尸中心阿姨,2,2010-04-09 12:22:13,,200,这部电影让我对史密斯的好感度直降。。。。
谢谢你们的鱼,1,2012-01-12 11:12:45,,283,忍不住再发一次，真的是一部让人忍无可忍的超级烂片，剧情就是，我们家很穷，我很有天赋，然后我和儿子过得很惨，煽情往死里煽情，然后结束，佛都有火啊，剧作上毫无价值与水平的片子，也难怪中国电视剧都又臭又长了，大家都喜欢模仿这种恶心的电视剧式电影。
叶洲,4,2008-07-06 22:57:15,,81,没有走国产教育故事的勤能补拙的谬论道路，突出了天赋+机遇+努力才能成功的道理
雨果,5,2016-12-29 12:37:30,,47,生活时常会让我们感到艰辛，并会让我们无数次目睹生命在各种重压下的扭曲与变形。——《生命不可承受之轻》
幕天席地,5,2017-03-04 09:00:55,,44,努力总会有回报吗？
大头绿豆,3,2008-10-17 01:01:14,,430,嫌假了点
花衬衫,4,2017-12-06 10:56:15,,50,记得以前高中的时候，全校晚自习统一播放，当时看完很感动，温情励志正能量，评分这么高也不无道理，确实算一部好电影，可能有一些不太合理的地方，但可以忽略，注重故事本身的内涵。
安东尼,NaN,2007-04-20 12:28:55,,222,能看进去典型的美式节奏感动？米有
滚滚的麻麻,4,2017-08-15 00:34:59,,38,上学的时候老师推荐过很多次，只是没有入心。
后天的雨,5,2016-12-31 21:11:39,,47,生活总有这样那样说得出说不出的苦，也许比想象中还要糟一点，但只有咬牙坚持下去，每天给自己一个微笑然后继续努力，总有一天幸福会不期而遇
赫恩曼尼,4,2015-12-09 23:03:57,,49,这个时候太需要励志了。看了这个故事，觉得自己也没有很惨了。
一起吃地瓜,4,2018-05-27 08:51:43,,24,很感人，妻子走了，独自带着孩子，找工作，住厕所，父子情深。
F,2,2020-10-11 12:05:18,,198,拍这部电影的人是自恋狂，爱这部电影的人是蠢货。这是一个多么丑陋下作的渣男故事？一个眼高手低自恋自大的人，坑了老婆，坑了儿子，最后靠运气实现了人生的翻转，竟然将一切归功于自己的努力和拼搏。所有不正视运气和偶然，一味地吹嘘自己努力拼搏的自恋狂，要么蠢，要么坏，要么又蠢又坏。向所有又蠢又坏的人说拜拜。
有心打扰,2,2010-04-19 12:32:37,,61,该说什么呢？不觉得励志所以...也就不觉得好看了。
大志的小耳朵,5,2017-01-22 22:27:17,,36,最大的感触就是不管到了什么样的绝境，都不要放弃希望，不要停止努力。观影过程中几次泪目，男主角不管怎么困难都不会跟别人借钱，他觉得作为一个男人他可以自己承担一切，他可以通过他的努力让自己和孩子都得到幸福。
陀螺凡达可,3,2014-08-06 08:51:24,,143,终于把这部豆瓣50万人看过的高分神作看了...囧
人x太多,1,2020-06-01 17:32:37,,156,又是好莱坞造梦机器典型案例，怼到脸上给你安利美国梦，还能怎么看，明知道最后是绝处逢生，结局都安排好了，还能怎么看，无非是卖卖惨终成大人物，想想有色人种在资本社会的现状都是一言难尽，真是讽刺。要考究起来都不算真的惨，只是他投资失败导致的生活困境，像他这么聪明的人注定这种困境是暂时的，这对于普通人来说连励志都算不上，在个人条件上就不对等，说白了扮猪吃老虎，假装弱势骗眼泪。相信我，这部电影是拿来测验阶层的最好选择之一，基本上我认识的小富小康都很容易被它打动，而像我这样的贫下中农，全程观影的内心独白就是wtf。小资阶级的忧伤我是永远不懂啦。
小鱼@蒲公英,4,2017-06-03 20:41:40,,24,大学的时候老师在课堂上放的，很好看，特别感动
Hawl,3,2020-10-19 12:18:20,,147,现在很难喝得下这样的鸡汤了，就算后半段对主角流离失所以及homeless人群的描绘很好，还是不能掩盖一切的悲剧都是主角赌徒般的性格造成的。如果不是花光积蓄购入扫描仪就不会导致欠债累累妻子出走，如果不是孤注一掷进入无底薪的金融行业就不会害得小孩跟着自己一起无家可归。最后成功入职甚至最终变成百万富翁更像是商业片给的一场美梦，奉劝女人清醒点碰到这样的人还是早早带着孩子远走高飞吧。
soarla,5,2022-04-01 20:59:51,,54,今天看了我弟弟生前最喜欢的一部电影。
林||我们谈什么都像谈死！,3,2008-01-08 12:25:22,,106,我要茁壮成长，我要健康快乐，我要好好的活。我就喜欢看到别人快乐的生活，也希望自己如此。
juvenile,4,2018-05-19 00:17:51,,50,小概率事件的励志
桃桃林林,3,2013-03-23 19:41:24,,91,爱与坚持
LORENZO 洛伦佐,5,2010-05-04 05:40:06,,23,看到他们在收容所那段还是觉得很感动的其实奋斗还是需要运气的
独角鲸,3,2023-02-15 03:53:01,湖南,64,很难不注意到是一种很父权化的感动…
物理老师学金融,4,2016-12-31 23:47:08,,24,怎么说呢，我部电影我看的时候还比较小，不过却印象很深刻，父亲为了生活四处推销，母亲忍痛离开，小孩跟着爸爸住收容所。努力的人诚实的人总会收到他该有的回报的。
热心网友方先生,3,2017-02-06 15:19:00,,67,感人肺腑，让我印象深刻的画面是父子在卫生间过夜，父亲的鞋少了一只，借给老板五块钱。全片基本上都在讲男主角是怎么受难的，幸福只有结尾有一点。
昵称被占不开心,4,2017-02-15 11:16:16,,17,勇敢面对
倩倩啦啦啦,5,2017-02-03 23:02:13,,22,其实只要有付出有努力就会有收获，哪怕是一点点
大奇特(Grinch),3,2009-06-07 11:26:39,,58,没觉得太经典
思无邪,5,2018-06-06 14:02:08,,18,看完之后觉得更应该珍惜现在的生活，任何事情总要去试一试并努力，有可能就成功了呢
微分流形,1,2014-01-21 02:13:54,,92,充满了好莱坞式的俗气。一切失败者、堕落者，一切底层民众都能在其中得到一种虚幻的、肤浅的心灵慰藉。但请清醒，你也许没有精明的数学头脑，也许不善言辞，你也许就一无是处，你还能成功吗？这种好莱坞式的英雄主义，其实是用一种巧合的特殊性去蒙蔽生命的普遍性，从而成就一种伪人性。
慕詩,5,2016-12-27 12:51:39,,15,对教堂唱歌那段印象深刻。
bornfreeyolo,5,2017-03-23 15:47:24,,16,相当励志了，剧情设定简直完美，总是绝处逢生，另外父爱极其伟大。然而这样的机会和成功率太低了。
peachloe,1,2022-05-03 13:53:59,,57,第4部：演员不错，但剧情恕我不能接受...明明没能力在妻子要带走儿子的时候还要争，本来准备给3星，看到最后给我来了句你妈妈走是因为她自己？？你是真的觉得自己没问题啊？！她打两份工还要兼顾儿子，每天还要听你画饼，这是人能忍的吗？我不能所以一星送给你😀
Z,5,2021-01-06 15:00:59,,37,最后知道是传记的我眼泪掉下来。
花落  思量错,4,2017-03-21 10:30:23,,27,不要拿自己坎坷的过往博同情，学会承担责任，努力坚持，很棒的励志电影，
扌丁月佥,4,2017-03-22 12:47:03,,21,当初看的时候挺难受的，真的，人穷到一定程度什么都能干的出来，挺心酸的。
欢乐分裂,3,2013-10-24 22:16:33,,35,#250#对挫折部分有代入感，当冲向努力目标时却被唤去打酱油，当手忙脚乱时总有忙中添乱，当一切都处于抓狂时命运偶尔会流露一丝慈悲，当一切都绝望崩溃时其实正是转机的开始；父子俩都演得不错，可是现实中的我们哪有如此幸运如此坚强，对比太强励志太过只觉无趣。
一纸素言,3,2022-05-03 15:53:41,,38,比起男主付出多少艰苦卓绝的努力而获得别人的起点的时候，我更从电影里得出几条道理：1.没钱不要结婚生子，不然害人害己；2.一时错误的决定或许需要花费巨大的时间和代价去弥补；3.穷则道德或许不那么重要了；4.卖血的梗很像许三观，确定不是抄袭梗？
娜莉梦游仙境,4,2016-12-29 22:25:32,,15,因为没能提供很好的生活条件，妻子比较现实，早早离开男主，留下儿子与他相依为命。男主带着儿子坚持不懈，坚信幸福会降临，最终梦想成真！！！
皮革业,2,2007-04-04 14:16:44,,30,烂编剧国内苦情戏水平连卖血都用上了
叫她孙女凯拉走,5,2016-08-30 17:19:04,,10,一碗熬得刚刚好的心灵鸡汤，威尔史密斯在电影里的表现十分到位，他的儿子演技也很不错。
？,1,2022-10-30 11:51:24,湖南,48,无语当时没能力没钱就不要结婚生孩子啊不断给妻子许诺一切会好的但没有一次能做到多苍白啊摊上这么个男主当老公还给他生了个孩子男主人设也是叠bug画大饼➕爹味十足➕不切实际看完这部电影跟吃了坨shit一样女孩子们记住了现实生活碰到男主这样的男生赶紧跑不要幻想陪着他长大切忌自我感动成年人的恋爱是筛选而不是改造
荒野镖客,1,2022-06-25 11:13:18,,30,这片子就是给各种推销员和传销组织用于洗脑的毒鸡汤，它告诉你为了自己的幸福就可以一次一次的打电话骚扰别人，也可以一次一次的去敲别人家的门。为了自己能有个睡觉的地方，可以用门把别人关在卫生间外面。然后把这些不道德的举动都冠以我贫穷我有理，于是他就可以以理智来教训别人了。可想而知，被这种毒鸡汤洗脑的人会多么疯狂自私，做事多么无底线。
橘猫爱吃鱼,4,2018-07-19 07:27:49,,8,很励志正能量的电影，给人力量！
Qing,5,2017-01-06 15:32:59,,9,上学时期老师就在课堂上给我们全班人放过目前觉得所谓励志片拍出了感觉的一个是中国合伙人一个就是这个
墨迹的小蘑菇,3,2021-08-02 18:32:21,,76,这是我看过的最get不到的高分电影。没被感动到也没觉得励志。或许是时代错位了，已经不需要这样的strugglelife来敲打灵魂。
曼仔,4,2020-02-16 23:12:51,,16,其实比我想象中的鸡汤浓度要低！WillSmith真的是，黑人版TomHanks，平民版奥巴马，美国版刘德华，气质太正了……但确实是美国梦和美国精神的1部宣传片，美国的校园和职场文化都是非常鼓励做一个很driven的人，要敢于进取、抓住一切机会，所有的makeit神话里，抓住一切机会都是一个关键元素。而片中关于贫穷的细节也让人叹息，贫穷和疲惫让人捉襟见肘、难以体面。这个片子最大的鸡汤并不是男主角最后能成功做1名股票经纪人，而是像他这样教育背景、经济水平、社会地位的人，大概只有万分之一能有他身上那些品质。
思嘉（暴富中）,5,2021-11-03 23:17:19,,42,很棒的片子，但是不会看第二遍了🚬因为自己淋过雨，看别人借伞的样子，都会忍不住想起自己曾经经历过的湿冷的窘迫。
沉歌,4,2009-07-22 22:05:38,,13,Youhaveadream，yougottoprotectit.
Dr.Fun,5,2021-01-18 17:01:57,,19,每次睡办公室的时候，都会想起来男主曾经带儿子睡洗手间
伊卡洛斯,5,2010-07-23 10:41:11,,7,如果你有个梦想，就必须捍卫它
小提奥,3,2022-07-11 15:07:02,,39,终于看完了这部神作，果然如今的我已对鸡汤彻底免疫了
珍妮的肖像🦄,5,2012-12-07 09:10:09,,7,"幼儿园的门口~~幸福的“幸”和辛苦的“辛”写错了~~细看了下：有土地有钱才有幸福。而""辛""字明明是站在十字架上，oh，mygod!!!"
波波维奇,3,2018-05-27 08:49:08,,19,我要努力，活的更好，不等幸福来敲门，要去敲幸福的门。
寂静时候不欢喜,5,2017-04-26 23:40:10,,7,记忆中男主人公是一个很温暖的爸爸，生活里各种挫折很多，但是只给孩子带来正能量，让他的生活永远充满希望。儿子特别萌，卷发不要太可爱
欢喜陀,2,2019-05-02 00:58:35,,36,这个片子拍得比较糟糕。简单说，是在亲情中夹了点颠倒的幸福观。作为一个成年人，这个片子很不感人，尤其在妻子打两份工养家的前提下，作为丈夫和父亲的推销员就显得太不努力，太没有责任心了。究竟是医疗设备贵了卖不出去，还是死抱着高端产品以维护自己的身份，做过生意的人一眼就能看出来，何况账单都付不起了，难道不能赔本卖先渡过难关吗？打零工毕竟对于一个学霸来说太没面子了吧，还是股票经纪人够劲！西方人喜欢用宗教来表现爱，但是比起1991年《街区男孩》里伟大的墨菲斯三言两语里透露出的责任和爱来说，这部电影中的推销员可称得上渣男了。儿子问，妈妈是不是因为我所以走了？父亲回答，不是，她就是自己要走。噫，作为家庭观念极强的意大利导演居然有这么三观不正的言论，我当时就震惊了！迷在福音音乐里的热泪算是白流了。
OD,2,2014-01-24 21:36:14,,31,很多杂志和媒体推荐了这部电影看完以后我只感觉到了穷是多么的可怕。。然后就没感觉了。。真的。。
淡水无香,5,2017-05-28 15:24:15,,4,上高中的时候老师推荐看的，很励志。
柴斯卡,NaN,2015-07-10 15:47:59,,30,非常讨巧。我发誓一定让我儿子知道谁是他的父亲，亲情牌打得又大又响。鸡汤片的关键就是让主角始终处于跑动和考试的状态，这样别提多塑造鸡血氛围了。主角不需要有什么积累或者技术，从事嘴炮行业，goodwithnumbergoodwithpeople即可。掠过一切枯燥的过程，和儿子一起跑动！
战国客,5,2008-08-27 11:56:15,,4,忒感人了！男人都该看看，激励你奋斗；女人也该看看，男人其实不容易~~
_Velvet_,2,2022-01-30 23:05:33,,24,中心思想大概就是，幸福就是💰，就是一夜暴富，剩下的都是几把扯淡。什么是幸福？幸福是靠什么得来的？烂片分为两种。一种是不知所云的烂，可以说是明知故烂。另一种是认真的烂，一本正经的烂，引人深思的烂。鉴定完毕，本片属于后者的范畴。
九尾黑猫,4,2008-12-19 16:26:47,,11,虽然美国励志片泛滥，但这样真诚感人的还是少见的佳作
冰红深蓝,4,2014-01-08 00:34:04,,7,基本上好评如潮的高分片，的确比较励志。坚持不懈地追寻梦想、追逐幸福，很好的主题，也是很经典的道理。片尾的灯光让观众充满了希望，全片虽然有点假，但也很真。（8.0/10）
cocomars,5,2011-03-19 15:12:59,,0,好看！
未央,4,2017-05-05 14:56:01,,9,威尔史密斯演技爆发之作，把一个平凡又普通的故事演绎的深沉感人。当生活遭绝境，不放弃希望，牢牢把握每一次机会，幸福终究会来敲门。
托尼·王大拿,4,2010-10-30 00:48:02,,13,"尽管这种""美国梦""式的励志故事已经多得数不胜数，但是我依旧被其所感动，总有那么几个小段落会在不经意间戳中心中最柔软的角落。【P.S.1.结尾处与威尔·史密斯擦肩而过的正是原型克里斯·加德纳本人；2.这个译名实在狗屁不通：这根本就是追寻幸福的故事，又不是幸福无缘无故的降临】"
甜水园子温,3,2020-09-28 03:35:23,,26,飞机上看的好暴躁，喝不下这碗鸡汤。父亲是不是一厢情愿觉得孩子跟着自己真的会更快乐？
？,1,2022-10-30 11:51:24,湖南,48,无语当时没能力没钱就不要结婚生孩子啊不断给妻子许诺一切会好的但没有一次能做到多苍白啊摊上这么个男主当老公还给他生了个孩子男主人设也是叠bug画大饼➕爹味十足➕不切实际看完这部电影跟吃了坨shit一样女孩子们记住了现实生活碰到男主这样的男生赶紧跑不要幻想陪着他长大切忌自我感动成年人的恋爱是筛选而不是改造
思嘉（暴富中）,5,2021-11-03 23:17:19,,42,很棒的片子，但是不会看第二遍了🚬因为自己淋过雨，看别人借伞的样子，都会忍不住想起自己曾经经历过的湿冷的窘迫。
高詩遠,2,2020-08-28 21:46:04,,5,就是讲的爱与坚持，不过励志究竟励志在哪，这只是一个因为被生活压迫而不得不努力生存下去的故事，男主不能分担妻子的压力，收入也极其不稳定，为了自己的梦想让整个家庭分崩离析，孩子给打两份工的妻子来照顾可能会更加理想。无论生活有多么水逆，我们也要坚持下去，输出这个价值观很容易赚取观众的眼泪。
春日迟,3,2018-04-26 11:02:35,,6,2018观影017，没有太多的感动，可能是因为太鸡汤+男权。整部片围绕的都是男性如何在职场上竞争并与他人斗智斗勇，明确勾画出男性的经济能力与其自身的全部价值等同的命题。女性/母亲只能是配角，即便两班倒也不能撑起一个家，最后儿子也不能带走，太可怜了。问题不在于贫富，在于社会不合理的架构
Dr.Fun,5,2021-01-18 17:01:57,,19,每次睡办公室的时候，都会想起来男主曾经带儿子睡洗手间
黑樱桃摩卡,4,2008-12-05 14:25:17,,1,史密斯的儿子真可爱，比他女儿好看～
Mr. Infamous,3,2020-07-25 23:49:52,,6,片名喜庆，太适合作为重返影院的第一部电影。中英文片名的主体是完全相反的，英文是《追求幸福》，Chris在穷困潦倒中的挣扎、突围正是电影最动人的地方，尤其是厕所落泪的一幕，但终归，还是演成了《当幸福来敲门》，一路遇到太多天使，甚至到了不可思议的地步，真像幸福自己强行砸过来。也许当年励志得恰如其分，可在当下，哪怕是个更需要鼓舞的时候，却对成功感到强烈的失真，有太多实在的矛盾与冲突，比如年龄、肤色、阶层，都轻飘飘地抹去了。挺流水的类型片，与期待的差距有点大，以及为啥把美队翻译成超人？三星半。@昆明上影影城永华店
老人家,4,2018-03-09 10:02:22,,8,人的命运总是有起有落，当历经千辛万苦终有幸福来敲门的时候
暮玦明,3,2020-08-07 01:32:32,,15,贩卖盲目的美国梦。费劲地从无产阶级挤近了资产阶级的一隅，便叫做追到了幸福，甚至连回头对自己的过去做个了断的责任表现都不屑于书写一下。家庭和生活的不幸不过是为了增加男主奋斗的困难等级，却并没有让他成为更好的人。
♬ CaR,2,2018-02-06 22:27:01,,7,太不喜欢这部电影了。
伊卡洛斯,5,2010-07-23 10:41:11,,7,如果你有个梦想，就必须捍卫它
momo,3,2022-08-02 16:48:40,,6,无法想象我无所依靠，生活跌入谷底，仿佛处处都在被为难，因而佩服他的乐观与坚毅，感动于他最终找到了自己的幸福——至少是他认为的幸福。在困境中成长的人们更易知足：有个能落脚的住处，有一份稳定的工作以获取维持生活的收入；不用担心今天晚上有没有收容所，也不必为此奔波。我承认他是个好父亲、积极乐观的人、坚持奋斗的人，但人无完人：主角身份仿佛可以忽略他对家庭不负责的事实，他的确为家庭操劳，但拒绝沟通、硬揽责任的结果便是，当下处境没有任何改变，甚至更遭，夫妻之间难以沟通携手努力。孩子诞生于母亲，他却认为妻子的离开是要夺走“myson”，潜藏的男权思维。坐公交车插队等等，称得上rude。不太理解如潮水般的好评，甚至排到了二十三名。
珍妮的肖像🦄,5,2012-12-07 09:10:09,,7,"幼儿园的门口~~幸福的“幸”和辛苦的“辛”写错了~~细看了下：有土地有钱才有幸福。而""辛""字明明是站在十字架上，oh，mygod!!!"
寂静时候不欢喜,5,2017-04-26 23:40:10,,7,记忆中男主人公是一个很温暖的爸爸，生活里各种挫折很多，但是只给孩子带来正能量，让他的生活永远充满希望。儿子特别萌，卷发不要太可爱
淡水无香,5,2017-05-28 15:24:15,,4,上高中的时候老师推荐看的，很励志。
荒野镖客,1,2022-06-25 11:13:18,,30,这片子就是给各种推销员和传销组织用于洗脑的毒鸡汤，它告诉你为了自己的幸福就可以一次一次的打电话骚扰别人，也可以一次一次的去敲别人家的门。为了自己能有个睡觉的地方，可以用门把别人关在卫生间外面。然后把这些不道德的举动都冠以我贫穷我有理，于是他就可以以理智来教训别人了。可想而知，被这种毒鸡汤洗脑的人会多么疯狂自私，做事多么无底线。
villagegreen,2,2014-03-02 12:47:04,,16,煽情过度，中产阶级恶俗励志片。
战国客,5,2008-08-27 11:56:15,,4,忒感人了！男人都该看看，激励你奋斗；女人也该看看，男人其实不容易~~
连城易脆,4,2013-09-02 21:56:04,,6,可能是有心理准备的缘故，所以并不是特别感动，但是这份艰辛我特别能够理解...
cocomars,5,2011-03-19 15:12:59,,0,好看！
scofieldd,1,2013-07-30 21:09:58,,42,终于能名正言顺的打一星了，这部片高中大学期间各种情形下被放了N次，可以当做是中国高校的非正式励志教材了，其洗脑作用可见一斑，问题在于作为一部励志片几乎每一点都是我极其厌恶的，剧情恶俗无比，心灵鸡汤的翔味真是让人恶心。看到了那句“如果你有梦想，你就要去保护它”都差点吐了，fuckdream
阿巴厮,2,2019-07-28 12:39:13,,24,浪费时间的电影。这部电影让我懂了一个道理，与其看别人追求幸福，不如花时间追求自己的幸福。“妈，帮我再拿瓶啤酒！”
洗狗,4,2009-08-06 20:41:46,,1,MIT？
serenity never,5,2010-03-02 20:08:37,,1,带着我哭带着我笑
Scarlett,5,2022-12-22 10:03:04,上海,9,这世界上没有任何一块土地是绝对幸福的，只有经济基础才能保证你拥有绝对的幸福。
林鎏,4,2011-02-02 10:54:48,,0,励志。
刘小黛,4,2009-08-23 00:30:06,,3,我人生的这部分，这个小阶段，叫作幸福。
瞧一瞧,4,2018-05-27 19:50:15,,6,不要一直等幸福来敲门也可以主动去敲幸福的门
Bobing,5,2010-02-11 17:10:31,,0,典型美国人电影，美国人，美国。
yrh,4,2008-02-12 17:01:45,,1,很好的励志片or揭示了资本主义社会中金钱对人的异化的政治讽喻片?
做更好的自己,4,2017-05-07 21:24:34,,5,一个励志的好故事，也许我们正处于窘迫的环境，面临着艰苦的奋斗，但只要不放弃希望，总会迎来一道曙光
荼笑,5,2011-09-20 23:46:33,,1,本片深刻地教育了学BME的——千万别卖医疗器材！不努力，毋宁死！
Freshcream,5,2009-05-07 22:28:18,,1,有什么坚持不下来的呢？只要有梦想……
远方传来风笛,1,2022-08-24 16:53:52,山西,37,妈的，十分厌恶男主角。他为什么不去当搬运工？为什么不去超市打工？妻子跟着他也真真是受罪。反正我get不到高分的点。无语的美式励志。想起高中第一次看时就没有好感。妈的，就像最近爆火的二舅，真真无语，阴毒！
17950,4,2007-02-22 12:47:18,,1,拍得很传统……细节非常用心，整体反而略弱．也许改编传记很容易这样？总之我蛮喜欢这故事
小卓同學。,4,2009-10-01 16:18:13,,0,我妈喜欢看。。
阿朽,4,2009-03-07 20:20:54,,0,励志，感动就好了。
一拳打爆宇宙,1,2022-06-26 15:30:58,,22,完全的男性视角。女性视角，主角的妻子就是纯粹恋爱脑没有精神独立，次次纵容主角指望主角，最后实在受不了才终于独立。但是她自己辛苦付出养育了好久的孩子，也被主角带走了。
小岩井,5,2011-10-28 09:59:25,,5,还有什么好说呢
小柒゜,4,2012-06-11 01:32:24,,1,這爸爸好牛！！
No.9,5,2012-11-04 02:32:40,,0,和囡囡一起看的，那个无敌的强大的时光机！10.11
kysun,5,2010-02-07 22:32:10,,0,好
UrthónaD'Mors,5,2008-03-07 20:31:02,,0,又哭了，感动
Lisaaaaaa,4,2011-06-09 21:21:48,,0,真励志
李游,4,2012-05-26 01:30:58,,0,thepursuitofhappyness.无论怎样撂倒，无论怎样艰难。也要奋斗，也要努力。
forfaen,4,2008-12-06 18:13:37,,1,老一套温情，稍稍让我有点麻木
樹一,4,2009-12-17 18:41:39,,3,职业生涯规划课上再一次重温第二遍看起来史密斯先生其实还是演得蛮好的～
柠檬海盐,4,2017-04-20 22:35:51,,3,很好，很励志
轻飘飘的旧时光,4,2011-04-16 11:06:16,,0,有温情就够了
弄臣,4,2008-01-15 16:38:58,,0,WS转型成功～儿子怎么这么乖？
菠萝,3,2011-11-19 16:49:41,,6,平淡缺乏转折，根据真人故事改编更是让这个完美故事再降一档。
岛上的夏奈,3,2010-06-04 12:58:44,,10,真有那么好么？
追剧小贫嘴,5,2011-10-16 20:38:03,,0,很励志，生活不能失去动力，不能失去梦想。
那谁,5,2011-04-30 13:30:37,,0,看得哭了。
一路有你,4,2017-05-08 00:43:00,,5,不管任何时候，请不要放弃努力和生活
小熊爱吃虫,5,2012-06-18 10:24:13,,0,我也坚信！
子非,5,2012-06-18 11:00:26,,0,伟大的父亲；励志的故事。
弦上世界,5,2010-01-20 22:49:45,,0,少见的温情电影很棒~~
Lupin_3rd,5,2010-04-10 12:00:40,,0,感人至深的电影
Chris  一切由无聊开始,4,2008-02-04 10:15:04,,0,2008.2.3
夜摩刀,5,2007-11-10 18:14:52,,0,喜欢喜欢
奔跑忘记忧伤,4,2015-09-22 14:52:32,,2,爱和坚持。
唔！,5,2008-04-22 19:06:06,,0,看几次感动几次
纤纤,4,2017-04-16 10:31:34,,3,我们彼此依靠，就是幸福的基本，为了生活的更好我们愿为此努力。
羽族优伶,5,2008-04-26 21:50:30,,0,很感动！这个男人，真不容易！孩子很乖，很可爱~
maya,5,2010-06-05 12:42:32,,0,假设自己也生活在社会底层。。。
Bill,4,2007-03-11 00:59:03,,0,不错的励志电影，了解自己生活的目的。WillSmith的儿子演得不错。他影片中的夫人似乎是演Crash的？
Vince♫,5,2008-08-27 18:05:39,,2,生意上要有人脉，生活中要家庭和保持坚强
L I M O,4,2011-03-14 23:37:04,,0,我堅信，只要我心中有夢想，我就會與眾不同，你也是。
钟笑乂,4,2011-03-03 12:52:31,,1,威尔史密斯少有的非商业片
雕刻時光,5,2008-07-04 21:49:39,,0,很立志啊
灰色堡垒,3,2014-10-14 14:33:37,,4,分数虚高的励志片，导演的能力很平庸。前面过度堆砌悲剧，最后本来应该是全片高潮的成功匆匆结束，整体显得头重脚轻。威尔.史密斯虽然演技一般，但是他的眼神总是能够打动我，而且他不断奔跑的身影也多少让我想起《阿甘正传》，父子俩在餐厅吃饭的那场戏甚至有点像《偷自行车的人》。
spawn4,5,2011-11-16 22:52:55,,0,假期实习看的。
beborn,3,2010-08-01 11:22:09,,0,－－我看睡着了　但一起看的同寝们倒是津津有味
Sad Lucy,5,2008-11-25 14:43:47,,0,幸福会敲门吗?
水脉,5,2010-10-07 12:45:28,,1,刻意煽情的痕迹比较明显，不过不影响整体5星的评价。我们都需要听别人的辛酸奋斗史，来激励自己翻越面前的山。happiness可不要再拼错了...
ᥫ᭡້໌,4,2017-02-09 08:31:16,,8,年轻的时候还会被励志，踏入社会的我们只会发现，迈过一个坎后还有无数个坎。父子情深还是蛮触动的
薛易,4,2008-11-02 21:13:13,,0,我的幸福还不来敲门吗？
应有葵花,4,2016-11-18 17:39:10,,3,平静而简单的剧情，却分分钟击中人心。努力奋斗，不懈进取，幸福终将前来敲门。
尹口羊,4,2011-09-03 04:36:22,,1,感觉没有想象中应该的那样好
中雪君,5,2009-04-18 01:46:52,,1,所谓的励志电影，但无论如何，WillSmith的表演的确触及了我的内心
Top♛Ace,5,2007-01-15 13:25:42,,0,绝对值得一看的励志片，推荐给遇到麻烦的人！
=_=秋叶,5,2010-09-22 16:11:32,,0,我记得英语课上看的，每次看都很感触
夏夏夏夏夏夏夏,3,2011-01-16 12:34:06,,1,唉
小小白药不能停,3,2011-04-26 14:57:30,,1,感觉没有传说中那么好
菲利普,3,2020-03-24 23:45:05,,18,太普通，为什么评分这么高。
不懂电影的小白,5,2023-06-25 21:18:18,江苏,7,作为父亲，是十分合格的。作为一个底层的芸芸众生，是十分励志的。上帝给了你两次机会，一次叫机遇，还有一次叫把握机遇。最后一幕的表演令人叹为观止，实力太强。是一个放在什么时候看，都会有所感触的电影。
宋一枚,3,2009-11-12 10:46:28,,1,...
弗拉基米尔,NaN,2010-07-03 11:59:46,,0,揪心
麦,5,2009-08-23 22:08:44,,0,不容易
榌舞の~雪児,5,2011-05-17 23:33:41,,0,向WILL致敬！！！！
叉叉小箭猪,4,2009-11-02 14:25:41,,0,老爸非常喜欢看。。。
避开目光,5,2008-09-15 12:59:27,,0,他的电影我都看
乱,4,2010-11-18 20:32:15,,0,Knock，knock。。
麓人,5,2008-03-31 09:13:26,,0,太重了
嘟小七,5,2008-01-04 16:18:06,,0,威尔史密斯父子倾力演出
geek,4,2011-10-20 00:28:33,,0,我没有太大的感觉
Cherky,4,2010-08-12 13:26:08,,0,看得我那个揪心哟~~~
唯有肚康,5,2009-10-15 13:58:27,,1,我承认这是一部很棒的电影只是自身对励志太不感冒了
Ms.I,3,2011-07-14 14:39:07,,1,上帝为你关上一扇门的时候，别等那扇窗，因为你只要把门推开就够了。
MILK,5,2010-06-03 10:29:40,,0,父亲节快乐~！
加州站街男孩,3,2008-12-18 16:40:42,,0,其实我也没有那么感动，也没那么喜欢这个励志故事，离自己有点远，少了些共鸣
飞翔鸟,5,2012-05-25 23:26:33,,0,当头一棒的励志片
阿龜,4,2009-09-18 10:06:19,,0,坚忍成就幸福
AyumiLee,NaN,2012-06-08 01:33:47,,0,现在就想看
kangzhs,5,2008-12-25 14:18:16,,0,我也该做点什么……
madaoooo,5,2011-01-23 21:02:01,,1,我很想问，所有看了这部电影的人改变了什么？
KO DAN,5,2011-07-16 17:12:50,,0,吃得苦中苦..
-VeronicaWooo-,5,2010-08-10 21:25:05,,0,典型的美国梦，威尔真心演得很好。特别是和儿子，当然戏里戏外都是这样护犊之情溢于言表。@ECNUF
rico,5,2009-08-23 12:36:52,,0,心灵触动
Moriarty,5,2012-02-22 22:39:34,,1,每个人都有追求幸福的权利！
胖得来要戏,5,2010-12-17 12:40:32,,0,我们也有这种类似的故事啊
何夜无月,5,2009-08-23 12:13:54,,0,美国梦
北极木槿,4,2015-06-23 23:16:37,,2,教育片：1、幸福从来不会主动送上门除非你抱着革命浴血的决心去奋斗，虚度光阴者没资格申请幸福；2、努力也要擦亮眼睛选准方向，卖时光机再努力全卖光了也就只有少量的口粮钱；3、再难也要勇敢面对，终会走出困境，不可自弃逃避。史密斯成功时喜悦又克制的眼泪真是很感人，好演技！
爱弭,4,2015-07-12 12:36:19,,1,一个父亲的责任和心酸，看得很感动
lzylj,5,2015-07-13 12:44:29,,1,算是我看过最好看的一部电影了吧，励志，感动。唉，中国就没有这种电影，全是爱情青春片，都看烦了
一线吃瓜群众,5,2017-07-05 22:53:30,,2,感动，(๑•̀ㅂ•́)و✧在b站看了这部电影，孩子真萌啊，乖乖跟着爹(๑•.•๑)
渭川,3,2009-05-05 12:13:29,,0,最近又看了遍，因为之前电影院那次看睡着了
pinkjar,NaN,2008-06-08 16:19:36,,1,6.7
安狄,5,2011-01-15 01:20:24,,0,为了幸福，心酸。
乐事,3,2009-07-31 10:39:37,,1,真的有那么简单么？可能一部电影的时间还不能完全诠释这个故事吧。想想，真有那么糟糕，但还真不是那么容易变好的。
有多远走多远,5,2010-10-31 13:46:26,,0,面对这么棒的电影，除了赞叹还能说什么呢
西安机场HR死,3,2021-12-01 12:57:06,,7,排名22？穷，赚钱难，养孩子累，租房，会玩魔方会推销，看球认识客户做了几单，幸福来了？这鸡汤我喝不下
心之旋影,3,2007-12-15 12:25:10,,1,2007.12.15《神奇遥控器》《阿基拉和拼字比赛》DVD
我真不是大雁,5,2009-11-19 08:14:06,,0,KNOCKKNOCKONTHEHAPPYNESSDOOR
肥壮壮,4,2009-09-26 02:37:09,,0,自己内心不放弃，就永远有希望
颜不er,5,2012-09-03 23:31:08,,1,都会好的总会有的那些风雨还有阴霾关于未来就请你坦然不要离开不要离开
scarly,4,2009-06-05 12:13:29,,0,在泪水中，看到希望。人生如同魔方
去你爹的,2,2017-02-09 14:51:54,,12,这不就是一励志鸡汤片么。魔方简直出现得莫名其妙。
失意的孩子,4,2012-11-11 10:12:49,,2,8.4/10
天腐之国🌈,4,2013-03-04 00:25:09,,5,备战考研时看来激励自己的，结果看完志没励起来，反而更忧桑了：人家带着个儿子在楼道里一天看书十几二十个小时，我一天看几个小时书就犯困……
半日光辉,4,2011-09-20 12:14:29,,0,这是和老婆认识不久的时候一块看的电影，真父子演父子果然充满了感情。片子改编自真人真事，让人相信奋斗终究会取得成功，不过除了主角，没有被录取的那些人怎么样了呢？
草琴,5,2008-02-28 16:20:24,,0,有力量
正义B胜,5,2010-12-25 19:32:21,,0,willsmith！！
莫云轩,3,2009-04-24 20:55:30,,0,为什么还有那么多的受苦的人
lucia绿,3,2012-02-26 18:31:59,,2,为什么我没有感觉到励志？
西决,5,2011-01-29 19:41:32,,0,我看哭了
烧鱼,5,2008-12-10 07:37:41,,0,真的会看到哭的。
赵阿蛮,4,2010-08-28 21:48:59,,0,励志电影略显不真实
光年‖影视歌三栖民工,5,2008-10-30 00:23:51,,3,面对不幸仍孜孜以求的人性光辉，照耀着每一个身处逆境的人
小梅,5,2008-03-22 20:27:57,,0,相当感人的好电影
鱼丸粗面,4,2007-08-20 13:26:59,,0,三星半
异世绿,4,2009-06-08 19:46:29,,0,接近体温的水不烫嘴但可能被呛到生活如此
一小片蓝,5,2016-02-11 23:23:01,,6,被翻译成个鸡汤名，一直懒得看。其实原名多好，《追赶幸福》，长腿史密斯在电影里很多奔跑的镜头，让我意识到追赶幸福首先得有个运动员一样的好身体。
闪电虫洞机,4,2011-12-24 16:10:51,,0,"Thereisno""why""　inhappiness，thereisan""I"""
fuck you 👙,5,2017-03-26 12:21:49,,5,父爱的伟大，幸福的味道，不断努力，影片中你可以找到那个自己。
DK,5,2010-02-28 00:33:48,,0,父子档
Lynn,4,2011-02-12 00:20:05,,0,我盼着他发达，没想到越来越惨。悲惨是迈向大人物的必经之路吗？
Bright Sun,3,2010-07-08 22:45:43,,0,真正奋斗的生活，但是很多人向他一般努力却未能成功
-BT-,5,2012-01-21 01:06:17,,0,责任与信念
Lavender,4,2010-05-02 19:41:32,,0,永远不要放弃希望
only,5,2014-06-01 22:22:38,,0,生活如此不易。。
阿朴,5,2009-02-11 16:00:13,,0,啊，爱死威尔了~
铁皮骑士,NaN,2007-03-06 23:19:17,,0,WithoutI，HappinessstillcanbeHappyness.于我影响不小。
wrong,5,2010-09-01 23:41:01,,0,真正的幸福是需要追求的！！
Arrhyth,5,2009-09-18 00:16:27,,0,最近看的新最電影裡，最好的一部。階段性的獲得自己想要的東西，就是幸福。一個一個的幸福，在努力後，接踵而至。
小狮子,4,2009-02-08 18:49:21,,0,很励志，令人感动。威尔史密斯在其中演技出色。
果漾子,4,2012-07-06 08:11:20,,0,太佩服主角的毅力了，各种纠结和打击，等走到最后的成功，真的不容易。
林小佐,5,2012-01-25 11:12:54,,0,每次挫折后必看的电影
从前有一只考拉,5,2008-08-09 20:45:01,,0,touchmyheart。
有多远走多远,4,2007-11-30 14:52:20,,0,年度励志大片！
高歌,4,2009-08-23 18:58:47,,3,很美的父子关系，仅次于《美丽人生》
古时月,5,2010-06-23 14:03:03,,0,泪流满面
臭臭,5,2007-11-26 10:10:49,,0,天使曾经敲过你的门
Cherry Chi,5,2010-03-04 20:12:33,,0,数学好是多么重要的一件事
ragtag,5,2011-07-22 22:28:49,,0,当你穷困潦倒的时候，youhavetorun！
今年夏天,5,2010-01-10 23:10:11,,0,幸福，要幸福!
Chariey,4,2010-11-27 16:21:20,,0,我希望我的人生里也能够有称作“幸福”的部分
utm,4,2011-02-23 21:11:17,,0,感人
东呆,4,2009-04-23 11:17:05,,0,有的鼻酸
耳朵在哪,4,2010-09-01 00:56:54,,0,生活～生活～
黃稀奇,3,2008-11-18 13:11:30,,0,很压抑，一直..
冴木,4,2023-04-06 21:19:02,广东,11,电影的最后和威尔.史密斯擦肩而过的男人，就是本片的原型人物克里斯.加德纳……励志。
Ivan,4,2007-08-12 21:41:00,,0,大威小威父子齐上阵很难得感动归感动虽然是真事但还是老套
Never-land,5,2011-09-23 17:32:30,,0,向来对这类电影没什么抵抗力。
corrinne,4,2008-03-09 15:16:27,,0,幸福之门为向往他们的人而开
师兄在家,5,2011-06-14 18:42:08,,0,我人生的这个部分叫做：成功。
未命名,5,2012-06-18 13:04:05,,0,当失去斗志的时候可以看看，在父亲节也应该看看，父亲之所以这么努力，多半是想让他的儿子过着更好的生活。。。
xīn,4,2017-06-22 21:22:16,,2,层层渗透递进难以喘息的压力，心酸如《偷自行车的人》，最后的happiness只是泄去沉重的安慰。
马普尔老姐,4,2007-09-01 01:12:31,,0,will的演技真是不错，但其实，剧情还是很单薄
糖豆豆,5,2012-06-19 11:31:33,,0,可以百看不厌吧
kaqiman,4,2008-09-02 10:13:38,,0,不错
迪奥,3,2010-07-30 22:06:44,,0,尊严还是要靠经济实力啊
溢谱普,4,2008-01-12 22:41:28,,0,悲死我了。夹缝中求生存的美国人啊。
有猫阿宅,3,2012-03-12 03:38:03,,0,努力奋斗的故事。
cokacoka,4,2012-03-10 22:01:05,,0,run，chris!run!
鹿迅,4,2010-04-01 09:56:32,,0,我复原魔方只比他快一点点。
Alexander,3,2009-09-07 23:45:45,,0,sweet
天衣無縫,5,2011-11-28 17:32:19,,0,如此强大精神力的父亲。。。
还没想好叫什么,5,2011-10-30 15:19:39,,0,Smith你的片子我都喜欢
贾俊&PONYO,4,2010-12-09 11:27:04,,0,威尔史密斯几乎没有难看的电影
张腾讯,3,2010-03-06 22:28:29,,1,我就没看出来幸福在哪
杯麵,3,2010-12-12 11:24:13,,2,主流的励志电影，观影过程有些许无聊..
xu信天游,NaN,2012-06-18 20:21:21,,0,荣哥推荐的，但是我忘了我是否看完了
懒散酱,5,2011-05-15 15:01:21,,0,最难过的时候得到鼓励。
Zero-_-,4,2009-03-31 13:05:39,,0,幸福是自己争取的
居里夫人的布丁,5,2008-01-09 00:29:15,,0,感觉幸福真的到来了吗？
mecca,3,2009-11-08 23:23:46,,6,怎么就这么表演呢还是你不再为这一类【读者】样故事所动？
Reneeeee!,3,2009-01-15 00:48:41,,1,我觉得这里面是有运气的
妖孽坐地成仙,4,2010-12-27 01:23:03,,5,生活是有多艰辛。威尔史密斯真是个幸运的演员，他遇到了多少好片，他也能拍出这样的好片。
bono,5,2012-06-17 14:26:58,,0,励志片里还有比它更好看的吗
小羊仔,3,2012-01-26 04:36:54,,0,简单的片子，收成不错含量不高
伍迪伦,5,2011-01-10 20:11:08,,0,当年很有感觉
骑马的丁丁,4,2013-01-10 11:37:57,,0,2012Dec，吴中路117号，东方电影频道。
futurehunter,5,2008-09-14 14:06:44,,0,感动很深
Sophieven,4,2012-05-08 12:21:23,,0,幸福需要你用命来争取。
尸比c,5,2009-02-17 22:58:28,,1,心酸却幸福，努力得来的一切都不易
朱朱朱古力♥,4,2010-03-14 22:27:47,,0,关键字是pursuit他不努力幸福会敲门么
夜雨打窗棂,5,2008-08-04 19:15:55,,0,很好看的励志电影！
littletwo,5,2007-12-01 12:18:44,,1,感人，真是感人。
竹或子,4,2008-11-01 13:56:17,,0,该死的影评……
怪猫,5,2012-05-25 16:55:09,,0,威尔史密斯父子的经典演艺
酱爆,4,2012-03-03 21:50:56,,0,当年看掉感觉要打5星，这几年下来，电视上都播放好几遍了，烦了，打4星。
Aubrey,3,2010-07-17 13:05:36,,0,当年那个小史密斯~我一直想上去猛揉他的棉花糖发型，忽忽
公羽木杉,4,2008-04-12 11:45:30,,0,thereisa'I'，not'y'inhappiness，，，连片名都匠心可见
瞳°不乖,5,2010-10-05 20:35:34,,0,那些牵着手共同走过的路，那些无意毁掉的亲手为你搭建的小世界~~PS：hiddenthecave
ztlpoppy,3,2008-12-20 04:16:37,,0,威尔史密斯脑子有包
Reynard,3,2008-08-04 01:19:36,,3,所有人都说这部电影励志……如果一个人玩魔方好而得到机会，也可以算是他自己努力的结果，也可以激励什么人，那么人生的努力真是太简单了！
Jessica乔,3,2017-05-06 22:54:41,,5,hin不错啊
人造人,4,2011-02-28 22:32:03,,0,后面挺煽情
独居老人,5,2010-03-03 21:31:44,,0,没有人可以剥夺你追求幸福的权利，包括你自己
豆丁,5,2011-04-10 12:51:17,,0,看到泪崩
一颗橡树果,4,2010-12-25 08:48:17,,0,很美国梦的剧情
杜祺晏,4,2008-03-25 13:02:57,,0,真父子出演
vii07,4,2010-04-29 10:02:14,,0,will-smith
strelizia,5,2009-12-24 14:47:13,,0,阳光中苦难后
梁威是条狗,4,2009-10-10 11:35:11,,0,好！好片！！！
vivien,5,2010-12-04 16:44:21,,0,看Smith父子演对手戏蛮温馨Will很有才感觉电影就是看他一人唱独角戏儿子没有童星的灵气呵呵。。小人物励志故事美国梦传记？？There'snoYinhappinessthere'sanI。。最后有被感动到看Will的眼神被湿润了。。当幸福来敲门翻译的很赞。。
七十三,4,2011-02-21 00:03:27,,0,无论做什么都要有一颗坚强的心和一份执着的信念。
放开那个西红柿,4,2010-11-22 08:32:02,,0,mark一下老片。
折耳大猫,5,2011-08-04 12:05:38,,0,我真心想打六星，这部片子让我想起了＜洛基＞里史泰龙和儿子的经典对白！
优雅的胖子,5,2008-06-06 21:36:16,,0,Thereisno‘why’inhappiness，thereis‘I’inhappiness。
波澄酒,5,2011-04-20 02:22:43,,0,看着WillSmith带着儿子浪迹街头，过着难以想象的困顿生活。但是又看到他不断的奔跑，奔跑，为自己的未来而努力。这部电影给人带来最震撼浑朴的感动。
镜中的Alice,5,2008-04-23 20:25:27,,0,很励志的片子，很适合在逆境中的人看~
A_Huang,5,2011-05-10 22:54:58,,0,父子之情太感人了
池鱼沐水,4,2007-12-26 22:22:22,,0,编造一个童话，虽然它并不真实，但值得相信···
问题儿童,5,2013-04-08 00:17:27,,0,幸福终有一天回来敲门的
way,5,2012-05-02 03:59:39,,0,尼玛看一次哭一次
76.X,4,2010-03-09 21:31:16,,0,生活很难但不能没有希望
Teeny,5,2010-12-30 16:24:45,,0,with刘哥
咕噜咕噜锤,5,2009-03-22 22:54:18,,0,又看了一遍。现在我觉得挺好的。
PAND4,5,2011-05-24 23:20:51,,0,惊悚片
badapple,5,2008-05-31 00:04:39,,0,《父子》和这部片子比起来就是垃圾
AP,5,2009-05-03 18:39:19,,0,打工一族必看的励志片
懒狗,3,2009-09-14 21:54:57,,0,非常温情
戳,4,2010-11-12 00:08:27,,0,蛮好看的
Odair,5,2020-07-27 14:07:30,,1,说是“当幸福来敲门”，可幸福的到来从不是偶然。也许是他前半人生实在是惨得到了家连老天爷都看不下去了，也许是他个人能力实在优秀：情商高，反应快，脑子聪明，还有足够的韧性，以及永不放弃的决心。无论如何，最难的时候已经过去，未来也不再有什么解决不了的困难。人生，还是要怀抱希望。
深层次空间,5,2011-03-14 19:46:05,,0,太经典了，太感人了
FUNNI,3,2009-07-02 11:09:28,,1,节奏慢不对我口味
viking,4,2007-07-05 21:49:42,,0,07.7.5
Ben,5,2011-05-23 11:22:57,,0,很感人，最喜欢的电影类型，看了好几遍了！
yukainju,5,2010-05-12 15:57:43,,0,生活的路就是勇敢地向前走，依靠你自己的梦想、信念、勤奋和坚持，只有这样，你才有机会在走的过程中，自我证明，找到你想要的尊严。
雲無憂,4,2008-05-18 00:14:25,,0,最后那一刻，他的眼泪夺眶而出……
Amandachun,3,2008-12-01 23:58:21,,0,自己一个人去电影院看的~~还好还好
俩角形,5,2011-09-20 15:31:57,,0,陪晨晨在图书馆看的，在厕所那场戏里，哭了。
晚晴先生夏雨庭,5,2011-01-10 15:40:53,,0,Gohardorgohell
花事了,5,2016-10-31 22:37:48,,4,生活，时常会让我们感到艰辛。并会让我们无数次目睹生命在各种重压下的扭曲与变形。
齐齐齐,4,2011-02-14 17:00:01,,0,很感动。但是奋斗meansmoneyandgreatjob?
邢肉肉,5,2009-07-19 21:12:49,,0,六星
元秀Lydia,4,2009-01-18 13:44:56,,0,坚定
卷阿黁,5,2009-01-14 05:09:54,,0,20200314重温
(๑⁼̴̀д⁼̴́๑),4,2016-11-11 21:03:18,,3,超级喜欢这对父子。小男孩很可爱，演技也超级棒。父亲的坚持不懈，追逐梦想，今朝终成功。
such,5,2009-10-13 08:02:41,,0,很感人哈
夸克逐日,5,2009-02-24 20:10:06,,0,快毕业的时候看到这片
胖丁,3,2010-07-18 14:51:07,,0,最可悲的是，你也许曾经慷慨，现在却要要回邻居的14美元。
Utopia,5,2008-02-18 15:35:07,,0,2007.5.26
狗子,5,2012-09-07 14:51:12,,1,这样一部片子应该会让男人流泪。但是仔细想想如若翻拍成大陆版，也铁定被骂矫情且不接地气。不是山寨技术不高，而是文化需要生长的土壤。我们的世界不快乐且没有希望，又怎么能拍得出苦难中的快乐和希望呢？如果这个故事有中国版，那一定又是一个苦大仇深的闷片。所以要解救电影，该先解救我们的生活。
godot,5,2009-01-07 07:01:39,,0,我同样坚信幸福会来临
逆流,1,2022-08-06 23:58:25,,28,当我给某部作品打一星。代表的并不是这部作品有哪些剧情，内容，服装或者别的方面的问题。而是我会对这部作品背后所折射出的，来自主创价值观的一种厌恶，以及对俗不可耐的唾弃。
洛洛（洛如花）,4,2009-09-02 19:57:12,,0,更多的让我看到的是父子情深
AdultChild°,5,2009-02-09 22:47:42,,0,惹人泪啊。
vampire,5,2008-12-01 05:56:14,,0,happinessisonlyforpersuing!上帝说，我已经给你两艘船了！
Tartan,4,2010-02-01 08:49:16,,0,适合观看人群：年轻人，生活窘迫找不到工作的人。
四二,5,2009-07-24 10:01:03,,1,ThereisnoYinhappiness，ThereisI.幸福里没有为什么，只有我。
韦恩斯坦_李,5,2007-08-21 17:59:47,,0,看过的最感动最喜爱的电影之一。为了生存顽强奋斗努力的人，为了责任忍辱负重的父亲，生命之光如此灿烂，幸福一定会来敲门。
寓意,5,2010-08-23 19:52:08,,1,只有体会过生活的艰辛的人，才能看懂，我不是那个真正能懂他的人，只能肤浅的看到励志和父子之爱。
大尾巴鱼,4,2011-01-05 20:00:16,,1,欲扬先抑，可是抑的太久，我都困了……
T.V.Zoe ி,4,2008-11-14 19:01:00,,0,哭點是你是個好爸爸
Marcela,4,2010-12-21 10:02:45,,0,短评中的EMMA同学，我并不认为这片中所说的是有钱了代表幸福了..男主所谓的幸福是人生中被否定了这么多次，失败了这么多次，却依然努力的活着，最后那一刻被众人肯定的时候的感觉才是幸福
南south,4,2011-11-17 01:02:21,,0,SMITH
七八九十,5,2007-05-14 01:53:46,,0,激励人心的好片子！
阅微草堂,5,2012-10-26 23:11:51,,0,我收藏的最好的片子之一
Eva,NaN,2010-07-20 13:22:09,,0,看功夫梦想起这小孩儿了
斑斑,3,2011-07-13 20:15:51,,0,对这样的励志片无感，但是想到就业问题，又觉得好现实。
凤凰城的河,4,2011-04-30 20:42:37,,0,威尔史密斯这样的表演真是不习惯哈
catcher,5,2008-11-21 15:40:04,,0,坚持不懈
bear.07,4,2011-01-03 00:24:32,,0,“你是個好爸爸”　TAT
Realann,5,2010-03-11 16:19:53,,0,温馨立志
=……=车梨,5,2009-08-08 18:17:58,,0,与willsmith定情看左34次！！！！
猪头妖怪,4,2008-06-19 21:47:36,,1,全片最感人的戏，还属和儿子在公厕里过夜那一场了。
"●,",5,2010-10-10 01:55:59,,0,威尔史密斯的巅峰之作
请叫我小至,5,2008-09-12 21:48:34,,0,平淡的故事，真挚的感情。随着岁月的沉淀越发浓郁。
狗毛any,5,2011-01-12 11:00:21,,1,励志，平淡之中的感动，史皇父子的表演很真实
L,4,2012-06-19 22:14:48,,0,硬盘里整整放了5年。总体感观尚可，但价值观不大对劲，倒是符合标准的美国梦。
阿凡思蜜达,4,2013-10-26 23:42:22,,1,处在人生最低谷
Oo龙芽oo,5,2011-03-20 18:40:09,,0,绝对励志，人生其实没什么。
Crazy Wen,4,2010-03-08 22:42:30,,0,虽然能打动不少人，但还少了点什么。。。
蓝雨笛,5,2012-01-05 15:51:03,,0,哭了。will演技没的说
oryzhao,3,2010-09-25 22:52:23,,0,坚持不懈的史密斯先生
德拉库拉拉,5,2008-06-29 23:10:59,,0,2008-6-2923:09:308/7.8（45011）各取所需，被励志了就好了||2009-8-923:40:07
纪恩同学,3,2009-11-01 00:50:58,,2,典型的美国励志电影。
Emancipate,5,2009-10-14 22:48:57,,0,励志啊励志~
:-O一觉醒来,3,2017-04-15 14:54:37,,3,感动，经典
弓长在,5,2010-06-01 02:03:21,,0,虽然它很励志，虽然它引起了我北漂生活的共鸣，虽然威尔史密斯一如既往的让我喜欢，但我给五星真不是因为这些，而是爸爸在公共厕所里捂住孩子耳朵的一幕。谁家没爸爸呀？是的，很多人没有，很多人有跟没有一样。
DennisChee,5,2011-11-07 00:35:45,,0,父亲和儿子都很优秀。只要不绝望就还有希望。
sinner,4,2009-02-28 03:33:39,,0,Lorddon’tmovethatmountain.
齊楊森,3,2013-10-18 11:51:46,,0,就算再怎么好的片子。打上励志的招牌就无趣了。
记得当时有风,5,2010-12-23 11:43:10,,0,这里是一个成功的励志故事，那么那些没有办法写出自己故事的人呢？
牛奶盒子烂掉了,5,2009-08-08 22:50:57,,0,看了四遍还想看。Will无敌的。
asfishinwater,5,2011-04-10 01:13:41,,0,或许有时候我们应该体验一下生活的绝境
淡定哥走路带风,4,2008-03-25 23:04:03,,0,很人性的电影，绝对值得一看！
猫猫eko,4,2007-11-08 16:31:40,,0,我就应该这样，苦尽甘来才是生活。不管多么苦，都要坚持，坚持，再坚持。因为背后也有一个人，有两个人，有很多人在支持我，帮助我，给我最大的鼓励。
Carla,5,2007-12-22 18:01:31,,0,Thereisnoyinhappiness，thereisani..
弃,4,2007-10-19 13:26:19,,0,奋斗、励志
monica墨,5,2008-05-01 05:46:22,,0,幸福不是随手可得，但是关键是你在别人觉得不幸福的时候感觉到自己的幸福
李茄茄,4,2010-01-22 19:07:48,,0,小黑孩萌翻
吱吱猫,3,2011-03-22 13:26:46,,0,中间难过的时间太长了，几乎看不下去
猫语猫寻,5,2009-09-11 02:55:49,,0,威尔的巅峰之作
巨蟒猫神,4,2012-09-21 17:56:35,,0,幸福敲门之前真是看到我都对世界没有希望了...百炼成钢，坚持到底就是胜利，真实故事更具说服力.
Justdoit,4,2012-06-18 23:12:04,,0,励志的故事有很多但关键时刻还是要靠自己
tri,5,2010-08-05 12:58:56,,0,活着，真是很辛苦的事情，却总有自己坚持的理由。
怀山鹿,4,2009-09-04 00:51:46,,0,touch
浮游海月,4,2010-09-25 22:06:55,,0,爸爸奋斗史，一切为了儿子==我真的感到心酸和无奈了……
本无缰,5,2010-10-19 15:16:07,,0,Iknowhowtofindit，andIwillfindit.
~leah dizon~,5,2007-12-23 21:32:24,,0,父子上阵力荐力荐
孔雀白,5,2009-06-09 14:05:58,,0,Good!!!
小白不再,4,2009-05-27 15:34:49,,0,很励志
娅娅娅,5,2017-04-24 09:23:20,,3,儿子美国队长掉的时候心都碎了。
拯救二百五星人,4,2010-02-16 23:27:02,,0,老爸，儿子；好老爸，好儿子。。。幸福兇猛。。。
verrückt,3,2010-11-17 14:06:50,,1,很俗的一部片不好看也就是WillSmith的超高人气救了这部片吧
谁你了,NaN,2007-02-10 13:45:26,,0,只要今天够努力，幸福明天就会来临
会笑的昨天,5,2016-02-03 21:36:01,,2,人其实天生就在种种外因上不平等，但每个人在追求幸福上确始终是平等的，父子温馨的励志主题显然能够打动大部分人的心。
Lan~die,4,2008-06-15 22:11:46,,1,威尔·史密斯不停努力奔走的样子很帅。Thereisnoyinhappiness，thereisanI.
达斯佛™,3,2010-12-30 13:39:40,,0,工整，味儿也正。
不贰🙈🌈,3,2017-02-18 16:20:44,,8,名利场中的摸爬滚打与卑颜屈膝完全没有任何美感，只有心酸。到底是为了什么非要去强迫自己适应一份自己完全力不能及的工作？真的是为了当初那个体面的路人随随便便的一句话吗？如果是这样也太可悲了，你一无所有，只剩一身绝望了吗？总觉得影片有很强烈的政治倾向，万恶的资本主义的倾向。
小驴想走一走,5,2009-09-20 20:45:24,,0,哭了几次~
-Lovi。,5,2010-08-11 22:34:36,,0,真的很感动呢。。。那么努力去追求幸福。。那么乐观。。
atmosphere,3,2012-06-29 20:59:05,,1,很平淡的片子.否极泰来，他如此窘迫都不算什么，毕竟我们知道前面有幸福等着他，可是现实比这还要Cruel.
Mannialanck,4,2010-06-08 22:09:52,,0,7
大红色,4,2009-09-02 00:05:43,,0,狭缝求生
隐,5,2009-06-17 11:42:18,,0,威尔史密斯事实上已经是个极其牛逼的男银了
乌鸫,3,2007-10-16 22:08:30,,0,他的衬衣怎么保持洁白的？
张脑三,5,2010-09-07 16:42:52,,0,看哭了，就这么简单
爛棉花,4,2009-10-22 00:18:06,,0,太励志了！
不会武功的女侠,5,2010-03-22 10:38:44,,0,没办法怎么写，印象很深，并不是因为本身故事，而是因为跟我一起看的人。
朱日妮,4,2008-08-21 23:10:50,,0,Mytip:Thehappinessshouldbepursued.Dosomethingeventhoughitisnotspecial.
两极体,5,2011-11-06 13:37:32,,0,neverforget
Foreverseeking,5,2012-09-03 18:22:13,,0,威尔史密斯，演技派高手，他的电影每一部都喜欢
颤神@,2,2019-12-26 23:36:52,,9,没get到点在哪，我知道他很努力，入职成功了就算有钱了？看到有差评我也就放心了。
孙道德,4,2011-07-14 11:25:44,,0,励志
冷水,4,2009-11-06 11:42:35,,0,追求幸福的权利
五 内 俱 焚,5,2012-06-19 18:14:17,,0,就算夸张就算煽情依然是鼓舞人心的好故事
文森从牛A到牛C,5,2010-04-18 19:14:24,,0,WIll最温馨的一部电影，还有他可爱儿子
梦里诗书,5,2014-12-20 11:37:33,,5,无论何般困窘，都不应该忘记对生活的热爱与追求，我们的奋斗将决定这我们所追求的生活。人其实天生就在种种外因上不平等，但每个人在追求幸福上确始终是平等的，《当幸福来敲门》中克里斯父子的故事便是对此最好的诠释，我们都无法得知幸福什么时候会来敲门？但不忘初心，幸福终会敲响你的门。
樱桃之远,4,2010-02-19 22:03:18,,0,整体感非常好的电影励志感人但是觉得对于主人公来说人生失意的时刻太久了略显拖沓好在WillSmith出色的演技弥补了这一点
狂奔的袋鼠,4,2012-05-25 18:41:17,,0,单身爸爸的奋斗
Rice,5,2010-12-06 07:28:38,,0,很感人，will为这戏付出了太多了。。。
某日无风无云,5,2008-04-28 04:59:55,,0,人都有惰性，所以有了励志电影。于是阿甘正传，当幸福来敲门等等诞生了
dodofish,5,2011-10-08 17:36:42,,0,一部简单的电影一个简单的故事但因为照出了现实的影子所以伟大弥足珍贵~幸福就在每一个挫折的门后不要放弃希望放弃的话比赛就结束了~
阿笨,5,2011-10-09 20:30:11,,0,很温情，也很励志，其实从来都是我们去敲幸福的门，一个人就算跌到了谷底，只要不放弃，相信自己，你绝对会绝地反弹的。幸福从来都是自己去争取。
烟视媚行,5,2011-04-15 09:34:27,,0,最让我动情的还是父子之间的温情。小史密斯真是可爱啊。
seabisuit,4,2014-02-08 15:07:46,,1,严重高估的一部，被大多数人喜欢，做过医疗销售也没找到共鸣，与我国奋斗屌丝没可比性。记得不错的就是史密斯父子比往常好太多的演技，还有他们的某些富人是个什么样子。
合疾||白痴,3,2008-07-12 12:47:30,,0,只有靠自己，即使在厕所
能屈能伸教母兔,4,2007-02-04 16:18:33,,0,youcanseesheshiningthingsintheireyes，thethingsaboutnevergiveupandlove
东海少年,5,2009-06-24 02:30:40,,0,真实感人
俞飞鸿女士爱人,4,2014-06-02 17:52:55,,0,为什么这么励志的电影而我的脑子里一直在想的是没有经济实力就不要生孩子？
蜗牛听CD,5,2008-10-30 17:50:59,,0,如果你有梦想，你就得保护好他！别让别人说你成不了大器。那些不成才的人会说你也成不了才！如果你想要得到什么东西，就要努力去得到!
漂流瓶bb,5,2011-03-01 18:55:27,,0,一部让泪珠滴在心里的电影，幸福并不是饿的时候看见别人在吃包子，而是饿的时候吃着自己靠坚强和不懈的汗水换来的包子。
某小某,5,2007-12-04 14:33:38,,0,看的时候，人在深圳，工作不顺利，人生地疏，怀念很多过去熟悉的东西，左右徘徊，找不到坚持下去的力量。虽然我还是选择了放弃，但是庆幸在那段日子里看了这部片子。
冰糖木耳,5,2009-12-13 14:57:32,,0,好感人好感人的说!!!
YiWz,4,2011-02-07 18:57:01,,0,还是挺喜欢威尔史密斯的！
壹方,5,2007-06-24 13:28:55,,0,幸福终究会来临，艰难困苦之后，幸福就会来敲门！
暖暖,5,2008-06-24 12:02:37,,0,感动了。
Fantasy,5,2008-11-03 17:46:49,,0,我很少看电影流泪的
只手撕天,4,2011-08-28 11:17:08,,0,你想翻身吗？首先你得确定你是块料。
能嘛,5,2008-02-11 13:48:17,,0,It'sagreatmovie
Scorpion,5,2011-12-02 15:57:57,,0,父子情深
Puff,4,2009-09-03 17:00:29,,0,没有最惨只有更惨;可是有钱就幸福了?
creasy,4,2010-10-23 06:23:13,,0,威尔的第一部文艺片，还算中规中矩
octopus,4,2009-06-05 12:30:25,,0,玩魔方
瞪鞋派,5,2012-03-12 00:37:25,,0,"the""persuit""ofhappiness—Ifyouwantsomething，gogetit..."
Out Man,4,2007-12-03 21:19:49,,0,这样的坚韧有多少人能做到呢？
L.L,5,2007-10-29 20:46:49,,0,"there'sno""y""inhappiness，there'san""i"""
夏洛酱゛,4,2010-07-23 13:35:22,,0,原来是励志片啊。
开开!,5,2009-07-24 09:14:36,,0,其实我是不喜欢这种电影的。尽管HAPPYENDING。可是过程是那么痛楚。太残忍了。不愿再看第二遍。
我爱看电影,5,2011-07-09 13:41:58,,0,我看过的电影里最棒的父亲他把积极乐观带给别人，把压力和痛苦留给自己，坚强，执着，自信，太完美了
Sophie  Z,5,2008-04-03 20:09:45,,2,最糟糕的时刻，这碗鸡汤不知道鼓励了我多少次。
今天下午停水,5,2012-08-12 11:23:07,,0,好看，我喜欢
马西嘿嘿嘿,5,2009-01-01 23:07:06,,0,人生的一部分叫做幸福
eiapov,4,2009-09-03 02:33:59,,0,太励志了
未卜,5,2011-06-06 14:17:18,,0,地铁那段的父子情，让人难忘。
国王祭坛,5,2010-07-27 01:25:41,,0,辛福终于变成了幸福
拉风洋葱头,5,2009-12-11 02:01:01,,1,Ifyouhaveadream，yougottoprotectit.
怪奇妇女,5,2009-06-22 21:34:51,,0,希望总会有的
sally,5,2011-10-11 23:07:41,,0,典型的励志剧，说实话，结局就是大家都要的完满，不过看到克里斯幸福地流眼泪的时候，感觉幸福真的不难得到。
小矮人没有童话,5,2008-07-22 04:01:55,,0,男人，什么都要承受。
Vita Kei。,4,2011-12-05 22:20:38,,0,勇敢的活下去。即便生活再艰辛，只要你肯付出，总会有变好的那一天。因为时光不会倒流，无论心酸或欢乐，一切都会过去的。为小史密斯多送上一颗星。
Sundance小千,5,2008-08-29 01:58:18,,0,KnockKnock
敏感的小宇宙,5,2013-07-05 02:52:39,,0,欲望吞食了侥幸，绝路不是永远的尽头。
coco果果,5,2011-01-17 17:09:51,,0,励志故事，温馨感动
板砖破武术,4,2014-02-24 13:49:24,,0,亲爹领着亲儿子去励志
嘉 玲,4,2010-08-20 17:15:18,,0,100820嗯，痛并幸福着。
shadow,5,2009-02-04 14:11:17,,0,希望这部影片能惊醒部分大片导演，电影情节很重要！！
小饺卷,5,2008-12-05 17:28:16,,0,很感动的一段经历happiness
河原宏,2,2012-10-24 00:01:05,,3,有些影片现在不花一个小时就可以跳看完倒是省了时间虽然《触不可及》看起来像美国电影但还是比这部纯正的美国励志“对白片”好很多
韬子@Tower,5,2009-07-12 23:25:22,,0,啥子也不想说了，消沉的时候最喜欢就是看这部电影，很自然地就想到电影里面的克里斯.加纳。加油，加油，好好地加油。
Eve,4,2011-06-04 15:15:21,,0,所以这是在告诉我们——事业成功等于人生幸福——吗？
媚水之珠,3,2007-09-15 07:42:17,,0,股票推销员的儿子可爱死了
半边番茄,5,2009-08-23 12:23:38,,0,美国梦
vali,4,2009-03-19 03:05:13,,0,聪明的爸爸....生活时常会让我们感到艰辛，并会让我们无数次目睹生命在各种重压下的扭曲与变形。——《生命不可承受之轻》
[已注销],5,2011-09-13 00:37:53,,0,haveyousparedallefforttodefendyourdream?
各种mo啊~,5,2008-08-29 23:55:25,,0,励志的电影~
王小毛,4,2010-03-19 19:34:43,,0,还好，我是说剧本跟演员的演技。但是我不能认同那些哭的一把鼻涕一把泪的，至于麽。生活要比这残酷的多的多
肚腩小胖,4,2010-01-12 21:21:43,,0,很感人
莱珂熙,4,2007-01-28 19:35:30,,0,人生就像抛物线，有低谷，也有高潮，但是只要努力拼搏，并且抓住机遇，人是不会永远都停留在低谷的！
a,4,2013-03-21 11:19:21,,0,业余八小时决定五年以后的人生。小儿子很可爱。
·謎語語語語,4,2008-08-07 21:41:27,,0,我想说不喜欢看到过程有结果就好
hiphop,5,2007-01-13 14:35:54,,0,逆境中求生存并获取幸福的故事，好片
李秋天,4,2022-10-05 20:59:15,江西,4,马路上晕倒在地的人无人问津，街头卖艺的人会偷东西，经济不景气负债八百亿，收容所门口大排长龙，学习成绩第一名也只能打电话推销股票，吸血公司要求实习六个月不给薪水，华人托儿所只给孩子看又臭又长的肥皂剧墙壁上的涂鸦把happiness拼错，釜底抽薪也要打肿脸充胖子房租，赋税，罚单，他已经快完了，那些有铁饭碗的人一个个伸手向他要钱就算什么也没有，他也从未想过放弃抚养儿子。前面都很好，只是最后两行字，刺目得很，原来是资本家的故事。显得普通人像个笑话。（还有，话说他之前都没想过找份工作？而是让妻子打两份工，把妻子逼疯，直到妻子离开他才开窍。他能活过这六个月真是奇迹。不逼一把他，他是不是还会继续当废物。）威尔史密斯手长脚长，在马路上奔跑起来也太帅了，他还拥有被车装一下都无大碍的顽强体格孩子很可爱
william,5,2010-04-25 22:41:52,,0,感觉好感人啊！
等一个人,4,2008-12-12 20:55:40,,2,救世主是我们自己
西门东楼,4,2012-11-11 19:18:43,,0,...痕迹稍明显
五十级皮神,5,2009-03-17 20:55:32,,0,原來係呢齣戲..=3=
卡比巴拉的海,4,2017-04-10 20:21:25,,5,平民励志
冉笛,2,2009-09-29 12:33:02,,3,这部电影好像很受国人欢迎，就我而言，看的比较辛酸，有多少在底层辛苦挣扎的人如主人公那样最终出人头地呢，给个鼓励分吧
神游少年欣小欣,5,2008-06-26 21:34:04,,0,最后~我流泪了...感动..特别是当威尔获得工作那一瞬间~他的眼睛红了~我也红了~在最底层的边缘~他一直在努力..我真的被感动了..我想也许我也可以这样做..我会努力..有什么还能比他更苦的吗?
如晦不已,4,2011-02-10 20:21:37,,0,没那么狗血，没那么刻意。
Blue Moon,5,2010-02-12 11:16:10,,0,怒赞，威尔史密斯难得的佳作，不同以往的风格，努力，忍耐，奋斗，坚持，很多共鸣，太感动了
某人,NaN,2011-10-10 04:53:29,,0,励志片的典范
Quaikie魁克,5,2010-06-21 09:00:30,,0,最佳励志片
好好,5,2008-10-12 21:23:56,,0,威尔史密斯的片子，就算是小成本，也卖座得一塌糊涂~很是温馨的电影
stknight,4,2009-04-23 23:52:27,,0,《当幸福来敲门》改编自美国著名黑人投资专家克里斯·加德纳今年年初出版的同名自传。这是一个典型的美国式励志故事。威尔·史密斯并不经常出现在文艺片中，此次是受到改编自真实传记的剧本打动，才决定出演男主角，并亲自担任制片工作，顺便还带他的儿子贾登·史密斯来参演。
冇有,4,2008-01-25 21:12:24,,0,还不够惨
鱼,5,2011-02-19 10:57:05,,0,没有钱是万万不能的
烟西早,5,2011-10-23 02:42:40,,0,喜欢
面B,3,2012-10-28 20:43:54,,0,(￣▽￣)
艾托,4,2012-05-15 09:03:45,,0,有些地方过了
麦。麦。,5,2009-12-21 09:25:37,,0,就这样。。走
walkon,5,2008-09-02 15:42:37,,0,timemachine
风之影,4,2007-08-22 11:30:40,,0,D9UPS-349
大漠孤烟,5,2009-09-25 00:51:10,,0,很很励志~~~~
Geronimoooooo,5,2009-08-20 16:46:43,,0,幸福到来的时候，其实不会敲门、它就那么自然而然的来到你身边，然后拍拍你的肩膀，告诉你：“我早就已经来了。”
周兴池,4,2013-09-28 10:24:26,,0,对我口味，是因为我有过部分内容相同的遭遇
易,4,2012-04-09 11:57:26,,0,温情电影总是会给人一些温暖和关怀，而这部电影的方方面面也都做得很好，但于我看来也确实无过人之处，题材占优倒是它广受好评的主要原因。
小A,2,2010-01-16 05:11:12,,3,-8.5/10
张不疑,3,2008-09-12 09:26:08,,0,挺好的，就是结局太好了，另外不是我最喜欢的类型
XC,5,2007-07-30 00:20:52,,0,当爹前必看..呵呵
judeuniverse,5,2010-03-31 18:21:44,,0,很温暖！
豆友23424503,4,2012-06-08 19:50:53,,0,Whatdoesn'tkillyoumakesyoustronger　Whatdoesn'tkillyoumakesafighter
黠,4,2007-12-17 22:16:58,,0,07年1月，辰。
Wornsknsk,5,2011-04-03 21:20:38,,0,成功的人，背后有多少辛酸。
辅臣半夏,5,2012-06-19 01:28:53,,0,真情流露
欢欢,5,2012-06-18 22:14:21,,0,励志
Serenity,5,2012-06-18 22:18:21,,0,威尔史密斯一直都是这样的会演好有爱的父子
lyn,5,2012-06-18 21:26:30,,0,喜欢威尔史密斯的忧郁而又幽默的气质，他的电影总能给人一种思考的空间，让人们在思考中品味人生的五味杂陈，幸福敲门的时刻便是到了收获的季节。
本人醉奶,5,2012-06-18 20:18:34,,0,"knockknock.who'sthere.happiness.""Ifyou'vegotadream，you'vegottoprotectit."""
正气大侠,4,2011-01-09 22:07:05,,0,CCTV6佳片有约
DrBlackWatson,4,2010-09-04 21:59:21,,4,NowLordDon'tMoveMyMountainButGiveMeTheStrengthToClimb.这首福音歌曲非常好听。聆听之时，仿佛上帝赐人力量。
MetalDudu,5,2007-01-26 20:17:44,,0,永远不要让别人对你说，你不行！
不问鬼神,5,2012-10-14 22:16:13,,0,坚守梦想的人生，多么美丽；《美丽人生》的姐妹篇
leon,5,2012-05-26 03:00:27,,0,看了好几遍
思鄉の風,5,2011-03-04 01:18:08,,0,上帝，真感动。不能放弃。
Fan,5,2009-04-20 11:18:53,,0,經曆千辛萬苦總算迎來黎明没想到後面還是有突如其來的意外也許這就是人生你永遠也不知道下一秒將發生什麼不斷向前就對了
daisy,5,2012-09-17 20:42:22,,0,1、这种正能量奋斗成功的故事，大概在美国才会发生。2、任何时候都不能放弃自己的梦想。3、任何时候，都不要放弃自己的丈夫。
Cherry。,4,2011-07-28 20:53:57,,0,holdon.holdon....
clytze,5,2009-06-11 21:40:40,,0,
祖国的豌豆尖,5,2009-01-31 20:53:53,,0,非常励志
早。,4,2012-09-02 22:37:28,,2,我喜欢另一个译名，追求幸福，虽然这个名字比较三俗，但是幸福啊，确实是要去追逐的。有时你追了几条街，眼见着它钻进了地铁里，你只差一秒便抓住了它。有时你好不容易抓住了它，可是因为门太窄，不得不硬生生的丢掉叫别人捡了去。可你至少那么拼命的去追过，虽然你受了些伤，但最后你终于抓住了它。
杨咩仔,5,2010-08-31 22:15:33,,0,很值得看
罗星月,5,2010-05-23 14:45:39,,0,本片确乎使人感受到一种内心的震撼和温情。男主角历经种种困顿，但那份永不放弃的坚毅和执着，使他战胜了一切，最终走向成功。是内心的强大铸造了伟大的成就，而不是其他什么外部条件。片中史密斯父子的表演同样精彩，尤其是儿子自然不经雕琢的表演，绝对是潜质无限。
海獭,4,2010-09-16 00:40:43,,0,其实并没有那么感动。
慕容白,5,2010-12-22 13:45:39,,0,这部电影让我记住了威尔史密斯
一条小咸鱼,4,2012-05-25 21:34:52,,0,励志。机会的得到取决于你的准备与永不放弃。
阿泽,5,2010-10-19 15:07:32,,0,虽然没什么大悲大喜的但是却真的被点到死穴了
jacqie,5,2008-02-07 16:38:01,,0,亲人永远是生活中最大的动力和支柱，无论如何，爱自己的亲人，为了他们而努力。但这一切一定要有一个能够也敢于承担起责任的父母，他们愿意为了自己的孩子而吃尽苦头，为了自己的孩子而不懈努力，他们是敢于承担责任，承认错误的人，作为他们的子女一定会为他们而骄傲。问题就在于我的父母，尤其是我的母亲不是这种人，他永远是对的，他永远不会做错事，对于他我不置可否。
ღ lulu,3,2009-08-23 12:05:41,,0,我好像是内个抛弃他的妻子
蒜 | BOY A 🌈,4,2008-02-09 21:53:37,,0,2007.9.10DVDhome/人生都是很难的，每个人都差不多，只是大家在当时选择的应对方式不同。2020.7.21影立方773
找了很久找不到,4,2009-05-12 15:26:45,,0,给以后的孩子看这部电影
绷带僵尸,3,2011-09-15 16:04:39,,0,还不错，只是，特想知道主人公最后最后的结局呢
唱唱反调,4,2010-10-06 14:12:50,,0,greatpants
Lo,5,2008-09-26 14:29:55,,0,Hewasmorethanlucky
雷斯特雷波,3,2011-12-24 13:25:28,,0,男人最让人感动的就是在逆境中奋斗的过程
樱桃子,5,2012-06-02 12:26:46,,0,只记得，蛋都哭疼了。
NAHTE,4,2011-07-16 08:05:55,,0,还可以
彌張,4,2007-12-22 20:37:45,,2,没哭
Uncle Wang,5,2012-01-14 20:00:56,,0,这世界大多数人都在迷茫.
Daisy♫,4,2008-03-17 08:29:08,,0,难得的真实朴素的美国电影。
Anday,5,2011-06-03 20:39:52,,0,如果能让自己不再为光阴被虚度，才华被耗尽而流泪，如果能让自己坚定，“我不要似是而非的人生，我要自己做的每一件事都刻骨铭心”，那么这场狂热便是得其所，记住这永远不是最差的人生。
Takuya家小吹吹,4,2010-03-04 21:59:12,,0,没有想象中那么优秀，但还是让人感动。如果没有儿子，will也不能一直坚持吧
M.差,5,2009-04-30 18:06:04,,0,史密斯的温情片还是比较细腻的
长安,5,2010-09-22 22:05:21,,0,这个名字就是亮点啊~
村雨,3,2009-08-28 23:35:47,,0,教科书式的励志片。。。不如七磅。。作为全世界最酷的男性人类。。wil在这部里太跌份了。。。
IntSoul,4,2019-03-23 14:44:33,,3,以为小男孩哭得让人心碎的那一幕是因为遭遇了人生最绝望的事，没想到只是丢了他的美国队长。可是倒过来想想，在小朋友的世界里，丢了自己崇拜信赖的英雄，难道不就是人生最绝望的事？
爱情海,4,2017-05-22 17:54:02,,4,起初以为是爱情片，结果大出乎预料，是一部感人、励志正能量的影片，幸福是需要努力主动去争取的。
YAAAAAEEEEDIE,4,2011-11-19 09:15:37,,0,当他得到工作时我感觉我看不到我以后事业的未来啊…………
草絮雨,4,2011-09-01 14:06:51,,0,父子档，一如既往的好演技
木叶,5,2009-07-04 19:08:47,,1,Yougotadream，yougottaprotectit.
Comel,4,2012-01-30 02:29:38,,1,有点小失望，若不是演员的功力以及过程的种种细节，此片就是一典型美式俗片，一看开头便知结尾。但由于两个史密斯的表演，过程始终牵动着观众的心，而且种种细节配上原声也颇有味道，算是出彩。
xx,5,2018-09-01 21:25:47,,5,不抛弃不放弃等到幸福来敲门，被感动，父子情深。
C.hyola,4,2009-09-09 14:24:01,,0,你一直奔跑，只是为了生存
