user_name,star,comment_time,geo_ip,vote,short
shu,5,2009-09-09 12:53:07,,7569,最后他成为了穿条纹睡衣的男孩。
Doublebitch,5,2010-03-11 11:16:33,,5880,无论你之前是什么样的人，在穿上这件条纹睡衣之后，都会变成一样的人。这部电影主题深得我心啊，故事讲得也不错，镜头运用，结局处理都很出色，特别是结尾处那个长达数秒的长镜头发人深省。
朝暮雪,5,2013-01-01 11:28:06,,4000,小孩总是交友，大人总是树敌。
tifanie,4,2012-10-14 02:46:01,,8675,"""突然镜头换到那扇黑色大门前，慢慢拉远。如果你哭了。是为BRUNO对吗？那么，shmul呢？"""
junepig,4,2009-03-03 20:50:58,,5522,这大概是对纳粹反犹最狠毒的嘲讽了吧，通过欺骗，杀害的不仅是“敌人”，还有自己的孩子。
Sophie  Z,5,2012-04-14 01:14:58,,3947,我一直以为会有传统电影中“最后一分钟营救”的那种结局，我一直理所当然地认为主角不死的光环会在这个男孩的身上，以至于看到最后一幕后我很久都没法接受。说到底这是一部纳粹电影。
陆企鹅,5,2020-07-20 13:26:23,,2680,最难过的不是布鲁诺穿条纹睡衣了，而是每一个穿条纹睡衣的人本都是布鲁诺。
眼角的花朵,5,2009-02-08 09:40:23,,2376,看得我浑身发冷~
不流ᝰ,5,2009-03-01 23:04:35,,2278,感动我的是孩子的勇气，强大的勇气。
小伙锅,4,2013-03-04 19:57:40,,3248,如果你看完之后只是为这一个小男孩而伤心，那么你是真的有种族歧视了。
Ruby超人小姐,4,2009-03-29 06:53:43,,3042,你还当这是一场游戏么？
Hey Johnny,5,2011-03-23 19:43:08,,1865,夜里安静地看这部片子，莫名的忧伤和震撼。有时候可怕的并不是罪恶本身，而是掩饰罪恶带来的后果会让人误以为罪恶是美好的。看到结局，最后的防线被击垮了，到底该为小男主无辜的死亡和其母痛失爱子而悲恸，还是要为这死成了对其父及纳粹罪行的惩罚而窃喜…（ps.RupertFriend太妖孽。
kissdemon,4,2010-12-10 00:26:29,,2462,大半夜很容易走进情绪，最后的结局压抑得我说不出话。最可怕的教育是价值观的强行灌输，而最可怕的价值观是被一件条纹睡衣分割，看着姐姐满墙的贴画真是触目惊心的疼。
公民奎文,5,2021-07-26 23:59:34,,1382,你骗不了一个探险家，他必须亲眼见证才肯罢休。
nikki,5,2012-09-02 14:52:12,,1489,我觉得它并不比[辛]差，不是只有透过大社会看战争才是正统的片子。父亲就算是纳粹也爱自己的妻子小孩，母亲做为女性心软，青少年容易被骟动，而什么都不知道的小孩只能接受大人给他灌输的知识。我觉得这些都是可以理解的，并不是“刻板”“形像化”的。最后的长镜头看了几遍
宋小君,5,2012-01-03 16:17:43,,990,结局震撼，角度刁钻。
Connie,4,2010-01-18 11:34:18,,1625,母亲和奶奶的反应跟一味想要走进成人世界的Gretel姑娘形成强烈对比，不过Gretel在接受洗脑的过程中还是抽空想念起她的小伙伴和远方的家....她屋里的招贴画才是最触目惊心的吧，我比较关心这个女孩的将来
lenlen,4,2011-02-03 14:15:14,,1072,fuck这么狗血的结局看得心里好难受
练达,5,2016-10-07 08:57:28,,902,看到结尾除了沉思还能做什么，当你穿上条纹睡衣，那么我们都是一样的了。
鲨鱼,5,2021-04-10 09:40:53,,758,我以为布鲁诺会体验到“农场”艰苦和绝望，没想到他直接就体验了死亡.
Meng,5,2022-03-05 20:40:13,,431,被短评排第一的说中了：当最后黑色大门前的镜头缓慢拉远时，我想到的只有bruno，而shamul呢？这个结局对他来说似乎是理所当然的一样……我想我这样的恶，即是社会的恶，无力改变，无心改变，无从改变…..只有时刻警示自己，换来些许良知的安慰…却又仍是自顾自的自私的体现….
L二次方,5,2021-07-31 13:21:53,,362,一群遭迫害犹太人被赶进焚尸炉，和一个德国孩子不小心走进焚尸炉，后者会让你更加感到“惋惜”。因为前者在影视剧里看的太多了，你看不到里面每一个人鲜活的面孔。可是，那更是整整几百万人！
冰红深蓝,2,2016-09-25 15:11:39,,152,问题非常多。首先，看了开头就能猜出结尾，使得故事欠缺悬念感与叙事张力。其次，人物过于脸谱化，简直像一个萝卜一个坑量身刨出来的。最后，情节设计感太重，时刻让人出戏，结尾毫不悲戚，只觉虚伪。PS：《浩劫》才是直面犹太人二战苦难的绝佳之作，无有能出其右者。（5.0/10）
萨嘎摩多熊猫桑,4,2010-08-10 16:54:23,,805,"每一个""纳粹""的孩子，上辈子都是折翼的天使"
思路乐,5,2019-05-18 19:28:57,,315,【A】视角非常独特的一部电影，全程都以一个来自纳粹家庭的天真孩童的视觉来看待并体验这么一段惨绝人寰的历史。全片多次出现关于“牢笼”的符号架构，比如被大铁门封锁的房屋，楼梯上的竖状栅栏，被封闭的窗口，还有那件至关重要的“条纹睡衣”。而全片最为深刻的一点，就是大多数人看完后可能都会将感情投在无辜的德国小男孩，和他受到报应的纳粹父亲身上。却很难在这种主观情绪之中意识到那个犹太小男孩和更多的犹太人其实更加无辜。被点明了这点后我才意识到导演用了这样一种高明的手段将观众变成了一种潜意识下的“阶级意识”者，这方面其实跟片中的纳粹分子没什么两样。这才是本片最值得拍案叫绝的地方。
恶魔的步调,3,2009-05-02 12:52:05,,472,一个纳粹家庭的集中营生活
ZZS,3,2009-03-07 21:10:33,,345,“妈妈”挺像苏菲玛索的shmuel长得狠可爱
腐花儿,2,2017-05-05 23:56:41,,66,感觉犹太小孩子可能是故意的，如果真是故意的，这个情节还突然觉得有意思一点。最后的剧情有种：你看你们德国军人杀害犹太人，叫你们杀犹太人！结果自己孩子进去了吧！死了吧！活该吧！啧啧的违和特意感。
达达ZEN,4,2010-04-03 23:58:15,,414,1、BBC味道浓厚；2、刚好这期人物周刊做了一个二战片子的汇总，散落珍珠汇成项链，关于二战题材常有罕见佳作；3、这部的4颗星里，摄像至少分到一颗半；4、“在黑暗的理性萌芽前，称量童年的是声音、气味和视觉”；5、开篇部分值得借鉴；6、少的一颗星是与《美丽人生》的差距。7、细节！
花儿果果,5,2009-01-24 15:01:25,,258,改编自爱尔兰新锐作家约翰·波恩06年同名小说。人人都懂的寓义，你需要做的只事再次被影像化的故事感动。
❤sissy❤,1,2009-04-24 14:52:40,,166,鬼扯
文泽尔,3,2012-11-17 15:47:15,,113,小说改编演雨果主角孩子更小些的时候无论墙内墙外两孩子完全无辜并用向下的结尾做了悲剧然而情节组织太零碎两个八岁孩子的友情建立并不完整全片下来情感部分如雾里看花人物刻划碎片化后半部分仅靠嚎哭和憔悴表现悲恸始终差了些全片下来印象最深刻是劳动营的黑白宣传片以及收尾的衣服堆
蓝色啄木鸟,5,2017-02-15 10:05:04,,314,很沉重的一部反映战争残酷的二战影片，几乎没有战争场面，却令人震撼而恐惧！小雨果演得真好，就是看完很难受！
影志,4,2018-04-27 23:54:05,,343,其实不明白，换了衣服穿过铁丝网过去后，就能帮别人找到爸爸了？最后5分钟的沉重，在前90分钟单纯质朴的衬托下，显得异常惊讶和震撼。
艾小柯,4,2008-11-22 16:49:04,,316,是否需要如此直白？
方枪枪,5,2011-11-04 00:49:02,,147,二战期间，一个德国军官儿子和一个集中营犹太孩子的故事！绵里藏针的隐忍和悲伤最后在大雨中得到完全宣泄，一个让人看后忍不住悲伤的电影。可爱纯真的布罗诺活在一个美丽谎言和残酷现实包裹着的世界中，悲剧在故事开始就已注定！残酷的战争毁灭了所有，接连不断的长镜头和美丽的钢琴曲奏出生命的安魂曲
粟熙,3,2009-08-20 12:57:14,,80,三星半，故事完成得不错，可惜仍流于表面了，也许还能再含蓄克制些，孩子的情感挖得更透更深点，现在依旧是靠题材和故事取胜，而非电影本身。
亵渎电影,4,2009-06-16 19:12:27,,344,结局确实是意想不到的残酷。
嘉沐難再續.K,4,2009-05-21 11:58:37,,246,好残忍的故事
N,4,2012-09-23 20:30:59,,186,儿童是纳粹是极端民族主义的最大受害者，因为他们的纯真不理解那些极端的仇恨和盲目的热血。对纳粹沉重的讽刺剧，极端民族主义扔出去的石头，最终必然砸在自己的身上。
石头星,4,2017-02-13 20:11:05,,130,纯净的孩子和恶魔般的纳粹对比强烈，以致结局更令人难以接受。
懒得起名,1,2022-12-21 11:28:08,上海,17,犹太人洗脑又一力作，事实上他们每天都在屠杀阿拉伯人，真是无耻
null,5,2017-01-14 12:55:18,,251,结局满分。理性的黑暗来临之前，童年的记忆，是光。
UrthónaD'Mors,4,2009-11-05 19:37:22,,107,一切都是那么的寸。晚一点也就没事了，所以最后布鲁诺进了集中营穿上了‘睡衣’随着那道门的关闭
十一,5,2016-10-28 09:14:46,,190,战争，早晚报应到自己身上
岛上的夏奈,5,2012-10-28 17:56:45,,158,我们生活在一个扭曲并充满谎言的世界。
你是我的禅,5,2023-06-30 18:18:07,广东,77,百万犹太人被驱赶进那个焚尸炉房，不如一个纳粹小孩进去来的震撼。
马丁内斯港,5,2023-07-08 07:04:13,美国,68,第一次想哭其实是影片还不到半小时Pavel说自己曾经是实习医师，Bruno说那你一定做得不够好不然怎么在这儿削土豆，回家后妈妈对Pavel说了声谢谢那儿。（ps.看到热评有说妈妈的形象是女人的心软。No.不是心软，奶奶和妈妈的形象不是性别刻板印象，应该说，无论什么境地，是女性的包容和共情才让人类生存下去。
爱情海,3,2017-02-09 17:42:41,,96,结局很震撼，是一部让人引发深思的剧。
连城易脆,4,2020-04-23 00:08:54,,52,首先要明确指出一点困惑：片中德国军官全家和犹太人无论男女老少都说着一口流利的英式口音英语，这未免太神奇了吧？德语呢？希伯来语呢？《美丽人生》和《钢琴家》都有反应语言不通的情况，甚至是关键情节。倘若都能流利说英语，如何分辨人种呀？这不是更要杀错人？电影展现的视角首先就很独特，从一个德国纳粹军官的儿子眼中观察周遭每个人完全不一样的意识形态，奶奶反对纳粹，爷爷支持纳粹，妈妈讨厌纳粹，父亲为纳粹工作，姐姐被纳粹洗脑，孩子本身感到无比困惑，整个家庭因为对纳粹不同的认识被彻底撕碎，于是造就这场人间悲剧，前面孩子越可爱，结尾就越伤悲。这种悲剧其实依然存在于台湾等地区，黄智贤也是典型案例。电影中纳粹制作的洗脑视频的手法也可以在当下很多西方媒体里看到，很多人依然充满了人种傲慢，就像片中的家庭教师一般....
LEMON酱,4,2016-07-29 13:46:10,,95,电影是好的，可是在太压抑了，结局接受不了
有心打扰,3,2011-11-24 22:08:26,,69,小小世界，小小友谊，没有憎恨。
喻鸣,4,2018-09-27 21:00:33,,40,“在真理被黑暗吞噬之前，我们用听觉、嗅觉和视觉丈量童年。”几千部观影经历里，有两个孩子的脸让我只要一想起就心疼。一是《菊次郎的夏天》，北野武选角时苦苦寻觅的“走路低头、嘟着嘴总是一脸委屈的小子”，再便是那个穿条纹睡衣的犹太男孩，双颊耷拉，门牙空落，眼睛澄澈，满是迷茫和惊恐，却无一丝怨恨和恶意。无辜幼儿被放置在残酷战争中，两个针锋相对的概念互相碰撞，所产生的冲击力极为触动人心。儿童有多纯良无害，其毁灭就有多令人心碎。资料馆。
狄飞惊,3,2012-09-17 12:42:49,,33,影片很完整。但，设计感极强，叙事一根筋，结尾太直白，情怀想当然，其实很做作。
远山黛,5,2022-12-18 10:21:54,海南,73,小小的布鲁诺在他生命的最后一刻，能否明白camp到底是怎样的存在呢？无论从哪个方面看，布鲁诺和施穆一起葬身毒气室，都是最合适的结局，布鲁诺永远八岁，善良的孩童天性来不及被残酷的人性侵染，就是不知这种切肤之痛能否让他的刽子手父亲清醒过来。因为整部电影的可爱陪伴，所有观众都会痛心于布鲁诺的死，盼望他的父母能把他救出来，同时真正地反思：那么在那间屋子里的其他犹太人，就是该死的吗？PS柏林的炸弹炸死了坚定的反战人士——奶奶，葬礼上妈妈说她不会希望希特勒的信在那里，爸爸说：“hedoes.”
武侠小王子,3,2015-06-06 19:04:05,,19,盛名之下其实难副，原著气质太重，电影气质太淡，各种悲痛，残酷全都看不出。
维城乱马,5,2015-08-27 10:48:59,,108,德国儿童视角版的《美丽人生》，又或者说，《美丽人生》里的男孩都是《穿条纹睡衣的男孩》。看完心情沉重，似乎只有给影片打上五星推荐给更多人控诉战争的罪恶才能稍微缓解我那微不足道的愤怒和痛心……
Soo Yung,2,2014-05-01 04:31:06,,22,这片子竟然有8.7分你是在耍我?!简直快要对二战集中营题材的片子无感了，相比之下美丽心灵还要优秀的多。Bruno&Shmuel的剧情很老套，最后离奇的出逃更让人匪夷所思，叫你好奇心害死猫Childhoodismeasuredoutbysoundsandsmellsandsights，beforethedarkhourofreasongrow.M.
托尼·王大拿,4,2022-04-21 10:54:22,,13,视角更抽离更中性，大概有点扯，叙事也中规中矩，不过结局处理还真下的去死手，够狠。
投射性認同,5,2022-06-02 13:13:10,,66,拷问反诸己身之处在于你对Shmuel的同情和对Bruno的同情是同等的分量吗
火少,1,2023-10-20 17:23:35,江苏,11,犹太人，挨个来，都最低分
秋瞑,4,2018-02-13 14:11:34,,30,战争无情阿，小男孩很可爱天真懵懂的，只是他永远都不明白大人们所做的事，最后结局真让人意外。
西楼尘,4,2015-07-21 22:14:32,,39,布鲁诺关于集中营的天真疑问令人忍俊不禁，童真与邪恶的反衬更加让人心悸。对于历史的最大敬意，是以史为鉴过好未来。关于二战犹太人集中营的儿童视角解读，前半部分好过后半部分，从片头看到BBC出品就大呼不妙，一贯的调性虽不故作煽情，但也压抑得离谱，幸好这是个好故事以及好演员，俩小孩太可爱。
你不喜欢文渊吗,4,2017-06-21 14:45:00,,21,战争是残酷无情的，在道别之前，请用笑容纪念。
宇宙真理猪大肠,3,2012-11-27 01:31:00,,32,"这种视角总是要有的，但剧情和细节都有点过于浅白。说英语的""德国人""也不够有说服力或者至少有点怪。演Shmuel的小孩儿挺个性帅。"
吃李子不吐皮,5,2021-03-03 13:23:16,,85,纳粹父母最后所经历的痛苦是犹太人家庭数年间持续不断经历的，像凌迟一样，漫长而尖锐。孩子之间没有敌人，只有朋友。他们俩的眼神就像天空一样清澈啊。
ζωήιδ,2,2010-07-03 19:26:18,,21,纳粹军官家庭、小孩视觉等角度选得不错，但结局超狗血，叫人甚至搞不清您的真实意图到底是想反纳粹还是反犹……虽然可以说大家都是人，即使是战争中也是你中有我我中有你，但这个结局也太妖魔化了。另，因为拍摄地是匈牙利，成年女演员都是东欧裔，他家女仆略犹太长相……（集中营题材已经拍烂了）
雲外憧憬,4,2019-08-11 01:28:55,,22,如果要把此片观感打个比方，那么就像是涓涓细流慢慢地变成汹涌波浪，最后终于决堤，情绪无法收敛的爆发而出，只留下满地的条纹睡衣和紧拴的铁门，穿上睡衣走向死亡，关紧铁门前往天堂。
发条橙,5,2020-08-07 22:23:29,,72,无论你之前是什么样的人，在穿上这件条纹睡衣之后，都会变成一样的人。
艾晨,4,2019-07-03 13:14:07,,11,小孩只有朋友，大人只有敌人。
幕天席地,5,2017-03-04 09:03:34,,102,很心碎的电影，只能痛恨战争
丝雨飞花,1,2017-07-06 21:52:49,,4,洗脑要从娃娃做起
东篱,5,2018-03-26 10:16:29,,44,一个直白得有点残忍的故事，看得心里很难受，结尾处的长镜头太令人压抑了。
夏季的天空,5,2022-01-04 21:37:55,,40,总盯着过去，你会瞎掉一只眼；然而忘掉历史，你会双目失明（索尔仁尼琴）。最后的一个长镜头，在空荡荡的更衣室里或堆或挂着的毫无生机、没有了主人的“条纹睡衣”，仿佛是对所谓“人类文明”的最心酸的嘲讽。
椒盐豆豉,4,2019-11-21 16:28:21,,18,所以说在体制性作恶的滚滚洪流下，无论站在历史车轮哪边，同为社会一员又有谁能幸免呢？不仅仅是一个巧合的天道轮回而已。喜欢每个细节的点到即止（女儿跟少将的关系，空气中的浓烟，军官与母亲的矛盾，毒气室外安静的挂满囚服的镜头拉远和戛然而止的结局等）。另外男孩母亲长得好像苏菲玛索…
米粒,4,2010-03-09 21:32:11,,31,很感人！最后段落极度催泪
卡列宁的微笑,4,2014-06-28 18:14:36,,20,这部电影最有特色的地方是模拟儿童视角，有时候摄影机机位都用儿童的高度。儿童视点模拟得越自然，越反衬出成人世界的残忍肮脏，但同时也显示了纯真人性存在的现实和回归的可能。
吴径,5,2023-05-20 21:10:11,福建,38,这个社会只有一个声音的时候，没有人敢提出自己的异议，年轻人狂热追随，中年人深谙人情世故，只有儿童是纯洁的，却被狂流带走成为牺牲品。
Vini_Kazma,2,2012-08-06 15:07:21,,5,本片根据约翰·伯恩的同名小说改编
我是大皮哥,5,2013-10-08 09:55:42,,41,　　“而我们穿着条纹衣服的男孩则永远留在了他的童年，永远留在了对墙那一边的“农场”慌乱的第一印象里，永远分不清楚真实与谎言，永远笃信自己所认为是正确的事情，永远梦想着探险，永远保持着对纯真友谊的盼望。　　这种结局似乎不仅仅是一种批判与控诉，更是一种理想主义的美丽结束。”
一只棕熊,5,2021-02-20 23:24:56,,41,结局像从屏幕里伸出手掌攥紧了我的心脏，看得人喘不过气
KitajimaJunko,4,2014-12-02 14:38:53,,25,看完以后心里像有什么东西卡住，咽不下去，吐不出来。
Epicentro,5,2017-03-02 13:32:41,,52,看过最沉重的电影之一，被最后母亲在雨中撕心裂肺的尖叫压得快要窒息。前半段鲜花阳光的背景就是一层糖纸，到最后二十分钟才撕开，里面只剩一把灰。演员演得可都好啊。但是真的不想再看第二次了，太难受了。
踢迩达,5,2012-09-25 22:52:44,,32,两个小萌孩演得真是太好了！其实某种程度上还挺喜欢这个结局：布鲁诺不用等待战争结束的那一天，那些审判、指责与谩骂。布鲁诺和施穆尔一同去了一个没有偏见没有仇恨没有愚昧的地方，手牵着手。
动力二踢脚,5,2022-10-12 18:55:02,新疆,31,通过孩子的视角让我们更加共情，然后反思成年人的社会。我们生下来便是敌人吗，当孩子们袒露肉体之后，在恐惧之中握紧了对方的手，抬高一厘米的枪口也在思索中有了准心。其中也讲述着关于孩童的教育，大人的绝对地位，教师的时代社会灌输。而在结尾讽刺的是，孩子反教育了父辈，希望能教育到吧。结尾处理的太棒了，紧张的孩子找父亲，家庭找孩子，在平行蒙太奇下显得更加紧张，静默的毒气室，黑暗的更衣室，将惨绝人寰的历史雕刻在光影中。
曼仔,4,2020-08-11 19:35:00,,3,结局的悲剧设计感略刻意，有点儿为了体现反噬恶果而故意设计出了这样的结局之感。反而影片前面那些生活细节里的残酷感更打动我，那些懵懂中就习得了以光荣强盛之名行残酷粗暴之实的德国青年与少年，那个进集中营削土豆之前做医生的犹太人Pavel，甚至包括那个和教文学的父亲分道扬镳的青年纳粹军官（和父母划清界限这个操作我们的历史上何尝没有过呢，狂热分子们都有跨越时空的相似性）。影片开头奶奶对穿着军官制服耀武扬威的父亲说，我觉得都是我的错，让你在小时候穿了太多戏服，实际上也是一语道破本质，他们只是用尽各种手段：欺骗、杀戮、铲除异己、制造出关于“我们”的幻觉，然后扮演强者。
ｈ,4,2012-09-23 12:45:55,,11,心脏太弱小不足以承受这一切
Heye,5,2021-01-10 00:07:20,,29,唯一缺点是英语的有点点违和
高詩遠,4,2019-06-20 18:08:25,,2,Gretel又可爱又独立，我喜欢。我之前看过的几部关于二战的片子例如《至暗时刻》《帝国的毁灭》《敦刻尔克》大体上都是围绕战争对整个民族的影响来立意的，不过这部片子很特别，它刻画出了儿童眼中的战争，并且说明了战争对儿童教育的影响。题目也很特别，看这部片子之前我没看过简介，看到“条纹睡衣”我以为是一部家庭教育片，没想到此“条纹睡衣”有那么深刻的意义。里面还有一个贯穿整片的烟囱，一直在为结局埋下伏笔。不足之处也是有，这个结局真的是神，明明可以跑一个却还送一个人头，一方面说明了八岁儿童是多么的单纯，另一方面也说明了这个营地的防卫措施有多差，挖洞都没有士兵发现，不过这不用钻牛角尖。另外全片对二战的残酷刻画也是比较少，主要表达在演员的演技上面，并且这部发生在德国的故事是英国拍的，所以没有用德语有点遗憾。
水片,NaN,2017-02-09 15:41:31,,12,8.8/10补标影片重要场景甚至不超过五处，成本更低廉得如同电视电影，处理手法极其常规，很多情况下只是照常理拍摄、剪辑，在该出现空境的时候安排一段空境，在需要慎独的时候安排一段慎独，丝毫不做展开与赘余，这也是原作点到即止的延续。
zitsunari,4,2009-02-16 21:25:50,,5,唉……
ᥫ᭡້໌,5,2017-02-11 15:48:13,,31,那时在教室看哭，还得偷偷摸摸哭，怕丢面子。
做一头学问猫,5,2022-02-27 21:07:10,,24,布鲁诺不该死，他们就该死吗？
游牧人·芳汀,3,2010-10-24 16:57:34,,9,淫人妻子者其妻也必被人淫，同理杀人妻儿者自己也没啥好下场。只是可惜两个好孩子的情谊了
少数派的报告,4,2017-09-04 15:21:55,,17,相同的童年，因为家庭环境背景的不同，区分了等级、高低贵贱，有了冷酷的践踏可是在孩子纯真的眼里，这些都是不存在的，不应该用大人的这些世俗规则约束孩子，归根到底都是战争带来的恶果，没有战争才会减少伤害！
小油飞,4,2017-09-10 13:57:43,,9,关于大屠杀的片子似乎总是从纳粹/非犹太人视角出发，这个故事尤其令人困扰，连观众的情感也被带入到阿沙身上，好像只有他的死亡才有意义。。这个业报轮回的隐喻实在太朴素和天真了。
然潘,3,2016-01-20 09:23:59,,8,结尾太突兀了。。
温暖坟墓,5,2022-09-04 19:30:38,云南,40,“没事儿的，我们就坐在这里等雨停。”看完哭到崩溃。
海底捞,5,2021-02-11 18:44:18,,20,为什么年三十我看这种电影
肖浑,5,2012-07-20 02:59:24,,13,第一次看完只有英文字幕的片，好在是儿童视角，对话大体都比较简单，基本看懂，只是回放了很多次。这故事正面写纯真背面写残酷，美与悲平衡得很好。到这部片终于确定自己成了维拉法米加的粉，另外为嘛这小男孩要比在《雨果》中灵气好多呢？
鲸落`之一,5,2023-04-29 13:23:09,广东,17,他第一次能接触到现实，但没机会看清、看透了...想起了周作人的感叹，“读了那么多书，就总共得到两句话的教训：好思想都写在书本上，一点儿都未实现过；坏事情人间全做了，书本上只记着一小部分。”
禾花,5,2022-10-09 23:30:05,北京,18,一位父亲亲手将自己的孩子送进了地狱。
蘇嘉樹,5,2023-08-14 00:02:26,江苏,14,虽然这部电影排在豆瓣TOP250榜单的第65名，但是我标记了5年却一直没有打开看，因为不忍直视那段惨绝人寰的历史。哪怕是如《美丽人生》这样的侧写，也让人感到不适，就如片中男主的妈妈在知道烟囱里的黑烟是什么之后，便开始歇斯底里，在婆婆的葬礼上忍不住要挪开那束鲜花以让婆婆在天之灵可以安息。人性的光芒在这对婆媳身上隐隐地闪耀，但是最为闪耀的还是Bruno，他代所有人问出那个问题：所有的犹太人都是坏人吗？一个犹太人就足以使我们的国家陨落吗？就如一个孩童喝破皇帝的新衣。可在那样的年代里，成年人却甘愿服从一个人的意志，反人性的去灭绝另一个种族。这样的历史在人类的历史长河中时而闪现，但每一次都带来巨大的灾难。孩童的心灵是最纯洁的，两个孩子到最后一刻都紧紧牵着彼此的手。Asa的蓝眼睛真是绝了！清澈见底！
杨小槑,3,2014-03-17 02:14:34,,4,充盈的故事却难以掩盖人事的大而空。
ｈ,4,2012-09-23 12:45:55,,11,心脏太弱小不足以承受这一切
我们都是同级生,5,2022-10-23 17:57:00,北京,15,痛苦到无法呼吸。简洁的故事最具有震慑力。最厉害的地方在于，一旦你开始同情心疼纳粹家的小男主哪怕一秒，导演真正想讲的东西就刻在你心里了。
丝雨飞花,1,2017-07-06 21:52:49,,4,洗脑要从娃娃做起
Vini_Kazma,2,2012-08-06 15:07:21,,5,本片根据约翰·伯恩的同名小说改编
寒枝雀静,3,2016-05-09 14:51:16,,6,感觉配乐超级不错。小朋友表现好棒。但是好像也就这么点了。感觉自己又回复到了极不容易被感动的状态。
高詩遠,4,2019-06-20 18:08:25,,2,Gretel又可爱又独立，我喜欢。我之前看过的几部关于二战的片子例如《至暗时刻》《帝国的毁灭》《敦刻尔克》大体上都是围绕战争对整个民族的影响来立意的，不过这部片子很特别，它刻画出了儿童眼中的战争，并且说明了战争对儿童教育的影响。题目也很特别，看这部片子之前我没看过简介，看到“条纹睡衣”我以为是一部家庭教育片，没想到此“条纹睡衣”有那么深刻的意义。里面还有一个贯穿整片的烟囱，一直在为结局埋下伏笔。不足之处也是有，这个结局真的是神，明明可以跑一个却还送一个人头，一方面说明了八岁儿童是多么的单纯，另一方面也说明了这个营地的防卫措施有多差，挖洞都没有士兵发现，不过这不用钻牛角尖。另外全片对二战的残酷刻画也是比较少，主要表达在演员的演技上面，并且这部发生在德国的故事是英国拍的，所以没有用德语有点遗憾。
凡,5,2021-03-28 01:22:07,,14,拍的够狠这世上这么多民族，总不能都靠这一遭得到平等吧这个时间看这部片子，很有意思
zitsunari,4,2009-02-16 21:25:50,,5,唉……
少数派的报告,4,2017-09-04 15:21:55,,17,相同的童年，因为家庭环境背景的不同，区分了等级、高低贵贱，有了冷酷的践踏可是在孩子纯真的眼里，这些都是不存在的，不应该用大人的这些世俗规则约束孩子，归根到底都是战争带来的恶果，没有战争才会减少伤害！
深邃,5,2016-01-19 22:11:18,,6,前面温婉的铺陈与最后的残酷结局形成鲜明的反差，影片结尾渐渐拉远的门和“条纹睡衣”给人以深深的绝望。描绘二战集中营的独特视角，很小的格局展现足够深刻的主题，一部伟大的影片。
灰色堡垒,5,2017-06-19 21:48:17,,4,同为以小见大的二战影片，我觉得这部比《索尔之子》好。电影在平静的表象下一直都隐藏着一种诡异，到最后这种诡异直接演变为惊悚。前段时间我看到很多人质疑《在这世界的角落》的价值观，我觉得那些人应该看看这部电影，了解一下军国主义是会影响到置身其中的人对事实的理解甚至是整个人格的。
好养活,5,2012-01-06 15:25:44,,2,……早知道是这样的结局就不看了
小油飞,4,2017-09-10 13:57:43,,9,关于大屠杀的片子似乎总是从纳粹/非犹太人视角出发，这个故事尤其令人困扰，连观众的情感也被带入到阿沙身上，好像只有他的死亡才有意义。。这个业报轮回的隐喻实在太朴素和天真了。
绘枫,3,2023-08-26 17:40:00,四川,2,（6.8/10）一般般。纳粹孩童视角比较新，符号设计比较完备，但讽刺性的悲剧结尾还是有些突兀，刻意感和说教感太强。
齐小莫,5,2022-10-13 23:43:15,江苏,15,《穿条纹睡衣的男孩》沉重的历史仿佛一个巴掌拍在我的脸上。每一个人都是布鲁诺，穿上条纹睡衣，你就变成同样的人。男孩的勇气真的动人。共情能力强的燕儿一直在哭。他母亲得有多绝望啊，知道自己嫁了个恶魔，孩子都已经这么大了，她拼命争取，她只想保护自己的孩子，带着孩子们离开，就差一点儿一点儿她就能带走布鲁诺了。[叹气]
aquaremaneo,3,2013-10-06 02:19:34,,4,虽然结局足够煽情，但客观地从电影本身讲，问题很多。特别是导演水平不行，很多关键细节处理得很一般，折煞了演员优秀的表演。比潘神的迷宫差很多。
sweetpotato,5,2019-04-17 12:57:49,,14,小男孩最后的命运让人悲伤，同情孩子的母亲，憎恨孩子的父亲。
水仙操,4,2011-10-04 16:39:33,,7,强烈建议和美丽人生、希特勒的男孩搭配观看。对副官那种长相完全没有抵抗力！
Schwanny Liang,5,2020-06-04 00:52:45,,16,真希望最后一个三明治你能吃上真希望你们只是去洗个热水澡。
Favillae,4,2014-09-21 00:15:45,,4,干骷髅队的都是渣滓、罪犯！
l.m.,4,2009-04-29 20:08:25,,1,90分鐘短了點.太倉促了.
张华弥,3,2016-12-01 12:49:01,,1,浩劫
老罗Lazzaro,4,2015-05-13 20:58:30,,8,孩子眼中不分种族，孩子才是最纯真的人类。用另类视角反战，小时候的Asa太有灵气。
黑骨精,4,2011-09-17 22:23:04,,0,借小孩子的视角来反观战争的影片已经司空见惯了，而这一部也恰恰是众多同类型之中的做的比较精致的。作品一如既往，同样是在反思战争对人类灵魂的摧残，而这一次，更是将视角关注到了两个互为“敌人”的孩子身上。战争带来的伤痛，犹太人有，德国人同样也有！极其沉重的结尾将影片上升到了新的水平。
阿朴,4,2009-02-25 13:37:21,,0,角度不错
曾于里,4,2011-10-21 19:04:49,,3,补记
takinono,4,2009-01-29 21:32:20,,0,太残酷了~结局真不好
希拉里,4,2010-10-31 18:53:32,,0,Childhoodismeasuredoutbysoundsandsmellsandsights，beforethedarkhourofreasongrows.
有猫阿宅,4,2009-01-28 05:55:17,,0,为什么
香橙果冻,4,2012-06-19 12:39:04,,0,孩子的单纯善良，
瞳°不乖,5,2009-03-13 11:01:37,,0,半夜~结局~极度深寒
ztlpoppy,5,2011-11-16 05:50:16,,0,bbc的调子安静的看完最后的名单
vii07,4,2011-01-25 17:47:46,,0,看开头大概就知道结尾
Parachute,4,2009-07-22 08:49:47,,1,推己及人...好残忍唉
vivien,4,2011-10-07 08:11:58,,0,結尾咋這麽悲劇。孩子們是永遠的天真善良但被納粹魔爪踐踏的除了猶太民族還有世界的未來。Bruno穿上睡衣溜進集中營的那刻於心不忍再也見不到那雙碧藍水潤的眼眸子。演父母的倆演員都蠻眼熟。Lupin居然是喪心病狂的軍長喪子的報應。和Lavitaèbella屬一類。
米开朗鸡肋,5,2010-05-27 20:07:05,,0,不关内容还是演员还是上映时间，我都该立挺
76.X,5,2010-03-13 23:54:41,,0,彻底、绝对的绝望。。
路人甲乙丙,1,2023-10-23 02:14:09,英国,8,🇵🇸
卖女孩的小火柴,5,2011-11-25 13:00:41,,0,纳粹犹太这4个字意味深长。。。
lafiona,3,2012-05-09 23:04:04,,2,一看就不是当事人拍的。只有美国人，才有这样的心思站在彼岸，用如梦似幻的笔法去描述一段血淋淋的历史。这样的唯美在表达一种“事不关己”，通过隐晦的升华手法。
xwy315,5,2010-10-14 12:34:37,,0,好看
卖柚子の大猫,5,2010-04-10 16:42:34,,0,结局.........
账号弃用,3,2009-07-31 14:05:39,,3,赤裸裸的玩笑，我是一点都不喜欢的。
哇哇哇哇哇,5,2013-03-28 08:02:11,,0,故事很震撼，结尾的配乐是败笔
Utopia,3,2011-09-01 19:04:39,,0,2011.9.1DVD
chipda大猫,4,2011-09-30 13:29:05,,1,视角不错，结尾不免做作。DavidThewlis的演技实在令人叹服——那张瞬间阴晴转换、正邪难辨的脸啊。
benlovingmusic,5,2011-06-23 21:48:19,,0,内心很难受，结局的惨烈是不可预知的！
倦客,5,2022-12-18 12:56:33,湖南,6,用最温暖童话的视角讲最残忍的故事，最后镜头停在那一件件条纹睡衣上，无声的震撼。
晨晨的五月天空,4,2009-02-25 13:06:16,,1,之真挚，之诚恳。
九十岁的少女,4,2012-06-13 16:15:57,,0,剧本不错，导演功力一般
找自己,5,2011-09-15 20:08:07,,1,做任何事都有报应，父亲的坏事报到儿子身上了。
花簇桑,3,2009-07-14 20:00:53,,0,飞机上看的……
Mr.Mc,4,2009-03-06 21:26:12,,0,很是感人
D Geek日理万机,4,2010-02-26 20:21:13,,1,Childhoodismeasuredoutbysoudsandsmellsandsights，beforethedarkhourofreasongrows.
netragreit,NaN,2012-02-11 22:59:05,,0,飞机上看的，基本全忘了
记得当时有风,5,2012-06-20 21:49:53,,1,看得相当胸闷的一部电影，那种无力的感觉挥之不去。
asfishinwater,4,2011-04-14 18:18:39,,1,孩子世界里的战争这场游戏啊······
Carla,5,2009-05-01 13:00:00,,0,Childhoodismeasuredoutbysoundsandsmellsandsights，beforethedarkhourofreasongrows..看到心都碎了，生命之轻的轻与重.
BLACK,4,2010-03-01 19:37:18,,0,小说和电影只是不同的艺术形式罢了。
不跑的云云,5,2010-08-15 17:02:59,,0,世界眼里的战争，孩子眼里的世界
蜜蜂,4,2009-08-01 21:47:02,,0,灾难的本来面目是人人平等，但是谁制造了灾难？
蜜柑酱,5,2011-08-04 19:38:31,,0,沉重
孔雀白,3,2011-12-29 14:14:43,,0,以孩子的视角来看集中营，悲伤的电影。
张,5,2010-05-25 01:17:31,,1,战争的真相是什么，电网内外的世界又有多大的不同。当黑暗还没有侵蚀我们的童年，眼前的世界是多么平静。
阿卜,4,2011-03-10 13:36:37,,0,非常喜欢那个犹太小孩。。。好像演过光头党和遗忘的天使？
verrückt,5,2012-04-26 11:47:55,,0,揪心啊
敏敏,5,2012-02-13 21:07:34,,0,看的心理真的好冷~
sarah🇺🇦,5,2009-04-12 15:15:40,,0,Whatgoesaround，comesaround
paradise,NaN,2012-10-05 12:52:20,,0,不错
梦里诗书,5,2015-06-28 08:26:06,,2,孩子的纯真依旧无法阻隔二战纳粹对种族屠杀那漫长的黑夜，《穿条纹睡衣的男孩》令世人既看到了黑暗的恐怖时代里仍旧有着属于孩子最为弥足珍贵的友谊，也以悲剧性的结局震人心灵，用美好所装点的残酷，不动声色间将战争的丑恶淋漓尽致。
樱桃之远,4,2011-07-01 04:20:54,,1,妈妈演的太好了但跟原著还是不能比！
禾希食反,4,2010-02-23 23:00:49,,0,小孩太可怕了！
胖胖,4,2009-03-04 08:53:22,,3,罪行已经过去了很久，但似乎种种阴霾一直缠绕在我们生活的周围。极其沉重的结尾。
临时昵称,NaN,2013-04-05 01:04:00,,2,没有一个角色完成塑造，是打算拍续集吗……
豆友3849705,3,2010-03-01 11:04:37,,0,很一般啊
SonicDe,4,2011-02-14 14:04:08,,0,关于战争的儿童片，没有特别烂的。
微 曇,3,2013-01-03 16:19:38,,0,。。。
漂流瓶bb,5,2010-11-10 02:34:20,,0,孩子眼中的敌人都是那样的纯洁，知道电影不错，但没想到竟然如此精彩深刻
cielinfinite,3,2011-08-13 13:21:24,,0,现在孩子智商比bruno高多了，卖萌不代表你可以天真。。
冰糖木耳,4,2011-04-05 21:46:10,,0,最后的长镜头看得太让人难受了。虽说曾经看过原著，早就知道结局如此，看到最后我依然痛哭失声。
枫露茶,4,2012-03-07 22:45:01,,0,小演员演技不错。
Nightwing,5,2009-05-05 20:32:36,,0,如果KiteRunner能拍得这么塌实就好了
左胸上的吸盘,3,2009-03-24 19:41:26,,4,《小嗓门》的导演
直布罗陀的水手,3,2010-03-28 20:24:22,,0,3.5犹太人复仇之说让人稍微没那么辛酸
大魔王,5,2011-10-21 22:54:40,,0,这结局太意外了，人性的反思啊。到底是什么造就了这个悲剧。
z,5,2009-10-27 21:08:22,,1,看到最后悲伤的说不出话来
木雅游,5,2010-02-04 13:07:03,,1,蹲下来用孩子的视野看世界
扑向剑刃的轻风,3,2011-11-05 17:31:58,,0,电影略去了原作很多情节，对大结局外的重点场景也表现不够丰满，母亲和医生的表演偶有亮点。
davekozg,4,2012-08-09 15:03:47,,0,片子拍得过犹不及了
判官,NaN,2016-01-02 13:45:25,,2,如鲠在喉
王卡,5,2014-03-18 19:31:55,,0,举重若轻的二战片。谎言反被谎言误。小男孩萌出一捧血！
木馬114,5,2009-02-20 11:51:52,,0,比书好看
郭坏,3,2012-09-08 23:08:42,,0,BBC电影，肯定平铺直叙，还有股电视剧腔。不过仍然可以，托原著的福了。
瑾朵朵,5,2017-01-29 10:00:55,,4,父债子还，父债为什么要子还……2021/9/22
Sundance小千,4,2009-05-06 09:43:29,,0,哦...好残酷的结局
Squidward,5,2010-05-29 16:09:13,,0,特别不错
..Rita,5,2011-05-08 19:51:41,,0,哭得我眼睛疼！为什么发动了两次世界大战的竟然是以作风严谨理性的德国人？
殇,1,2023-10-20 10:17:52,山东,8,我在现实看到电影里描述的故事了，只不过男孩是巴勒斯坦人，纳粹是犹太人
雎勒个鸠,4,2012-08-13 00:15:27,,0,看完电影版，最后一个长镜头与多年前看完书后脑海中浮现的蓝色条纹衣男孩的背影重合了……这本小说好就好在是以孩子的角度描述战争，分不清现实与谎言，一开始看上去美好，其实现实已经腐蚀。不知为什么对二战题材情有独钟，不过西方的角度更人性化，好过东方电影一味宣传*党作战如何英勇忽略了本质。
coco果果,4,2013-03-17 21:10:35,,0,故事发展转变的过于突然，结尾太残酷。视角和立意不错。
忽然之间,4,2009-04-06 15:15:50,,0,只是太纯真。
想被丧尸咬一口,3,2009-02-07 23:16:05,,0,感动不起来有点生搬硬套的感觉
Q。,5,2009-01-30 16:55:35,,3,一次又一次的反思
Eve,4,2011-01-17 10:44:17,,0,视角独特。
脚板,5,2009-03-18 21:19:48,,0,在家翻了下原著，后来才看的电影。结尾太沉重。
水脉,5,2011-02-19 01:59:18,,0,这部片子告诉我们，战争可以毁掉很多，不管是哪一方...Bruno小聪明不那么多的话，就不会落得这样一个结局了。这片子直白的简直像小学生作文，不过不影响整体素质和震撼力，主要是故事写的太好了，有时间看下英文原著。Bruno小男孩演的非常不错！说谎以脱罪之后懊悔万分的那场戏很棒
筷喜旺,5,2012-06-23 13:08:56,,0,><
乌咪,4,2009-06-18 17:41:25,,0,通过一个孩子的视角来反映战争，结局非常残酷。看到布鲁诺爬进铁丝网里时心情真是矛盾，一方面希望布鲁诺不要出事，一方面又有点希望他出事，也让他的纳粹父亲为自己的恶行承担后果，唉~~如果本片是德国人所拍，带来的触动可能会更大些，但已经太残酷了……
胡克,4,2020-02-26 13:59:44,,7,我竟然在等待男主角得救好像其他犹太人就该死一样Shame
容安,4,2011-05-03 21:31:41,,1,“在黑暗的理性到来之前，用以丈量童年的是听觉、嗅觉以及视觉。”一位小男孩的判断比所谓的理性的成年人更接近真理，而成年人的野心和所谓的雄心壮志，不仅毁了不相干的人，也毁了自己的孩子。人是多么多么脆弱，理性是多么地靠不住。每每这种时候，真觉得绝望。
你绝对想不到因为这也出乎我意料,3,2009-04-20 12:55:36,,0,那么浓的黑烟，还有那个削土豆的，那个谎言
五十级皮神,5,2009-03-03 14:05:54,,0,世界和平才是和平...
荆棘,5,2009-02-24 22:04:29,,1,太痛苦了，大家不要看
申正经,4,2011-06-04 13:54:51,,1,小冒险家。
E,4,2012-09-24 21:07:07,,0,如果说《美丽人生》是犬儒主义，《穿条纹睡衣的男孩》则彻彻底底面朝向对面，从一场游戏开始，结局那么那么不同。悲剧氛围层层递进，命运的解答抽丝剥茧，到最后实在让人压抑到要爆炸。美中不足是人物设定的脸谱化，一眼望穿的人性都是不真实的。
我佛山人,4,2011-07-27 23:21:29,,0,很有感染力的一部二战片最后我竟然不忍看下去
零零后,3,2013-09-15 19:49:35,,1,以为结尾能传递点正能量呢……
邹大橙,5,2011-09-20 00:01:43,,0,好电影
蘇湛,NaN,2010-06-20 02:01:10,,0,太残忍孩子们的世界
Keating,5,2011-10-04 17:51:22,,0,残酷~！可怜的布鲁诺~！
十一月的雨,4,2021-05-16 08:50:34,,3,孩子的纯真和无辜，更能反衬战争和谎言的荒谬和可憎。从孩子的视角，看残忍真相逐渐释出，将这种感觉不断放大。突如其来的结尾犹如一击重锤，让人震惊半晌，这才意识到影片为何叫做“穿条纹睡衣的男孩”。巨大的痛苦和沉默，犹如永恒的审判。
杨大志°,4,2017-04-14 09:58:03,,2,结局太难过了
HiNeNi,4,2011-10-02 17:41:44,,0,在黑暗的理性萌芽前，称量童年的声音，气味，视觉。当人们在用一颗童心去看待世界，往往会被世界所伤害的体无完肤，所以这是一个值得奋斗的世界。越发的喜欢法米加了，还有最后的结局处理的很好，先是音乐的突然中断，再是那个门的长镜头。
小 赵,5,2011-02-16 00:31:10,,0,虽然不够含蓄表达的微过，但对于这种题材的电影我向来没有抵抗力……
一颗麻团,4,2011-06-29 11:47:00,,0,从侧面描写二战，最好的讽刺，害人终害己
猫龟🐌,5,2011-03-31 19:21:52,,1,……“高贵”的日耳曼血统小正太就这样归为劣等了……
Jayong,4,2022-02-07 00:09:13,,2,#2022.38#前半部分略显无味，结尾短暂十几分钟引人入胜；用一个纳粹军官的儿童视角观察德国纳粹滔天罪行，最后偶然的又同犹太人一起受难，纳粹的罪行终有恶果，却没想到会落到一个无知德国儿童身上，真是戏剧又悲痛，上辈造的孽下辈也还不起；另，儿童永远是那么童真，不论是哪里的儿童，前几天看的摩加迪沙也是，感慨万千
苦琴酒,5,2020-03-09 04:48:01,,6,细节上铺开得很广，主线则明确而有力。只有到了最后一幕，才暗示到每个囚徒在穿上条纹衣之前不久，都还像主角男孩那样活在自己的生活世界之中。
可可熏,5,2010-04-03 13:19:47,,0,善良的孩子凭借自己那颗善良却又具有着探索精神的好奇心来到了一个新的世界，找到了自己在那里唯一的朋友，在不断迷茫以及懵懂中分辨着是与非，对与错。只是现实中的孩子终究还是比生活在温室里还是来得更现实，最后终究还是配上了自己那弱小的生命，在那战争的年代也许不算什么，但是还是让人唏嘘不已
橘橘子,5,2009-03-21 15:28:26,,0,让我失眠的片子..
哆啦哆啦,5,2010-05-14 11:47:35,,0,孩子和小动物是最让人感动的，因为纯真
克拉拉黑秀才~,5,2012-08-26 01:47:47,,2,说男孩有勇气的我真心理解不了，这明明是8岁孩子的天真，以及所有他眼中纯净的世界。
茜茜,4,2013-03-15 16:05:19,,0,“对人类苦难最深切的同情”
Крис,4,2010-04-24 14:13:22,,0,4.5
小四不象,4,2011-07-27 21:42:22,,2,没有什么比让纯真的童心去发现世界的残酷更残酷的事了。
栗鬼,4,2010-07-30 00:27:30,,0,故事短小简练德军指挥官的儿子布鲁诺跟随着家人来到了一个集中营附近结识了新的朋友并为了还一个人情最终死在集中营的毒气之中所以战争到最后留给我们的只能是悲痛和仇恨笑笑推荐
lemon.,4,2009-12-29 12:02:15,,0,可怜的犹太人，可悲的条纹睡衣。
唱唱反调,5,2010-08-25 00:06:54,,0,太残忍了。。
泰尼,3,2009-04-17 00:53:34,,0,小男孩好萌，剧情有点俗套
虎。,5,2009-05-01 13:39:40,,0,看完哭了。有关于人性的东西。
HelloDoris,5,2011-10-13 17:22:40,,0,只是孩子啊...........天呐！看的好难受！
慕容白,4,2011-06-21 00:11:01,,0,作恶者终究受到惩罚，可是一个无辜的孩子做代价。。
子嫩1103,5,2012-01-18 12:26:10,,0,独辟蹊径的视角讲述二战集中营。力荐！
琉璃氏约尔凡格,4,2012-10-06 16:16:54,,0,报应
Ruler,5,2013-01-18 01:08:45,,0,任何悲剧放到孩子身上程度都会放大一百倍。
荔蘿,4,2009-01-30 16:04:05,,3,Childhoodismeasuredoutbysoundsandsmellsandsights，beforethedarkhourofreasongrows.
Daisy♫,5,2009-06-15 15:01:10,,0,最后一段情节的急转直下让人撕心裂肺。。。
M.差,5,2010-11-26 17:05:30,,1,海报上的阳光那么明媚。以至于我从未想过这是一个悲剧的结局。削土豆的人，隐瞒父亲真相的中尉，知道真相癫疯的母亲，小男孩施穆尔和单纯心惊的布鲁诺。一个个鲜明人物的刻画。让希特勒的恐怖蔓延
长安,4,2011-12-16 20:16:12,,0,在那个特定的环境里果真会被洗脑啊。前面都很不错，但最后感觉收尾太仓促了！
🍑桃,3,2012-09-21 19:24:30,,0,沒想到ending是這樣。。。
邹逊,4,2012-08-08 19:23:20,,0,最后的结尾
马枪枪,5,2012-11-14 21:13:06,,0,fuckhowcouldthishappenfuck
尊驰,5,2011-06-25 09:46:26,,0,8.5分从孩子的眼光来审视二战集中营，孩子是善良无知的，仅仅因为好奇心而被误杀，或许这是上天对那个纳粹军官的惩罚，但是看到善良的母亲在雨中放声大哭以及最后对着毒气室大门的镜头又有一种悲伤。
小骨,5,2009-04-02 20:28:03,,0,结局很悲伤。
Onegin,5,2012-06-17 14:26:08,,0,犹太老爹一出场，眼泪就啪啪地掉。
Di,4,2013-02-13 23:10:01,,0,编剧好残忍...本来很平实的剧情在结尾突然掀起高潮，看完之后有种说不出的感觉，不知道应该是该惋惜还是该有种复仇的快感-这让我对自己也有了新的认识。纳粹这种没来由的民族仇恨是最不可理喻的一种恨，因此也最恐怖。真心祈祷世界和平。
Jason,4,2012-03-07 22:03:10,,0,最后的一幕，＂我错了！这是错误的！＂种族歧视是多么的愚蠢！
燕爷,5,2011-10-06 20:50:57,,0,孩子不懂大人世界的残忍，也不需要懂
小小怡,3,2012-11-07 14:52:58,,0,看得虐心。
PHDD,3,2009-04-04 17:45:27,,0,结尾很干
Esther GDB,5,2010-12-15 22:33:42,,0,他也成了穿条纹睡衣的男孩。
绿萝热,4,2011-05-27 01:07:19,,0,千不该万不该用英语
一个十八,5,2020-10-03 11:03:16,,6,好喜欢这个结局的处理方式。
敛财童子mo,4,2011-11-20 21:36:06,,1,结局满足了我的期待，很不错。但其实我印象更深的是施穆尔原谅布鲁诺撒谎这件事，真的是纯粹的年少的友谊啊，要是有人这么对我，我肯定再也没法信任他了。
冉笛,5,2009-10-09 13:34:05,,0,以孩童纯真的目光审视成人世界的虚伪和暴行。Childhoodismeasuredoutbysoundsandsmellsandsights，beforethedarkhourofreasongrows
深毒,5,2009-11-14 19:59:55,,0,童真的美好。
默默的默,3,2012-06-26 19:22:04,,0,就那样，没出乎意料
lumos,4,2012-08-12 16:26:10,,0,啥叫自作孽不可活？
大雄快跑_,4,2012-05-21 15:30:58,,0,当你说出Whataboutpapa真想牵着你的手带你回家最后永远关上的门也是关掉了那个时期人们微乎其微的希望
小雨,4,2012-04-09 00:00:11,,0,Childhoodismeasuredoutbysoundsandsmellsandsights，beforethedarkhourofreasongrows
涵湘宁,5,2014-01-19 11:21:28,,0,“当黑暗的理性到来之前”，一句话把人引入灼热的诗意中。结尾一片深不可测的黑，也让人无法置信地呼应了开头。好像好几年前晓宇妹推荐的片子，整理硬盘才拿出来看。
Vash,5,2012-10-13 23:43:23,,0,极少数电影没有比原著失色的电影，片尾的音乐带着深刻的遗落的痛楚，想到在那个温暖的午后带来清冷的原作，还是要感慨导演如此用心地讲书本的感觉演绎了出来，非常精致的一部.
jijis,4,2009-03-30 16:12:20,,0,非常意外的结局，让人的心疼的滴血。值得推荐。
水之仓月,3,2012-03-22 18:38:03,,0,怯怯的打个3星，不会有人骂我吧。。这么多人打4星5星的，吓着我了确实没有打动我，故事有点假了。
亲爱的我呀,4,2009-09-25 00:04:46,,0,痛心的过去。。。故事本身超越了电影
流沙,5,2011-11-20 00:14:32,,0,穿条纹睡衣的男孩。电影名字很美。小孩子也很纯真。但是内容确实很沉重。也许导演就是想在你面前把看起来美好的东西粉碎掉。而这也是人们最不能接受的。但是历史上有一个人带给那个名族的残忍肯定远比电影多很多。真的希望这个世界掌控在一群善良的人的手里。
香蕉屎⊙,5,2010-12-15 12:56:45,,0,虽然全片都是很诡异的英音【即使是BBC拍的，用德语也是应该的吧】，但是无妨于片子在情节上的震撼，更难得的是用了极为低调的表达
我gay家家慌,5,2010-03-07 01:41:02,,0,非常非常好的角度犀利的侧面的展现着战争带给侵略者和被侵略者的巨大创伤很好很好的编剧在用他的方法教导我们要看好自己的孩子
大海,4,2011-10-20 10:52:02,,0,温情片的起评分明显比其他电影高。。。
黄海,5,2009-02-21 11:40:39,,0,真是不错啊！不错的反战片
HAPPY大炮,5,2013-11-27 17:31:36,,0,喜欢
山上风下,3,2011-10-19 07:37:11,,0,还只是孩子。。
叶小森,5,2011-09-08 16:57:17,,0,因果报应总有时！有些恶果是必然的。
狄恭至,4,2013-03-31 17:50:43,,0,穿条纹睡衣的男孩
大智若鱼,4,2010-12-14 00:19:23,,0,什姆尔的胸怀，自叹弗如。
xxxxxx,4,2012-06-19 22:22:20,,0,你知道如果这不是明天考试的一部分的话我一定会打五星的==
莫呼洛迦-屁股上的青春在歌唱,5,2022-05-29 01:02:24,,1,我們要從哪裡開始反思戰爭？又要從哪裡開始反思罪惡？是從戰死沙場的年輕士兵，還是從失去了子女的父母？戰爭在砲火打響之前就已經先於在認知裡展開了，戰爭在砲火熄滅之後也依舊以信息的方式在一代又一代的人的思想裡，不斷地重複再重複。在這個當下，我們經歷和所瞥見的，又有什麼不同？（這部片會成為我的惡夢，實在太沈重了。）
安非,5,2011-05-10 21:02:08,,0,虽然看开头，就已经猜到了结尾，但还是流泪了。同样是讲述纳粹和童年的电影。想到《美丽人生》，一个是在集中营里保留给孩子一个纯真童年。一个是在纯真童年里，误打误撞走进了深渊。
张晚禾,4,2010-10-23 00:25:04,,0,庆幸我们生活的年代为我们保留了最美好的童真。
dodo,3,2010-05-11 11:22:28,,0,三星半
pksky,4,2009-05-14 17:43:06,,0,simplyadaptatedstory...
No Open,3,2014-05-06 16:38:42,,1,结局是震撼的，过程较平淡，画面不错，寓意一般。
风吹过裤裆,5,2012-06-19 17:28:08,,0,我失语了。。。
世界的甲板,5,2011-10-05 23:40:55,,0,唉~
longhann,4,2012-07-07 12:03:27,,0,被打上标签之后之前的事就变得不再重要了
秋叶一片,4,2011-03-13 00:28:21,,0,为什么剧情简介里不写结局，大半夜看的浑身发冷起鸡皮疙瘩~~o(>_<)o~~
小调,5,2012-06-19 10:42:19,,0,是该说这小孩为友谊而牺牲呢，还是该说德国当时对国民的洗脑太过分？
jessiestone,4,2009-03-28 14:04:04,,0,非常好。
黑森林,3,2011-12-06 20:01:51,,0,现在讲二战犹太集中营故事的电影，都开始走边路了，全都是从侧面展现，这部电影小演员找的极成功，整部电影质量也相当不错，只可惜硬伤太明显，整部电影看下来，完全是二流催泪剧效果，与〈朗读者〉这样的电影比起来，高下立见。
sheeparker,4,2011-11-12 12:47:34,,0,shockinlast20min[我要看原著
少年夏不安,4,2011-01-11 23:32:53,,0,当初看小说的时候非常不喜欢这个故事，影像化以后效果很不错。
日光瀑布,3,2009-08-27 15:42:54,,0,我的心被刺痛了，操你妈的独裁
何足道,4,2012-11-10 10:30:34,,0,一群德国人说英式英语好奇怪的说。
小葡萄,5,2011-04-30 23:09:05,,0,剧情紧凑。节奏很好。
instory,4,2009-11-09 12:34:50,,0,最后太绝望了
Rizsa,4,2011-02-14 09:07:25,,0,真讽刺
李察得,5,2010-03-23 14:13:37,,0,战争的残忍和孩子的纯真，这是一个多么悲伤的故事。
糟糕的过客,4,2012-12-30 21:24:12,,0,就是自作孽不可活的道理。交友要谨慎，为友谊付出身命不值得。
别来无恙,4,2009-02-03 20:59:32,,0,给四星是因为觉得可以拍的更好.
赵 很少,4,2012-12-02 18:00:29,,0,书。
士多啤梨橙,5,2011-03-09 17:11:34,,0,唉
lime,5,2010-09-24 15:16:07,,0,被几个moments严重的strike了
轩晢璘,4,2010-10-17 10:12:10,,0,或者对上一辈的人来说是一种报应
momo,4,2010-04-11 03:39:08,,0,战争痛苦是人类文艺永恒话题之一
风向未来吹去,4,2010-01-25 18:44:43,,0,BRUNO可真正太啊
LynnS,3,2011-09-15 22:00:18,,0,3.5活着将比死去更残酷
Mr.Hungry,5,2009-05-11 09:53:29,,0,悲剧。。彻彻底底的悲剧
Daniel,4,2009-04-22 18:08:11,,0,惊……
木,5,2009-02-03 15:33:53,,0,真的值得
Loras,5,2009-06-30 13:43:33,,0,Childhoodismeasuredoutbysoundsandsmellsandsights，beforethedarkhourofreasongrows
芥末蘸酱,4,2010-11-14 10:40:37,,2,又被煽到了.
stream,5,2012-08-14 19:49:45,,0,世界依然残忍
瑞秋酱,4,2012-01-23 13:44:35,,0,KillNazi!!
kobie,3,2009-08-10 22:02:50,,0,每个人都是战争的受害者，包括孩子的父亲。他对孩子的爱终究争不过对战争的崇拜和权力的欲望。最后小孩的死着实震惊
n.,4,2009-11-30 21:20:00,,0,我回味了一天..就又加了一颗星.
徐渔,3,2012-02-01 00:12:46,,0,天真和恐怖连接的围城内外
溯,4,2011-05-08 13:28:08,,0,结局已经不重要了
Innocence,5,2012-07-03 16:00:41,,1,看得我打寒战。。以孩子的视角看二战，故事特别，结局意料之外情理之中
Mr.D,2,2011-03-24 08:35:21,,5,德国佬为毛讲英文，美国人就知道没事意淫。儿童片
skysunny,5,2009-01-29 14:18:44,,0,当bruno说他可以挖坑钻进camp时我就猜到了结局，都不忍心再往下看了。这是一部很简单，但看完以后又百感交集难以言喻的电影。你还记得那两个孩子纯净的双眼吗？
hanstveit,4,2009-05-16 18:03:46,,0,Wouldyoudaredoitthough?这句揭露了影片反犹本质
半,5,2009-03-03 21:23:27,,0,中尉很帅...
二三夏°,5,2010-05-02 19:41:50,,0,AsaButterfield的眼睛很漂亮。
小核桃,4,2009-12-31 02:36:22,,0,终于两个孩子在一起了，讽刺性的结局。
LoCo,5,2011-08-13 14:38:38,,0,从小男孩的视角看二战中的纳粹集中营，无论拍摄还是编剧都是一流，几个主演的表演都很到位！
微千葵,4,2012-02-03 20:03:11,,0,一个民族不该遭受这样的灾难。这个结局让我很难受。卢平教授一开始没认出来呢。
wudirk,4,2011-08-13 20:31:13,,0,好温柔的母亲
Kevinz,4,2011-09-25 22:32:22,,0,11.09.25@home
江湖郎中调研,5,2023-04-05 19:35:37,陕西,3,杀别人孩子的时候你还不知道，当你的孩子也被杀的时候你才知道谁是杀人者
Thoreau,3,2010-08-25 08:03:19,,0,一开始我觉得孩子太愚蠢了，后来想想纯真的他们才八岁啊。
Breeze,3,2012-01-14 16:29:08,,0,凡是扯上二战、大屠杀这些字眼的东西，就必须顺着大家说好，这就是所谓的政治正确。在我看来，这只是一部和金陵十三钗一样骨子里矫情、苍白甚至剧情有些狗血的平庸之作，却用政治正确来绑架观众，操纵观众感情，让我反感不已。
Lane_,4,2013-01-27 20:47:01,,0,结局有点颤
H,5,2011-11-05 19:14:26,,0,只是寂寞，想找个小伙伴而已，送上的却是性命。同样的8岁年华，一个在铁栏里，一个在铁栏外。而最终，穿上同样条纹睡衣的男孩们，终于可以抓紧对方的手，再也不分开。
〽周先生,5,2012-05-25 22:36:39,,0,结尾处上天都哭得好厉害...
七,5,2011-04-01 16:46:31,,0,惊悚……这个标签很贴切。
拾间集,4,2012-06-25 18:33:50,,0,一个下午我看见了蓝天之下的栅栏这分明是两个世界其实不必为布鲁诺悲哀他不理解不知道什么是存在感他可以永远拥有纯真不必面对长大的残忍
丝绸,5,2010-12-08 12:06:40,,0,心痛，我以为那男孩会被救出去
jeanyoo,3,2009-03-08 11:21:42,,0,比较老套的二战题材片。很喜欢那个妈。rupertfriend比较帅。
今 敏,4,2011-12-04 01:33:57,,0,电影看得我越来越压抑，等影评吧。
D.Joy闭着眼,5,2010-02-06 04:50:29,,0,我不平静了........
三十,4,2012-01-31 19:24:33,,0,这个电影可怕的地方就在在最为通俗化和温柔的语法当中糅杂了对人和政治最为黑暗的调戏
Senorita,4,2012-05-24 14:25:16,,2,看完之后耳朵里回响的只有妈妈的哭声，真的不知道该说什么。。。
泡沫,5,2009-02-13 22:28:41,,0,简直不知道是该哭还是该干嘛了，后来想了一下，估计是被吓傻了
Serenata,3,2020-03-26 09:16:27,,2,这部电影就像那个小男孩一样，把整个事情简单化了。。其实姐姐更可怕，但电影没有给足够关注。
杨曦,5,2012-09-17 21:16:48,,0,心碎
乔大路,4,2011-11-26 18:49:11,,0,Itnotagame，it'sfate
碧落亦然,5,2009-05-29 22:47:15,,0,一个孩子，眼前的景象未必是全部，但是孩子能看到大人看不到的一个世界，这个世界是美好的，光明的，灿烂的。即使在战争之下，即使在谎言之中。电影中人性还并没有完全被磨灭，只是被一点点地腐蚀，看着没被腐蚀的人只觉得是扎眼。战争是由人类的心魔而齐，也要人类浇熄心魔才得以结束。
atmosphere,4,2011-03-19 14:39:39,,0,VeraFarmiga:总是那么漂亮，关键是，这次我看的是那小男孩。
空羽,4,2009-07-07 17:57:38,,4,悲剧的意义在于永远无可置换
麻油叶,4,2012-01-16 08:22:20,,0,二战一角。剧情不温不热，那个坑不是小孩挖的，是大家一起挖的。
桑琊,5,2009-11-02 23:18:29,,0,剧本和演员的演技都不错，是我喜欢的类型。而且也是让人类直面过去的错误的好电影。
齊克斯尼力佐飛,5,2010-06-20 00:43:14,,1,我不想相信是夏穆的复仇
helen w,5,2012-03-01 09:22:33,,0,那一天，我突然理解了什么是切肤之痛。
六月,4,2010-02-15 15:16:30,,0,虐心啊
Germany,4,2011-12-08 13:44:40,,0,蛋疼的结局啊。。集中营，每次提起都有种打颤的感觉。。
楷,4,2011-04-16 20:18:05,,0,希望世界和平无辜死去的人太多了......不希望再有战争......
梵,5,2009-03-19 20:54:28,,0,sosad
Rangering,5,2011-12-13 05:42:26,,0,对比与残酷。揪心
Nortown,3,2012-08-26 01:14:54,,1,中规中矩，没想象中好。有些关键情节转场，显得很生硬，逻辑上说不过去，导演向电影中掺杂太多东西，却都点到为止无果而终。视角选择还好，透过孩童眼眸来看这整个人类的悲歌，处理上旁敲侧击地太直白，少了韵味，像是为了堆砌最后的结局，显得仓促。当然，结局挺揪心的，很讽刺，很深刻。
英明不神武,4,2012-03-14 15:03:38,,0,结局的戏剧性太强了吧！！！
Gemini,5,2011-05-26 13:01:40,,0,1.最大的罪是污染孩子的心，而且永远无法被救赎。2.我选择批判，越隐晦越黑暗，越简单越震撼！
Mor,5,2009-11-04 22:16:27,,0,因为是小说改编，所以那小男孩死了喜欢那个削土豆的犹太人那个副官实在帅唉
漠,5,2012-03-05 01:02:43,,0,几天删硬盘行动下来，最好的片终于出现了。
炭烧八爪鱼,4,2013-12-17 13:11:42,,0,还真是“知道最后真相的我眼泪掉下来”，选修课老师放的，虽然之前PTT隐晦地剧透也让我猜到了结局，但依旧是给人当头一棒的感觉。
兔山小,4,2009-02-16 20:11:07,,0,二战作为背景并没有参与到故事叙述中，或许这样说是不专业的，但这样的表现手法让我觉得纯粹
神秘金针菇,3,2011-05-20 17:41:40,,0,不要摇晃我的肩膀逼我流泪。
盲忙,3,2009-05-18 22:05:59,,0,虽然多少有点煽情但还是很发人深省
生活万岁F小二,3,2011-05-15 03:35:15,,0,编剧希望用小孩儿的死教训德国人么？好吧我知道编剧不是这意思…但是为啥我老这么感觉…
艾否,5,2011-03-18 10:30:21,,0,小傻逼寻死记
Anderson,4,2013-01-18 21:15:29,,0,很久前我說“小孩子無法選擇他們的世界，無論你給他什麽，他都會以為這就是世界，在痛苦也能接受，而大人則不同。”小細節上我們看很多地方有些牽強，像是強加上爲了說明某些事的。
natapeng,4,2009-04-28 14:22:44,,0,震撼强烈，余味不足
陈豆豆,4,2010-04-07 15:37:35,,0,depressing
小Q,4,2011-08-13 22:54:26,,0,最后太。。
蘑菇猫会吐泡,3,2013-02-18 13:56:50,,0,看到结局太桑心了。唉
早上好,5,2009-12-01 22:03:13,,0,在为Bruno难过的时候能不能带上Shmuel......
无鬼斋,4,2010-05-08 15:11:52,,0,如果你能找到一个犹太人是好人…那你就是这世界最伟大的探险家…
Freggieg,4,2012-03-18 21:09:13,,0,纳粹的邪恶和童年的纯真害死了他
草威,4,2009-03-25 20:27:01,,1,暗条纹
凉夏,5,2010-06-16 01:29:12,,0,太TMD恐怖了，揪死心了纳粹是畜生！！！！！！畜生！！！！
若存,5,2012-08-18 20:00:45,,0,不知道说什么好
次非,3,2009-07-15 19:34:11,,0,暴风之前。
年少萬兜鍪,3,2012-10-21 19:23:52,,0,片场天气就那么好，阴天都难找？
Jane,5,2009-08-02 11:43:08,,0,这报应真是...
礼拜文,5,2009-08-17 02:30:22,,0,对我心里极度的打击，单纯的孩子，悲剧的结局。看完迟迟没有表情，心里难过之极
Henry,4,2012-11-23 13:13:20,,0,完美，让人痛恨纳粹
不差楼的小学生,3,2013-01-17 18:17:35,,0,我是绝对不相信纳粹的女人和母亲会是这种样子的。
only,4,2010-03-03 08:26:43,,0,战争背后的农场。
≧▽≦蚊米,4,2009-06-15 17:28:51,,0,从小孩的视觉描述残忍的战争
一匹脱肛野马,4,2009-05-21 17:37:08,,0,看完之后心里还在一直颤抖
あい,4,2012-12-25 09:28:31,,0,看的很难受，结局很cult啊有木有。。。布鲁诺长得太可爱了~~
可可肚子,NaN,2009-05-07 18:40:59,,0,难过
narcissus,5,2008-12-12 16:20:06,,0,未上映时看过预告片，巴巴的等。后来下了又一直没看。本来是为了正太看的，虽然晓得是什么题材，但没想到看了从头哭到尾。音乐很棒
猫蜜,5,2010-04-13 19:17:43,,0,看完郁闷的好几天。我承认我很邪恶有私心，我的郁闷是因为布罗诺死了
adia,5,2012-02-15 19:27:31,,0,本片没有传统意义上的好人，也没有传统意义上的坏人，本片表现的就是一个个活生生的人，你我都在其中。
LJ,5,2010-11-24 16:25:44,,0,这孩子是幸运的
火龙果不耐受者,4,2016-08-20 22:39:17,,1,看过原著，这片子算是良心，摄影和配乐都很有表现力，几处细节都意味深长，最后结尾收得很棒。
会魔法的吸血鬼,5,2011-07-28 19:22:39,,0,残忍啊
功不唐捐,5,2012-12-03 22:36:13,,0,那满屋的条纹睡衣让所有的抑郁情绪到达顶点。任何的理由都不足以成为发动的战争的借口。太过压抑了啊啊啊啊啊啊真不想去相信，可这就是事实。
Viow,4,2012-04-03 15:59:07,,0,唉，戰爭片兒不能。
雲苍白浅影长,5,2009-01-29 20:54:09,,0,穿着条纹衣服的男孩则永远留在了他的童年，永远留在了对墙那一边的“农场”慌乱的第一印象里，永远分不清楚真实与谎言，永远笃信自己所认为是正确的事情，永远梦想着探险，永远保持着对纯真友谊的盼望。　　这种结局似乎不仅仅是一种批判与控诉，更是一种理想主义的美丽结束。
伊凡,5,2009-06-15 13:11:37,,0,二战电影我真喜欢
少年派的崛起,4,2013-10-11 08:54:52,,0,影片再现了二战德国法西斯对犹太人的迫害，以儿童视角体现了对犹太人的同情和二战罪行的反思，结局太残酷
Anan,5,2009-05-03 01:59:06,,0,我喜欢二战题材
右耳//诱饵,5,2011-11-20 20:29:39,,0,看完很压抑。
我玩豆瓣无人知,4,2011-10-12 12:38:32,,0,那扇不该关上的门把电影给结束了
Tia,5,2014-01-14 20:36:20,,0,虐死。
未来有限事务所,5,2010-07-29 11:01:00,,0,连孩子都知道，这一切是荒谬的。为何大人的世界，却仍然沉迷不醒？
S,5,2011-07-30 23:13:55,,0,第一次看关于集中营的电影。没有血腥和暴力的场景，大多数时候通过孩子的视角刻画，简单的才是深刻的。。。shocked~~~
Rej,3,2010-07-24 00:27:03,,0,活脱脱剔除奇幻的潘神的迷宫嘛。
[已注销],2,2016-05-24 22:33:20,,3,kitsch
盲侠,5,2009-04-24 23:51:15,,0,大呼被骗了，悲剧来的，小正太就这样被毒气熏了。TT
卡比巴拉的海,4,2017-02-27 12:34:45,,4,以孩子的视觉揭露了德国纳粹的残忍，批判了二战大屠杀的丑陋
亭吏韩二,5,2011-10-01 23:44:48,,0,理性未到来之前。
秋の午后时光,5,2012-11-05 21:43:26,,0,给学生放了两遍，我也看了两遍。每一遍到最后10分钟的时候都看不下去，那个配乐哦，真想逃出教室。心情沉重得都不想吃饭了。生命不能承受之重，之痛。
euphe,5,2012-08-20 22:09:12,,0,如此深刻！
大蓝。,5,2012-10-21 18:01:38,,0,最后，他成为了“穿条纹睡衣的男孩”。
游走的兔子,5,2010-07-17 18:10:16,,0,感人的一塌糊涂！
斉月,4,2013-01-20 20:43:32,,0,能说什么呢，都是以前说过的，作为欧洲中国的德国，和中国，最不缺发生这些事情的基因，和人类本性有关，和教育有关，和洗脑有关。某政府还在一股脑儿的说战争是好玩的呢，可是呢。傻逼的农民才会在付出了那么多之后转眼又变成了被欺压的对象而不自知，你又能说什么呢，更不用提过去几十年了。2013#23
张很乐,4,2012-01-06 21:24:59,,0,不错的电影，但有一点疑问：集中营的守卫就如此松散吗？
老邢不卖艺,4,2011-06-15 22:12:00,,0,虽然猜到了剧情，但仍然无法承受
YoyoRan,3,2010-05-31 23:26:05,,0,friends?.....
sybxdgj,5,2010-03-12 18:17:18,,0,这个名字吸引了我
Maya夜航西飞,5,2010-01-21 09:52:42,,0,最后心情为bruno牵动，异常沉重！
玄月见草,5,2011-01-20 11:18:44,,0,战争不只是战败方的坟场，也是战胜方心灵的墓场。
dent de lion,5,2009-02-24 02:42:06,,0,压抑
GalaxyRunner🛸,5,2012-06-19 00:34:05,,0,或许布鲁诺这样死去是最好的，至少最后他的世界里还只有童话~~
阿奇波尔德,5,2011-11-17 00:20:18,,1,我愿被蓝眸吞噬的不剩一滴眼泪
半疯子。,5,2011-03-06 13:18:03,,0,一个时代的悲伤。
來到夏天不然,5,2009-11-05 22:19:30,,0,為什麼是這樣的結局。
颜尹,5,2013-02-07 20:23:21,,0,你可能是怕伤害他，没有告知他真相。结果，现实比真相还要可怕。
猫咋|要振作,4,2009-04-07 13:33:59,,0,报应以最残酷的一种方式降临了。
ddr,4,2011-12-28 00:21:40,,0,结局是否太过残酷
Fionn,4,2010-07-11 15:59:16,,0,战争中的童真，童真眼里的战争，另一种视角的反思。让我想起林达的《像自由一样美丽》。犹太小男孩的形象刻画得有些失败。结局是震撼的，极具悲剧性。真想看看犹太人是如何看这部电影的。
Pandy,5,2009-06-27 23:42:21,,0,心情沉重...其实是23天前看的，当日，想了许多...
塔塔,4,2010-05-05 17:46:49,,0,小男孩，在给了犹太小孩蛋糕后，被问时的回答，让我印象深刻，想到了追风筝的人里的小男孩。整个开头，一切都是那么正常，美好的家庭生活，好妈妈，好爸爸，好姐姐，和乖乖的小男孩。然后，剧情随着发展，残酷的生活，开始被揭示出来。结尾，让人无奈加难过。
噗噗,4,2009-11-17 23:03:14,,0,说英语的德国故事虽然感人却也别扭最后两个小孩子的悲剧也很牵强母亲很好很美丽
安静,5,2010-01-10 16:02:02,,0,超感人。。。可怜的傻孩子。。。
佛米,4,2011-04-02 20:27:11,,0,高潮略逊，还有一大败笔就是不该找那么帅的男的来演配角
REDEYESKi,4,2009-02-22 12:29:13,,0,文藝的緊
●.小透·．,4,2009-11-13 18:54:43,,0,值得推荐的一部。蛮深刻的
冰淇淋的滋味,5,2009-10-11 05:13:55,,0,之前很不幸被剧透，但是影片的其他部分其实已经充分的表达了结尾想说的东西。这显示了本片的优秀。
暴走粽子,4,2009-12-16 14:47:52,,0,儿童的视角，严肃的命题，，，这一类片子很见功底。
厚积薄发法立德,4,2013-02-23 01:11:17,,0,平铺直叙里透着阵阵寒意
爱德华,4,2010-07-22 15:13:53,,0,结尾的戏剧张力太明显了，激突
clover,4,2009-12-30 21:38:18,,0,孩子是那么纯真，他们之间的友谊令人动容。这样反而更加反衬出战争的残酷。结局，真让人心碎。
七,4,2010-03-23 18:31:58,,0,在孩子的世界里只有纯净的一切
lachie,5,2010-03-30 00:33:08,,0,没办法，对这种题材没有任何免疫力……
真真,5,2012-09-01 19:46:08,,0,穿条纹睡衣的男孩。
炜丶,5,2011-11-29 17:32:18,,0,最后的结局出人意料直至推向高潮
半杯走冰奶茶,5,2009-04-24 21:25:40,,0,感动因为孩子的纯真。因为战争的残酷。因为人性的冷酷。
树说DearSophie,5,2009-08-06 14:20:44,,0,让人很震撼的好片！
流。,4,2009-02-18 16:40:41,,0,结局..极度揪心
zo,5,2012-05-04 10:33:54,,0,力荐
木鱼暮渔,4,2011-03-20 16:31:52,,0,“别人”
粉红色大象,5,2009-04-12 21:03:17,,0,‘parvel当年是医生，现在在削土豆，真不明白那些大人’
牙尖熊,5,2010-07-25 21:31:14,,0,细小而沉重
多整点儿香菜,4,2009-05-09 01:02:22,,0,节奏很好。结尾的长镜头，让我彻底哭出来--
Mmm,4,2011-02-21 23:40:05,,0,就像最后来的那场雨，剩下的只有急促的喘息和窒息。
Cereja,5,2012-06-01 16:39:17,,0,Bruno天真到无知，无知到欠抽啊！我会告诉你我对结局很宽慰嘛！
蓝抑郁剂Lily🌈,5,2014-05-10 00:54:40,,1,最后，他也变成了穿着条纹睡衣的男孩，睁着无辜的双眼，挤在惊恐的犹太人群中，被关在了那个世界最遥远的地方，，他们都还只是个孩子，，，
悲观主义的花生,5,2009-02-05 10:06:05,,1,最冤的死法
ELEVEN.W,5,2011-07-16 16:54:57,,0,震惊
夜游,4,2013-02-24 07:05:55,,0,结局俩人被挤在人群中这段真心不错。
马夫蒂纳维艾林,4,2011-09-03 22:09:05,,0,最后的真相难道不是犹太男孩把布鲁诺给坑了吗
iBeans,3,2011-11-22 19:19:47,,0,小男孩死了，才多加一星。真怀疑此片怎得的8.7
Clay咩咩咩,5,2012-06-25 11:23:08,,0,用孩子的天真来看世界那才是最残酷的。
喝豆乳也没用,5,2009-07-19 20:11:42,,0,这是一个反复讨论的问题了。战争带给我们的伤痛。但这个片子我觉得探讨的也是“到底是谁的错？”父母约束着男孩致使他的好奇心无限膨胀，最后也算是酿成苦果的间接原因吧。小说改编，没看过原著。但是电影本身很好看~！
lavende,3,2010-05-16 17:17:57,,0,男孩子很纯真
六只小狗,4,2012-07-30 22:39:27,,0,塞缪尔那么轻易地就原谅了布鲁诺的“背叛”，隔着铁网伸出那只小手，我快要哭出来了！
tunight,4,2011-09-15 12:56:20,,0,像是一道逻辑题，两种逻辑得出一个荒谬的结果
Sury,4,2012-06-11 14:06:42,,0,压抑的不行，不会再看第二遍，关于纳粹的片子一次就好。
蓦兰,4,2017-03-31 23:05:48,,2,难受，从小孩子的视角看待战争已经很残酷，为什么还要让他们经历这些。
Hahaha,5,2009-05-10 00:50:42,,0,就这么平平淡淡~毫无征兆的震撼着我...德国和犹太....
瓜爺,4,2012-01-30 19:20:54,,2,Ilikethecinematography，andtheendofthestoryisjustifiable，but，however，notdistinctive.
艾玲,5,2011-02-06 09:42:21,,0,还好天堂里有个伴。
岚小壹时光琐碎,5,2010-08-07 14:44:22,,0,asa很可爱啊，感情演的真好，意料之外，情理之中
凹凸曼|㍿,4,2012-04-10 04:29:55,,0,出人意料的悲伤结局。。。
Malena,4,2012-12-13 23:03:35,,0,这比什么暴力血腥片更加扭曲三观好不好！！！
半袖,4,2015-04-11 22:54:06,,4,人要有信念，但不能违背人性。敬里面每一个栩栩如生的人。20150407
👤sHIRO🦾,3,2012-10-24 16:31:27,,0,yourexploration，theirexperience中规中矩大哭片，不能因为领个孩子戳我泪点就给你高分，嗯嗯
沉水,4,2012-10-21 13:42:06,,0,又一个侧面讲述集中营的故事，但是结局太闹心了，于是减掉一颗星。
牛花,5,2014-02-02 15:33:13,,0,又一个纳粹题材。
cos,5,2009-08-26 23:02:33,,0,虐心的电影。想说的很多可最好什么话又都不想多说。
Charlene,3,2014-03-08 05:48:15,,1,又一部二战犹太人的片子
+,4,2010-09-30 16:28:08,,0,oh...原来中尉就是奈特莉男友
糊涂の侦探,5,2010-02-17 20:59:10,,0,结尾震撼
ah1,3,2010-07-27 23:11:12,,0,我不认为有四颗星的水平。
o,4,2010-05-21 14:24:20,,0,从德国军官的孩子眼中看待这场战争，我喜欢这个视角。但毕竟没有美丽人生那般让我难过。
sasa,5,2010-03-11 12:17:37,,0,太意外，太悲痛
鱼婆婆,NaN,2015-05-15 21:26:57,,2,知道是二战题材，就已经在做心理准备了，还甚至猜到了结局，可是依然非常沉重。生活在和平年代，太好了。
刘小白,5,2010-01-14 19:30:13,,0,战争永远都是丑恶的
Lee winchester,4,2013-12-29 19:28:39,,2,"结局给了这部片子最大的高潮和嘲讽，触目惊心又让人心碎。当你对着整个世界都怀有善意的时候，却依旧逃不过掌权者织的大网，这就像个无底洞，不知哪一天你也会坠落洞底，成为那个“穿条纹睡衣的男孩"""
kopde,5,2013-08-05 14:36:36,,2,可怕的是他没有比那间毒气室里的任何人更无辜
PuNa,1,2009-02-21 12:59:25,,6,太血腥了太血腥了我不喜欢
瑞奇文,5,2011-11-16 21:59:15,,0,沉重。
Asdfghjkl,5,2011-09-26 15:20:42,,0,很棒
Jo,5,2012-10-13 23:35:06,,0,#literaryfestival#放映后原著作者答疑时说，Bruno不代表任何人群。如果非要说的话，也就是站在围栏外向集中营里望去，疑惑和思考whorthey?whatrtheydoing?的我们。不狗血的结尾，是为了让孩子们和其他观众有所感触，更多地认识和思考这段历史。有时间挺想看看书的。p.s.，从正太到大叔各种熟脸~
我TM是党员,5,2012-03-22 22:35:12,,0,战争往往都是让那些懵懂的孩子为恶心的成年人买单夸张的故事下是深刻的讽刺和反思
饱,5,2012-06-14 21:03:15,,0,┭┮﹏┭┮Childhoodismeasuredoutbysoundsandsmellsandsights，beforethedarkhourofreasongrows.
水生木,5,2011-02-10 10:32:58,,0,Iwanttomakeabetterworld，anditsoundsstupid
Katrina,4,2012-01-14 15:01:58,,0,孩子不懂得战争与生死，他需要的只是朋友。
闻人林,3,2009-04-02 01:12:34,,0,"""Idon'twantyoutogoawayagain""""no.neitherdoI"""
Vivie,5,2013-04-09 00:15:37,,0,五星推荐，不过不敢看第二遍。Done，2013年4月9日
本人醉奶,5,2012-06-18 19:54:33,,0,┲﹏┱┲难过死了啊啊。为什么会这样的。那么善良的小男孩啊哽咽。我了个去什么恶有恶报什么活该。那么善良纯真的小孩啊还有那么善良的妈妈。┱┲﹏┱┲讨厌那段历史讨厌战争讨厌没有人性的一切┱┲﹏┱┲。
♡Gbye　の,5,2012-06-18 19:07:57,,0,如果是我.我会怎样做.
ever summer，,5,2012-06-18 19:33:20,,0,很残忍的一部历史，
上界真人,3,2009-02-03 13:59:37,,0,对比不错
satya,5,2009-03-23 11:11:48,,0,没有说教，没有批判，只是蹲下身体，用孩子的视线看这个世界，因为还来不及看到黑暗，所以无畏无惧，勇往直前。
武食茶⠀ ⠀ ⠀ ⠀,5,2009-03-18 02:04:49,,0,小说送给了你，可我只看了一半。我想我要是知道结局的话，是不会再来受一次虐的
z3n,5,2011-07-10 14:04:44,,0,Childhoodismeasuredoutbysoundsandsmellsandsights，beforethedarkhourofreasongrows.
橘兮。,5,2012-04-15 13:24:45,,0,小孩子的世界大人永远不懂。看到他妈妈趴在他衣服上哭的时候难过死了。
宁宁,5,2012-10-15 20:36:36,,0,最后随着片中母亲撕心裂肺的哭喊，我也泣不成声。以往所造恶业，皆得报应，不得不感叹因果循环。所以我们在为无辜者哀悼的同时，更加痛恨罪恶。
TOWNE,5,2011-10-06 20:12:15,,0,“childhoodismeasuredoutbysoundsandsmellsandsights，beforethedarkhourofreasongrows。”
湖边の许愿树,2,2012-06-11 17:33:56,,1,终究不够深刻，不够警醒
杨子虚,5,2014-01-29 12:11:52,,1,一个是战争中的童真，另一个是童真眼里的战争。
瑋,5,2008-11-25 00:11:50,,0,AsaButterfield无比精湛的表演，如此自然而动人。我看过最动人的影片之一。满分。
微挺,3,2009-04-04 00:27:35,,0,虽然角度蛮新颖的，但是不是力道不够，让我觉得没什么特别震撼的感觉……
大帆茄,3,2009-03-02 22:43:01,,0,Goodidea，ordinaryrealization.
olin_zhou,5,2012-12-14 04:40:40,,0,看完我脑子空白了半天喉咙和胸口都很难受
数人的绵羊,4,2009-05-09 12:55:57,,0,Childhoodismeasuredoutbysoundsandsmellsandsights，beforethedarkhourofreasongrows.
ViGgO,4,2009-08-08 22:15:22,,0,唉，有点沉重
soso,5,2010-05-29 16:01:54,,0,......
Youky,5,2012-07-19 18:59:05,,0,令人痛惜的悲剧
▲Monody▼,4,2014-05-28 11:30:34,,0,Childhoodismeasuredoutbysoundsandsmellsandsights，beforethedarkhourofreasongrows.
勋,5,2010-09-18 00:47:54,,0,...
Zia,5,2009-08-06 21:31:51,,1,小男孩Bruno的眼神像极了《铁皮鼓》的主角奥斯卡，不得不说孩子的眼睛是最为裸露的，它们能够直击生活最阴冷的骨髓把那刺痛的残酷狠狠拎出来给麻木的人们看。结尾的慢镜头缓缓扫过尸体般凌乱堆放的囚服，我思索着故事还会怎样继续下去呢，而影片就这样结束了，冰冷而绝望，让人什么话也吐不出。
Fei,4,2009-08-31 03:33:47,,0,很感人的故事情节，但是电影本身并无太大的出彩之处。会去读原著。
galbreath,3,2009-10-04 20:00:57,,0,压抑
nieng,5,2010-05-15 23:43:57,,0,这个世界真小，很多事情真巧。
somnambuleNRR6,3,2010-08-02 15:25:56,,0,·小说不喜，电影平淡，唯有毒气室一段出彩。
贾志国,4,2011-07-04 16:38:20,,0,不爱看
毛筆小馨,5,2011-10-23 15:53:34,,0,Childhoodismeasuredoutbysoundsandsmellsandsightsbeforethedarkhourofreasongrows.
黑白不明物体,5,2009-05-29 16:10:01,,0,为了什么？！
墨菡子,4,2012-07-23 01:44:09,,0,那个犹太小孩真坏，正像那个老师说的，犹太人没一个好东西
鱼也不明白,4,2011-12-30 15:12:40,,0,倒是觉得如果我看的是书可能会看哭吧。
Illusion,4,2009-02-03 08:53:29,,0,平淡却又惊心动魄
瑶瑶,5,2013-01-03 12:07:45,,0,布鲁诺好萌好可爱，竟然死了，到最后还是难以置信。P.S.朋友不能乱交，游戏不能乱玩。
红男,4,2009-04-29 10:00:44,,0,是战争片，可是不打仗。有很多纳粹，可主角是个小孩。海报做得很好，铁丝网里面，是集中营。不是善有善报恶有恶报的故事。是那段无尽伤痛的历史片段里，一朵小小的却心碎的浪花。
ポニー,NaN,2010-09-09 23:22:54,,0,唉
Rangi,5,2012-12-26 18:30:15,,0,下载了2、3年都不愿意去看的电影……确实没有让我失望，非常可怖，唉。
正在看牡丹,4,2011-10-16 20:11:28,,0,去掉一颗星因为太可怕了
Nina,5,2012-10-25 01:20:02,,0,最后的长镜头让人心碎。近来关注不少纳粹迫害犹太人的电影和书目，'安妮日记'通过小女孩的视角给我们讲述战争中我们不曾体会甚至想象的一面。越深入越悲伤。
爱智慧,5,2012-03-03 10:13:55,,0,看过《雨果》之后才来看这部电影的，阿莎从那时候开始就已经很有演技了，蓝色的大眼睛看上去很无辜很天真，我终于知道为什么第一次看见卢平教授就有一种违和感了，因为他身上气质很坏很阴郁啊~最后时刻我还希望天煞的纳粹跑得快点儿救出布鲁诺，小孩太无辜了，但结果真是应了那句话“出来混，总要还”
辉少,4,2009-05-02 00:35:59,,0,成长是童真消失殆尽的过程，天真是人最美好的天性，所以上帝有曰:若不回转，变作小孩子的样式，断不得进天国...
岛。,4,2013-12-08 15:25:53,,0,没有想象中的好。二战的残忍性力度表现的不够，可能是以孩子的角度的原因。
豆沙王子,3,2009-02-26 19:09:06,,0,剧情平淡，几乎没有波折
谷子和季节,5,2011-02-07 01:36:32,,0,最近看的最好的一部电影
zidane2311,3,2011-07-31 02:43:09,,0,我蛮喜欢看这种类型剧情片的，但是以为从男孩穿上条纹衫开始故事才开始。才刚入戏，故事怎么就结束了？片子很短啊。至少还要演点男孩在集中营的情节啊？
腐生,4,2012-10-27 19:03:12,,0,犹太小男孩儿把我这个心酸
Aubrey,4,2013-09-20 17:58:27,,0,最后穿上条纹睡衣时候已经有了不祥的预感，最终没能救出孩子，好无辜的孩子，犹太人。罪恶的战争。不忍卒读。
D Jimmy,4,2012-09-03 23:19:09,,0,在黑暗的理性萌芽前，称量童年的是声音、气味和视觉。
Sru_Qiu,5,2012-02-05 08:45:27,,0,尽管有些不切实际的幻想，这部电影依旧是一部感人肺腑的佳作。ps，在一个不支持理性的国度与时代，请不要鬼扯什么，也不要用大人的眼光去看孩子的世界。如果故事的最后布鲁诺得救了那么他的世界又会怎样？只是我发自内心地希望这片善良童心不该有如斯结局
裴彬尼,5,2013-01-16 12:25:39,,0,怎么说，演的最好的觉得是纳粹军官家庭里的那个犹太奴隶吧，真的很好，那种眼神，步子都很到位，还是能让人思考纳粹脑子里灌的是什么，不过也说得过去，杀鬼子不犯法我也开个集中营弄点化学试验当老鼠玩。小男孩眼熟，是演雨果的那个，另外那个胖胖的好可爱！结局很寂寞。。
夢嚐君,3,2012-02-15 14:47:08,,0,铺垫太多了
F,5,2009-11-09 15:16:37,,0,演得非常好，除了姐姐有点涩，不过本来就是小配角，不宜太抢眼。然后，最后，竟然哭了。。。
Tenderrrrr,5,2012-01-20 18:33:26,,0,结尾节奏好快，跟前面的盛夏乡村大树环绕秋千摇曳形成强烈反差，一下就沉重重了。另，小正太演技好棒，无论是小短裤小衬衫还是条纹睡衣都萌翻。好吧，片子还是很沉重重。
赫本•李,4,2009-03-27 18:13:13,,0,评论瞎评的，希望你们先去看看原著再说话...........
忧郁的迷星,4,2011-07-13 23:18:20,,0,悲剧啊，战争时代的童年
格林先生,4,2013-06-24 18:53:53,,1,结尾太残酷了。。不得不说这真是个很棒的故事，角度选的非常好，如果制作上肯多投入一些完全可以拍出更好的效果。
身是客,4,2009-02-03 09:57:57,,1,拉尿射墙上的苍蝇，然后它飞我嘴唇上了。
Amy,5,2013-08-31 21:31:09,,0,布鲁诺最后也太可怜了。
素*,4,2010-02-15 16:12:43,,0,结局的节奏可以再舒缓一些
代小宝,5,2011-09-06 19:10:27,,0,为什么国外的小孩都是演技派？！
A-sun*,4,2010-06-20 18:40:48,,5,在黑暗的理性萌芽前，称量童年的是声音，气味和视觉
小子路,4,2009-01-31 12:23:56,,0,还没看完我就不争气的哭了。另外，用德语对白会更好
吗啡,3,2011-04-13 21:26:42,,0,也许影片本身不错，只是这种二战+犹太+纳粹的片看得我麻木了。。
好久未去电影院,1,2023-10-20 23:29:35,云南,4,犹
Giant,5,2013-01-02 14:19:29,,0,昨天看的《隐藏的恋情》是同志视角的二战，这个是小孩视角的二战，哭不出来，也不知道说什么，压抑，战争残酷而可怕。
孤独的根号三,3,2011-07-25 10:38:14,,0,同类型的看多了没什么感觉
书中仙,5,2011-12-17 11:04:19,,0,唉。影片处处到位，情感上比书更有感染力。
涂家公子叶十七,5,2011-01-28 20:59:00,,0,很好
咁咁咁,5,2023-01-09 09:43:05,上海,21,我在2013年7月点的想看直到2023年才看完被烂片洗涤了这么多年的我以及已经适应我们的影视作品里孩子不可以死亡的潜规则导致影片最后十分钟给我的震撼真的太大了
晃晃悠悠,5,2009-04-12 11:49:26,,0,从头揪心到尾
圆石,5,2010-04-07 21:22:41,,0,我们是玩偶的玩偶
Heyvin,4,2011-05-21 18:10:36,,2,信不信世界其实是普遍存在镜面原理的，当你付出爱，总会有被爱；当你给别人伤害，这些伤害最终会以某种方式回馈到你身上。这是一个关于二战的故事，以孩子的纯真来抗议惨无人道的战争和种族歧视。
平平无奇奇怪怪,5,2009-02-07 14:37:10,,0,和黑皮书一起看的，却比黑皮书揪心，可能是因为孩子的缘故。监狱里的小男孩真的特别惹人怜爱，最后纳粹军官等于是自食苦果了，影片拍的很震撼，两只小手在毒气室里紧紧握在了一起。
Prague Night,4,2011-09-17 12:15:53,,0,众生生而平等。
bird,4,2012-12-05 12:56:25,,0,友谊天长地久，艾兰同焚。
东林君,4,2013-03-22 18:54:59,,1,"""要不要这么直白"""
Z,NaN,2009-05-15 11:04:16,,0,这样的童年，这样的视角
▲,5,2012-01-10 00:55:17,,0,FUCK　
基顿不抹口红,3,2014-07-30 22:48:47,,1,情节设置非常严谨:“朋友的友情+家人的隐瞒+虚假的影片+军官导致的内疚”让布鲁诺进入集中营这一看似荒谬的行为有了合理的解释。悲剧不是谁的错，而是所有人共同完成的。
Milandini,3,2009-05-30 02:41:38,,0,The.Boy.In.The.Striped.Pyjamas.2008.LiMiTED.DVDRiP.XViD-iKA
尾生,5,2012-01-16 20:55:38,,0,开始看的有些压抑，最后的长镜头不得不打五星，战争对谁都是受害者。
多多,5,2009-05-21 21:30:44,,0,越来越胆小了。。
ccqb,4,2011-03-26 20:00:55,,0,每一个“纳粹”的孩子，上辈子都是折翼的天使。
