user_name,star,comment_time,geo_ip,vote,short
Over5,5,2007-03-17 18:46:20,,3879,堪比业界史上的两弹一星，这个猴子是我们国产动画片的骄傲，但到了今天依然得指望着它说事儿～
有病的乃提乃,5,2011-04-24 03:57:26,,3640,50年过去了，中国动画不进反退，还有比这更可悲的事么。技术上止步不前，创意上才思枯竭。一群羊和两只狼的故事都被反复翻炒出N部，悲矣；当年号称十年巨制制出一部宝莲灯，贻笑大方矣。现在小孩的物质条件比我们好了n倍，但是我仍然觉得当年的我们是幸福的，因为有这么多优秀的动画片陪伴成长。
巴喆,5,2012-10-17 10:55:56,,2037,1961年，中国大陆，全手工，此片原画历时4年，10分钟的动画镜头要画7000到1万张原画。文革时期此片被批斗为牛鬼蛇神，是流氓无赖的化身。当时运动每天都在升级，全国的“猴子戏”都被禁演了，万籁鸣也被关起来了。日本“漫画之神”，动画漫画始祖手冢治虫本人承认正是看了万氏兄弟的《铁扇公主》，他才弃医从事动漫事业，才有了后来的《阿童木》。中国的动画曾经领先亚洲，我绝对没夸张。9.5
Odding,5,2006-03-26 14:03:45,,2166,这个无须评论。
老阿飞—故园,5,2006-01-08 17:21:11,,1383,中国动画=大闹天空，虽然对很多动画来说这样很不公平，但是，你能找出其他这么有代表性的佳作？
IlTrovatore,5,2010-02-09 16:34:34,,1009,中国动画难以逾越的一部
17950,5,2006-10-15 14:14:05,,896,真纯粹的中国动画
油漆匠,5,2008-07-23 23:15:18,,755,没有阉割的猴子
把噗,NaN,2011-08-31 20:17:45,,12,经典
同志亦凡人中文站,5,2012-12-14 22:12:19,,656,反抗，反抗，再反抗
随风的蒲公英,3,2017-04-10 17:36:35,,18,真的是童年的回忆，觉得是中国特色的一部动画片！
私享史,5,2005-10-31 16:34:35,,703,【武大】从造型设计到人物动作，从脚本到到音乐，每一个镜头拿到现在仍然足以与世界好的动画相比而毫不逊色，这个腰间束着虎皮裙，手舞金箍棒，神采奕奕，勇猛矫健的猴王成人们心目中永远的孙悟空形象。
朝暮雪,5,2012-08-07 15:52:01,,518,中国最好的动画片，来自50年前。
战国客,4,2009-04-23 18:15:42,,2832,向中国早期的动画制作人员致敬！
流空破刃,5,2010-07-24 22:54:46,,471,一类风格的极致，一种手法的极限与其所能趋至的完美。
汪金卫,4,2012-01-18 18:20:57,,435,要看就看影迷修复版，那是最好的版本。比官方的所谓40周年纪念版都好。玉帝的下巴上非常明显的有颗痣我会到处乱说吗？
蓝下老婆,4,2017-04-04 21:33:20,,401,永远的经典
Luke,5,2012-10-01 16:26:11,,347,中国动画史上的一块金字招牌，当之无愧。
蒼間,5,2008-09-26 23:21:42,,362,“怎么能抵的过我这一锤——呀~”
寒枝雀静,4,2019-07-20 17:31:26,,64,B/文本内含复杂性，但是叙述的语调缺乏复杂性。几乎是将孙悟空当做一个完全的超级英雄来描绘，且大多只是通过表层的“行动”来描绘，而情绪什么的几乎是不存在的。至于孙悟空为什么总是表面不屑但却内心艳羡天庭，为什么会对“正名”有如此执拗的追求，为什么一个野性难驯的孙悟空还要嫌天庭“暗箭伤人”，都基本没有更深层更隐约的指向。当然，这大概就是截取一段拍出来的劣势所在，毕竟“西游”就是一个孙悟空不断下沉的过程。流光溢彩到最后都有点审美疲劳。
sharon,5,2017-03-20 20:32:20,,203,特别特别经典的国产动画，真正能体现中国文化的动画片，这是现在那些为迎合市场而各种四不像的国漫没法比的
等一个人,NaN,2009-03-05 18:44:40,,6,算是动画启蒙之一
沉歌,5,2008-01-21 21:20:54,,173,不朽的近义词
大耳朵图图_,5,2017-03-25 16:36:10,,89,1961年的中国动画，说是神作也不为过。。唉，加油啊我国的动漫产业
石头星,5,2017-03-20 18:56:17,,47,致敬。
琧婯,5,2006-09-04 01:27:23,,75,金猴奋起千钧棒哪有压迫哪反抗
我lu不会飞,4,2017-04-04 21:31:57,,44,最早的，也是最好的，向经典致敬
梦里诗书,5,2015-05-24 09:00:28,,52,中国动画电影的起步与美日动画是水平的，甚至在某些层面更为超越美国日本，这源于在五十多年前我们就制作出了如《大闹天空》这般精湛的动画电影，古典建筑，音乐，文化在电影特有的中国绘画风格中如行云流水般的一一呈现，令那骁勇矫健的美猴王成为了光影中永恒的经典。
残响死灭,5,2018-06-11 15:09:25,,37,我不怕那注定不会有结果的反抗，我怕反抗精神的消亡。所以，悲剧的不是被压在五指山下，而是被压下后，这只猴子再也没有想过反抗。所幸，动画没有拍出来，将这个只属于东方的浪漫主义永远定格在荧幕上，也由此，我们看到了一只自始至终都保持着真性情的美猴王。
小A,5,2014-06-28 19:13:52,,44,这节奏，这念白，这轻重缓急，这叙事抒情的搭配……教科书一般的电影，艺术与娱乐的完美结合。
xiaonanhappy,3,2011-01-23 11:09:06,,0,这个真算是我们国产动画最经典的篇章了！
苏幼,4,2017-04-30 17:11:53,,22,好看！！好看！！好看！！，重要的事情说三遍！
斑马的故事,3,2017-04-11 22:16:24,,4,这就是经典的魅力
润物,5,2010-05-25 13:30:46,,16,这部动画的水平与价值只能用“不解释”来形容，而现在我最关心的是，半个世纪快过去了，中国何时才能再次出现“不解释”的动画？
Panda的影音,5,2011-08-15 15:30:05,,19,曾几何时，中国动画也走在世界前茅！---《大闹天宫》是一部带有强烈民族装饰风格的动画片。人物造型及场景设计汲取了古代壁画、皮影戏及年画、门画等民间工艺美术的特点，人物造型借鉴了京剧脸谱艺术，表演动作汲取了京剧表演的长处，更突出了这部动画片的民族风格。-中国电影博物馆-2014.04.23：心想着，要是影博-6号厅-大银幕放映的是老版经典无比的《大闹天宫》，而我不去看的话，心里肯定会非常遗憾。于是乎，我还是逼晚睡又累的自己早起大老远赶去去博物馆，果然，放映的确是如我预想的“上下集”版。虽然不确定放映的是否为胶片版，但很多片段是缺失的，尤其是“下集”，剧情跳跃十分明显；虽然如今才注意到电影没有环境音等音效，但那如神一般存在的配乐却极佳地弥补了这些空白，太给力了！…→2015.05.01：第一次给小朋友们放映这部动画电影。
Leon Winters W,5,2016-01-07 19:20:18,,33,据说当年宫崎骏就是看了中国的齐天大圣才下决心干动画的！每个人都象孙大圣那样一身本领，以为生活该是怎样，但时光飞逝，我们也像大圣那样终于变成了悟空，之后哪，之后，就是另一部电影了。
卡比巴拉的海,5,2017-04-09 20:47:02,,38,经典之作，历久弥新
元宝宝,4,2017-04-30 20:06:39,,11,中国动画片史上里程碑式的作品！
ᥫ᭡້໌,5,2017-02-10 11:19:58,,15,以前的中国动画别有自己的风格，却走了下坡路
我不绝望,5,2006-11-12 22:35:11,,23,中国动画的顶峰。
彌張,5,2009-08-11 00:08:27,,15,当年传统的画工，老一辈经典配音，看看这些令人颤抖的声音（邱岳峰/富润生/毕克/尚华/于鼎/李梓/刘广宁）再也不会有了。我爸迷这只猴子迷了一辈子
晚不安,5,2020-10-06 17:01:20,,10,重看。只节录西游记中“大闹天宫”一节，从戏曲和古典绘画中汲取灵感，细致地描绘天上人间百般景象，生于经典又长成了经典。极写天庭的哄骗和欺压，衬出猴子的威武和叛逆，最后也断然没有迎来一个反转，不铺开西行-被规训的故事，就停留在这一次属于个体的彻底的胜利与荣耀之中。于是那只冥顽不灵的猴子，就在中国动画的深处站成了不朽的齐天大圣，擎天立地，不可一世，在千千万万动画人心中埋下火种，这其中有一位叫手冢治虫。
大奇特(Grinch),5,2019-06-22 13:42:03,,8,上海大光明重温114分钟修复版，本届观影过程最舒服、放松的一部。
掉线,4,2013-05-12 14:06:14,,10,虽然年纪很小，但是对于画面和配乐还是能够感受到震撼，这才是真正具有中国文化的动画，虽然可能它并不适合当下
杨大志°,4,2017-04-24 23:33:45,,9,61年的动画放到现在看也是很棒的了
柯里昂,4,2016-01-11 15:02:21,,11,还是手绘有意思
昵称被占不开心,5,2017-04-10 17:09:21,,16,国产动画顶峰作品
焚紙樓,4,2019-06-22 23:31:46,,9,想起前老闆給李瀚祥電影下過的一個形容：巴洛克式東方。
你爹语重心长,5,2017-04-11 14:31:15,,6,可以说非常厉害了。
放把火烧了,NaN,2008-05-10 00:51:32,,1,纯属回忆
root,5,2023-06-18 19:02:47,四川,8,孙悟空职场反霸凌这片子封神之处在于结局，没有如来佛祖来压他，是非常具有反抗精神的佳作
123456昵称,5,2016-12-05 11:41:16,,8,在当时，制作出如此精良，太厉害了，五星
[己注销],5,2010-01-21 18:20:52,,6,终于看了法国二区修复版的，全长110分钟（比原来多了20分钟），太过瘾了！（《人参果》和《金猴降妖》是本片的续作。）
夏日的小西瓜,4,2022-12-18 23:26:58,上海,3,童年回忆。蟠桃园里的桃子真是又大又红的诱人。
🧸,4,2017-05-26 20:09:33,,7,最早的一版孙悟空动画了吧
蓝色啄木鸟,5,2017-04-18 18:52:22,,6,原汁原味，中国传统动画片的经典力作。
旺仔小馒头,5,2013-04-24 16:41:37,,2,无需评价。
游牧人·芳汀,4,2010-10-24 16:27:47,,5,我们中国动画少见的大师之作！
薄荷,5,2017-04-10 19:17:27,,9,很经典制作很用心的动画片，当今国产动画真的在倒退啊
武侠小王子,5,2009-08-27 09:32:49,,2,经典无以复加。
徐若风,5,2012-10-20 15:20:53,,8,中国动画的巅峰。
未命名搪瓷🌈,5,2022-01-20 13:00:28,,6,影片最后停留在齐天大圣砸毁凌霄殿、回到花果山的结局上，和原作中他被如来佛祖压在五指山下的结局不同，自然多了一份荣光。而这份荣光也属于这个时代的中国美术片——1961年，在《大闹天宫》诞生的年代，迪士尼拍出了他们的第十七部动画动画长片《101忠狗》，日本东映则拍出了由日本民间故事改编的《安寿与厨子王丸》。虽然在技术上能明显看出与其他两国的差距，但借助中国民间传统艺术的力量（如《大闹天宫》中的戏曲、《九色鹿》的敦煌壁画、《小蝌蚪找妈妈》的水墨画等），中国美术片却有着自成一派的风格。时至今日，上美的荣光早已消逝，但这个穿着虎皮裙的齐天大圣形象，却如影片结尾一样，站在名为经典的顶峰上屹立不倒。
高詩遠,4,2021-02-10 18:53:50,,2,虽然剧情都很熟悉了，可是里面的京剧元素尤为出彩，一板一眼，每一句唱腔，都非常具有中华民族与生俱来的魅力，可惜的是后来的中国动漫没有朝着一条良好的道路上发展，不过历史上有这么一部珍宝就已经足够发光发亮。
Helicopter,5,2020-08-30 13:52:46,,4,《大闹建制》还以妖猴大胜、天庭捣毁为结束，反了，反了。这弥久历新的寓言呐。每个角色生气时的表情都好生动。与二郎神之战，无论原著的构思又或动画呈现，都是文化遗产。看这花果山皮色各异的猴子，可是早早懂得diversity😂
SilentTyler,5,2012-07-30 22:04:35,,2,看了当年大闹天空的纪录片，那个年代的动画电影的制作者太神奇了，本片素质和隐喻都比较有特色，此后国产动画就与迪斯尼甚至日本动漫逐渐拉开了差距.
黑特-007,5,2012-08-26 00:25:32,,2,国产动画的巅峰
小忧伤,4,2012-05-15 12:41:25,,0,记忆。
吃坚果的松鼠,5,2010-07-03 23:09:43,,1,国产经典。
歆然,4,2008-04-25 18:47:51,,0,感觉还好。画风太写实了，不喜欢。
雕刻時光,5,2008-03-27 21:16:50,,0,一去不返
老虎,4,2019-12-16 21:53:37,,5,在豆瓣榜单上剩下不多几部电影，今天终于看了，不得不说两个字：真香。情节已经烂熟于心，可是画面的想象力仍然出乎意料。1961年的动画竟然运镜如此流畅，京剧配乐非常惊喜。小时候没有想过，现在重温才意识到孙悟空对传统官僚和规则的彻底反叛，这放到今天可能过不了审吧。
虎折,5,2012-08-23 12:25:16,,1,骨灰级开拓者
mOco,4,2012-05-24 11:36:27,,3,不只是童年影响，而是里面的每一个场景设计/人物设计/配乐/动作，哪一个不具有中国特色？It‘sunique.【看的是1964年原版】
大志的小耳朵,5,2017-05-19 11:58:26,,3,国产经典动画，小时候很多贴纸都是这个，孙大圣是很多小孩子心里的英雄。
霞青云淡,NaN,2012-05-22 22:52:55,,0,父亲给我买的第一部动画片，现在都觉得记忆犹新。
小变态,5,2008-05-18 15:04:31,,1,OH，Yeah!孙猴子来了
望仔放弃减肥了,5,2010-02-03 10:45:18,,3,天朝！
哔呣咣啵の哸啐,5,2012-12-12 12:42:47,,1,啥都不说了，一段传奇。
geek,4,2012-02-25 01:22:27,,1,那个时候的中国动画已是NB，但是就是从此几乎停滞不前。
良亲,5,2012-05-22 23:30:20,,0,国内动漫的辛苦奖
亢龙无悔,4,2008-03-13 16:47:32,,0,好看的片子
Bright Sun,4,2010-07-08 23:09:00,,0,虽然看得过瘾，但从来不想当孙猴子，主要是长得太诡异
吱吱头,5,2012-05-22 19:36:24,,0,历久弥新。
百慕大扣扣,4,2012-09-29 14:50:00,,0,这排名。。。
ng,5,2006-03-18 03:40:23,,0,前
littletwo,5,2008-03-04 11:36:37,,0,非常强大。
-VeronicaWooo-,5,2011-01-17 13:48:22,,0,话说又是一部不看人僧就是不完整的电影！绝对要看啊！@Home
Moriarty,5,2012-01-26 21:15:52,,0,上海美艺一代经典一段历史一次于尘封记忆的畅游
走马,NaN,2011-06-06 13:08:16,,0,我应该看过，但是没印象了
胖得来要戏,5,2010-12-17 12:30:26,,0,后来被造反派利用了
无力-Jokmatt,5,2007-12-08 20:59:58,,1,这种经典是永远不会忘记的，但是，配音真的好吵啊
肥壮壮,5,2013-03-06 05:36:12,,0,国产动画的经典之作，这部65年出的动画就是拿到现在来看，依然是部优秀的作品。
安狄,5,2011-03-08 14:49:22,,0,我珍贵回忆的连环画。就想问一句，中国的动画人现在在做什么？
安小洁,4,2010-01-03 12:00:22,,0,国产动画貌似销声匿迹了。
jagpumpkin,5,2010-02-11 16:27:09,,0,神作！一看到这四个字，我脑中第一反应是主题曲^_____^
暴富的女孩是我,5,2017-04-05 19:32:21,,4,小时候最想成为的是齐天大圣孙悟空
师兄在家,4,2011-06-14 18:56:53,,0,儿时经典
十个斗的眼窝浅,5,2011-05-24 16:15:17,,0,国产动画可以有。啥时演，啥时必看的动画片，咱们啥时还有如此经典的国产动画片可以无限回味~~~
影之男,4,2009-10-14 12:08:01,,0,人才都走了
lanca,5,2012-11-17 16:03:01,,0,真不记得是什么时候看的了就是看过
Cherry Chi,5,2010-08-19 11:50:15,,0,这是一部浪漫主义动画
师兄在家,4,2011-06-14 18:56:53,,0,儿时经典
国家特级壮女,5,2009-08-07 20:32:48,,0,我还要看，我要看大屏幕的！！！！！！！！！！！
马普尔老姐,5,2008-07-15 22:40:29,,0,经典！！！！！！！！！！！！！！！！
影之男,4,2009-10-14 12:08:01,,0,人才都走了
诸葛若见,5,2012-01-12 09:59:03,,3,完美到无懈可击的经典动画
4,3,2010-11-07 16:00:18,,0,玉帝的配音略显犀利了吧
张腾讯,5,2011-05-19 22:43:35,,0,我肯定看过
miaisdreaming,5,2011-09-16 12:18:47,,0,中国动画巅峰之作
X,5,2017-05-28 18:34:37,,2,那个时候并没有什么技术帮忙，实打实画出来，还在国际上得了很多奖项，骄傲！
伍迪伦,5,2011-02-10 23:04:47,,0,西游记终会被平反
南條艾草,5,2009-12-25 21:51:38,,2,算是动画的骄傲了吧。
发条橙,4,2019-06-01 16:40:37,,3,无法超越，也无心超越，遥看过去，一片辉煌，再看现在，只剩哀叹。借古讽今不可说，还好有原著加持，幸好是建国前的牛鬼蛇神，妖魔鬼怪，不然这题材，这内容，喂！在想什么呢～
SL_player,5,2012-11-23 20:50:50,,0,前无古人……
Reynard,5,2008-08-18 23:28:58,,0,中国人的骄傲！
蠡。,5,2019-01-06 19:56:56,,2,看过上海电影博物馆的原画稿，真的很敬佩前辈们这么认真，一丝不苟的去作画，当时一帧一帧的画真的辛苦了🙏
醒着夢遊,5,2021-06-04 20:24:05,,2,好久没有眼前一亮的感觉了太完美的电影！后悔没早点看
vivien,5,2010-07-27 19:49:25,,0,中国动画的永世经典。。万氏兄弟。。中国名著经典演绎。。
虫天子,NaN,2011-09-11 11:34:06,,1,童年最美好的回忆
Mr. Infamous,5,2017-10-04 21:57:00,,2,真的是瑰宝。放到当下看，还是那么五彩斑斓趣味盎然。太有想象力，譬如水帘洞，那水真如帘子一般！还有天庭的布置、形象的打造、配乐的点缀，都颇有国学精髓。跌宕起伏，圆了许久未曾想起的绮梦。想想那年，结局还能任这反叛者在花果山逍遥称王，如今恐怕连五百年山刑都嫌无法解气了吧？
披着人皮的鬼,4,2012-01-09 03:19:37,,2,锣鼓喧天鞭炮齐鸣红旗招展银山银海
懒狗,5,2009-09-11 11:20:38,,0,无论想象力，内容，技巧都是当年一等一的。40年后的今天，我们居然搞出了个喜羊羊……当然，还有更汗人的《海尔兄弟》
Morgan,4,2011-12-13 21:57:10,,0,国产动画片的骄傲，小时候的不灭记忆，水墨画的巅峰之战
azure,4,2007-10-02 16:09:40,,1,中国的
语然小语,5,2012-03-09 13:56:03,,0,世界动画集体向其致敬~！
薇薇在发光,5,2011-11-27 00:01:57,,0,回到那个年代，让我们为了艺术而活
泡沫艺术家,4,2012-08-25 10:02:00,,0,偷桃子的细节记忆忧新
晚晴先生夏雨庭,5,2012-02-04 17:02:56,,0,当年中国还有动画
午夜瞎想,5,2012-07-20 17:15:48,,1,这个有人没看过吗？据说在60年代日本很多漫画家到中国来取经，怎么中国越发展越没文化啦
sosovipp,5,2012-04-05 02:05:35,,0,场景很美
卡卡卡卡卡卡卡,5,2017-04-11 13:04:12,,5,经典，棒
蕉,5,2009-08-22 15:10:48,,0,无上神作
韦恩斯坦_李,5,2010-12-29 16:50:04,,0,天煞的，海报竟然错了，这么经典的动画怎么能出这种错误？
䒳,5,2013-12-02 22:53:43,,1,画面如此如醉，神级配乐，从小到大百看不厌。你算个神马东西。
晚春,5,2021-05-29 07:23:44,,5,现在只有大话西游的隐忍，哪来大闹天宫的反抗。
"●,",4,2011-03-10 21:22:04,,0,对不起，我不能打满分~
听琴思凡,5,2010-08-31 18:34:58,,0,我可能看过不下一百遍。。。
朱熠,3,2011-01-26 18:49:47,,0,画得真好，就如同经典时代的迪士尼动画，经典到无趣
德拉库拉拉,NaN,2008-07-14 20:54:16,,0,2008-7-1420:53:55
celestebook,3,2012-02-09 22:44:10,,0,小时候没东西看了只好看这个好吗。。。
flyingzorro,5,2008-03-13 22:22:25,,0,中国动画永恒的经典!!!
monica墨,NaN,2010-03-01 16:38:02,,0,最喜欢的国产动画片
时间,5,2009-03-07 10:29:08,,0,剧情薄弱，但本片近乎完美的融入了国粹，作画帧数扎实，难得的国产动画。
只爱这片土地！,5,2010-02-03 14:44:15,,0,一张张画出来的。
不跑的云云,5,2010-04-10 19:28:54,,0,幼年的最爱
Rui,5,2012-02-01 17:35:18,,0,过去的辉煌
巴巴罗莎蠢猫脸,5,2011-06-11 21:12:39,,0,瑰丽浓烈，如梦如幻。男神配音。
...,5,2011-05-27 21:17:31,,0,支持国货
Suakisz,5,2011-07-01 23:11:29,,0,童年第一部动画长片！
孙道德,5,2014-05-01 16:59:41,,0,哎呀这个动作啊好飘逸啊当时的动画动作真有中国的那种美感
阿苏,5,2007-06-16 14:25:49,,0,重版后海报很赞，电影就不用说了，连宫都爱死
Kulty,5,2010-10-15 23:04:48,,0,这才是西游记，这才是动画片，这才是中国的动画片
烟视媚行,5,2011-03-04 13:49:50,,0,中国动画史上的又一经典，桃园那段还有蟠桃会，真是看不厌。最经典弼马温形象。
金葡君,5,2017-11-11 18:30:22,,1,那么中国，那么独一无二。
Out Man,5,2008-09-05 12:57:17,,0,永远的经典
马匪,5,2012-06-21 17:24:18,,0,经典的！
Left2,5,2011-11-02 19:09:32,,0,这泼猴
一碗云吞,5,2012-11-11 18:12:58,,0,那张京剧脸谱一样的猴子脸太经典了。。。
Yaya~,4,2010-12-28 11:33:13,,0,我很想看看现在要是有人拍这电影会拍成什么样？比较期待，如果也很动画片里面一样，宫殿气势恢宏，人物性格突出、表情生动，就好了！最喜欢的还是齐天大圣斗二郎神的那段。
未卜,4,2011-07-28 19:50:58,,0,蛮经典的版本
Iker,5,2011-08-26 21:13:03,,0,==原来是小时候看过的啊~
兀,5,2012-02-04 17:28:35,,0,童年时代的回忆
锐...,5,2008-12-09 23:39:42,,0,中国动画的骄傲。
小饺卷,4,2008-11-30 13:15:49,,0,童年记忆
阿美,5,2011-09-06 19:11:53,,0,这才是美猴王呀，让张纪中吃屎去吧。
Comel,5,2011-10-11 20:44:27,,1,童年回忆
翁小样,4,2010-02-06 16:15:31,,0,IPTV外公家http://movie.douban.com/review/2980414/
[已注销],NaN,2011-09-15 17:22:37,,0,经典
Seamoon,4,2011-07-13 10:14:48,,2,看的是删减版，完整看完两次原著时，还没有上高中，之后倒是看了许多改编的小说，和相关的研究，希望下次看依然能抱着天真的心态。
语无伦次田先生,5,2007-09-27 22:40:20,,0,中国经典水墨动画。
DosEquis,5,2012-05-31 19:46:32,,0,回忆啊……
少说话多写字,5,2012-07-08 12:39:04,,0,配乐运用了中国戏曲的各种元素哦，大圣和哪吒打斗的那场戏的锣鼓点真是精彩异常！！赞！
冇有,5,2006-09-18 00:25:29,,0,颠峰之作
羽化飞仙,5,2012-07-16 11:41:16,,0,中式传统动画美学的巅峰。
小妞·♬,5,2010-02-02 16:46:36,,0,我恨不能给你6星
北冰洋的海豹,5,2009-12-25 10:06:30,,0,中国动画史上里程碑式经典佳作。至今无人可及。引人深思啊。。。PS.少白老师对它的赞美之词已到无以复加的程度。
千寻亿选,5,2010-12-28 18:57:42,,0,除了京剧的锣鼓有点吵，基本完美
HiNeNi,4,2011-11-05 19:58:41,,0,国产动画片的骄傲，小时候的不灭记忆，水墨画的巅峰之战
思鄉の風,5,2010-05-11 01:08:11,,0,神作，真的是神作，一个巅峰
正气大侠,4,2013-04-26 13:47:36,,0,数不清小时候看过多少遍
某J。624,5,2015-09-17 23:31:39,,2,才知道居然是61年的！！！！经典的动画其实非常多，可惜现在很多人都不知道了。
哆啦哆啦,4,2010-11-10 21:49:07,,0,好吧，其实我看过，不止一两次
天海太阳,4,2010-10-01 00:43:14,,0,一个剧本是明朝人写的动画片过了四十周年还要纪念一把，可见天朝的动漫发展如何
Morgan,5,2011-08-07 23:45:33,,0,65年的中国动画，艺术欣赏价值相当不错
豆邮(99+),4,2012-07-08 06:34:14,,0,牛逼的中国经典动画
猫罐头,5,2010-09-18 10:53:25,,0,看俺老孙变成一座庙
KL,5,2009-08-15 00:33:20,,0,60年代的条件下，有如此佳作。而经济发展到现在，国产动画又怎样了？~
软糖ཾ࿐,5,2012-01-19 20:29:29,,0,总觉得现在看新版大闹天宫那么的眼熟，原来小时候我真的看过。印象好深，感动依然。
Anday,5,2011-08-09 09:36:54,,0,我们也来打闹一次
M.差,5,2011-02-10 11:45:50,,0,急功近利的年代再没有人肯用心
莱尼圆,4,2010-01-14 23:10:46,,4,中国第一部彩色动画长片，有着杰出的美术风格，处处都是中国传统文化的痕迹，在造型、设景、用色等方面借鉴了古代绘画、剪纸木刻、庙宇宫殿设计、装饰绘画等元素，孙悟空经典荧幕形象横空出世，头戴软帽、身着虎皮裙、脸似仙桃，白云带着如意头和祥云纹，神采奕奕，勇猛矫健，敢把皇帝拉下马；在背景描绘上有水墨的笔法，天宫的亭台楼阁和装饰物从传统青铜器图案变化得出。戏曲化的视听风格，运用京剧的打击乐器和锣鼓点子，节奏感强。邱岳峰的配音极其传神，成为无数人心中最经典的猴王声音
草絮雨,5,2012-05-15 12:53:10,,0,中国元素的集大成
丁一,4,2013-09-26 20:09:10,,2,观影盘点期，看过补脚印
TING.,5,2011-03-05 18:03:40,,0,国产的经典~
Zola,5,2012-03-06 23:22:26,,0,大陆最好的动画。
栗圆圆,5,2013-04-18 13:34:19,,0,好想出个全集。。。。
张朋辉,5,2010-05-17 09:49:22,,0,电影博物馆看了一次影院版的，中国人有功夫翻拍翻拍这个，别闲得没事拍些个垃圾
代表月亮rock你,5,2009-08-02 02:44:02,,0,这可是我们国家动画的鼻祖啊
今朝,5,2010-12-17 21:43:59,,0,很怀念
无咎,NaN,2012-09-26 15:35:49,,0,看过的，补上
DK小眼镜儿,5,2006-01-31 23:38:37,,0,国产动画的经典
贾斯汀,5,2010-12-23 22:14:04,,0,經典啊...我還想看哪吒鬧海!!!
不朽浩克,4,2020-10-26 13:50:58,,4,此片经典之处绝不在于年代，而在于与本土文化的完美融合。构图上采用山水画为背景，营造出园林美学上的意境。配乐大都为中国戏曲，与人物京剧般的动作相契合。人物形象丰富立体，张力十足，尤其是塑造了这样一个放荡不羁法力无边活泼可爱的齐天大圣形象。唯一瑕疵在于剧情上的单薄，但是作为一出戏来看绝对是足够了的。
大海,4,2010-11-16 14:41:26,,0,这才是经典！！现在拍的都什么玩意。。。
黄海,4,2013-04-01 12:47:04,,0,现在看大闹天宫和小时候看感觉完全不一样。故事选的很好。只突出了政治，官僚主义的虚伪。没有谈孙悟空在佛教哲学里的失败。人物塑造的好。尤其是金星。再加一星给当年辛苦工作的电影工作者。
Dr. ChaLove,5,2010-06-01 07:02:45,,0,老一輩國產動畫製作人永遠值得尊敬！
冰红深蓝,5,2015-10-27 22:38:10,,3,童年经典，备忘Mark。
品客,4,2007-08-31 01:43:51,,0,NICE
鹤农,NaN,2008-01-27 03:33:33,,0,幸好从小在电影院长大~~看了很多免费的电影
鉛筆04,5,2009-03-07 04:46:12,,0,真是為國爭光的好片子啊！
静下来,4,2008-10-16 20:35:45,,0,场面大.没有哪吒来的感动
pksky,4,2011-01-17 21:34:23,,0,看的好像没那么高清喔...
BB蓓,5,2010-06-01 10:44:57,,0,好看！
图拉图拉随夫姓,5,2013-08-09 11:41:57,,0,那些画面，都是一帧一帧的画出来的。
减肥减肥减肥,4,2013-03-07 20:48:41,,0,童年记忆～～～
Cobra,5,2011-07-08 02:05:23,,0,中国动画啊，现在唯一给力的就是《秦时明月》了，大闹天宫这种经典只能是历史了。
一血小王子,1,2017-02-03 18:06:40,,9,烂烂烂，我00后，觉得非常难看。
🐳 居北望南 9¾,4,2011-08-26 14:32:54,,0,60年代动画最高水平代表，震撼了国内外，影响了手冢大神的作品。
骨鲸,5,2009-02-22 05:47:52,,0,国产动画在一个很高的起点上但一直在走下坡路
倍儿没谱小姐,5,2010-05-20 23:32:28,,0,经典到不能再经典小时候还有一个蟠桃会上的拼图没有了555!!
Evil freedom,4,2012-09-17 12:30:45,,0,童年的记忆
芥末蘸酱,5,2009-09-05 14:58:54,,1,2015.1.25@新影联华谊重看.将民族传统文化和动画结合在一起很多场打斗戏很有京剧范儿
毛球,4,2010-08-04 21:34:22,,0,某年欢度儿童节~
Easy,5,2011-03-20 21:29:25,,0,小时候一直盼望能有下一集，盼着盼着就长大了......
inffun,5,2010-07-17 14:30:01,,0,当时的国产动画片真的是好看
sirius_flower,4,2013-04-18 01:31:31,,0,从那以后就很少看到这么飘逸的画风了！！
Julia,5,2010-11-11 16:08:04,,0,心中最美好的京剧脸谱样孙悟空
馋猫麦昆,5,2013-11-04 23:38:58,,0,锣鼓喧天中重回童年。
竹傲风,4,2010-11-27 23:01:51,,0,多好的作品啊。
毛嗑,5,2011-12-18 22:51:54,,0,孙行者是自发的革命者，可惜还是被招降了
木偶,5,2015-05-27 19:31:40,,2,中国风动画第一
电车痴汉陈胖胖,5,2011-10-31 19:54:14,,0,神作！
说了我是黑无常,5,2017-01-28 20:08:32,,2,我男神一棍子把凌霄殿的牌子敲粉碎的时候都不知道自己究竟做了什么伟业，这才叫快意。
今生、唯爱,3,2013-09-13 16:44:29,,0,儿时的回忆，1961年啊，看的国产片里最早的影片
Muggle、佑。,5,2010-11-22 15:42:37,,0,儿时~
kylegun,5,2020-10-13 23:51:13,,2,虾兵蟹将挡公民，三头六臂太子党，招安软禁，官阶压人，哪有什么如来神掌，哪有什么救世主，管你神仙罗汉天兵天将，放马偷桃奔自由，砸你权贵特供宴席百姓同享，还不服就砸你全家；小时候没看明白的一些东西，如今重温修复版算看明白了
颜颜,4,2010-09-12 11:57:14,,0,这个现代的封面--一时间吓到我了
打道,5,2010-03-24 19:27:05,,0,无法超越
说不清的蓝。,4,2012-03-28 17:26:37,,0,nice。还记得年少看动画的心情。
碧落亦然,5,2008-05-28 02:39:49,,0,做的很漂亮啊！！
小J到处乱逛,4,2008-01-29 21:40:03,,0,经典
friendbeast,5,2009-04-03 01:27:30,,29,猴哥儿可可爱爱!!!
Se7en丶小七,5,2012-05-15 17:43:49,,0,越往远处飞去，你越在我心里。
atmosphere,4,2011-08-26 09:05:12,,0,经典
齊克斯尼力佐飛,NaN,2011-02-08 23:44:35,,0,还能怎么评价呢！但如果这就已经是中国动画片的巅峰了，我们以后还是看迪士尼皮克斯和日本动漫好了。
Sunman,5,2011-11-28 13:41:21,,0,中国动画人必须记住的名字：万籁鸣.
小野山猪,5,2007-05-16 13:48:22,,1,40年来动画技术岂止用突飞猛进来形容，40年来我们对电影对动画片的口味提高了何止十倍百倍，但这部40年以前的动画仍像具有神奇的魔法一样，能将我们牢牢吸引。手绘画稿近七万张，历时近两年的呕心沥血的鸿篇巨制一面世便闪现出经典的光辉。从造型设计到人物动作，从脚本到到音乐，每一个镜头拿到现在仍然足以与世界好的动画相比而毫不逊色，这个腰间束着虎皮裙，手舞金箍棒，神采奕奕，勇猛矫健的猴王成人们心目中永远的孙悟空形象。
M,4,2012-08-24 09:46:14,,0,蟠桃party好热闹～
小镇咸鱼,5,2010-06-01 02:07:36,,0,几时还能出这种水准的国货？
草木有本心,3,2007-05-22 23:25:18,,0,这个悟空的造型永远无法被取代了
英明不神武,5,2010-09-04 18:39:11,,0,用心做的就是跟最近的一些2B电影大不一样，向认真做事的老前辈们致敬。
漠,NaN,2007-02-07 17:27:04,,0,国产动画不是没牛过。真牛！！
aicbgyihai,5,2011-05-13 23:45:41,,0,这个是经典
oiseau,5,2012-09-03 06:28:34,,0,童年。
轩煜,5,2011-01-29 00:04:43,,0,将动画与中国国粹完美的结合，中国最好的动画长片
格伦夏尔,5,2007-10-02 00:55:23,,0,a
crystal,4,2011-01-08 19:29:07,,0,很好，小时候看的
无鬼斋,4,2011-03-15 15:43:00,,0,喜庆，戏曲未脱胎。孙大圣的小国寡民和玉帝的大一统。
李艳红,5,2012-01-12 12:34:40,,0,国产经典动画
珞琪桑,5,2010-04-28 17:58:09,,0,小时候生病的时候看了无数遍~还是老爸组录影带看的。
一Drizzt三,5,2009-05-28 11:01:30,,0,中国动画至今无法超越的经典，不是意义上的，是实际上的
≧▽≦蚊米,5,2011-06-25 22:08:49,,0,儿时的记忆~向以前的伟人们致敬~
拣尽寒枝,5,2011-12-23 20:09:41,,0,原著本就是一个五星级的故事，只要正常地拍出来就至少是一部合格的动画电影，而这部60年代的水准之上的作品完美的诠释了大闹天宫这个故事，更是创造了无可替代的孙悟空形象，六小龄童的表演一定深受这部电影的影响。目前中国最伟大的动画。
.,5,2011-07-03 17:00:12,,0,经典又经典
黑手道空段,5,2014-05-10 21:08:13,,0,内中风格
龙猫爸爸,5,2007-12-12 04:02:22,,0,我感动了
五条悟,5,2012-02-14 23:11:05,,0,70年代的作品，创作出21世纪的意境。可惜、可惜
但愿人长囧,5,2010-03-26 17:13:52,,0,最经典的国产动画之一，中国动画史上的丰碑，中国电影珍宝，屹立世界久经不衰！——笑
Mekena Shek,5,2011-06-20 00:22:33,,0,这个猴子是我们国产动画片的骄傲，到了今天依然得指望着它说事儿～
drunkenstain,4,2010-10-10 23:56:27,,0,小时候把碟都看烂的片。
斉月,4,2013-04-12 23:20:55,,0,京剧和动画的结合真是一个神奇的东西，也许本来就有很多相似点，里面的打斗也像机了京剧，无语个。所以那么多年的动画一直也跳不出那个圈子。里面大腹便便的各路神仙，后现代画风的小甜圈，看似讽刺的猴子们（想起笨拙的虾兵蟹将）最后的入侵恍惚间觉得有点象赛德克巴莱，这种入侵都是相似的么2013#96
毛豆咔咔,5,2013-04-23 17:12:07,,0,中国最好的动画电影，整片充满了中国画风的柔美，美的不可思议！
欺霜傲雪,4,2012-04-05 19:16:42,,0,童年记忆
windyxp,5,2007-12-16 13:08:32,,0,目前中国国内做动画的应该好好学习下这片子，然后集体去跳楼。
亦非,5,2008-06-06 11:57:18,,0,为什么过了四五十年我们反而拍不出这样的动画片了？
半疯子。,5,2011-05-11 21:49:06,,0,好像是小时候看过的。还以为自己没看呢。
兔子乖乖,5,2012-01-13 23:15:53,,0,不败经典
bornfreeyolo,5,2017-05-06 17:54:09,,2,经典之作，历久弥新！
Sherry,5,2012-04-25 10:02:55,,0,其实这种画风真的很好
Badula,5,2009-09-06 23:36:32,,0,支持少有的优秀的国产动画片~~~
自由苍穹,5,2011-09-30 17:41:44,,0,牛逼
扌丁月佥,3,2017-04-30 18:05:50,,2,很有中国特色的动画片，现在的好像越走越远了。
arisu,5,2011-07-17 23:34:04,,0,中国动画你究竟怎么了...
阿北,5,2011-05-03 22:53:59,,0,经典中经典！！！！！
塔塔,4,2010-09-30 14:56:26,,0,小时候的经典
IRIS,5,2010-04-30 18:40:34,,0,我觉得老孙抱天马和想念小猴猴带仙酒仙果下凡可有爱~\(^3^)/
davekozg,5,2013-09-04 08:55:31,,2,中国电影史上堪称伟大的作品，毫无疑问的业界良心。万籁鸣老先生千古！
文漪,5,2012-12-10 12:51:45,,0,蒋公剿匪不利啊
邹逊,4,2012-12-14 22:33:52,,0,记忆中的经典
咖啡薄荷糖,4,2012-09-10 21:58:18,,0,无须评论！
汤先生,5,2010-06-15 17:40:24,,0,当时觉得孙猴子超拽了！现在知道是邱岳峰给配的音，不拽也怪了~~~
岚小壹时光琐碎,5,2010-09-01 10:52:01,,0,真的是很经典的动画，影响了很多人，65年的动画极具中国风，即使现在看来都能惊叹画工
左左☮,5,2008-06-24 02:47:35,,0,棒
陌生的天花板,5,2007-12-27 02:30:14,,0,好老的记忆啊！！……
小黄豹,5,2010-04-08 13:18:42,,0,海报居然如此艺术性！
了了,5,2010-01-04 17:38:16,,0,太经典了之后的动画水平再没有超过这个的了可悲可叹
裸奔的香蕉,5,2010-03-08 19:52:56,,0,儿时经典!!!!!!!
薏米,5,2009-05-28 15:43:12,,0,10分
雷厉风行,5,2008-11-08 15:16:31,,0,中国最棒的动画作品~
Ni9ht_Kid,5,2011-05-28 14:16:05,,0,重新看一遍、感觉很不一样。。
那山那云那月,5,2011-07-17 21:54:54,,0,猴哥~~猴哥~~
甜椒Oli,4,2017-04-21 22:36:26,,3,好好看啊
维鸥,5,2005-12-15 14:27:38,,0,喜欢，漂亮！
红袖刀,5,2010-02-20 19:20:05,,0,中国动画片这就是巅峰经典了
The_Carrot,4,2010-12-21 13:59:15,,0,领先时代了一段时间。。。然后就被超越了＝＝
白影,5,2010-02-18 19:51:21,,3,60年代的作品比现在的国内作品还强，这让人情何以堪！
Vivie,5,2013-04-15 22:50:36,,0,五星献给那个时代，堪称60年代的鼎峰之作。童年里冬天阳光照耀下被悟空吸引的那个时代一去不复返了。Done，2013年4月15日
菲林橙,5,2008-12-20 11:26:13,,0,第一部进电影院看的电影，1周岁
junepig,4,2009-04-23 14:09:43,,0,细节上的错误就不要纠缠了，主要看画风，叙事，音乐～人物塑造啊，动作设计还是非常有趣地
月亮背后的孩子,5,2010-11-15 21:58:51,,0,现在搞动画的好好看看
z3n,5,2012-11-07 13:19:59,,0,画的真是精美
伝説の少女A,4,2008-04-16 23:25:39,,0,国产的悟空兄好~~
chrissy,5,2008-12-31 15:46:17,,0,里边的片花比较珍贵，还有铁扇公主居然！
花落花开自有时,5,2020-02-29 09:27:26,,1,对天宫官场的描绘极具现实意义。画风和配乐极富有民族特色。国漫应该沿着这条路继续发掘下去。在更多的观众群里收获更多的共鸣。
炮灰lz,5,2010-12-14 19:40:57,,0,幸好早了一年，如果晚了一年……
白兔,NaN,2009-02-25 15:41:52,,0,天啊，所向披靡的猴子
我不是柏柏人,4,2011-09-02 03:41:34,,0,唔敢确定我细个阵有无睇过晒，但肯定睇过部分
Daydreamer,5,2010-12-25 15:45:01,,0,重温童年美好回忆~
晚安好运©️,5,2022-10-30 14:06:41,江西,0,补标
闲得一塌糊涂,5,2007-02-03 13:56:57,,0,10——10分。经典
金鱼k.,5,2019-06-22 18:06:06,,2,siff20197/10跟《天书奇谈》同为修复版，但比起前者，《大闹天宫》的修复让我更喜欢——不是追求一种完全的清晰和色彩的“完美”。很喜欢以戏曲音乐推进情感和情节的叙述方式，动作设计和神态摹写也太好。对于结局的设计其实觉得蛮有趣，因为孙悟空并没有被压在五指山下，而是有一种“成功反抗权威”的英雄感。或许是值得探讨的。(其实我更喜欢被压的设置。)看的时候各种周易知识佛道知识刷刷刷地冒出来，和小时候纯粹当故事的感受真的很不一样。西游和红楼都是值得反复看，以不同角度看的。唯一不满的就是，电影院不是给某些家长寓教于乐的地方。不知道您是把孩子当弱智还是把自己当弱智？平时不做好父亲，此时变身dramaqueen。最后孩子来一句，“爸爸你能不能别说啦，我想自己看”。哈。
熊猫神菁,5,2010-05-01 15:15:01,,0,下了苦功的东西是看得到的。
pandora刀刀,5,2012-01-12 18:26:15,,0,更想念这一版了..一百分制的一千分怀念
candy,3,2008-05-18 13:10:56,,0,童年回忆
晶晶,5,2009-02-07 21:56:34,,0,孙悟空，绝对偶像
红男,5,2009-06-11 09:22:59,,0,5星，因为是超越了时代的优秀作品。
辉少,4,2009-03-18 23:44:03,,0,算是中国动画史上的名作了，当时动过的动画水平远高于小日本，可惜国内的环境太扼杀人才了!
吃盆折耳根,NaN,2010-12-26 04:00:47,,0,哪个中国孩子又没看过呢？
范比尼希,5,2010-02-15 07:33:10,,0,至今难以相信这片子是那个年代拍的
火娃,3,2013-10-14 21:25:38,,4,补遗。至少还看得下去~
Robin,4,2017-04-10 17:24:48,,3,良心巨制，真心希望现在的动画能学着点
杰诺拉泽,4,2013-12-08 22:15:41,,0,到底是1961还是1965？？？？？
Jiajiachan,4,2012-04-01 23:28:17,,0,神
忧郁的迷星,5,2011-01-31 22:43:19,,0,经典
41shoots,4,2012-08-18 09:51:26,,0,小时候家里就有的碟片，连同猪就是猪兔八哥摆在一起经常看，包括宝莲灯。而现在碟片已经变成下载，国产动画也再没有能入眼的作品，最好的年代啊你们都去了哪里。
Tyger Tyger,5,2019-05-28 00:02:02,,2,作为70一代，我们大多是在78年复映时候头一次看《大闹天宫》，当时还是上下集的114分钟版本，后来又在影院和电视上看了无数遍~我对84分钟的合并单集版并无印象，是否只出了一个40周年的纪念版光盘，还是也在影院公映过，不太清楚~至于那个3D的重新配音版，基本就是美影厂在糟蹋自己的宝贝~
leon,NaN,2012-05-26 02:51:41,,0,很久前看过
远xx,5,2010-02-20 14:36:35,,0,太美妙了
Lyanna,5,2009-04-19 10:37:22,,0,那个上天入地无所不能的孙行者啊。“我要这天再遮不住我眼！”
Giant,5,2012-01-04 18:36:07,,0,感觉肯定看过
Alex,5,2012-01-27 06:41:29,,0,40多年前经典的动画今年要翻拍真人电影，实在不抱太大的期望
尾生,5,2011-09-16 22:13:55,,0,中国也派出国属于自己的电影，绝对是世界级的，可惜文革之后再也没有了，绝唱啊
kathyy,5,2009-06-28 20:23:07,,0,30年前我们还有大闹天宫，30年后只能看蓝猫
Carl,5,2010-04-08 20:18:26,,0,无需多言
喜悦之地,5,2013-10-22 11:24:04,,0,2020：为什么我们再也没有这么美的动画了？每一帧都可以做插画，上一次被震撼到还是《海洋之歌》
Hayden Chen,5,2012-06-25 23:55:51,,0,經典怎麼都不過時
豆瓣逗你妹,3,2011-05-02 19:59:05,,0,和哪吒闹海一样，现在看来问题挺多的@2011-05-0219:59:05
果子,5,2009-09-07 22:10:15,,0,配乐太帅了~~~结局太喜欢了
Y2K-nostalgia,5,2014-01-03 16:38:47,,1,结局改为孙悟空凯旋花果山，被如来镇压的段落消失了。这一结构性空白表明，《大闹天宫》是个体造反成功的故事，而50-70年代的英雄形象如果不能与“阶级”相联，与“集体”相关，它必然是被批判的对象。
艾达与英曼,4,2010-02-20 14:31:33,,0,喜欢的就是这个闹，看孙悟空闯祸是儿时最大的乐趣
JH,5,2011-09-28 11:04:15,,0,国风阵阵。
拾间集,5,2011-01-30 17:56:12,,0,这就是国产动画~不知道能不能延续下去这种中国风。。。
襄襄小朋友,4,2008-04-13 00:28:50,,0,愿大圣在天之灵，大闹美利坚！！
观者,5,2010-01-01 18:12:01,,0,儿时的回忆！
F.L,5,2012-01-18 23:00:27,,0,话说小时候，此片并不合我胃口……今天我却特地跑到网吧花了五块钱重新看了一遍，并恨不得打上十颗星！哈哈哈
Oasis,4,2012-08-07 23:39:10,,0,齐天大圣人生第一个偶像！
箫然无痕,4,2012-06-17 22:40:23,,0,我以为新版的，还好老版的，星星多给两颗
空空,5,2011-10-01 01:45:02,,0,伴我成长。
bird,5,2012-12-01 15:50:38,,0,敬意之外还能否传承？
Terabithia,5,2010-08-31 17:50:09,,0,向大师致敬
不加盐,5,2010-08-07 21:05:32,,0,最纯正也是最好的..
pbbcc,5,2009-03-03 21:58:20,,0,骚
daydreamer,4,2011-02-01 11:12:41,,0,八岁的时候看的？
姜头,5,2012-08-12 22:47:24,,0,万籁鸣。
鬼鬼,3,2008-04-27 20:55:04,,0,还行吧。
atutu,5,2009-04-08 21:54:44,,0,瞧瞧咱国产动画还是辉煌过的
情绪精致的疯子,5,2011-08-01 22:33:36,,0,经典。。。
莱因哈德,5,2008-04-04 15:37:24,,0,登峰造极
往事如烟,5,2010-02-24 13:43:43,,0,万籁鸣。绝对永恒的经典。
Jon,5,2009-08-25 00:38:03,,0,如此的动画片，希望中国还能再有
秋刀鱼,4,2012-08-30 01:54:56,,0,1960年到1964年，历时四年时间创作完成，绘制了近7万幅画作，完全凭手工完成的宏幅巨作。缺点是下集打斗场面配音不好。
Daneestone,5,2009-09-10 20:38:38,,0,小学四年级看了一本书，讲万籁鸣导演的经历，从中了解了一种神奇的物质:硫酸纸.正是这种半透明的神纸，如同神话中的筋斗云一样，将一位最了不起的英雄，永远留在亿万少年七彩的梦中.
VincentSakda,5,2011-05-02 17:38:09,,0,5
一贫,5,2012-03-27 21:49:29,,0,就算以今天的眼光来看，依然精彩，何况这还是差不多五十年前的片子。。。只不过几乎不间断的京剧般的敲锣打鼓让耳朵好难受。。。==
偶像的演唱会,5,2012-07-31 14:08:52,,0,当初的人用心认真制作，现在只求快速炒作赚钱，扭曲了的思维。
伪文艺的猫,5,2011-11-22 00:06:19,,0,美好的童年
欣风,5,2008-03-08 21:40:58,,0,经典尤其是京剧里面来的节奏感
咸菜帮老大,5,2011-07-26 19:22:59,,0,在高铁侠横行的现在，还用得着大圣吗.......
Singin'in rain,5,2013-05-07 20:05:54,,0,中国动画的巅峰，再未能超越。完美的制作，完美的改编。有几处特别逗，尤其是玉帝那个“这，这这这这这。。。”，看完之后几天不由自主一直重复。。。
魚大人和小黑喵,4,2007-01-14 16:04:05,,0,反正老孙就是偶像
dumber,5,2010-01-26 00:44:03,,0,又一部中国动画电影的代表作！在社会主义初级阶段，物质极端不发达的阶段还能产生的优良作品，如今在社会物质极大丰富的今天却再也产生不了了，这实在是我们应该反思的。
囍弗斯,5,2012-01-24 19:52:42,,0,真的很喜欢中国哪个时期的动画片！童年的美好回忆。真的比现在的喜羊羊之类的好很多啊！
歪瑞奈斯的困困,5,2016-10-20 13:16:01,,1,好的动画是不需要看特效的！
C+,4,2012-08-24 15:45:00,,0,何时再现中国动漫辉煌。
李湘,5,2012-10-24 09:52:46,,0,小时候永久的回忆。
阿卜,5,2013-10-12 02:46:04,,1,拿到现在还是非常完美的啊！！脸谱悟空是大爱啊！！！评分低于四星都是没有审美吗！！！！！！！！！！！！！！！！！！！！
So Magic,4,2009-02-06 19:10:13,,0,60年代我们就有这样的极品，为什么现在的中国动画几乎都是垃圾
東子,5,2011-03-10 20:24:39,,0,1964至今以来最好的国产动漫，没有之一。
milan527,5,2009-02-09 11:54:40,,0,相信看过人的都会给5星的！
雪夜难行,5,2010-10-25 12:37:24,,0,非常精美
屎霸,5,2010-08-18 18:34:08,,0,怎么现在拍不出
齐烟九点,5,2008-12-02 09:40:15,,0,国产动画的扛鼎之作。幸运的我们从小就看就爱。才发现这海报太牛掰了！全靠手工历时四年绘制近7万幅画作...
Burn In Blue,5,2009-08-06 20:51:05,,0,经典的国产动画
Kevil.Diab,5,2010-11-04 21:43:49,,0,太经典了，国产动画之极致~
PSH,4,2011-04-01 12:51:05,,0,虽然不太喜欢看动画片，也不知道怎么评，但的确觉得那时候，现在，中国动画怎么就萎了呢？
NANA東,4,2012-05-14 23:03:22,,0,经典童年国产动画片之一。我们的童年呀。
D E S E,4,2013-08-11 14:56:07,,0,节奏慢cry
喵喵咪呀,NaN,2012-05-25 19:16:21,,0,很好看~很经典
天花板的光,5,2011-01-04 17:26:26,,0,和现如今粗制滥造山寨遍地的国产动画形成了鲜明的对比。
裴彬尼,5,2012-04-30 11:40:34,,0,国产动画片始祖
喻鸣,4,2013-02-05 17:54:35,,1,都快五十年了呢，致敬。
newman,5,2008-10-24 21:52:23,,0,20081024
Cynical,5,2010-04-12 13:25:01,,0,我看过最好的中国动画之一
XY白手,5,2010-08-05 21:31:20,,0,NBBBBBBBBBBBBBBBBBBBBB
melo,5,2009-02-08 09:02:52,,4,《大闹天宫》从1960年到1964年，历时四年时间创作完成，绘制了近7万幅画作，成为一部鸿篇巨制。没有现代的特技、电脑和数字技术，完全凭手工制作出来的这部动画片。50分钟的上集和70分钟的下集，仅绘制的时间就投入了近两年。
渡边,4,2011-04-25 09:17:18,,3,怎么动画就可以做的这么灵动，电视剧非要搞那么拖沓呢。
小野,5,2012-02-25 11:12:08,,0,致敬童年。
陆钓雪de飘飘,5,2022-06-16 19:33:18,,3,150626标的想看，61年的电影，可以媲美同时期苏联的大片了。做官有什么意思？我在花果山就是齐天大圣，不用他玉帝老儿来封。
鬼腳七,5,2010-05-11 20:03:14,,4,第一次看还是录像带。。。
L酱,5,2009-02-03 07:47:54,,0,悟空美！太经典啦，看了好多遍
泡面娃娃囡,5,2008-12-09 21:18:07,,0,这部做得真是相当的好啊
科普段子辽叔,5,2011-06-16 22:15:41,,0,给6星也不为过
Mnemosyne,5,2014-02-18 12:06:56,,0,这个没法说，就是赞！
Saximoer*,5,2011-05-23 05:21:06,,0,经典之作，历久弥新。
花二刀,NaN,2014-06-01 22:00:02,,1,一切都是太白金星的阴谋，录用孙悟空，提示武曲星授予微末官衔，挑起事端，继而在玉帝面前证明李天王等一干人能力不足，明显是挑拨离间。后提出招安，进一步搅乱天庭，借乱夺权。若不是如来佛祖干预，只怕天庭已经易主了。
昊月明霜,5,2012-01-10 11:09:23,,0,高分原因：1，回忆2，受众广，情节简单又经典，雅俗共赏。3，大闹天空是西游记中最精髓的段落。4，难以逾越。找不到替代品。
BenkeyChan,5,2010-12-02 12:31:38,,0,中国最好的卡通片，起码系目前为止
老狼|铁木阿童臂,5,2006-01-23 01:37:04,,0,经典中的经典！！！！
国产盘丝大仙,5,2011-10-08 02:33:26,,0,向所有的老一代动画作者致敬，这是真的一帧一帧做出来的动画。中国动画始于大闹天宫和哪吒闹海。但也止于此了吧。
★肓★,5,2009-12-04 18:14:54,,0,现在看还是很精美的国产经典！
乖沙皮,5,2010-06-22 11:26:27,,0,经典无需评论
结夏,4,2008-06-17 16:19:50,,0,我家有录像带的，哈哈哈
Soaring,5,2008-03-21 12:33:08,,0,经典啊！
杨园卡拉特拉瓦,5,2013-05-31 16:26:41,,0,画面真好
aQuabLus,5,2011-07-03 19:23:09,,0,我们自己的动画片
一天夏日,5,2011-07-31 10:20:57,,0,中国无法超越的经典
T-MAX,5,2010-03-15 21:53:40,,0,童年的回忆
团小纸,4,2020-04-21 22:15:38,,1,动画和配音都是完美的，配乐的锣鼓点我听的有点疲劳。但还是要说，国产动画起点这么高，是怎么越做越回去的？
runorun,4,2012-08-14 17:32:27,,0,古里古奇
躲猫猫,3,2010-07-27 22:24:01,,0,看过也不记得了只记得动画的笔触
影毒肥佬,4,2015-07-29 15:46:34,,0,大闹天宫经典童年
热夜之梦,5,2011-09-15 23:52:46,,0,神作国粹
老羊,5,2023-09-01 00:34:02,四川,0,这片子至少看了100遍吧。恐怕不止哦！
先进磁力棒,2,2012-03-26 10:08:45,,2,混亂...旋暈.....即使有上譯廠也無濟於事...
黑黑狼Ω,5,2011-04-29 00:12:13,,0,2004年的还没看过
柠檬小幽,5,2012-03-03 21:21:35,,0,小时候的记忆
薛以柠,3,2010-01-15 00:44:08,,0,我稍有的几个VCD之一
xinxinw,5,2008-05-23 05:52:51,,0,曾经写过文章比较大闹天宫和宝莲灯
八月四日,5,2009-03-04 13:43:28,,0,经典
VeraWong,5,2009-08-02 16:57:16,,0,童年经典
xiaohui,4,2012-02-19 12:09:00,,0,经典，有些忘记了，配乐很京剧风
火包,5,2009-12-08 21:51:53,,0,我只是觉得我们要制造更高的辉煌
向日葵d兽,3,2012-04-25 22:43:50,,0,这特么跟戏剧一样一样的啊，锣鼓喧天到片尾啊，台词说的慢的都赶上唱戏剧的啊
你们人类,5,2011-03-16 20:45:01,,0,让我想起了很多
其实,5,2010-04-14 15:20:00,,0,绝对5星
阿曼达‖微微思想一下就卡壳了。,5,2008-08-05 18:07:49,,0,怀念啊。
影瘾继,5,2012-02-07 13:05:29,,0,中国最好的动画长片！没有之一！！
maguorong,5,2014-05-10 23:55:37,,0,集中国传统文化于一身的佳作
和也,3,2008-12-19 14:32:50,,1,有电脑就会不用四年吗？
翻牙膏。,5,2011-08-05 02:27:53,,0,现在家里还有碟....皮影的味道
半醒着的猫,5,2010-11-11 12:39:51,,0,愤怒的小猴。
世界真无趣,5,2011-02-13 21:38:50,,0,中国的动画电影，你还能找出更棒的吗？
宝宝宝宝宝猴子,5,2009-08-03 23:22:04,,0,猴头～我爱你～～～
王富贵,4,2010-07-24 17:53:22,,0,也不能过于神话它
荦旯蒯庖,5,2013-10-19 20:09:43,,0,极致的动画，去到尽。
安又,NaN,2011-08-03 17:35:53,,0,早年国产动画
第七大陸,5,2017-09-24 20:50:54,,1,补记，中国动画史艺术商业完美结合作品。
vanon,5,2013-03-13 18:50:15,,0,现在的动画只要不商业就会更好
小姜,5,2012-07-15 19:30:46,,0,看了2012年的骗钱版，特来膜拜，当时65年的中国动画完全超越现在的水准啊。
⑦,4,2009-04-23 10:58:20,,0,国产动画何时才能再续当年辉煌?
CD君,5,2010-12-07 01:01:24,,0,所谓启蒙
一梦遥红尘,5,2019-08-16 20:50:52,,1,配乐沿袭自中国传统戏曲，片尾古筝很棒。动作和美术设计都无可挑剔，人物形象栩栩如生，战斗场面活泼灵动。其中仙女摘桃，与二郎神斗法等片段很好地展现了中国的传统特色。“俺在这花果山就是齐天大圣，谁要他封，不去不去”，“你们背地下手，暗箭伤人，算不得什么好汉”，孙悟空以这样一个率直单纯的形象示人，着实可爱。中国神话故事有不乏反抗者的身影，可惜的是他们在别人的故事里常常摇身一变，成为统治阶级的工具，像是一种宿命。故事以大圣大闹天宫之后，回到花果山为结局，让我很惊喜，因为孙悟空的故事我就喜欢到这为止，也算是一种安慰，我心目中齐天大圣永远是这个样子的。
子曰,5,2010-01-13 13:24:54,,0,邱岳峰
辰时二月,5,2011-05-28 13:16:27,,0,美妙啊美妙~可以称得上中国动画的顶尖作品！
张苑希,4,2016-11-11 16:37:22,,2,动画片的圣经。孙悟空这个猴子丰富了多少代人的童年啊~
摸头姐姐,5,2012-01-08 13:37:06,,0,童年啊~
U 兔,4,2009-07-10 17:33:13,,1,赞！1927？？我没看错吧！
Grey,5,2011-10-06 18:26:53,,0,中国电影史上的神来一笔。整天在网上给动画片起些莫名其妙名字的人，成年后是否又看过这些曾经让我们迷恋的影像呢？这是新出的修复版，色彩和清晰度都是目前最好的，值得收藏！请再次被那只于锣鼓点中大战天兵天将的猴子感动一次吧！
Tweecy,5,2011-11-05 13:53:01,,0,童年的回忆
#,5,2012-01-15 10:14:27,,0,京剧鼓点~鼓点
我也不想的,4,2010-05-17 18:01:39,,0,小时候
小瑾,5,2010-05-25 19:12:37,,0,童年啊。。。
竹子,5,2011-02-19 18:19:51,,0,小时候咱妈带着我去看的
吐槽儿,5,2007-11-25 18:23:15,,0,大闹天宫
张翔森,5,2021-04-01 00:08:37,,2,大闹天宫。西游记。直到现在还在翻来覆去地拍。叮叮当当的鼓点儿，像京剧。
巴斯光年,4,2011-02-10 19:33:35,,0,看这封面.还以为是千年某部国产3D的呢.还超惊讶，怎么可能到9.2
老莫家的鱼最鲜,5,2011-01-19 20:05:58,,0,中国最好的科幻电影。
飞红成阵,1,2011-10-12 21:25:49,,0,不喜欢
那头头,5,2018-05-02 12:37:56,,1,可以看无数遍的国产动画
大音希声,4,2011-12-15 14:44:41,,0,小时候的经典
wjszy,5,2013-08-15 13:00:22,,0,天朝再也不会有这样水平的动画了
驴打滚,5,2007-05-13 14:38:41,,0,堪称华丽
艾茹糖水,5,2008-03-30 11:19:28,,2,这是精美的无懈可击的，堪称完美
小鳗鱼,4,2012-02-20 14:27:19,,0,童年的回忆
斩杀,5,2015-11-09 19:33:52,,1,毫无疑问中国最好的动画，1961年。
一小片,4,2012-03-07 16:04:02,,0,小时候都看过吧。。。
一事无成孟烦了,5,2012-09-11 02:46:43,,0,赤果果啊赤裸裸
deepwhite,5,2011-01-30 13:54:53,,0,爸爸妈妈参与制作~~
偷窃自由的贼,5,2010-11-08 13:19:51,,0,经典。
七里八里,NaN,2009-11-12 14:16:40,,0,西游记中最精彩的部分
megumi,5,2014-01-14 20:15:52,,0,中国动画电影的珠穆朗玛峰
梵高的耳朵,4,2011-07-07 22:32:32,,0,小时候电影频道肯定放过，我也应该看过。
ole luk-oie,5,2009-12-12 21:17:56,,0,这版很有爱~
彩心之境,5,2019-12-01 23:01:08,,1,A。回看这部影片，画风配乐都极具中华文化特色，这几年国漫崛起，还是没有像这部故事和动画都出彩的动画电影。
星尘战场,5,2007-10-04 00:16:31,,0,力挺！！永远的经典
孑秩,5,2009-08-02 11:24:16,,0,中国的骄傲
王大可,5,2011-06-01 22:47:22,,0,文革前的东西
不愿透名布雷迪,4,2009-03-14 21:27:33,,0,我猜到了开头却没有猜中结局
撒芮那,5,2011-08-18 15:21:09,,0,最好最好的动画片。。。陪伴我成长
Konnor,4,2009-02-20 23:52:36,,0,传说中的中国动画巅峰之作。
影子,5,2009-12-05 18:59:43,,0,画风太美了
餅牙牙,5,2011-01-25 19:35:19,,0,回憶。
scherzo,5,2011-06-02 08:45:39,,0,太他妈牛逼了！！！！！！！！！！！爱死了
大象也是只猩猩,5,2011-07-24 19:19:46,,0,堪称完美的想象力。
Lillian,5,2010-09-04 09:00:55,,0,幼儿园去电影院看的。。。
马来可,4,2007-02-21 12:13:42,,0,致伟大的60年代……
饭夫斯基,5,2010-11-04 23:47:47,,1,一声叹，现在的动画没古韵
柠檬精,4,2014-01-12 06:22:48,,0,观影盘点期，看过留脚印
关山。,5,2021-04-28 15:50:42,,12,夸也不知道怎么夸，想想这是五十年前的动画，除了respect还能怎样？
荷猪,5,2007-11-10 07:40:33,,0,小时候
曼仔,5,2019-08-15 22:27:53,,1,令人惊叹，比哪吒闹海好很多，不愧是倾上美厂全厂之力做出来的动画作品。不过那个年代出来的动画片都有大量的戏曲元素，从人物外形、到打斗场面的设计与节奏、再到配乐，完全是从京剧（应该也有地方戏，配乐里感觉有小调儿）来的，很亲切，二郎神估计是花脸。孙悟空真是中国文学史上最生动、可爱、鲜活的无产阶级形象了，看着齐天大圣，简直想到“无产者失去的只有锁链”这句话。。。
Dr.Ray,4,2014-04-17 15:17:52,,0,并没有太多感觉，只是做的真是精良
兔子,5,2014-02-19 20:36:03,,0,谈论中国电影不得不说的之一
Bill,5,2007-06-18 16:50:44,,1,中国第一部彩色动画长片获奖无数中国电影的骄傲
sandyhiggins,5,2010-08-23 18:42:30,,0,我想中国以后不会再有这样的动画电影了。
离相,4,2011-08-25 13:46:59,,0,小时候看的，已经快没有印象了
H,3,2009-08-13 23:18:06,,0,经典！~
想飞的鱼儿,5,2010-08-27 01:29:36,,0,1965年
Crumbs,5,2012-09-11 21:37:08,,0,跟二郎神变各种动物那段好精彩~~
Mellr,5,2010-11-10 20:20:28,,0,怀念
ccjd,5,2012-01-15 05:26:07,,0,60年代的中国能拍出这样的片子确实让人感动，想一想那时候科技啥啥的都不如外国，资金也是根本没有，可中国人却用自己的智慧取得了各种成就。再看看今天，几个亿的投资什么的拍的都是什么大烂片，真是悲哀啊
牙刷夜猫,5,2008-05-30 16:15:29,,0,经典
Chris  一切由无聊开始,4,2007-12-22 22:34:22,,1,最近看了个数码修复版，找不到感觉了。
藍寶,5,2010-07-13 14:07:40,,0,经典到没有比这个更经典的了.
带盐味糖水,5,2011-06-30 10:37:03,,0,神奇的配乐和动作，让人很难忘记啊。那个年代有着嘲笑现在动画的资本。
清風明月,5,2013-10-30 10:19:31,,0,小時候好像是看過記不清楚了沒有覺得有多麼經典主要是看80年代西遊記長大的現在看來67年的動畫能到這個水平給5顆星不為過啊
秋晼-Emmanuel,5,2011-04-17 13:25:04,,0,这个谁都看过吧
刺儿巍,4,2009-02-09 16:19:27,,0,看着长起来的
夏❤目,4,2012-09-03 10:51:29,,0,经典。
白牙尖,NaN,2013-04-11 17:05:37,,0,这个电影的画册我都有好几本，不知和我一起看这部电影的邻居家小孩现在好不好。
PLAYTOY,5,2010-10-01 07:43:59,,0,中国最好的动画，没有之一
Constance_Chen,3,2010-03-08 20:03:24,,0,雷人
哇！斑马,5,2011-02-16 20:02:20,,0,哎~哎~日了那个怪、齐天大圣闹翻天。艹！
柠檬Air版,5,2011-04-28 13:08:16,,0,为了失去的童年，五星
寡欢,5,2009-08-11 14:08:02,,0,经典中的经典，如果国产动画能够像这样认真制作，中兴有望。
影强龙,5,2023-04-09 05:41:19,福建,0,连看“孙悟空”三部曲，大闹天宫最精彩，从孙悟空东海取金箍棒直到大闹天宫完，画面最美最为华丽大气，打斗场景也很棒；金猴降妖其次，讲得是“三打白骨精”的故事，画面虽不及大闹天宫，但角色塑造最佳，造型更为生动些；人参果垫底，剧情也最无趣，动画形象也是垫底的。ps：西瓜视频4K修复版
浮生一日,5,2009-07-30 11:35:05,,0,经典中的经典，万籁鸣中国动画第一人.很可惜后继无人
mo,5,2011-06-13 11:14:58,,0,中国动画巅峰之作，直到现在
jerry,5,2006-10-03 00:12:09,,0,刚才看了个尾巴，隔了那么多年
卯月猫,5,2012-02-11 20:55:22,,0,神作。
無音亡霊,5,2009-12-12 00:04:49,,0,小的时候还买了碟子~
- -,5,2010-03-31 22:18:18,,0,我们自己的经典
virgin,5,2016-03-19 08:51:54,,1,廿年前看得吧童年忆趣现今依然经典那段儿时不时缠绕嘴角的旋律～～大圣啊!。。
牛小饼,5,2014-02-10 12:03:16,,0,脚本配乐人物造型配音全方位的到位啊～太赞了！笑起来跟路飞好像啊～yi～heeheehee~
一文,5,2010-11-04 19:26:42,,0,哇，好古早的记忆~
bay135,5,2011-03-27 23:50:12,,2,什么时候看都好看！！！
凡凡不在家,4,2020-09-12 21:05:15,,1,去年上影节观感，上海美影厂2K修复技术不错。今年在长影节二刷，虽然觉得有些冗长，但如果从社会政治隐喻等角度，去观摩，会得到不一样的观感。
一键成梦,5,2008-03-23 12:25:19,,0,神作
秦幽轩,4,2010-09-27 19:07:30,,0,影响了不只一代人的动画片，这个孙悟空的形象深入人心啊！
owen,3,2011-03-14 09:55:27,,0,哈哈哈哈哈哈哈哈哈哈，我的童年啊。
小喆,NaN,2011-08-30 11:29:30,,0,这个国产经典怎么可能没看过呢~话说老一辈做的东西真是精细啊~令人惊喜~为什么新的动画片们就这么操蛋呢？
hotzenplotz,5,2009-04-20 23:17:48,,0,闹吧闹吧这样的团队才配翻拍经典！
脱氧核糖十三,5,2019-02-12 20:31:51,,0,变庙和四大天王两段儿现在看也好喜欢。
拾月,4,2012-01-08 00:58:11,,0,好像现在越来越走不出动画产业困境了
外卖男P老湿,3,2008-02-09 01:35:45,,0,看看~看看现在~国产动画一片颓废……
老王,5,2009-10-04 23:43:22,,0,中国动画艺术的最高成就
prost,4,2018-08-25 19:29:51,,0,更喜欢哪吒闹海
虫腰腰,5,2011-01-27 19:54:39,,0,补
啊？,4,2012-06-26 19:08:34,,0,喜羊羊赶紧来跪
人间惆怅客,NaN,2011-05-21 19:54:36,,0,中国的动画是越混越回去了。那什么3D大作，雷锋的故事，草泥马的什么坑爹玩意
Mr.lala,5,2012-01-17 19:29:56,,0,經典中的經典！已經買盤留念了！60元！在貴也收藏！
太阳。神,5,2012-02-29 15:29:35,,0,再拍一万遍经典也拯救不了中国动漫~
Paradox,4,2013-04-24 22:24:56,,1,太经典了，我还做过相关的手工。。中国动画真是在不停抛弃自身特色的基础上一步步走向毁灭阿。
neverland,5,2012-06-20 12:51:11,,0,和二郎神斗法那段相当深刻
压力山大,5,2011-01-07 12:09:46,,0,中国早期经典动画神作
加班的猫,4,2010-04-27 02:18:09,,0,除了故事以外，都喜欢
王帝心仙人,5,2011-11-11 13:50:40,,0,儿时的经典！！
猴面包树种子,4,2011-05-16 23:20:46,,0,不可逾越的巅峰啊...
ToTo,5,2006-06-18 15:47:38,,0,中华瑰宝
Foley,5,2014-04-22 15:57:41,,0,最经典。
何文田没有花,5,2010-05-11 13:13:46,,0,京戏味很浓
minox,4,2006-10-25 17:22:47,,0,40年前的大片
鼠标可以充饥,3,2011-07-18 08:52:08,,0,电视上看的
猫咪胡子爱巴尼,5,2011-03-30 16:44:50,,0,这一版叫经典！！！！！！！！！！！！！！
Grenoble,5,2011-05-19 21:04:11,,0,现在想来依然会让人感动。
顾小坏,4,2010-06-29 01:29:26,,0,中国风十足
Suri,5,2011-08-01 10:39:49,,0,小时候的我们好幸福，看得是中国的原创优质动画。阿凡提，葫芦娃，都是不朽的经典
kakakarl,5,2012-12-25 21:44:56,,3,这部电影就证明了，中国动漫是衰退了，而不是一直这么差。
jessiestone,3,2007-09-24 17:22:34,,1,07.8.18中国自己的动画片历程应该好好研究.民族风格，绘画特色等等也不提，只是这个片子可以相当醒目地使人想到政治，社会意识是怎样地影响了艺术的创作，本来，艺术是应该脱离了这些而自由的，虽然从具体上它是脱离不开这种实在的政治社会环境的，可是它应该是拥有某种游离性的，从本质上，它是自由的.本片从其本身艺术价值和其历史启示上值得观看.
喵小有为来欧欧,4,2013-05-22 17:48:04,,0,虎皮裙的美猴王调皮极了(>^ω^<)
evaaaa,4,2012-09-22 01:35:03,,0,谁来闹一个
小张,5,2015-08-01 18:16:49,,0,大闹天宫
抹茶神乐控,5,2012-01-02 14:32:57,,0,叛逆倔强的孙悟空令人敬仰。
mic,5,2010-04-10 17:28:11,,0,小时候的最爱吧
花鏡,5,2010-01-26 12:55:17,,0,屬於中國的經典。。。
Cosmos,5,2010-11-21 12:25:34,,0,玉帝长的好水呀
大大大鲨鱼,4,2011-08-26 14:30:51,,0,当时来讲算是神作
cheer,5,2011-04-07 16:07:10,,0,纯经典，无特效
叉叉小箭猪,5,2009-11-30 15:37:30,,1,巅峰
一饱百不思,5,2010-12-04 14:54:03,,0,永远拿着金箍棒的孙悟空，
Mr....M,5,2010-04-16 19:27:10,,0,天宫也是一群臭官僚...
Nomad,NaN,2020-08-08 18:20:25,,2,太白金星以当官为由想要招安孙悟空，孙悟空问他的却是“当官是什么呀？”然后他做了弼马温，说“马怎么能这样管？”把马儿都放开了大家开开心心地在天庭跑来跑去。其实在花果山小猴子们也听他的，但他没有想过什么尊卑，也没叫谁跪在他面前。流光溢彩的大闹天宫，让人眼花缭乱的七十二变都比不过这个猴子的天真，他也没说我就非要反抗，他就是不懂，可这种不懂在这个世界上太难得了。
豆瓣路人己,5,2012-02-16 15:37:21,,3,经典啊！！！
TrevorWu,5,2012-09-15 17:57:58,,0,昨天在机场接人的时候重看了一遍，好多地方找到笑点了
19431818,5,2011-06-04 00:10:41,,0,阿童木的真正原形！
momo,5,2010-11-04 19:59:52,,0,神作！
一只羊,5,2013-01-05 12:54:00,,0,带着国人的感情走向了神坛
戒,5,2008-10-02 11:45:48,,0,儿时的记忆，还是父辈儿时的记忆？
Vincent,5,2009-12-27 14:55:16,,0,配乐配音人设动作都很精致。
陇琳文,5,2008-07-22 09:43:19,,0,经典
