user_name,star,comment_time,geo_ip,vote,short
mon babe,5,2008-01-17 07:36:57,,11921,请上帝保佑那个真正爱你的人吧，你把他的心都揉碎了。
寂地,5,2006-01-03 17:44:58,,5040,"一定要看啊，我喜欢斯加丽那种几乎有点蛮横的可爱感觉.甚至可以为了达到目的不责手段，要么爱她，要么讨厌她.她在贫瘠的大地上拿着一根萝卜说(这个，好象很搞笑)""我对上帝发誓，我再也不要挨饿!""我爱上她了!"
沈书君,4,2008-10-06 09:38:02,,8439,也许每个女孩子心中都有一个艾希礼，只有经过时光才发现真爱原来是班瑞德。
影志,5,2005-08-24 07:21:29,,4258,Tomorrowisanotherday.又一句该死的经典台词。
赫克托尔,4,2008-11-13 15:07:59,,4223,整整4、5个小时啊，看到我中途昏死了过去。郝思嘉最后的那句“tomorrowisanotherday”鼓励了多少脑残志坚的女性呀！（包括我在内）
funny_vee,5,2006-11-28 17:15:22,,3852,那么早期的电影居然到现在也看不出瑕疵，太崇拜那个导演了。
小霸王,5,2012-10-27 00:20:28,,2542,看完斯嘉丽那么瘦小的身躯，却承受着那么大的压力，都能顶的住。真的感觉不到什么叫困难了，第二天去考试奇迹般的过了。。
小爱,5,2010-04-02 00:14:18,,2575,ClarkGable你真是每一个女人都会梦想得到的男人
清歌墨苒,5,2016-12-02 20:01:37,,2085,郝思佳不算是个“好女人”，但她身上有着或许很多男人都没有的韧性，仿佛什么都无法打倒她，她永远能找到支点，重新站起来，正如她一直记在心里的“tomorrowisanotherday”。
雨果,5,2016-12-02 13:00:07,,1040,斯佳丽很有个性的一个女人，瑞特巴特勒船长也让人难忘，费雯丽身上体现了那个时代女性独立自强的性格。瑞特巴特勒船长太有魅力，笑着说“那是你的事情，亲爱的”。对于斯嘉丽，巴特勒船长真的是尽力了，斯嘉丽醒悟得太晚了，“tomorrowisanotherday”是最真实的谎言。
沉歌,4,2008-03-03 11:20:49,,2478,至今记得亚特兰大的战火中她奔走的背影，裙裾摆动。她的野性和骄傲，坚强与倔强，不甘弱示或屈服，瑞德与她是相似的。如果瑞德爱上的不是郝思嘉，一定不会掉进那个自掘的陷阱里。对于郝思嘉佩服之极，对于瑞德，感动了，且唏嘘而惋惜。
同志亦凡人中文站,5,2018-05-13 15:44:44,,980,乱世只是背景，更多是跌宕起伏的女性画卷。费雯丽塑造了大银幕上绝无仅有的佳人形象：斯嘉丽任性而深情、虚荣而善良、软弱而坚强，爱得情天恨海而又愚蠢天真......在电影院如痴如醉的坐了4个小时~~~
艾小柯,5,2006-06-16 03:16:04,,1594,永远的经典，永不被打倒的勇气。
小鹿斑比,5,2008-06-10 21:54:30,,1259,将近４个钟头却还是让人意犹未尽．淋漓尽致了～
小海,NaN,2012-05-20 18:54:21,,851,这部电影的北美票房计入通货膨胀影响之后的数据是十六亿美元，今天北美电影过四亿都惊天地泣鬼神了，跟爷爷辈比起来还是tooyoung啊……
胖胖小君君,5,2017-02-10 15:56:53,,946,费雯丽在这部电影里真的是美爆了，绝对的美艳感。看完感觉斯嘉丽漂泊的一生里没有真正的爱上过别人，她最爱的是自己吧，最终也只能依靠自己。
非鬰,5,2017-04-28 18:06:29,,673,没有斯嘉丽办不成的事，所以瑞德还是会回来的吧
眠去,5,2007-02-25 13:23:18,,602,我不说。什么都不说。
冰红深蓝,5,2015-03-17 14:20:36,,307,少有的名著改编极为成功的电影之一，尽管战争情节删减不少，依然瑕不掩瑜。本片是第一部获得奥斯卡的彩色片，画面真的好棒！费雯丽演技太神了，配乐很好听~原先担心太长会犯困，没想到一下子就入戏了，又被赚了眼泪......斯嘉丽、白瑞德、梅兰妮、艾希礼，这四个角色设定很现实，引人深思。（9.5/10）|20230610大光明重温4K修复版，观感依旧极好。摘录几个印象深刻之处：费雯丽的至美面庞与漂亮侧颜；多次出现的人物剪影与红霞；形象复杂立体多面的斯嘉丽，从娇生惯养到自立自强、坚韧不拔，又因战争洗礼创伤经历而变得一切向钱看，感情上敢爱敢恨但常分不清幻象与真实；展现无数伤员突出之多的左移上升后拉长镜头；拼接的损毁庄园二层楼镜头；对土地（庄园）态度的变化（从不在乎到最珍视一定要守住）。
kingfish,5,2006-03-22 12:54:10,,416,永远的银幕经典.再说了，乱世佳人是我最爱看的书.
朝暮雪,4,2017-03-15 02:49:32,,1478,原来80年前斯嘉丽就当了黑寡妇。
豆瓣酱,4,2018-11-11 00:06:44,,683,电影非常出色，但我非常讨厌斯嘉丽这个角色，这是一个彻头彻尾的渣女，永远以自我为中心，把自己的幸福和所谓“独立”建立在欺骗及他人的痛苦之上。瑞德的许多言行虽然不太正人君子，但本质上还是善良的，相比之下斯嘉丽的自私则是深入骨髓的，简直不可救药，实在没法理解这样一个角色怎么能把一大帮观众给迷得不要不要的。瑞德甩掉斯嘉丽的一幕真是大快人心。
游牧人·芳汀,4,2010-10-24 01:38:35,,367,斯嘉丽和白瑞德真是最经典的荧幕形象，很少见哪部电影能以如此大的气魄和史诗气魄来塑造一个女性的一生而且还是一个富有魅力的“坏”女人。
Obtson,4,2013-02-09 16:55:22,,268,Tomorrowisanotherday，这是我听过的最逼真的谎言。
逍遥兽,5,2007-07-13 09:12:16,,327,每年都会拿出一天来重温的电影。2021.06.20——我只知道我爱着你。——那是你的不幸。
曾于里,5,2013-04-12 20:52:24,,305,重看，倒难得看到一部电影的女主角形象并非完全正面的。郝思嘉确实像猩红色，刚烈、顽强、忠于自己、充满生命力，但是她同样相当自私、精明，有时甚至是狠毒
斑斑点点,5,2017-02-18 16:16:26,,379,白瑞德曾一度是我的梦中情人，在那个朦胧到不懂得恋爱的年纪。
木卫二,5,2015-06-15 00:50:25,,259,一把红土一把泪
UrthónaD'Mors,5,2007-08-25 15:25:06,,182,喜欢的很看到費為例吃著乾癟的胡蘿蔔，發誓的時候我決堤了，以後每當看到那裡的時候都會哭
👹天神的审判,5,2018-03-29 11:18:50,,231,乱世造英雄，乱世还造女强人！郝思嘉原来是一个整天只知道打扮参加宴会的娇滴滴的富家小姐，经历过磨难后成长为了一个自己驾马车自己经商的女强人特佩服女主的坚强和勇气。她和瑞德是绝配，两个人都不是什么好人很多行为被人不耻，但是他们两个都是善良的人，郝思嘉其实最后爱上瑞德了只是醒悟的太晚了
九尾黑猫,2,2009-10-01 18:13:52,,658,战争部分好无聊。。我觉得斯佳丽这个女人脑子有问题。。。费雯丽和盖博的对手戏，只有吵架的部分好看。他们还是比较适合掐架，含情脉脉的场景很别扭
[未注销],3,2020-03-05 01:34:39,,51,❶早年片商把自家厂牌印在实物上出场，很有趣；❷黑寡妇·斯佳丽；❸太“南”了；❹《霸道船长爱上我》；❺麦勒妮贴了乳贴，不必逐帧回看；❻女人灵肉分离——三夫；❼巴特勒转身离开，贝尔湿润的眼眶是爱。比斯佳丽更美，与巴特勒更配；❽有事巴特勒，无事艾舍利；❾巴特勒：表面dirty，实际得体／斯佳丽：表面得体；实际dirty（不过，少女时期的古灵精怪、妇女时期的尖酸刻薄，表演到位）。
米粒,4,2010-03-26 11:35:53,,144,只能说我真的不是很喜欢斯嘉丽……==；但故事不错，作为一个70年前的片子它已经足够好
撒旦的表妹,5,2009-08-12 15:13:28,,223,中学看的，当时只记得电影特别长，一直看到太阳落山。看完之后整个人难过了很久，不成熟的时候接受不了不完美的结局。
白露悠悠,4,2018-05-09 20:03:59,,175,土地是世界上唯一值得你去为之工作，为之战斗，为之牺牲的东西，因为它是唯一永恒的东西。
亵渎电影,5,2019-11-09 23:31:12,,127,今年刚好是【乱世佳人】八十周年，没想到在中国电影资料重看了4K修复版，完美了！这部电影实在是太了不起了，即使是拿到现在，也没有多少电影敢这么塑造女性角色，斯嘉丽实在是太迷人了，越往后这个角色身上越散发着人性的光芒。
小耳朵图吗,5,2006-08-21 21:28:40,,289,记得费文丽那么漂亮
Toughcookie,5,2009-04-19 00:05:57,,258,至今为止，我仍然认为这是世界上最好看的电影。
Leon Winters W,5,2015-09-28 15:52:15,,128,经典！！！费丽文为什么这么可爱？《乱世佳人》和《飘》。我比较喜欢后者，正如电影开始时打出了一行字幕：Acivilizationhasgonewiththewind.一个文明是随风而飘的，最终是要飘散的；一个人的命运是随风而飘的，最终也会飘散
安蓝·怪伯爵𓆝𓆟𓆜,5,2017-04-15 19:32:36,,143,最大的感触是，终于明白转身离开看似绝情其实是杀敌一千自损八百的迫不得已啊…@三里屯美嘉
哪吒男,5,2020-02-06 00:27:54,,91,莎翁看完直摇头，琼瑶看完要磕头，是大开大合的历史画卷，也是婆婆妈妈的狗血剧。痴心求爱的人到底可以多勇敢，电影点燃了当代人想象爱情的火焰，把人类社会曾追逐过的其他信仰照得暗淡无关。
哈哈哈啊啊啊,5,2018-05-13 19:51:31,,131,如果我是白瑞德，我一定会原谅这个美丽，倔强，任性，坚强又有点口是心非的女人，不管她伤了我多深，就是这么没原则。感觉我更容易被女主吸引，费雯丽💋。
巴喆,4,2013-10-18 07:20:13,,125,白瑞德你是真的伟大，圣人啊！8.5
青山绿水,5,2018-02-26 14:08:09,,147,经典值得你一遍遍重温，费雯丽和克拉克.盖博，两人的气质，长相，表情，言谈举止就是我心目的人物形象，一本厚实的名著成功改编成经典电影，乱世佳人的导演，编剧，制片人功不可没。
石头星,5,2017-02-28 21:47:24,,140,电影怎么也不如原著，但在已是极致了，费雯丽的斯佳丽是从书中走出来的。
糖罐子.,5,2018-06-29 14:33:28,,68,她爱上了虚无的影子，为爱受伤，为生活坚强，直到伤透了深爱她的人的心，才参透热望的虚妄;她犯过一个天真的少女能犯的所有错误，然后孑然一身重新堆砌生活的颓垣败瓦。更爱「飘」的译名，毕竟“GonewiththeWind”。
小森林,5,2016-12-28 14:19:08,,98,最爱的电影，没有之一，每年都会看一遍，因为飘是我最爱的小说。费雯丽就是为斯嘉丽而生，猫一样狡黠的眼睛太美了，最爱战争时期守护塔拉的斯嘉丽，独立坚强又美丽，站在黄昏塔拉的土地上哭过后对着上天发誓永不饥饿那一幕我永远忘不了。白瑞德霸道总裁始祖，对斯嘉丽爱得深沉，可惜…哎结局虐得肝疼
godzilla,5,2018-05-10 06:46:30,,55,乱世佳人是一部历经岁月的璀璨故事。内战后，美国的贵族时代让位给了民主和自由。费雯丽扮演一个热爱梦想的角色，她经历了战争、饥饿、贫穷，我们看到了她的成长与蜕变。
成知默,5,2015-06-14 16:54:18,,44,#SIFF重看#古老的南方，永恒的土地，最后的骑士与佳丽。大荧幕上的费雯丽真是美得惊心动魄，而这个时代大背景之下的爱情故事，不过是“你把自己的幸福拱手相让，去追求一些根本不会让你幸福的东西”，我们总是爱上自己的幻想，而与真正的幸福擦肩。
桂镜子,5,2020-09-22 22:39:13,,70,一直希望斯佳丽和梅兰妮白头偕老相伴一生，最后只能是我的眼泪掉下来。
Holden🌈,5,2021-05-25 04:47:34,,50,四小时结束，离场音乐停止，我还处在为斯嘉丽“Tomorrowisanotherday”而受到的震撼中，久久失语。绝美晚霞里的剪影和午后树木间撒下的细碎阳光让人很难不相信斯嘉丽与Tara间的羁绊，当她抓起一把红土时，我的掌心里仿佛也能感受到泥团的软糯质地。《乱世佳人》里有着影史上最丰满细腻的女性群像（而《飘》可能和《红楼梦》不分伯仲），两位女主各异的性格却都如此真实而有魅力（果然只有女性作家才能展现女性最强大的力量）。感情线同样令人唏嘘，因为每个被爱的人都把爱她的人的心揉得粉碎。btw世界上真的还会有比瑞德更好的男人吗？？？
左胸上的吸盘,2,2008-07-24 22:02:10,,94,这部电影充斥着发臭的中产阶级虚伪做派
火娃,4,2018-07-14 21:21:36,,62,8/10。美版红楼梦。开头斯嘉丽坐在家门口与俩兄弟聊天，厌倦战争话题，庄园野宴上人们狂妄吹嘘战争与瑞德所浇的冷水，以此表现种植园的傲慢铺垫南部战败；和平时期绿色绸裙暗示斯嘉丽性格率真虚荣，战争时期募捐会上的丧服是青春的叹息，双脚在丧服底下忍不住跳动，小寡妇心急地踏入舞池不畏闲言碎语；到火车站请医的长镜头俯拍：地上整齐排列的伤兵伸出手，教堂病院炸飞的神像下自顾着念经文的牧师，从视觉上深刻领略战争的残酷，手枪和入室偷窃的北方逃兵精准刻画了社会的动荡；战后时期的斯嘉丽脱变为欲望女神，挺着大肚子去木材厂、雇佣犯人榨取剩余价值，展现新资产阶级在毁灭的南部应运而生，结尾彷如斯嘉丽那场噩梦：雾中苦苦追寻骑马离去的瑞德未果，趴在家中台阶哭完抬起头，坚强的侧影站在盘根错节的大树下，画外父声强调庄园土壤是力量之源。
不贰🙈🌈,5,2017-02-13 17:37:08,,69,"""人的出场顺序很重要，一个陪你喝醉的人注定没有办法送你回家。"""
热心网友方先生,5,2017-02-06 02:50:29,,51,熬夜看完的，影片时间确实不短，但时候总感觉内容还是不够细致。但是能做到这种程度也确实不容易了。故事够曲折，从他（她）们相见到分离，中间也穿插了很多故事。最让我印象深刻的是里面那个黑人保姆，真是在用心照顾他们全家人。爱一个人就深爱，千万不要脚踩两只船。女主人公确实够勇敢，这点我承认
陈哈,4,2019-03-07 22:30:31,,52,4小时，居然...看完了。女主，虚荣，刁蛮，心机，强悍，坚强。按照现代人的评判标准，妥妥的渣女，但这么多年来，更多的人是在影片中感受她的坚强，打不倒的一面。
欢乐分裂,4,2015-06-13 18:22:12,,26,#重看#SIFF@影城；Oldsouth，oldland.对土地深沉的感情超越任何爱情，是“明天又是新的一天”之精神源泉，猫眼斯佳丽，邪魅白瑞德，属于南方传奇的倾城之恋；选择和自己相似还是相反的人，似乎无论哪个选择都不会幸福；4K色彩美轮美奂。
刷鞋大王,3,2020-06-12 01:11:41,,28,绿茶婊上位的奋斗史～看到一半大跌眼镜，名著果然不按套路出牌，经历了战争和贫穷的洗礼后，女主变得更婊、更冷血、也更丧心病狂了。所谓的自强和韧性，不过是中产阶级精致的利己主义罢了。啊好讨厌这个把马儿累坏又活活鞭打而死的坏女人！！！你才是个该死的畜生！！结尾真是大快人心，“你受的罪都是你自找的，如果有天理的话你应该受更多罪”为India这句话怒点一百个赞！
shininglove,4,2017-04-18 23:44:07,,20,这辈子不会主动打开电脑看掉，索性在电影节四小时禅定。
朝阳区陆依萍,5,2017-04-22 11:15:52,,48,宇宙间最伟大最杰出，也是最好看的电影....
程晴之,5,2018-02-07 23:03:44,,37,看了三遍了吧，每一次都有不一样的感受，唯信仰不灭！明天又是新的一天！珍惜每一天！
偏要勉强,5,2018-05-09 21:11:24,,39,绝对经典，爱情史诗。Tomorrowisanotherday.费雯丽好美。
铃铛,5,2018-05-09 15:00:17,,88,失去某人，最糟糕的莫过于，他近在身旁，却犹如远在天边。
晚不安,5,2017-04-26 11:35:08,,20,世界电影史的无上珍宝，修复版的色彩饱和度相当之高。无论从工业标准还是艺术质量来看都堪称典范，展示一部完美电影的全部要素。全长四个小时没有一分钟废戏，足以说明电影不是与时俱进的艺术。鲜活地表现美国南北战争前后的历史，呈现出一种宏大而规整的好看，又完全跳脱出后世战争史诗爱情电影的套路
猛汉世雄,5,2008-01-18 18:03:56,,50,好了我承认当年我很迷恋克拉克
竹叶卷心,5,2016-09-04 23:26:52,,70,斯嘉丽的爱情，来得时候不对，失去的猝不及防。经典之作。
Ridden,NaN,2007-11-17 15:00:24,,47,我看的是中文的。郁闷！
、佚,5,2018-03-25 21:11:01,,41,当一切都随风飘逝，生活仍将继续，所以你，还得继续坚强。
梦里诗书,5,2014-12-22 22:58:46,,21,电影近4个小时的长度，却未有给人一丝的庸长，这是好莱坞电影早期的巅峰作品，以时代契合爱情拍摄的电影手法，不仅完美的呈现了那个时代更塑造了最为真挚爱的形态。《乱世佳人》在今日无疑已成为电影史上一部流芳传世的瑰宝，数十载的经久不衰，因为经典，所以经典！
大头绿豆,3,2020-07-30 09:19:17,,14,对原著肤浅的解读与生硬的演绎。是的，我是一个只看电影本身质素无视拍摄年代的么得感情的严格的观众。
醉里挑灯看花,5,2018-05-13 21:28:47,,39,成功的的商业电影，喜欢玫兰妮，天使一般。
甜椒Oli,4,2017-03-26 10:26:48,,82,我在迷雾中寻找什么可谁也找不到
vivi,NaN,2018-04-30 23:17:25,,9,我也终于看了这个了。。。可是亲爱的，说实话，我一点也不在乎。
翠蝶🌸羽生✨💫,4,2018-05-29 22:21:24,,41,一开始，斯嘉丽是不讨人喜欢的，因为她自私她拜金，为了自己的利益可以和不喜欢的人结婚还抢妹妹的未婚夫。但是随着剧情的发展你会发现她是一个坚强的女人，只是结局不太好。
Ocap,4,2015-08-25 01:14:16,,21,原著啃一半，没抵住直观解决有生必看戏的诱惑。塑造出蛮横、心机又可爱的个性女主必是通篇俗气里最不俗的方面，试想她是梅兰这种逆来顺受的“完美”女性，那该多无趣。纯痴情、孩子气等特点，一直是有挡箭之用、却非挡箭牌的真实。整体非我菜，但这么长、这么沉，足够难以忘怀。
连城易脆,5,2020-02-15 20:30:24,,15,郝思嘉对于自己庄园泰拉的爱以及电影的经典台词【土地是世界上唯一值得你去为之工作，为之战斗，为之牺牲的东西】居然让我产生了这样一个奇怪的联想：我为什么眼里常含泪水，因为我对这片土地爱得深沉。啊哈哈哈。莫名觉得《乱世佳人》是《魂断蓝桥》的升级顶配版，可能还是因为都是费雯丽主演吧，都是战争年代与爱人的沉浮颠沛，都是为了生活下去不得不委身于并不喜欢的男人，最后也都是悲剧结尾。只是玛格丽特的这部小说简直就是皇皇巨著，于是在彩色电影刚刚诞生的1939年就拍了长达4个小时的电影，就像是一幅长轴画卷一般将【黑寡妇】郝思嘉长达几十年的【克夫】生涯表现得淋漓尽致。另，白瑞德嘴上说喜欢郝思嘉，行为上却欣赏梅兰妮，当初因为郝思嘉的张扬个性而追求，最后却因为同样的理由而责怪离开，确实有问题，这个理由完全说服了我。
唐僧肉,2,2017-10-25 20:41:11,,56,又是一部超长电影，分了4次，终于把乱世佳人，所谓的美国经典电影看完了，本来以为是什么爱情片，看到一半才发现是非主流，简直是浪费我的时间，我居然花了将近4个小时看一个极度贪婪无耻女人的三次婚姻故事，而且每个丈夫都不是她所喜欢的人，完全可以把灵与肉相分离的女人，真的太可怕
遇见彩虹🌈,5,2018-05-07 10:55:25,,24,经典名著改编。费雯丽所扮演的郝思佳美艳动人，表演也发挥的淋漓尽致。
橘猫爱吃鱼,5,2018-02-02 10:49:30,,17,费雯丽凭借多年舞台演出经验，使得大荧幕上的她演技炉火纯青，无可挑剔，一举拿下奥斯卡最佳女主角，电影也并获奥斯卡7项大奖。
方枪枪,4,2015-08-13 16:45:09,,22,四星半！美国内战爱情史诗！所有的人物都性格鲜明而饱有特色，尤其斯嘉丽更是完整的包含了女性身上几乎所有的有点和缺点，比如专一、人性坚强，比如任性和孩子气。而关于爱情中，爱我的和我爱的人，以及“常常让我爱的人受伤”等感情问题，也是到了一定的程度。
陈dler,4,2017-08-12 05:09:52,,28,被海报骗了，乱世多于佳人。被开头骗了，悲伤远远超出想象。被奴隶制度骗了，感觉电影中的白人对黑人挺好的。车站尸野逐渐放大的镜头很震撼，叙事上看出表达但也没多高级。更长的时间带来了更投入的观影感受。【英国飞加拿大】
世界尽头,4,2018-05-10 06:30:21,,77,所有随风而逝的都属于明天，所有历经风雨留下来的才是面向未来的。费雯丽把这个勇敢坚强又极富个性的斯嘉丽演的非常好。
赱馬觀♣,5,2010-12-31 08:30:09,,13,重振家业，辛苦劳作，没日没夜。父亲劝女儿要对下人，特别是黑人温和一点。斯嘉丽回说，“可我也没让他们去做我自己不做的事啊！”……其实吧，以身作则这种事是分状况的。战场上身先士卒，属下必然跟进，因为子弹不长眼，管你将军还是士兵，谁冲在前面，谁挂掉的概率更高！可辛苦耕作的那块土地是属于郝家的而不是仆人们的。马云和斯嘉丽指出了主观能动奋斗精神，却没考虑个体上的能力差异，更回避了利益根源上的本质不同。
春风不解意,5,2018-05-09 08:37:56,,26,Tomorrowisanotherday.费雯丽就是斯嘉丽。
弗洛义德,5,2020-06-10 17:53:24,,28,一定要在文化大革命中活下来呀！
阿依达,5,2006-05-04 10:56:24,,13,分手一个月了，重新看这部电影。原来我一直想要做斯佳丽和梅兰妮的合体，有魅力又善良。而我确实一直一次又一次地伤他，体现自己的不在乎、不满意，最后在他离我而去的时候，才发觉自己其实那么喜欢他。8年前看的时候，怎么没有意识到此后这样的机缘呢？
焚紙樓,4,2019-04-13 23:14:12,,4,原作小說本想訂名《不在我們的星球》，最後妥協命名為《飄》；就我而言，前者倒挺適合挪來作為這部遠勝原作的空想史詩的片名。最精采的改編莫過於對話，尤以那些永遠不帶一字「No」卻能循序漸進的調情話術，值得一學習再學習。
爱情海,4,2017-03-27 20:59:28,,20,我喜欢这种有个性、韧性、自强的女人。
言且身,3,2020-09-02 23:37:01,,22,电影太狗血了，也许在100年前看会认为这是超前的，因为“明天总是新的一天。”然而放在今天看来，它受时代所局限的性别和种族意识都不得不让人叹息。我没有读过原著，仅针对这版电影，经典的强吻段落和婚内强奸（和奸？）段落看的人拳头硬了。
风间隼,4,2017-04-23 22:37:33,,7,对天煞孤星心机婊和霸道总裁的故事没兴趣，虽然呈现出了某种美国精神，以及老南方3K党传统。亚特兰大伤兵和大火的场面较有电影感。影棚里的夕阳场面大概影响到了《白发魔女传》吧。
九磅六便士,5,2023-06-15 22:57:03,上海,12,上影节第一部。经典并不相见恨晚。斯佳丽有着显而易见的缺点，她世俗功利虚伪，但她同时坚定勇敢真实。她永远是做她自己，毫不在乎别人的看法。她被爱情蒙蔽了那么多年，当她意识到真正爱着的人是瑞德却紧接着被抛弃后，她想着的是明天再去想怎么追回他，再想下去她会发疯。现在她要搞清楚：究竟什么才有意义？这是她个人的觉醒时刻。
掉线,4,2013-09-02 18:15:09,,171,【B+】费雯丽演技令人惊艳，前半段电影近乎完美，那个年代就能有如此的场面调度真是了不起，可是后半部分怎么变流水账了。。。。半部神作。。。
韩楚风,3,2023-01-21 00:09:01,江苏,12,片子因为年代的原因被封神，但是却缺乏永恒的魅力。“永恒”指的是常看常新，但显然，在经历了张爱玲和琼瑶之后，《乱世佳人》也只能是狗血的大杂烩。“乱世”实际上只体现在南北战争的战场外，电影的后半场，“世界”就退场了。本以为是斯嘉丽的成长史，但实际上就是天煞孤星+超级好运。电影里过分美化美国南方人的富裕生活，包括斯嘉丽的如同宫殿一般的房子，以及所有人精致的华服和光鲜的精神状态。让人感受到南北战争前后美国的富庶。本片唯一称道的是对阴影的运用，确实大胆。
多看电影爱电影,4,2017-03-18 11:54:42,,10,虽然是部老电影，但是经典就是经典。
kylegun,5,2017-08-14 00:41:31,,9,抛下爱人追寻一个必败的时代运命，无法弥合彼此口是心非的沉痛伤害。Frankly，mydear，Idon'tgiveadamn.火艳夕阳下，Tomorrowisanotherday.万恶旧社会的浪漫史诗
东篱,5,2018-05-10 09:20:04,,48,不像其他30年代的女主人公，斯嘉丽不屈不挠，她永远不会沦落为从属角色，最后，塔拉和屏幕都是她的。
汪金卫,5,2015-01-02 13:10:52,,9,【2015年第一部电影】75年前的大制作彩色电影。题材、拍摄规模还是4小时的片长都配得上“史诗”。尤其摄影音乐让人难忘。剧情让我想起《巴里·林登》。只是表演略微浮夸。费雯丽和克拉克盖博早已作古，而片中死去的奥利维娅德哈维兰却依旧活着。四星半//20170812资料馆，再看大银幕，片尾很感动。五星
曜晶75,4,2017-03-24 10:21:37,,7,费雯丽就是为斯嘉丽而生的，野性又充满魅力，盖博为角色增加了无穷的魅力，是一部传世之作。
见竹只为遇见,4,2017-05-09 11:43:57,,10,经典就是经典，经得起回味。费雯.丽塑造的斯嘉丽，从某方面来说，不算是个“好女人”，但她身上有着很多人都没有的韧性，坚韧而耀眼，这使之成为电影史上令人难忘的美人之一
昵称被占不开心,4,2017-02-14 09:02:07,,10,tomorrowisanotherday
