user_name,star,comment_time,geo_ip,vote,short
原来是西门大嫂,4,2010-12-07 00:50:18,,4359,承认爆米花式的好看不行么？别分析政治隐喻了不如去分析下百年孤独更给力。这次是冯小刚式的姜文，不是国产大师不是救世主，他是凡客。。。
弗朗索瓦张。,5,2010-12-17 02:04:49,,7496,说姜文用力过猛的那只能说明您受功不够受用不起！
朝暮雪,5,2012-08-13 11:03:47,,7404,要是姜文拍完这部电影就宣布退休，他会被封神。
花继续开,5,2020-10-14 02:51:39,,7461,“有人问中国最伟大的人是谁？人民说是他，他说是人民。正确答案是人民，但他若不曾出现，是不会有这个答案的。”
大奇特(Grinch),4,2010-12-16 03:19:43,,2857,开篇大四喜，尾声单钓将；麻筒子连七对，汤混子全不靠，四万字无番和；大三元影帝，清一色男配，花牌周韵，自摸姜文。
顾盼,5,2018-02-08 17:53:21,,3863,姜文说，我想站着把钱挣了。他做到了。结尾处的那句没有你，对我很重要。怎么解读都不为过。
猪头小队长,3,2010-12-05 01:10:40,,1626,仍然有浪漫的想象、癫狂的审美、极致的表演，然而姜文这次说，他要让所有人都看懂，于是他不放过对任何细枝末节的解释。当彪悍的人生开始解释，所以，情怀没了，诗意没了，理所当然。难道所有导演的审美都要假装去迎合观众而连带着水准一起拉低？好吧，那市场胜利了，这下子都能看懂，都能笑了。
Touma,5,2010-12-16 17:15:11,,3566,拍个虎虎生风，拍个一日千里，拍个恍若隔世！
于少,5,2010-11-27 00:54:12,,3099,牛着逼！
琦殿,5,2010-12-17 20:46:01,,2473,行了，装逼一次，继段奕宏，姜文再一次满足了我对男人所有的幻想。操，嫉妒周韵。
shawnj,4,2010-12-16 14:41:24,,641,并不是所说的那么出色，被过誉了。横向比很棒，纵向比是姜文几部作品中最差的
Bravenough,5,2022-03-19 19:06:05,,1540,谁赢他们帮谁，但是他们不明白，他们帮谁，谁就赢。人类不感谢罗辑，同样的，人民也不感激牧之。
溴化雞,5,2021-03-15 11:07:35,,1501,20210315改五星，当年是真的没看懂，很隐晦，现在回看越来越觉得我不适合生活在现在这社会上了。哦对，为什么回看？因为发现现在很多社会事件拿里面的对白都可以解释。。。。
醉里挑灯看花,5,2018-03-06 08:34:08,,1003,姜文这种黑色幽默式搞笑时不时会出现在他的作品中，这部尤甚。
欣欣向荣,4,2018-02-20 10:28:27,,712,这个电影很好玩，重复看会发现很多隐藏线索，麻将面具也很有意思，最后还有惊喜，挺好看的
妖灵妖,5,2010-12-16 15:38:15,,512,国泰电影院早场「让子弹飞」全场爆笑四十多次，片尾观众自发鼓掌，这是姜文私版的「革命往事」，大家都让他站着把钱挣了吧，虽然影片有一些明显的问题
柏元,5,2022-07-15 01:19:16,,301,影片反映了三个年代，1、影片背景的年代，2、影片拍摄的年代，3、以后的每个年代
桃桃林林,3,2010-12-16 14:30:45,,642,姜文玩出来的电影，从头到尾都很放松，或者是太放松了，节奏总有点怪，有些情节也太儿戏。对白也不好，细节不如《鬼子来了》那么智慧，即便如此，这仍然是今年华语片最棒的。或者只能怪剩下那些太面货。请千万一定尽量降低期待。重看一遍，感觉这片舞台味真重啊。
留白,5,2020-12-12 23:14:13,,268,一直都觉得《让子弹飞》是我懂事以来国内拍的最好的电影之一了。不想理解也能让你看的过瘾，想思考也有足够的东西去思考，这才是真正的电影。
Q。,4,2010-12-16 16:01:38,,389,“走路不要太快，会扯着蛋。”这是一部溢满荷尔蒙的火药桶，这是一部会带来核动力反应的影片，震撼所有人，并且持续许久。130分钟的影片满是高潮，全场观众从头沸腾到结尾，不断的笑声、不断的掌声。无论哪个演员都表现的十分出彩，台词幽默精致，结构紧凑、首尾呼应，唯独缺少一丝控制。★★★★☆
Meow_Su,2,2010-12-08 13:48:45,,515,根本不够格叫电影，就是一长篇相声。啥人物啊啥情感啊，啥都没。不过还可乐点。
冰红深蓝,3,2016-01-15 16:37:38,,427,"男性色彩过于浓烈，女性全沦为扁平的符号。多处段落过于刻意，不加节制。舞台化气息太重，电影化手法较弱。所谓政治隐喻也欠缺力度。姜文由于[鬼子来了]输给[黑暗中的舞者]就对冯提尔怀恨在心，03戛纳利用评委身份公报私仇抵制[狗镇]，斥其为""哗众取宠""，结果自己后来拍的片质量比之差远了。（6.5/10）"
接十分钟的吻,4,2018-01-24 18:08:53,,284,三四年前看的，只记得全班人一起笑得跟傻子一样，挺不错的电影
李咬金,1,2010-12-04 22:41:02,,2177,我就不感冒！
同志亦凡人中文站,4,2010-12-16 22:00:39,,99,细节还差点儿故事很给力～！
艾小柯,3,2010-12-23 22:22:34,,96,意图是宏大的，娱乐性十足；但影片的节奏与细节处理都十分毛躁，多处糙而欠缺章法，执行上眼高手低。3.5星。
遇见彩虹🌈,4,2017-10-27 12:46:36,,95,影片节奏紧凑，剧情也挺出乎意料，表现形式虽略夸张但吸引人。让子弹飞一会儿吧。
快乐人生,4,2018-03-29 19:42:14,,54,剧情挺荒诞，也蛮搞笑，虽然看过很久啦，还能记住一些片段。
不穿袜子,3,2010-12-17 07:31:19,,161,没道理给五星，姜文这次成功的演绎了模仿秀。电影节奏太掉套路了，你说这电影导演，可以是盖里奇，可以是昆丁，还可以是宁浩，总之就是生意，票房第一。最后结尾又狗拉羊肠子，周润发搞的跟董存瑞似的，豆瓣上好评如潮啊，挺怪的。不过在这个烂片无数的年代，三星勉强给了。
豆豆龙,1,2010-12-16 13:59:13,,572,好在哪里？笑点没觉得可笑
btr,3,2010-12-16 22:20:48,,109,"""姜文的男性沙文主义把革命浪漫主义催化成一场自恋而空洞的闹剧；简单粗暴的革命幻想在漫画式演绎里沦为几无可信性且毫无深度的大纲式故事；冯氏笑料游离在电影的内在逻辑之外，成为段子级别的廉价调料。“全文：http://shanghaimonthly.info/blog/?p=2181"
TropicalMalady,3,2021-08-20 22:22:24,,58,我们受邀得以一窥姜文的精神世界，发现里面什么也没有except一根勃起的阳具。
roserosey,5,2022-07-16 09:16:02,,187,今时今日尤为应景
Dick,2,2010-12-16 22:32:26,,148,上映前到处都是海报让我觉得又是部烂片，今天看了评论以为自己错了，看完我觉得确实是不烂片
苏苏段,2,2010-12-16 23:22:40,,280,不好看，没什么很好笑的，不理解之前网上那些捧的都是怎么回事。
娄知县,2,2010-12-17 09:51:22,,67,《鬼子来了》之后，姜文就一直没有好本子，所以他的电影都是片段拼凑，没有完整，上一部登峰造极，这一部还是一样有这个毛病。当然我不反对你把它当一个四川话散打小品大荟萃看。
木由,5,2022-05-31 15:49:48,,191,慷慨悲壮的《太阳照常升起》用来做姜导的战歌真是最合适不过了。7年后回来再看突然发现从前没看懂。原来这讲的不是一群肝胆相照的英豪打败恶势力后各奔前程的光明故事，讲的是众叛亲离。屠龙勇士始终只有一位。汤师爷、三哥和花姐早就叛变了，小六和二哥一抔黄土埋忠骨，从前几位劫富济贫的兄弟最后成了“吃着火锅唱着歌”拿着委任状去捞钱的新一代恶龙，黄四郎金蝉脱壳甚至成了他们的师爷。新的循环开始了，凝视他们的只剩下大哥孤家寡人，他却还是选择了打马上前。乌合之众谁赢帮谁，贪得无厌，真的值得被解救吗？他不去想，他只去做，因为他不是张麻子，他叫张牧之。
Jason4,2,2010-12-17 00:45:08,,64,我看的是你们看的神作《让子弹飞》么?逻辑混乱不知所云笑不出来啊这个。
亚比煞,4,2010-12-19 22:15:06,,45,银鞍照白马，飒沓如流星。十步杀一人，千里不留行。
伊谢尔伦的风,5,2010-12-29 22:33:22,,118,“麻匪帮开个牛郎团都够啦！”
鸽子汤,2,2010-12-17 15:53:35,,60,姜文的子弹飞彻底暴露了他的缺点，不讲究的剪辑和运镜，设置随意的剧本，粗糙的特技，自已为是的对白（鬼子的重复），失败的表演（姜文）……失望！！
廖新,1,2010-12-17 09:49:00,,334,除了靠段子扯蛋逗乐，算个小品集合的贺岁片
bobiba,2,2010-12-17 15:45:59,,55,挺没意思的。挺荒谬的。挺装逼又装逼失败的。
臆想图志,1,2021-04-23 09:30:50,,64,为什么这不是一部好电影，因为它否定了诸众在社会革命中的贡献与牺牲，将社会革命胜利功劳锁定了少部分革命上层精英，诸众只是精明、自私、利己、怯懦的，所以社会革命成果不应该归功于诸众，融合伪装成精英主义的既得利益阶层视野，这是红二代既得利益阶层对人民革命否定的集大成，是红二代占领话语权，对既得利益的合理化辩解。
西楼尘,4,2013-08-21 22:42:57,,70,噼里啪啦，酣畅淋漓。期待姜文，真正用心拍电影的导演，姜文李安守住最后的电影净土。
统统趴下,4,2012-06-18 12:04:01,,5,很好笑
scaryzion,3,2010-12-17 09:00:24,,137,整片节奏混乱且冗长罗嗦，特技场面相当业余，出场人物宛如戴着面具般表情生硬，这是讲故事的电影不是大伙凑热闹的春晚，很多人物是可以删掉的。前半段笑果很明显，但后来越拍越乱，都快散架了，很多台词莫名其妙。如果可以剪到90分钟，应该会好很多。
淡墨文竹,5,2021-01-28 23:55:02,,138,看完后劲太大了人民永远怀念您的伟大教员千古
Leon Winters W,5,2015-12-30 02:07:05,,115,神作！一般人要想想才能明白内涵，在姜文的世界观里，英雄是第一位的。英雄改变社会，英雄创造历史。最大的悲哀就是没有英雄。所以张麻子拿了钱还不够，他还要除掉黄四郎，给百姓一个公平，给鹅城一个太平。你给我翻译翻译，神马叫惊喜！你给我翻译翻译，神马叫做TMD的惊喜！！！
眠去,4,2010-12-19 14:44:30,,73,重温一场英雄主义的旧梦
clqmorning,2,2010-12-16 22:19:02,,181,低俗的笑料，冗长混乱的剧情，没有突破的表演
小王漂流历险记,5,2022-04-23 19:10:24,,84,张牧之为什么慢慢被叫成麻子，谁愿意相信一个麻匪的名字会如此浪漫，这是世人的偏见。
春上村头🌲,3,2010-12-17 01:50:03,,46,如果姜文以前的片子是五星，这个只能三星喽。
安之,2,2010-12-19 11:55:46,,45,姜郎才尽。
亵渎电影,3,2010-12-18 22:27:51,,58,还好吧！我不是很喜欢，这类片子不是我的菜啊！不评论！
胤祥,4,2010-12-16 23:50:14,,32,三个男人相爱相杀什么的，最萌了。姜文什么的，最萌了，卖腐都卖的那么萌，萌死我算了……这就是非理性粉丝，虽然此片跟前三部相比最多四星，后期再次被中影数字基地糟蹋（内景还好，外景简直不能看，还有那些特效），但是能在大银幕上看姜文这种事儿毕竟不多……准备至少再看两遍
芊颖,4,2018-05-07 20:19:40,,26,葛大爷的片，天下无贼和这部让我印象最深了
暗淡整个宇宙,5,2010-12-07 00:29:16,,128,近年来最有男人味的一部电影，节奏流畅，风格鲜明。姜文的英雄主义情结发挥到极致。
狂奔的蜗牛,5,2010-12-16 13:15:33,,193,V5
死鬼,5,2018-05-07 23:46:43,,66,光这张海报就值五星
此女名为吃货,5,2021-07-19 01:20:50,,68,后悔没早看，庆幸没早看。进入社会后看这部片子会懂很多，太多的东西对应过去又映射进如今现实，好的电影总不会被时代约束。对现今的想法如同电影的台词一样：让子弹飞一会儿吧
AG,3,2010-12-09 08:12:06,,41,鸡血片，因为有姜文个优高级很多.但我一向不爱看发哥的喜剧表演，它这次戏份太多
啊啊啊啊洋,NaN,2012-05-23 13:05:10,,1,怎么说。。。还好吧~
懒肥柴,5,2022-02-23 22:06:24,,49,这照片是你吗
呆瓜,3,2018-03-11 19:17:38,,34,葛优的发型好酷啊，没怎么看
子爵91,4,2012-05-25 20:11:34,,5,我想知道这事那个年代？有火车，有子弹，有知县。
师太求点化,1,2010-12-16 22:19:47,,41,有些失落····
叉叉xX,4,2012-05-26 05:08:56,,1,TT。。。
woodward,5,2022-11-30 21:53:34,北京,60,在老七离去的夜晚，再看一遍他曾经探班过的杰作吧
九尾黑猫,2,2011-02-24 21:47:38,,29,台词各种没逻辑和无趣，对白一长就犯困，主要还是几个演员演的比较好玩，每个人都像打了鸡血一样的莫名亢奋，看得我不停走神。。。
舒记,1,2022-10-13 21:59:42,广西,41,一堆批小将狂吹这电影，天天喊着要申遗。我到要来看看这电影做的到底有多么惊世骇俗。看完我想说，请问这是在干什么？我在看一群疯子吗？为了讽刺而讽刺，隐喻又显得那么刻意，搞笑拙劣的讽刺让人只觉得做作。就好像硬要拍成这似乎很高深又搞得好像蕴含着好大道理的模样，生怕你看懂。
LOOK,2,2010-12-16 14:29:42,,18,原来是动画片。一颗星给视觉经营，一颗星给开场火车大劫案。
青山藏在白云间,5,2010-12-17 13:38:14,,46,从未有过的电影院新体验！看完这个玩拳击，五分钟内绝对K.O对手；看完这个去群殴，绝对砍的一身是血；看完这个去喝酒，醉得肯定比以往快；看完这个去上床，啊，不好意思说了……
牛小七,1,2010-12-16 23:55:23,,34,太TM给力了
丁一,NaN,2010-12-20 21:26:25,,56,姜文有一次被影迷包围，好不容易坐进车里，第一句话是：艹！刚才居然有人叫我文文！
seamouse,3,2010-12-16 15:52:14,,79,或许是期望太高，#让子弹飞#的确让我失望了。无节制说成话痨的对白充斥了2个多小时，严重削减了叙事节奏本应具备的酷劲；延续着“太阳升”配乐最重要的两段主题，却在你来我往神神叨叨摊明了的勾心斗角间，将自由辽阔的情绪彻底淹没；就连姜文电影里我颇为喜欢的升格窗帘浮动，也彻底成了cult片
嘟嘟熊之父,2,2010-12-16 09:03:40,,22,自大狂和妄想症。
海晓,4,2010-12-16 22:52:28,,96,不让人惊喜，到让人意外。故事经不起推敲，人物塑造也不丰满，几个配角彻底沦为配角，所谓的笑点就和各种晚会上的小品一个水平。从里面还能看到《鬼子来了》的影子，但找不到那种惊艳。又在电影院里打瞌睡了。
掉线,5,2010-12-16 11:13:13,,25,这才是中国电影应该出现的所谓“大片”
CyberKnight电子骑士,4,2010-12-28 23:37:45,,27,算年度最好的大陆影片，但还真算不得神作。可以叫“时无英雄，使土匪成名”（LP语）。对我来说，看得不够high，听得不够乐。姜文亏就亏在他太聪明，以至讲故事说事儿总太跳跃，不能非常老实，将来如能返璞归真，那才是真飞起来。
leon,4,2012-05-26 03:00:09,,1,大一是看的
李小炘,3,2012-05-25 20:33:32,,0,.......
就爱麦当劳,1,2010-12-20 01:25:13,,100,受不了姜文现在这么自恋.
朗立,4,2012-08-12 23:06:23,,1,2011年春节上映的，和赵孤一起，它却意想不到的取得了胜利。。。
无意间已阵亡,4,2012-08-12 18:00:29,,2,经典的姜文式黑色幽默
墨墨看电影,5,2022-11-26 09:55:07,北京,48,2022年11月25日再看这部电影，太应景了。12年前没看懂，再看懂已是片中人“懂了，他们谁赢了跟谁！”
坂本树一,5,2022-10-05 01:53:01,福建,46,这他妈他妈的才叫电影！
dear_安呆,3,2012-05-25 22:58:25,,1,让我飘一会儿~一小会儿~~
江湖在逃骗子,5,2021-08-10 22:29:02,,79,当年没看懂，现在懂了。
梦梦梦梦,4,2017-03-14 08:25:36,,21,还不错，葛优挺搞笑，一直没等到2
且慢,1,2010-12-20 16:41:08,,25,看到豆瓣上已经对这个电影评出了9.2的分数，我不由得对我的欣赏水平产生了深深的怀疑。这是我完整看过的电影中，感觉最差的一部，而且，还是花了大价钱到电影院里看的。说得周到一点儿，依我的欣赏能力，我只能给它一星。
尽欢,5,2018-04-02 16:04:50,,124,不能再好的一部剧了。几大影帝齐聚，每一场都是戏。
蹲着望天,1,2010-12-23 23:37:50,,23,我看过最差的电影...
panpan,2,2010-12-28 17:24:44,,11,看来我水平不够，不懂欣赏==
私享史,3,2010-12-25 16:07:44,,33,【三里屯美嘉】姜文当然要比中国绝大多数存世导演都更有才，但他的自负无疑又远高过他的才华。可自负不过黑泽明、才华不如伯格曼，也就只够当个土匪，会耍几个花枪就能混一辈子。普通话版咋样不晓得，这四川话版我觉着不如做成舞台话剧加装置秀，唯有山林那出算是电影。附会政治隐喻的影评不怕扯着蛋？
小飞儿,1,2010-12-18 17:28:40,,26,唉。。。很失望看到一半觉得很失望
小熊软糖,5,2022-11-30 21:17:42,上海,56,遗憾今天才看过。今天长者逝世，再次提醒我，书要读。
光音镇,3,2010-12-16 20:37:51,,13,相当失望，牛吹大了！《让子弹飞》根本就是《太阳照常升起》的变型版，怀念《阳光》和《鬼子》时代的姜文。
愤怒的公牛,5,2010-12-16 03:55:58,,45,阿桑奇观看影片后，对自己身边的中国友人说。文姜是电影史上最伟大的导演没有之一！该片可申遗，并永久保存！！！
33码半,NaN,2012-08-12 12:15:25,,0,姜文
Tristan,3,2010-12-18 00:55:33,,28,竟他妈瞎扯淡，一点也不好看看了泥马豆瓣的评论，觉得不看不行了一个牛逼哄哄的导演，讲了一个傻逼故事，弄得仪式感和形式感那么多，有蛋用到底想说什么而且瞎逼特征，中间那个8岁孩子那一段，有个蛋用
雪扬囧囧囧,5,2022-06-26 11:12:00,,65,多年之后的各种妖魔鬼怪证明，这是一部纪录片
小飞儿,1,2010-12-18 17:28:40,,26,唉。。。很失望看到一半觉得很失望
Koji,5,2010-12-16 23:46:56,,39,我宁愿相信结尾那场高潮是因为电影局审片的老湿们没有看懂
LOOK,2,2010-12-16 14:29:42,,18,原来是动画片。一颗星给视觉经营，一颗星给开场火车大劫案。
梦梦梦梦,4,2017-03-14 08:25:36,,21,还不错，葛优挺搞笑，一直没等到2
kiddy,3,2010-12-17 09:07:01,,21,看似有劲，其实没啥劲。发哥早已不是本色中的发哥，有形无神，这电影也像极了现时的发哥。文哥嘛，好像有点恋枪癖，除了场面之外，故事本身的意义何在呢？虽然借了民国的背景，但看起来更像过家家的闹剧，还有些童话级。主持公平？为谁？真能主持得了吗？当那个老百姓说，这俩椅子归我了，觉得很悲哀。
嘟嘟熊之父,2,2010-12-16 09:03:40,,22,自大狂和妄想症。
方枪枪,5,2010-12-16 21:56:27,,23,这是他妈的“让子弹飞”，是他妈的“姜文”作品，是他妈的黑色，也是他妈的犀利，是他妈的惊喜，一个接着一个的惊喜
秋叶,5,2011-01-25 22:54:05,,28,让你产生G点的基本是文戏，让你感觉到亮点的基本是武戏，让你看不懂晦点的基本是欲戏，果然是姜文，果然是日照大神级的人物，这电影是如何通过政审的呢？更离奇的是出品人居然是韩三平，还居然大夸这片子有看头，有说头，有想头，看来很多人也是身不由己啊。
曾于里,5,2011-02-01 11:19:59,,21,姜文的气场啊…
你看起来很美味,4,2012-05-28 15:50:00,,24,这部片子看了三次，第一次是在电影院，第二次是老师放的，第三次是跟室友。直到第三次才把有些隐晦的情节完全看懂。这个片子，你看了就看了，当个喜剧片看了就对了。吃着火锅唱着歌继续看下一部，别想太多，想太多会累。
大头绿豆,4,2010-12-23 23:29:56,,25,草莽，野性，浓烈的雄性激素。一身戎装两脚马靴，几个基友兄弟和一骑大白马。爷们，纯的。
不能·喵大妍儿,4,2016-11-11 11:59:42,,20,对老婆真的是真爱。拍得那么美。（我是不是重点错了）
下雨不打伞哦嘞,5,2012-12-01 02:37:12,,1,还记得是10几个人一起去看的
A-sun*,3,2010-12-17 11:20:48,,14,唔係我嘅呔。
-Hero,5,2012-09-04 01:40:43,,3,这就是一部牛逼的电影，而已！
慕语.MuYu,5,2012-09-03 11:07:02,,1,推荐
shininglove,5,2010-12-17 16:24:26,,19,姜文树立了中国内地商业电影的新航标：疲惫生活的英雄梦想！
panpan,2,2010-12-28 17:24:44,,11,看来我水平不够，不懂欣赏==
鱼非鱼,5,2010-12-16 02:41:24,,16,够牛逼，够嗨，够浓烈。现场多次大笑，鼓掌。很少在影院笑的这么放肆。无论你是喜欢赵本山，宁浩，还是昆汀，你都会喜欢这部电影。看好本片票房过4亿。
shield,4,2017-02-14 01:28:46,,18,老演员的演技就是没的说
[已注销],4,2010-12-16 03:29:20,,15,有点散架。8.5/10
混沌武士,5,2021-01-28 23:48:17,,59,这tmd不值五星？！我要站着，还要把钱给赚了。
IF,4,2018-05-08 08:19:52,,16,剧情有些荒诞，却讲出了很多道理，好经典，很好看
桔子喵,4,2012-06-06 02:31:15,,0,四川话版是精华呀
tomshiwo,1,2010-12-20 08:59:24,,124,好一个怪胎。
爱看电影的少年,5,2018-05-07 15:21:12,,14,大哥你是了解我的，呵呵，太搞笑了
米粒,4,2010-12-20 12:55:47,,13,跟想象的差太多了，但有些片段还是可以的。给姜文四星。
Bingo,3,2010-12-16 15:59:04,,18,也行是不对自己的口味吧，虽然好评如潮，但却觉得是一部过于残酷和真实的商业片。本为娱乐而去，可却让心中总是隐隐难受。另外节奏快是亮点，但全片快到尾却不禁还是让人觉得少了些什么。
绿酒,4,2012-06-17 12:58:54,,1,和班里同学一块看，不管看啥电影都是喜剧
八贝勒爷,4,2018-05-08 12:39:23,,16,有的地方很搞笑，但不失头脑，看完有收获
🌞娘卷卷🌙,2,2011-08-27 23:24:45,,7,我还是更喜欢周星驰
赵静静赵,5,2010-12-05 23:35:35,,16,什么都有，让票房在笑声中再飞一会儿吧，很黄很暴力，很妙很有瘾。
大咸鱼福尔摩鹿,5,2022-01-20 16:51:25,,43,我觉得姜文是个名副其实的电影天才。
PRALINÉS,5,2022-08-10 14:43:31,,39,“皇上都没了，没人值得你们跪！”
哈哈哈啊啊啊,4,2018-05-08 08:53:47,,14,每个角色都那么恰到好处，剧情台词映射着现实，遮不住姜文的野心与自嘲，别急，先让子弹飞会，嗯，2018期待你的新作。
amelin,4,2017-01-04 11:21:34,,20,很多隐喻，看了影评仿佛跟自己看的不是一部《让子弹飞》[捂脸](*¯︶¯*)
Luke,3,2011-02-13 14:07:58,,14,装傻充愣伪神片
恶魔的步调,5,2010-12-21 17:04:13,,17,这面煮得劲道！
像一把刀子,4,2010-12-16 21:31:07,,10,在一部极富期待的电影上映之前，我的渴望并在脑中构建的影像总和最后的真货大有出入。子弹看罢有这种感觉。但是一定要肯定姜文带给我们的超然惊喜，枪震戈壁，血染黄沙白银泻地金戈铁马一切压爆肾上腺的因素都汇集一起...但在一切都爽玩过后，我相信这会是姜文令人余味最少的一部作品。
沉歌,5,2011-02-09 23:52:22,,19,又黑色幽默又喜剧又文艺又动作又人性又剧情，姜导啊，你一部电影占了多少的类型？关键是还这么好看。
欢乐分裂,4,2010-12-19 14:56:43,,20,理想主义充满血性的草莽英雄们的狂欢，一定要演绎在貌似遥远的传奇年代，才能完成姜文野心，酣畅之劲较之前稍减，但看得十分过瘾。
橘猫爱吃鱼,5,2018-05-08 08:53:11,,76,	整个电影幽默又不失机智，商业又不失艺术，故事处处充满惊喜刺激。
Cora,1,2010-12-20 17:22:01,,9,不知道想表达什么。无聊。
一枪茶,3,2022-08-05 16:41:26,,22,《让子弹飞》是真的难看。像看了十几年前的我丝毫不会感兴趣的电视剧一样，感受了一下姜文非要乱加各种隐喻装逼来让粉丝跪舔，把厌女和低俗毫不掩饰地打到脸上。除了最后一路凯歌的胜利和悲惨的现实对比之外，实在不知道到底有什么好吹的。
股神看不懂,4,2016-11-06 17:10:09,,20,姜文的片子中最爱的一部，这片子真的隐射了太多东西了，葛大爷也演的很不错，经典，推荐大家去看看哦
青青蒹葭,3,2018-05-07 10:37:06,,18,一群马拉着火车在铁轨上奔驰，然后被一群头戴麻将面具的劫匪打劫……开头蛮搞笑的。
汪金卫,5,2010-12-21 16:39:26,,16,【20101221长春万达欧亚店】【20180114SAME法文中心胶片版】时隔七年再刷大银幕，依旧看得热血沸腾，无比爽快。剧情台词内涵之精妙，喜剧元素设计之精巧，至今看来仍拍案叫绝。好创意信手拈来，金句频出，还能演出精彩的政治寓言。不得不佩服姜文天才般的创作力。真是又高又硬！
幻海尘,3,2012-06-19 16:10:06,,4,说实话，看不出有多高的电影造诣～
大腹便便花轮君,4,2012-06-19 16:15:57,,1,值得看了又看。。。据说四川话版本更为惊艳？
威廉先生,NaN,2012-06-19 15:32:34,,1,喜欢
@six,3,2012-06-17 15:36:12,,0,慾語還休
wo是好学生,4,2012-06-17 13:51:02,,0,挺好看。
无话对你说,4,2012-06-17 16:08:48,,0,挺好的
一口闲钟,NaN,2012-06-17 16:54:43,,0,“飞”。
自己染发真是挫,5,2012-06-17 15:43:38,,0,姜大爷万岁！
xixi,1,2010-12-19 12:53:17,,14,一边看一边觉得没劲，虽然整个厅的人时不时的笑着，还是觉得很无趣。看过的人几乎都说好看，也许是不合我的口味吧。
少数豪,5,2014-03-04 00:38:58,,19,又一遍，真过瘾。
像某某一样,5,2010-12-07 13:54:59,,8,真子弹不需要吹牛逼
菌????,3,2010-12-16 13:34:44,,57,一早爬起来跑去看，谈不上失望，但是这不是我期待的那个姜文了。
杨桃,4,2017-04-29 22:20:28,,13,姜文把一个成年人的幻梦做得如此天真烂漫、五彩斑斓，又如此一本正经、正气凛然。
芹泽虾饺菌,5,2010-12-17 22:27:27,,19,《新闻联播》主播郭志坚在博客评论《让子弹飞》：“情节不合逻辑拖沓冗长，让观众感觉极不舒服，青少年看了会给正在成长的身心注入一股非理性冲动。”对此姜文回应到：这也是我对《新闻联播》的看法《——冲着姜爷这句话，四星果断改成五星~
小饼爱打咻咻拳,5,2010-12-17 01:24:03,,6,是不错票价值了
逆逆,4,2010-12-18 17:26:35,,16,据抖奶说给3星一下的都会被和谐，我试试
编剧陶思维,5,2021-05-06 00:44:26,,91,可以排进中国影史的影片你们打成了8.9？可笑可笑。全片充满了他娘的废话，却没有一句废话，情节跟台词是真他娘的带劲，整体看下来就是一个字，爽！如果有一天姜文拍不出来这样的作品了，不是有人让他闭嘴了，就是他彻底失望了。
tiankerr,1,2010-12-10 12:23:32,,135,以这种年代为背景拍片子就是最大的失败！！那些声响音效都没有了依归。这么烂的时代根本不值得大片去描写。前些日子也这样的烂片题材。
车车,5,2010-12-17 01:31:37,,6,太牛逼了。。。GDZJ再次被爆菊
六十六个猴,1,2010-12-20 09:37:38,,7,拖。
Nikki,NaN,2012-06-17 23:11:34,,0,看过之后，爱上了姜文的戏
媛媛,4,2018-05-08 06:44:13,,15,其实是一部很有内涵的片子，要细细品味！
多看电影爱电影,5,2017-01-26 16:31:33,,17,一部充满黑色幽默的搞笑电影。
木之,5,2010-12-17 02:16:52,,7,最爷们，最热血
看电影的小丸子,4,2012-06-17 18:37:35,,0,还好。只是我对这种电影着实不感冒。题材很好，敢于说出别人不敢说的话，但总觉得缺了点点什么。
|,5,2010-12-17 17:08:18,,3,不知道值不值九分虽然CG差了点但这绝对是这辈子看国产片从未有过的体验
娜莉梦游仙境,4,2016-11-29 22:35:20,,16,一堆大咖摆在一起也值四星了，演技真不是盖的，刘嘉玲的风情万种，葛优的狗腿形象，周润发的恶霸形象，都很深入人心！
dreamweiwei,5,2012-06-17 23:49:19,,1,Greatlaugh.Goodmovie.
路过，嗑一口,5,2022-11-26 22:48:26,海南,29,虽然黄四郎是杀不完的，但是永远都会有张麻子出现，只是早或晚
剑悬秋水,5,2010-12-06 23:49:30,,15,如果豆瓣能打六星，一定给！
荼靡之外,4,2012-06-17 22:07:56,,0,飞起来
焰熠,4,2018-05-13 10:09:54,,11,一环套一环双雄对决没想到最后的大魔王另有其人。一直记得最开始姜文那句让子弹飞一会儿随性潇洒。志在必得
deedee,5,2010-12-07 16:14:37,,5,节奏紧凑台词机智幽默包袱百出起初以为是个英雄主义大片没想搞笑贯穿始终演员表演精准画面唯美动作打斗爆破都很精彩竟然还有意外的情色戏只是剧情没有多大推敲但不妨碍完整性
草威,5,2010-12-18 17:51:08,,19,很好看，但未及经典。如果是十分制我打八分，五颗星的话我就全给了。“让子弹飞一会儿”真是对革命最浪漫的隐喻了。
[己注销],4,2011-01-03 23:00:27,,12,谢不杀之恩
Lynn,5,2023-06-13 15:01:35,福建,19,比肩霸王别姬中国电影的丰碑匪气义气侠气男人磅礴的江湖味儿底层气息根植在民族基因里的乡土味儿恰到好处的野蛮与俗气幽默与黑色幽默
某茶君,4,2010-12-19 00:24:37,,4,一场高速抽插的性爱...另外，那结尾是姜文为了证明《寻枪》其实是他搞的鬼嘛...
焚紙樓,4,2016-12-20 02:14:44,,15,春晚怎麼還不找姜文姜老師餒？他這些年好努力的，拚了命拍《讓子彈飛》《一步之遙》這種片，就是為了證明自己可以當賀歲檔的操刀甚至主持阿。不是？那還能是什麼？
cindy,5,2010-12-07 01:21:51,,7,今天看了香港的首映　好看極了！！！！
皮肤干干大魔王,5,2010-12-17 14:27:49,,5,我觉得要把之前评过的电影降几个星，才能衬托出这个五星的牛逼了
杨柳千千wby,5,2022-12-21 18:06:03,吉林,35,据说这部电影可以申遗了，此片的现实意义早已大过影片本身了。生活中谁还没有遇到过要让你证明吃几碗粉的恶毒呢？
茅十八*^_^*,4,2017-04-29 22:06:02,,10,电影就是造梦，姜文很懂如何把握
萧湘小林,3,2010-12-27 15:19:15,,17,很HIGH，但是有必要这么HIGH吗？片子里一个个跟打了激素似的，行事逻辑多有不能理解的地方。另外，从群众来到群众中去，才是搞革命的正途。高高在上的新人们创造出了革命，这种历史叙事我就非常讨厌。
网络流,5,2010-12-09 00:02:19,,3,@大光明。新意满分！笑点满分！镜头满分！台词满分！每一分钟都是高潮！
阿德,4,2010-12-07 10:39:48,,15,虽然定位是商业片，但骨子里仍透露着姜文的作者印记。不是姜文最好的作品，但绝对是今年最好看的国产片，没有之一！
不正常的网友,5,2022-06-15 08:26:59,,27,补标。就一个点：别跪着了，大清都亡了，这膝盖怎么就tm这么软呢你们，没人值得我们跪。想起最近TS那事，这冤鼓一露出来，果然真是有天大的冤啊🚬
Edward Knight,5,2012-06-18 01:40:58,,1,考你政治和语文啦。
Stacia,5,2012-06-17 21:52:48,,0,吃着火锅唱着歌
包子,5,2012-06-17 20:24:43,,0,影射的东西真的挺多的，逞强不是好办法，要多用脑子
dann,NaN,2012-06-18 01:08:38,,0,演员演技没话说的剧情好除了海报傻逼抄袭
春花,5,2012-06-17 18:37:26,,0,当初上映时，先是和室友们大半夜躲在床上一起看嗨了！然后，还是忍不住，又去电影院看了一遍。。真的很经典诶！
mumudancing,5,2010-12-08 22:09:00,,15,姜文纯爷们儿！今年最给力国产片！谁写的剧本，给我站出来！三十六计全给你学了谁还看孙子兵法啊~（关键是，首映见到纯爷们本人了，哈哈哈~）
坦克手贝吉塔,3,2010-12-20 22:48:00,,14,自恋狂姜文的撒癔症之作
Lintilai,5,2022-09-06 18:47:26,江苏,25,姑娘，你这样拿枪的时候，更好看
七七,4,2018-05-07 22:54:34,,11,很早之前就看过，回来二刷，好看
number girl,3,2020-12-11 16:07:30,,25,张麻子，自认潇洒的国产油腻爹味中老年男子的自我映射
X,3,2017-04-15 23:19:22,,8,欣赏不来
sem,5,2012-08-11 18:12:51,,0,没看懂！
蓬蓬,3,2010-12-17 15:21:42,,8,前大半段几乎没啥情节看的我都看不下去网上舆论造势太厉害都是闹剧！
迷蒙的花樹,5,2012-08-11 13:29:47,,0,很過癮，雖然很刻意。
鸟人,3,2010-12-16 21:12:28,,24,真的只是还行
Rebel Scum,4,2010-12-28 12:55:17,,20,它过审了是个奇迹，真的
Eva见习质检员,5,2012-08-11 17:48:29,,0,永远也弄不懂姜文想干什么
w,2,2010-12-23 20:37:56,,6,大家都是给打了鸡血吗？
是贝拉姐姐呀,5,2022-11-26 22:52:09,广东,20,多年后回顾，真是一部神奇预言片。片中的种种光怪陆离，在口罩年代不断重演。
VANILLA,5,2012-08-11 16:15:16,,0,越看越想打麻将
哒兜儿,5,2012-08-11 13:40:23,,0,音乐、画面、人物表演都很棒。没什么水平欣赏到电影的背后，但是看的时候很爽很享受
有心打扰,4,2010-12-16 20:56:49,,7,看姜文、葛优、周润发三位演员飙戏还是挺过瘾的。初看真心觉得惊艳，后来再看，好像那种过瘾的劲就少了许多。
RS,5,2010-12-17 12:06:22,,9,不得不给五星，对姜文的盲目崇拜又上升了一个高度。
低调的神经质,3,2012-06-20 00:37:31,,0,没觉得这样的电影好看，看完完全不知道意义在哪里
有意义的名字,5,2012-06-20 01:25:42,,1,好惊喜的一部电影之我爱姜文
番石榴,5,2012-08-11 17:11:49,,0,牛逼~
蒜 | BOY A 🌈,4,2010-12-16 20:05:00,,4,这是一部会受观众欢迎的电影，但是不代表它是一部最佳的好电影。姜文很给力很大胆，全片一气呵成嗷嗷牛逼，细节有亮点，台词有惊喜，表演很带劲，对白基本靠吼出来，撕心裂肺的震撼，同时可以猜猜片中姜文一共说了多少个“他妈的…”——让牛逼飞！
昵称被占不开心,5,2017-03-09 19:42:29,,11,真是站着把钱挣了
铲铲,3,2010-12-17 01:09:55,,10,好笑倒也蛮好笑的，但是我不太明白它想说什么。
Holly,3,2022-04-27 10:30:04,,8,故事好看但是男的太多太烦人咯
≈浮屠弥生°,5,2012-08-11 22:59:31,,0,果然黑。看了三遍还有没搞懂的情节。第一遍看从头笑到尾，第二遍看有目的地挖掘些以前没搞懂的情节，第三遍偶然撞到，心酸。果然是大师级作品，五星不二话。
marc signal,2,2010-12-17 07:50:37,,65,只学了昆汀点皮毛。六子自杀那段多少有点落水狗割耳朵的桥段，鸿门宴幕帘夺命又貌似杀死比尔。姜大侠酷到了最后有点没硬住，结尾让人失望。
javan,2,2010-12-19 11:56:02,,15,去晚了，只看了后半部分，剧情咱就不评论了。虽没看完，但还是觉得不怎么地，满场人都在笑，可我却一点都不觉得好笑，就算是葛优出来助阵，我还是不觉得有什么好笑的。
小撮,2,2010-12-17 20:18:49,,5,就是一姜记三枪拍案惊奇。
透过玻璃看世界,3,2012-06-20 00:12:47,,1,片子还可以，但豆瓣平均8.9分高的太过于离谱了，论艺术性和同评分的电影差的还是很多的，8分才是比较的评分
clon,4,2012-08-11 12:57:13,,0,好看是好看，但不明白为什么有这么多人把它奉为神作
junepig,4,2010-12-17 12:30:53,,2,葛爷你太给力了～哈哈
三少,4,2012-08-11 15:24:17,,0,斗智斗勇啊
七彩糖果,3,2018-04-02 08:19:45,,9,当年被夸的厉害的片好像也不是那么精彩
彩虹几度,5,2010-12-16 08:55:14,,1,观影过程中一直期待四郎与替身能有更令人瞠目的反串，希望狠装的老马能反摆一道~哎呀，我想得太多啦;老姜设下许多亮点，我们被晃着了，埋伏了诸多笑点，我们无法忍俊，老姜的才情雅俗可共赏，你想圈票子谁也拦不住;结尾，匪狠了，霸给端了，爷在白花花的银子里嗝了，新中国历史啊，噶了逼了呲诶
羚羊的灵魂,5,2012-08-11 13:27:52,,2,酣畅淋漓的中国大片虽然还是各种看不懂
飞翔小泡,5,2022-11-30 17:26:05,北京,37,今天老七走了，我又看了遍让子弹飞
离净语,5,2010-12-21 13:08:32,,12,没看懂是么？周韵太他妈幸福了。
花儿果果,5,2010-12-16 18:00:18,,3,用力，给力，精彩。不足之处也很明显。中国式的无耻混蛋。一定要看川版，麻辣鲜香，正是那句“忍看青天飞魑魅，何嫌大地走龙蛇”。自由，放肆，借古讽今，调侃到位。扯荒诞无稽的乱谭，摆心照不宣的龙门阵。茶来，摆起，让子弹飞一会儿。让子弹飞川话版：http://u.115.com/file/f0cc92b7e6回应
布拉德·皮条可,5,2012-08-11 15:12:44,,2,132分钟的戏落幕后，子弹还在飞!
謃、,4,2012-08-11 14:20:48,,0,笑点多明星多死的多钱和你对我都不重要。但是没有你对我很重要。我喜欢。
在海底飞翔,5,2012-08-12 00:26:28,,3,内涵隐射大片
sharon,5,2017-03-20 20:26:20,,7,处处都有趣，哪哪都好看，真正好看的商业电影
浪客建心,5,2010-12-17 12:25:56,,2,不要太在意剧情，放松心情去看就好，一个看到你爽爽的给力大片。
Ri-Mei,5,2010-12-07 00:15:21,,34,太他妈好看了！！！这是一部充满智慧的喜剧电影，台词幽默，情节紧凑，演技精湛，伏笔深埋，包袱连连，很久没看得这么过瘾了！现场观众多次的鼓掌让我感动，经过《太阳照常升起》的失败，不服气的姜文这回绝对翻身！！！
已注销,2,2010-12-16 23:29:02,,75,一星给葛优，一星给笑料，故事太扯，配角太弱，特效太烂。原来葛大人才是2010年中国影坛最大的赢家，给力。
Master,3,2010-12-16 20:32:28,,6,1、很一般2、看惯了星爷的电影，感觉这里的搞笑也比较低级。。。。3、编剧不错，情节还行，结尾不错。。。。
曼仔,5,2011-01-03 15:34:17,,10,我觉得观影快感简直一流。但是没有都看懂。
梦里诗书,5,2015-08-30 15:49:45,,14,正如《让子弹飞》这一片名般，姜文营造的北洋乱世时的江湖，在快意恩仇中彰显这五彩斑斓的梦，而这个梦且又是如此大气凌然，不夹杂一丝的娇柔作态，这样的英雄传奇是为人热血的，那专属姜文式天赋的英雄主义情结被发挥到了极致。
小王同学,4,2012-08-11 13:34:20,,0,有些无厘头得深刻第二遍还是没看懂
Monica,5,2022-04-19 00:13:18,,22,要么足够天真要么足够深刻
Whisper,5,2010-12-08 22:56:11,,1,2010.12.8看了点映，全片无尿点，只有满满的笑点。字幕一完就是真心实意的掌声，片后见面会观众对着姜文大喊NB！配乐偷懒了，照搬太阳照常升起，但恰到好处，情节紧凑，一众男演员极具魅力……NB得不用吹NB。没了。
洛依,3,2012-08-11 11:18:32,,0,都说它很好，都说它有内涵，我不知道，我不喜欢，只是个有一些名人的堆砌电影
林二六-dreamer,NaN,2012-08-11 14:17:18,,0,超屌。
李木子,5,2012-08-11 12:45:58,,1,好看就是看好。我不装高深。
大脑袋,5,2012-08-11 19:37:32,,0,什么他妈的他妈的叫惊喜
一枚人类,3,2012-08-11 11:35:30,,0,就让子弹飞着吧。发哥替身真的很像啊。
雪夜小火炉,5,2012-08-12 01:01:53,,0,没看多懂！
表回头,4,2012-08-11 23:47:23,,0,我会告诉你。。这部电影我看的一点都不搞笑吗？我会告诉你在我去看之前剧情几乎我都知道了吗？周围的同学都告诉我了吗？
janejane,5,2012-08-11 20:13:34,,0,姜文太有才了！
心卍魔,5,2012-08-11 13:47:41,,0,看了4遍，还是觉得回味无穷，至今为止看过最优秀的国产电影之一。
何小仙,5,2012-08-11 13:19:00,,0,看了三遍~
嘿嘿嘿,5,2012-08-11 23:13:37,,0,姜文在内地演艺圈算是极好的。
丸子Bea,5,2012-08-11 09:09:15,,0,姜文就没让我失望过！笑着，思考着
布拉德痞特儿,5,2012-08-11 19:26:43,,0,冯小刚说过一句话：姜文要是想做商业电影，那么没人能比得过！真的是，姜文一出马，《让子弹飞》便一举夺下内地史上最高票房电影，将为功力可见一斑。
jamiecassi,3,2012-08-11 15:49:50,,0,我很诚实地说我压根没看懂这内涵片
imCeline,4,2012-08-11 22:15:02,,0,有亮点
貝勒爺,5,2012-08-11 23:03:55,,0,好的电影，必须要好的编剧。周韵比陈凯歌老婆有味道多了
Enimem,5,2012-08-11 15:59:10,,0,这是我最喜欢的不可超越的国产电影。没别的意思。欣赏姜文老师拍电影的思路！！！
阳台扑栏杆,4,2012-08-11 14:58:44,,0,台词很隐晦~片段很幽默搞笑。姜文很霸气；葛大爷太逗人了；大家都说结尾突兀，其实我看到中后段就已经感觉这碗茶淡了~期待姜爷的下一部作品~！--------------------------------------------------看的晚上9：35的那场，整个电影院就15人不到~就是喜欢前后左右没有人的感觉~
Moli_Cc,3,2012-08-11 15:30:09,,0,“霸气外露”
nobody,5,2012-08-11 22:46:24,,0,中国电影尺度宽店，要求少点
王敖,3,2010-12-21 07:38:52,,10,姜文版的佐罗，可以获得年终火锅奖
DAYDREAMER,4,2012-09-02 14:00:45,,0,吃着火锅唱着歌，突然就……其实替身变正主的梗很老了。
托尼·王大拿,4,2010-12-27 18:01:42,,15,故事虽好，但最大的问题不是斧凿过重，而是不够电影化，就像一部大型实景话剧的胶片版
周沐君,3,2011-01-01 19:52:46,,11,张麻子他们在鹅城里散了那么多财，通货膨胀了咋办？三星给周韵，姜文把她拍得真漂亮。
城南草木生,4,2010-12-20 21:49:01,,5,玩高调玩低调玩大智慧玩小聪明还真是都是姜文不屑玩儿和玩剩下的，可是今年还是没有值得看两遍的片儿。。不以赚钱为目的的贺岁档都是耍流氓
1111wan,4,2012-06-19 23:55:44,,0,一般
yakusoku,5,2012-06-19 21:18:42,,0,好看！！
向日葵的春天,3,2012-06-19 20:56:57,,0,吃着火锅唱着歌~~~
白开水,5,2012-06-19 22:42:48,,0,难得的国产电影看过好几遍~
moqier,4,2012-06-19 23:58:57,,0,2011年看的最搞笑的电影
Llorva,3,2012-06-19 18:39:01,,0,3-有点意思
豆友54153685,4,2012-06-19 19:21:33,,0,其实我没怎么看懂，但绝对是中国电影里比较对我胃口的一部啦！
巴喆,5,2012-01-17 21:24:26,,7,姜老师给全中国影迷翻译了，神马叫做TMD的惊喜！2010年最好看、最神经、最Hi、最男人、最戏剧、最幽默、最内涵、最赚钱、最牛逼、最爽的商业片，到2011也是。中国的商业片能够做到这种程度，质量已经算是很不错了。姜文真是个奇才~8.7（10年厦门）
捆鸡＋罗汉果,5,2021-06-10 00:17:28,,38,申遗！赶紧申遗！！
翠蝶🌸羽生✨💫,4,2018-05-11 11:23:31,,9,狂欢的场景在影片中随处可见，在欢迎新县长进城的表演中花姐那夸张的击鼓方式，在张麻子号召杀四郎的豪华场景中铺洒的黄金和奔驰的马车等等各种人物组成的盛大狂欢！
I I 7,5,2010-12-16 16:39:25,,3,依然姜文，霸气外露。
绕着上路,3,2012-09-02 20:26:55,,0,挺道人性
绵羊木有角,NaN,2012-09-02 22:45:14,,0,原来一直没有mark过这个。。。
KOlO物 质,5,2010-12-17 00:33:05,,8,在中影和屁康、伟杰和阿付欣赏了炒的火热的《让子弹飞》，这部在各大杂志上早被剧透的光光的电影，由于拥有了葛爷、发哥和散发着雄性荷尔蒙的姜文，变得那么..他妈的不同！站着也能把钱挣了的姜文用他那优越的智力表现了一个荒诞的黑色幽默，同时也散发着政治寓意。很久没看到剧本如此优秀的国产电影！
猛汉世雄,4,2010-12-21 15:45:36,,12,姜文挑男人的品位真的太好，手下各个都别太帅哦，老二真是嗷嗷乱叫的帅，555可惜后来死了，这两年最好的国产片一定就是这部啊，绝对是这部，太好看，还想再看几遍
尽人事，听天命,4,2018-05-07 11:47:16,,12,电影中有很多让人忍俊不禁的镜头，一开车就是喷着浓烟的火车由九匹马拉着奔跑的画面。在优美自然的山野画中，原始马匹与现在火车的拼接，还有车厢里吃着火锅唱着歌的人群。。。极具视觉冲击力
Leo.Song,5,2010-12-17 01:47:02,,3,总体来讲不错话说好幸运看到姜文他们真人了。。。
夏麦子°,5,2010-12-17 00:32:05,,17,自《疯狂的石头》后，没有一部国产的商业化电影给过我惊喜，这回终于有了。《让子弹飞》就是我喜欢的《石头》式的情节紧凑环环相扣型，而且画面感比《石头》好多了，周润发演得神，葛优演得深，姜文演的好，导得更好。影片开局气势就很拉轰，几个人骑着马，PIAPIA飞两把斧子就掀翻了火车的
吃崩了,3,2010-12-17 00:15:02,,6,不知是谁笑点奇怪
师诗尸,5,2010-12-17 00:13:23,,7,巨给力！巨爷们儿！！！
無賴先生,5,2010-12-16 23:42:52,,4,站着把钱挣了！
小安,4,2010-12-16 21:52:56,,11,所谓的影评人交口称赞真是一件能让人倒胃的事儿……
豆瓣酱,4,2017-01-06 17:37:17,,10,演员整体演技都在线，电影整体结构鲜明，剧情充实，紧张之余也不乏笑点，看完之后也会令人深思。
驴松松,5,2010-12-07 13:57:09,,9,此片极佳，很久没在豆瓣标注过五星级。昨晚上在奥体中心刚看过的首映，致敬。不过再好的菜也总有人撇着白眼，当然原因可能并非是真的觉得它不美味。您就这么喜欢有意见的人生么。。。
Carol,4,2012-10-04 02:32:20,,0,也太长了……
小老鼠,4,2010-12-08 22:00:23,,1,参与社会热点搞得我好空虚。。。。。。
icyly,1,2010-12-21 08:39:29,,7,看半天不知道什么意思。
美女菜kun,3,2017-04-30 18:01:26,,5,情节和叙事不够合理流畅，这是硬伤
把噗,5,2010-12-17 23:34:58,,7,high爆了。。。。。。。
phychology1014,5,2022-11-30 19:21:36,山东,29,感谢江爷爷
alvin chen,3,2012-09-02 16:56:39,,0,姜文
奶油排骨汤,4,2012-06-16 21:47:13,,1,我宁愿觉得这片子是隐喻什么~
阅微草堂,5,2017-09-21 04:28:15,,16,改编自马识途《盗官记》假象和情绪永远会干扰大家寻找真相的这种机会。――姜文高潮的是影评人，故事本身不复杂。影评人写的不是电影，写的更多是他们自己的世界，影评中我们看不到电影，而是看到了影评人的思想。
周与边,5,2020-11-03 04:31:12,,18,革命者骑着白马，却看到和革命前一模一样的景象。革命成功了么？革命才刚刚开始。
晴朗,3,2010-12-17 12:40:17,,3,不过如此。
石板条,5,2012-09-02 14:34:09,,0,内涵太多不解释
春城何处不飞花,5,2021-01-12 19:04:27,,26,时间证明这是一部神作
uqinzen乌青,4,2010-12-17 20:44:56,,8,一碗凉粉吃到肚子里割开弄出来出来还是一碗凉粉，丫吃凉粉不嚼的
lilyellow,2,2010-12-17 12:11:47,,71,看的时候笑了不少，看完之后不知道笑什么。那么多的大牌龙套一闪而逝，不知道有何意义。真正记住的只有葛优那张夸张的脸。很失望啊
skywalker514,3,2012-05-26 16:02:21,,1,真心一般。。
天亮天黑,5,2010-12-16 23:12:49,,11,看完电影第一件事就是上豆瓣来吼一嗓子——真他妈带劲！真鸡巴牛逼！！！
老羊,5,2023-09-01 00:26:55,四川,35,当年看的时候，对“让子弹飞一会”理解不深！现在知道，这是“让事情发酵一会”、“让历史沉淀一会”、“让人物表演一会”
ESA大麦,4,2012-06-16 11:14:02,,0,花有重开日人无再少年[震撼]@三姐夫_V@施政十十十十@WackWang__W@dropdowndd@烛迷子naniko@麻痹习习石xixishi
听风是雨,4,2018-05-07 22:41:58,,7,还不错，虽然没咋看明白，但是几个演员真的不错
花生没有壳,5,2022-11-30 22:06:34,重庆,24,老七离去的这天
ZIJI WOO,4,2012-09-03 01:51:27,,0,0
王贤辉,3,2010-12-17 09:10:21,,9,一个无趣的故事加了一个让人蛋疼的名字。除了诙谐幽默的对白，冗长的剧情，说实话，没什么值得可取。
繁忙的峰蜜,5,2012-09-02 18:40:31,,0,内容很多
元宝宝,4,2017-02-27 14:01:53,,11,说实话，第一遍看得我是云里雾里，光看人了，故事压根儿就没有看懂。后来还是看了影评后，明白了其中奥妙，重新又看了第二遍，才多少品出点儿导演的意图来。
彼岸行者,1,2020-12-02 21:32:21,,14,这部思想高度相当有限的片子，在这届思想高度低下的年轻人中莫名其妙封神。这部片子里面，从两碗粉开始就充满了低能的政治讽刺。好在低能的年轻人通过生锈的脑子能思考到这些低能政治讽刺的层面，他们觉得好神奇啊。
丁叮,3,2010-12-17 00:03:31,,6,这是一部搞笑剧
心弈,5,2010-12-16 23:00:36,,8,姜文好帅！正式宣布姜文是我最喜欢的国内导演，没有之一。
棉花先生,5,2012-06-16 17:14:14,,0,你他妈给我解释解释什么是他妈的惊喜
heart,4,2018-05-10 22:49:01,,8,挺搞笑的。我就不感冒🌚
什么拉,4,2012-09-02 11:27:11,,0,赶脚是国产里面的顶级了、不错
Eric,5,2012-06-16 03:39:28,,0,深刻的道理让大多数人能够理解
遇夏,5,2022-12-01 21:56:51,天津,19,终于知道大家为什么说这部电影应该被申遗了
嘻嘻,5,2018-05-12 13:04:20,,7,近几年来，不可多得的好片，葛大爷真逗
蘑菇先生,4,2012-07-15 02:32:36,,0,只要你牛B上哪儿都有B
魚玩桑,5,2010-12-17 02:02:39,,2,近几年贺岁最好的我觉得！台词好演技好剧情也好！
xxhhcc,4,2010-12-31 16:21:21,,3,子弹早点起飞，可以飞向威尼斯
angela,5,2010-12-07 00:40:43,,2,好看好看！！！强烈推荐
是Queen妮呀,4,2011-01-07 20:22:51,,2,这鸡叫成电台了我看行
Doublebitch,5,2010-12-17 11:32:21,,8,对白和音效太他妈神了，印象最深的就是那句“你是要杀我，还是要睡我？”
soloist,2,2010-12-16 17:06:42,,4,想了许久，还是给了两颗星。周润发让我觉得用力过猛，整个电影有些时候节奏过快，有些时候又过慢，最后不可避免地滑向了狂欢般的失控，结尾更让我无法理解，很期待的片子，失望。2010年12月16日观于北京金鸡百花
Ьь,1,2018-11-28 13:20:24,,16,就从这种烂电影里还能看出来中国近代史？
栗,3,2010-12-18 19:48:14,,12,很男人，很自恋。
请保持高冷,5,2017-03-07 08:46:25,,5,真的很不错，故事语言很另类，每个演员都演的特别好
肥西肥西,4,2010-12-16 02:47:57,,2,姜文好帅啊啊啊啊啊。
番薯,5,2012-09-02 18:36:49,,0,让第二部再飞一会。
momo,5,2017-01-17 09:55:42,,10,台词有深意“彼时彼刻，此时此刻”;结局很失落，所有人都离张牧之而去，英雄落寞。男主的一生很传奇，有勇有谋，此类人物设定，一直都是我的菜。
别人老公,4,2017-03-08 14:01:42,,7,葛大爷加上姜文，想不看都忍不住把
奥兰少,1,2011-09-20 22:58:15,,6,预计是姜文玩脱的开始。越来越讨厌这货自鸣得意那股腔调。
后宫优雅,5,2010-12-16 13:00:47,,7,看了《让子弹飞》，感觉姜文就是伟哥，发哥好像春药，优叔真似牛B，还有那好久不见的梁太太，把银幕下的姐都弄湿了。---女牛虻
Piglette,3,2020-05-01 04:42:16,,5,在我的偏见里，花俏的形式和硬核的内涵是互斥的。而姜文的片子总给我一种虚张声势的感觉。
赵无眠,5,2010-12-16 23:17:32,,3,姜文满足了所有男人和女人对于纯爷们的各种幻想。
农历腥臭牛年拜,3,2010-12-20 09:33:01,,7,三星半，因为对姜文要求格外高。这次他是太用力过度了。。。如果砍掉30分钟剧情砍掉20%台词砍掉3～4个人物就完美娱乐大片了
jun.,3,2011-01-04 02:57:17,,0,有点扯着蛋。但看葛爷屁股都挂树上了，还行吧~~
赛珞璐,2,2011-01-18 22:04:21,,5,简单粗暴男性沙文主义到极致
追忆似水流年,4,2010-12-17 03:14:25,,11,我觉得没什么意思，演员到还挺好，感觉一般。没别人说的那么神呼！
Lili,5,2012-10-16 02:31:55,,0,2010年最好的国产电影
艾習角™,3,2010-12-26 21:56:17,,4,老实话，低于预期——1、剧本还是太粗，显假，七个编剧也白扯；2、形式上没有惊喜，反正我没高潮；3、表演上只有葛优有亮点；4、周韵确有苍井空的美丽大方；5、如果这就是9分的中国电影，往后中国电影可以忽略不计；6、姜文这回站着挣完了钱，该坐下来好好拍个正经电影了吧
兜里有枪,4,2010-12-25 17:02:02,,10,过度解读了
王坏水,5,2010-12-17 01:00:04,,4,价值观输出功率澎湃，做人要站着赚钱，要有廉耻，不要把枪对着好人，不要给任何人跪下。钱不重要，掀翻“黄”恶霸也不那么重要，自己代替皇恶霸那叫作愚昧，只有没有压迫的生活，自由才是最重要的。什么？难道你没有听到自由的声音吗？那就让子弹再飞一阵吧。姜文挺着拍出了10年内中国最卓越的
翻滚吧！蛋堡,4,2010-12-18 00:01:58,,7,从没见过如此商业的姜文，但毫不妨碍流畅的观影快感，阳光里的青春，鬼子里的批判，太阳里的压抑，子弹里的张狂，让我完全沉浸在他的个人风格中，电影的结尾部分依然那么没落，所谓英雄，就是如此……
司马信懿,4,2012-09-02 17:22:04,,0,其实我不大清楚导演究竟想讲一个怎么样的故事
陆奇鸣,5,2012-09-02 20:23:54,,0,只能说姜文霸气侧漏！
-Peppermint,5,2012-09-02 17:10:21,,0,看过的最棒的中国电影，没有之一。
安迪,4,2012-11-21 02:36:10,,0,文艺青年又一力作，站着把钱挣了，好样的，中国电影就靠你们了。那些跪着的人，让他们吃屎去吧。
殿元小貳,NaN,2012-09-02 20:08:56,,0,很好看的一个，有几个内地脸熟的人，姜文导的
lterian,5,2012-09-02 23:12:21,,0,太神奇不解释
二哥爱吃松鼠鱼,3,2012-09-02 23:03:42,,0,初次观看时被搞笑的对白吸引但再看好像缺乏更深的意义
Douglas_Chan,5,2012-09-02 23:27:58,,0,太够劲了！
James李,1,2012-09-02 17:31:38,,0,毛一样..........
kungfupan,5,2012-09-02 22:08:30,,0,他不是强盗，不是麻匪，不是混账，不是.....
小EEEEEEEE,4,2012-09-02 13:14:54,,0,中国不多的好片，也在讽刺中国
daphy123,5,2012-09-03 01:23:47,,0,自己觉得是拍摄得很好的电影很深刻
飙马钢球,5,2010-12-26 18:37:11,,19,个人印记很强烈，有隐喻待解读
西北,2,2010-12-17 00:01:25,,77,我真没觉得好，我几乎没笑过，情节更谈不上精彩。不过是把几年前的《太阳超常升起》翻拍了一遍而已，换换情节罢了。
小薯莎莎,4,2011-02-06 17:47:43,,0,姜文
#Pekingcat#,5,2010-12-18 10:06:07,,7,力作！
HarrySax,5,2023-01-31 21:03:37,贵州,35,国产电影之最，能在如此的环境下拍出一部站着把钱挣的电影真的是太过于厉害。
东篱,5,2018-05-13 10:25:53,,8,整部电影透过诙谐搞笑的台词对社会黑暗面进行了无情的嘲讽，让观众在捧腹大笑之后细细体会，品味人生，思考自我。
辽东胖尊者,4,2010-12-17 23:17:00,,0,我就不废话了
Mr.Kk,5,2010-12-17 23:59:07,,1,两小时高潮身子还不虚呦……神了
火龙果不耐受者,5,2010-12-16 21:37:11,,1,姜文给我们带来的依旧是一场酣畅淋漓的持续132分钟的冲击感
胡犷熊色,5,2010-12-07 01:19:56,,3,让子弹多飞一会~~然后我也翻译不出来什么是惊喜~~反正是惊喜~~~
洛,5,2020-10-30 21:10:11,,6,文文，牛牛，爱爱。开始以为是八恶人，后来大呼是教父，中间还整了段战舰波将金号，最后发现原来是荒野大镖客🤧山谷再也没有枪声，和平年代也再不需要英雄。（小时候白看了只记得火锅洒喽
D I D A,4,2010-12-21 22:43:12,,6,不精致，够味道，伪霸气，真文艺。虽然极多的埋线影响到了影片的细腻质感，但偏偏你不得不承认，就是这些线索与讽刺才成就了姜文不同一般的牛逼。我们应该庆幸，中国还有这样的导演，支撑着大陆电影的良知与爷们儿气概。
罗弘霉素,5,2010-12-27 11:27:11,,8,一遍感觉很诡异，二遍感觉很懵懂，三遍感觉很过瘾，四遍感觉很经典
灵魂歌姬陆女士,2,2022-04-29 18:10:10,,16,我真受不了一部电影拍成相声，翻来覆去地隐喻。男人丑多且油腻，女人扁平又拉胯。姜文的电影几乎全部都可以作为中文是高语境语言的佐证，有话不直说，全员谜语人，看得我无聊得要吐。
布呱呱,4,2012-06-17 00:15:29,,0,有点搞笑
OW肄业,5,2012-06-16 22:36:41,,0,国产片中数一数二的
ming2007,5,2012-06-16 14:35:06,,0,2010年最好看的一部国产电影
🐾,3,2012-06-16 20:10:47,,0,当时联考完一身轻松地看这个觉得姜文巨帅--
小虫虫,5,2012-06-16 05:12:12,,0,很棒阿
ZLCao,5,2012-06-16 02:41:25,,0,姜文说，这是他献给观众的礼物
雪祎,NaN,2012-06-16 12:14:03,,0,在林海时看的
冷布丁,3,2012-06-16 22:00:23,,0,真没感觉特别好很多都是随大流说好
低糖海苔饼,5,2012-06-16 10:07:13,,0,可以有，非常可以有
看有蜘蛛,5,2012-06-16 13:35:41,,0,值得一看
Thea🔻,5,2012-06-17 00:01:09,,0,太智慧了
爱爱爱你MB啊,5,2012-06-16 15:41:27,,0,难得的好片子
不想当宅男,4,2012-06-16 06:40:32,,0,不太懂
我TM是党员,5,2010-12-16 03:05:46,,3,虽然在整体特别是剪辑上有诸多瑕疵但是这片子还是会中国电影史上留下浓重的一笔姜文想做中国的北野武中国的黑泽明中国的昆汀我却觉得他应该做独一无二的姜文
乔栀子,5,2010-12-04 01:03:54,,14,姜文纯爷们，但蔫坏损起来比谁都过分。镜头依旧犀利，情节紧凑，易懂。从头到尾都很嗨皮，金句多多，不容错过
卡比巴拉的海,5,2017-04-07 14:56:31,,9,都是些老戏骨，演技妥妥的
DM 1 9 8 9,5,2010-12-27 23:01:29,,0,为了挣钱，我懂!!下一部不艺术，你就烂鸡鸡，连你弟弟一起!!
幸存者,5,2018-05-05 15:20:39,,38,如果你活着，早晚都会死；如果你死了，你就永远活着。
jameswoo127,5,2010-12-20 19:44:23,,0,略显凌乱，多花点钱搞搞特效也好嘛
胡天翼,5,2010-12-16 12:57:33,,7,这是今年仅次于《盗梦空间》的好电影，竟然是国产的！
九份的咖啡店,5,2010-12-17 18:09:58,,1,真给力！
马小河,4,2012-05-26 18:14:17,,0,还好啦这只是一部电影而已我会为他去影院买单的
越审越多,5,2020-12-22 03:27:01,,15,我竟然在上映后10年才看它
暴走,5,2022-11-30 16:57:43,山西,24,今天太突然了
吉祥鹿,5,2021-04-25 13:55:47,,13,别的不说，还有什么男人比张牧之更迷人呢……花姐怎么会跟着老三走呢？！
大蓝弧,5,2010-12-16 23:10:05,,2,镜头那种带力的眩晕感让人想起鬼子来了。很多的笑点而且不是春晚式的笑点。喜欢这电影就像喜欢坐那种开得很猛的车一样，你知道那是匀速但又时刻能感觉到驾驶者在给油。
回春堂朱二,4,2010-12-17 10:43:23,,0,凭良心拍片靠本事挣钱
双喜,5,2010-12-17 00:04:14,,8,给力！这是一个走路慢的人拍的电影！因为走路太快会扯到蛋。姜文绝对是不会扯蛋的人！
Olivia,3,2010-12-31 02:35:03,,5,导演远没有以前的才情。
志明,4,2020-08-11 23:46:56,,19,听说姜文是毛泽东的狂热崇拜者，电影里发动群众打倒资产阶级，革命成功后自己的战友兄弟又纷纷叛变，屠龙勇士终成恶龙，坚持理想和公平的只有张麻子一个人，这样的剧情是不是似曾相识。现实里面黄四郎是永远消灭不完的，而张麻子中国五千年以来只有一个。
blueshadow,4,2010-12-17 22:01:04,,5,评价时可对比《无耻混蛋》；三个人的戏份太多；跟太阳一样，姜文自己霸着正面位置，太闪了；互文小品，爆笑
PROMISE921,4,2010-12-15 18:47:12,,6,姜文睡了葛大爷！！！！！！！！！！！！！！！！
中性笔小新,3,2010-12-16 21:30:58,,20,没那么神，很有风格，很有范，但仅此而已，现在豆瓣的评分已经没什么参考价值了
丑老妹,NaN,2012-05-26 11:02:51,,0,咋记得标记过
陈苍苍,5,2010-12-17 10:42:33,,11,用蒋方舟的话说，让子弹飞的每一个毛孔都叫嚣着牛逼！！！ps：陈坤演配角真是一把好手，绝了！好几次想拍手叫好，话都冲到喉咙口了！！生生给憋回去了！！
千寻,5,2012-08-10 10:59:59,,0,姜文是个鬼才。估计不给这个打5分，很难找到什么喜欢还能打5分的国产片了。
zkkPaL,5,2022-04-10 02:42:11,,11,中国的昆汀！真他妈牛逼！
匡轶歌,3,2010-12-21 18:00:46,,9,1.催笑、堆笑、卖笑——这不是站着，已然是跪着。别再说什么站着了。自《太阳升起》以后，您也跪下了。2.元素堆砌严重。3.节奏快得有问题。4.想比较的话，不要跟别人比。不要比好莱坞，不要比全体第五代，也不要比冯XX，更不要比第六代。就跟自己比，比比《鬼子来了》。
* 王可以’,2,2010-12-20 17:11:14,,4,什么玩意儿！
豆友2214657,3,2010-12-20 07:25:03,,2,不觉得怎么牛逼，姜文的电影还是脱不出做作的毛病
一片雪,4,2012-05-26 16:58:47,,0,我已经看过六七遍了
我初中就一直在练习变成哪吒,3,2010-12-18 00:54:50,,6,没有之一什么的真耸
饭特稀,5,2010-12-22 23:15:34,,1,笑死我了~~
国王KING,5,2014-02-02 09:04:32,,5,时隔多年后重温，才看见这亦真亦幻。
酸菜绿茶,5,2012-05-26 17:50:00,,0,让子弹飞一会。
多拉mc梦,5,2012-05-26 15:31:07,,0,国产片雄起~~~
LORENZO 洛伦佐,3,2010-12-25 04:37:14,,9,对我来说最多三星whatever
takyo,3,2012-08-10 08:41:57,,0,这是一部让我觉得没什么可说的电影后来想想其实挺装的一片避免口水战还是四星罢其实它就是一贺岁片儿。。
甜椒Oli,5,2017-03-14 14:06:36,,8,用心拍的剧自然是好的
leftear,3,2010-12-20 01:35:24,,3,《子弹》倒不是有多好，最多也只是《太阳》的延续，量级上也就宁浩差不多，但是至少我觉得让姜文拍商业片，比贾樟柯王小帅什么的靠谱多了。当然在我们隔壁，已经有人给姜文立了更高的标杆，电影不但可以好看，有好莱坞式的节奏，还可以更细腻，别一味这么雄性，那就是奉俊昊了。
fefe,5,2010-12-22 11:35:29,,1,10.12.21和平影都withmami；被姜文的男人味迷住了
我不绝望,5,2010-12-21 13:55:52,,0,五颗星都给这个我深深爱着的爷们儿，他是那个粗糙的活着，敏感的爱着的人。
一直在等你,5,2021-04-20 11:10:14,,53,二刷。谁会相信一个土匪叫张牧之而不是叫张麻子呢？就像谁会相信一个山村里走出来的教员会懂得马列，能大公无私地团结龙凤之辈带领中国走出历史的周期律，为此牺牲了妻儿的生命还要被扒到底吃了几碗粉？
麻烦把月亮给我,5,2010-12-25 15:10:36,,1,一个好的导演可以把好的演员发挥到最大最优
眼睛瞪得像铜铃,5,2017-10-11 00:33:47,,7,姜文总是毫不掩饰自己的政治偏好，扮演自己国家的伟人，总是一名好演员的必修课。总说国内的影片中，这一题材被特型演员掌控着，但足够迈入“中国最佳演员”之列的姜文，早已用晦涩的表达，饰演了自己心中最敬仰的领袖——他是毛粉，也许是艺术圈中最著名的毛粉。
孑影🌙,5,2022-12-24 08:21:32,重庆,19,三刷依然充满他妈的惊喜，神电影。很多有趣的镜头，台词经典。好有趣味的故事。前几天看到某大人物生前曾视察姜文拍这个的片场，谈笑风生。只可惜，按照电影台词来说，现在上海不是浦东，香港也不是H，K了。现代化的道路掉了头，汤师爷（封建）数次在近一百年里借尸还魂。
孤檠行者,5,2010-12-19 02:44:04,,2,暗线真的太多了，如果关于暗线的猜想都是真的，那姜文就太厉害了
麦子,4,2010-12-27 13:03:14,,0,mypleasure！！！！！忒色！！！！！
塘坑一姐小渡边,5,2014-01-06 21:20:01,,8,让子弹飞这都什么乱七八糟的名字啊，又不像朦胧诗又不是严肃文学，看见名字我就不想看这个电影，陈磊非要叫我去看，我不去，陈磊帮我买了票，看到一个人：传黛玉晴雯子，自以为极尽妖娆妩媚，结果跌了一跤把个箱子摔了，我当场笑出来，陈磊得意地问我，怎么样，我说好看吧？真的好好看啊！笑了两个月
莫沂,5,2010-12-16 17:45:41,,1,姜爷真是又高又硬啊！纯爷们片！不推荐小孩和老人观看！不过和我一起同看早场的老太太老大爷们都拍手称赞，从头笑到尾，当电影院卡壳时都一一暴怒了！
UrthónaD'Mors,NaN,2011-01-10 09:10:58,,5,说好看？我怎么不觉得，说搞笑我也不觉得~看得我直犯困，好看！？还没好透吧~这种政治隐喻的片子看不来的
kel,4,2012-05-26 13:00:01,,0,情节进展节奏还是不错的。至于背后的故事那不看评论是不知道的。也可以解释为见仁见智。这，也没什么不好。在我看来，那个银子，枪，和人的故事是最有意思的桥段，这也许才是如果革命的社会现实。
Bejdlxl,5,2012-01-15 15:48:29,,5,作为一个重庆人，川话版《让子弹飞》就是我心中的华语片第一。
芥末蘸酱,5,2010-12-16 22:16:09,,0,@金街万达姜文拍这片子就为了证明一点:他是能赚钱的!只要他想赚.而且是站着，理直气壮地赚!
斑马 平安是福,5,2010-12-22 23:13:49,,1,大屏幕才爽
Cadenza,5,2010-12-19 21:27:34,,0,太爷们儿了。太太太爷们儿了==投身姜文门下做走狗==
瀚文匠,5,2010-12-17 15:52:15,,1,近几年最好的国产片
吱,4,2012-08-10 20:19:42,,0,看过的，补一下。不错，可是有点吵不适合休闲。
疯狂の小丑们,5,2021-09-07 23:28:19,,28,曾经看过六子剖腹那一段，但一直不知道是什么电影，如今再看到，尽管这是喜剧，却再也高兴不起来
本味何知,5,2013-06-23 12:13:35,,3,革命胜利之后还要继续革命。
雅生,3,2010-12-16 22:13:32,,4,不难看，但也真没那么好看。从头到尾剧情都太亢奋，以致没有高潮。剧情我没有觉得有多幽默，有几处完全是因为葛优的表演方式显得幽默。值得赞扬的是剧情不再那么老套了，有了一些想象力，只是有点混乱。本想打四星，但看那么多不明所以的激动者，所以再减一星。
kathyy,5,2010-12-26 22:41:00,,1,"今年唯一一部去电影院看的华语电影。无责任猜测一下，最后的政治隐喻其实是影射共X党和国X党？"""
老朱無電影不歡,5,2011-04-13 14:53:14,,0,看一部没有广告的电影的感觉真好，用发哥的话说：姜文已经霸气外露，《让子弹飞》最终票房“7.24亿”，相当惊人，这下痛痛快快得让冯导连屁都放不响了
Hoult,5,2012-06-15 21:23:33,,0,完全没有尿点的好片·！
柯不悔KOKIKA,4,2010-12-21 10:07:36,,0,有腿就有江湖
大宸,4,2010-12-16 19:38:52,,1,除了毛思想...
Chambord,3,2019-12-18 21:21:51,,9,小六子是张麻子的义子，一上来就死了，死因和一道菜肴有关，深层原因则是为了维护他爹的威信而牺牲——这说得太明显了。。。
阿巴厮,3,2010-12-20 10:52:03,,2,姜文，没那么喜欢了。
姬气猫,5,2010-12-21 22:08:04,,0,誰說咱們北洋沒有黑色幽默?
小丑丑,3,2011-04-26 21:43:21,,0,比较喜欢姜武！
seabisuit,4,2018-01-28 12:59:42,,3,胶片版重看没以前喜欢了，应该是姜文所有电影里好多地方最粗糙的一部但票房却是最高，胜在群戏的表演和当时流传甚广的政治隐喻吧。如果说他在认识周韵前的两部在天上是巅峰，那之后就跑地上来了真的一部不如一部，等看到侠隐再议。
alexwillows,4,2011-02-10 01:17:23,,0,给4星是让姜导继续努力
LEMON,4,2017-06-14 16:33:30,,4,不一样的“乱世出英雄”，夸张、新颖别致，极具个性
冰山李,1,2011-01-19 22:57:04,,11,無關的笑料需要這麼多嗎
cheer,5,2010-12-25 15:04:35,,1,今年最佳华语电影，没有之一～
grace-xhu,5,2018-05-07 12:55:12,,45,看一群实力派演员演戏是最过瘾的！
*OMG42*,4,2010-12-23 00:06:27,,0,四川话版给力！腐点犹如满天星！！
JC MU,5,2010-12-19 18:43:27,,0,牛逼!!绝对牛逼!!姜文牛逼!
瓦达西瓦又又又桑只爱这巧克力,3,2010-12-21 18:28:15,,0,只要是姜文拍的就是大便也被一坨人mark为“神作”
обломов,3,2010-12-22 13:41:27,,2,说这个片子有神马纳粹情结的都脑子有病，这不就一个打土豪分田地的样板戏吗，配上葛优就可以直接上春晚了。。。话说姜文用起自家人来真不含糊，弟弟演脑残不说了，老婆都能给人3P了。。。
Puzz_Nut,NaN,2011-03-06 13:31:15,,0,中国电影新台阶的标志！
樹一,5,2011-01-02 11:56:49,,10,如果你仅仅是笑了，那说明你还没看懂
炫3D,3,2017-03-22 11:14:29,,8,就记住了“不急，让子弹飞一会儿”
贾小宁,NaN,2010-12-30 05:25:17,,0,这么高智商的电影真是一分钟都没看懂
逍遥兽,NaN,2010-12-16 12:43:48,,2,够疯够牛逼
游牧人·芳汀,3,2011-11-13 01:31:53,,6,没有那些影评吹的那么好，但跟别的国产大片比起来有很大改观，卖腐卖得很欢乐。所谓的政治隐喻也好，黑色幽默也罢，看了乐呵呵一下过后也就淡忘了。不过最后张牧之说的那句“谁赢了（人民）就听谁的”倒是深有同感。周润发在老港片里如鱼得水但在内地电影中气质始终难以完美融合。还有就是周韵太出戏！
熊阿姨,4,2010-12-17 00:28:27,,8,让荷尔蒙飞！
庄常飞,2,2010-12-31 22:28:35,,1,看过片花已无期待，只是没想到风评会如此好。看了之后一如预期一样的烂，里面偶有几处可看的地方，但整个片子差劲、低俗、凌乱到了一定程度，和另外两部贺岁片一个档次，唉
南瓜瓜瓜瓜,5,2012-05-26 18:22:05,,0,怎么这么碉堡姜文怎么这么霸气
前排观战,5,2010-12-21 19:30:52,,0,让葛优和姜文飞
B-B-B,5,2010-12-19 02:56:20,,0,有昆汀电影的感角~~
fiorile鱼,4,2010-12-26 18:55:28,,0,不好也不坏四星给演技派
内陆飞鱼,3,2010-12-16 02:41:58,,3,我想打70分，但是没有三星半的打法，所以给三星吧，期待太高摔了，这个还真不是大片、
MichelleLOU,4,2010-12-17 23:11:19,,0,蛮昆汀的
cocojamboo,5,2010-12-20 06:53:58,,4,那么多五星？难道是我们的品味都提升。最后那段喊”枪在手，杀四郎，夺碉楼“是靓点。。。
容我时醒时醉,4,2020-12-31 00:44:49,,18,割肠子那里永远忘不了这片段太血腥了能记一辈子。还有就是对观众上香了。
高詩遠,4,2020-07-31 21:31:04,,3,里面有的梗至今还偶尔可以见到，而且隐喻有一点多，导致有点难以理解，但是不去纠结太多，单纯看两方较量的话是很精彩的一部片子。还有我感觉里面很多人物也没有存在的必要。
naramiki,4,2010-12-09 23:41:35,,1,步子迈得大了，容易扯着蛋。
宇宙塑胶魔怪,5,2010-12-17 00:11:34,,3,我觉得未来十年也没有人能拍出这么厉害的片子了
杨大志°,4,2017-04-29 23:22:05,,4,姜文把一个成年人的幻梦做得如此天真烂漫、五彩斑斓，又如此一本正经、正气凛然。
L@TtE™I我亲爱的偏执狂,5,2010-12-31 22:21:34,,0,就看个乐儿~至于非得理解的那么透彻嘛？
亡招菌,3,2011-01-08 13:30:25,,0,你飞吧
世界尽头,5,2018-05-07 21:56:34,,44,吃着火锅，唱着歌，就让麻匪给截了。葛大爷我一看他就忍不住想笑。一个黑色幽默的故事，充满了讽刺意味，我还是很欣赏的。
玑衡,5,2011-01-08 13:59:50,,11,阳光太灿烂看不见鬼子了，那就让有道德的土匪打一颗子弹吧。
Moonface,5,2010-12-16 02:43:56,,1,不枉我一个人去看你的午夜首映不枉我这辈子第一次进电影院看的就是你的电影不枉我喜欢你他妈十好几年
Bonnie Pink,5,2010-12-17 01:54:15,,5,你给我他妈的翻译一下他妈的到底什么是他妈的惊喜
深溪虎,5,2010-12-28 23:41:27,,0,姜文，NB
23点,5,2012-08-10 12:23:05,,0,实在是高，实在是硬，有高又硬，人生是如此的精彩，生命是如此的辉煌，但总有谢幕的那一刻。
蓝色啄木鸟,4,2017-03-24 20:03:26,,8,中国式黑色幽默，鸟语暗号、麻子面具挺有意思！
Vamei,3,2012-08-28 15:23:23,,4,葛优总是那么富有喜感。
z.r.j.,5,2023-02-18 12:08:16,湖北,25,历史就是个圈。麻木起哄的群众、豪横的统治者、左右逢缘的狗腿子、无法忍受欺压奋起反抗的清醒者以及他的追随者；而后当追随者们获得了既得利益后，又再次踏上了从前统治者的道路…
豆友137122765,5,2016-05-21 14:28:33,,6,多年后再看看才能感受到此片的牛逼。多谢同行衬托了哈。
小僵尸蹲蹲,5,2010-12-26 00:07:24,,0,太他妈的给力了.
冰与火之歌,5,2011-02-18 14:12:32,,0,此片可申遗，并永久保存！你给我TMD翻译一下TMD到底什么是TMD惊喜？！！！玩神秘，玩刺激，玩幽默，玩打诨，玩暗喻，玩讽刺，玩智商，玩政治，一身的草莽气息、英雄情结，全场爆点！！！
乌鸦殿下||神器·加藤鹰之手,5,2010-12-30 23:19:41,,0,给力。
Yido,4,2012-08-10 09:49:56,,0,什么叫TMD的惊喜？是《太阳》还是《子弹》？
旺旺,5,2012-08-10 09:43:06,,0,嘘、让子弹、灰一会儿、
今夜,2,2011-04-23 11:05:12,,0,没有姜文，中国女人怎么怀孕啊？愁
向死而生,4,2012-08-11 00:26:06,,0,他们说这是黑色幽默。
[已注销],4,2012-08-10 08:51:40,,0,对剖腹取粉那一段非常不适应！
骑士,NaN,2010-12-17 17:29:14,,2,<<让子弹飞>>太棒了，国产商业大片浪潮以来最好的一部，其他的都是垃圾，票房冲击六个亿吧，姜文好样的
黑樱桃摩卡,4,2010-12-18 21:50:21,,0,有点用力过猛，刚开场那段好像演话剧，但台词最好，葛优最赞～
喵喵咩,5,2010-12-16 04:35:42,,15,酷！帅！棒！这片的牛逼之处就在于把电影这个艺术形式运用的很好，声光画电全部都发挥得淋漓尽致！而且在娱乐的表象下还藏着深刻的东西。让各种观众都各取所需。看着是民国，其实他妈的讲的全是现在的事！当然，姜文一定不会公开承认的，您就拼了命的联想吧。注意“步子迈大了容易扯着蛋”
shakie99,2,2010-12-23 13:54:45,,2,没啥好说的不痛不痒如果再让我选择我不会看估计是期待太高了
艾瑞瑞,4,2012-08-10 15:46:24,,0,你给我翻译翻译，什么叫他妈的惊喜！！！
Yaya~,5,2010-12-16 21:58:44,,1,太xxx好看了！太牛气了！张默出现一会儿就没了，哎。这部电影让很多人认识了姜文。
悲观主义信仰°,5,2010-12-16 23:04:28,,3,NB的人依然NB！
天涯行万里,5,2012-05-26 10:35:11,,0,具有鲜明的理想主义气质，和超现实的代表，一切简单而又复杂，这是个荒诞的世界，还是个枭雄的世界？现实让我们悲观，可电影让我们看到那渺小的一点希望！
偏要勉强,5,2018-05-07 12:38:40,,48,三大影帝聚一起，出处都是戏啊。姜文式的黑色幽默充斥全片。
mon babe,4,2010-12-25 11:50:59,,0,如果没有政治隐喻，这就是黑色幽默，但加上了隐喻，怎么说怎么有道理。
庚金少女,5,2010-12-17 00:57:48,,1,不带这么嗲的！
叶荣添,5,2010-12-20 12:30:47,,0,姜文牛逼
朵拉,5,2012-08-11 01:26:28,,0,有没有七颗星可以打啊~
XD|醒来。你在。,4,2010-12-21 00:06:41,,0,国产中的一等一。
StanGoD,5,2010-12-25 09:15:12,,0,川语版比较给力
囧囧有神晨小咩,5,2010-12-18 23:31:45,,9,4个字：笑死我了。另外，麻子问他们5个兄弟谁闯入民宅强奸了民女的那段，经典到爆。
萌,4,2012-05-26 23:13:30,,0,其实片子一般不知道为什么大家都吼国产片里很好的一部了不过这部片子比起其他国产片确实进步很多但还是少了一定的味道
葵瓜子,3,2012-05-26 22:33:13,,0,只是依靠拙劣的模仿剧本生存，再好的演员也堆砌不出一部好电影.
松田优作,3,2012-05-26 21:43:47,,0,中国式的土匪片，除了姜文，谁与争锋？
是,NaN,2012-05-26 22:35:55,,0,没有黑色的幽默
frank,4,2012-05-26 23:08:32,,0,这是一部政治讽喻片吗？
叫一凡,4,2012-05-26 20:42:00,,0,和你看的时候我们很近，现在已经远到你消失在我的生活中了。
蒙蒙,NaN,2012-05-26 20:01:42,,0,凑合吧
牛逼孩子,3,2010-12-21 22:26:58,,0,真闹心
王大牛,3,2010-12-16 22:44:05,,3,三星半比较合理
せつちゃん,5,2011-08-11 22:40:38,,0,霸气外露。
Diva Tequila,4,2011-01-13 17:29:01,,0,姜文猛啊。。。
iawia,5,2012-08-10 15:47:09,,0,国产片，额外给个鼓励星
Elia1246,5,2022-02-23 12:54:57,,11,这颗子弹他妈的飞过了12年还没打进任何一个结构性不公的体系里。
KFCharlie,4,2010-12-16 03:25:38,,3,郑重友情提示：《让子弹飞》的预告片完全是枚烟雾弹，看起来像个很man的正片，其实完全就是一不尴不尬的歪片~就好比你期待去看《东邪西毒》，其实看到的却是《东成西就》~仍可以看看，但别期望太高，真爱青春，远离忽悠。
阿奴比撕,5,2012-05-26 14:15:43,,0,姜文！！！你牛逼！
女魔头,5,2010-12-09 22:33:29,,0,姜文的汉子味儿气场特足，葛优在他面前就一小受！！两人居然还打情骂俏！！
熟瓜太郎,4,2011-01-04 15:25:54,,0,现在还真流行雷片，不过还是不及港产。
ADC,3,2010-12-21 21:12:20,,1,姜文说这回你们能看懂你们就信了？
Ｈ·今天·你·Ｈ·了沒？,5,2011-01-09 19:27:04,,0,http://www.imdb.com/title/tt1533117
C,5,2012-05-26 18:40:36,,0,人们不愿意相信一个土匪的名字叫牧之
© 自由过客,4,2010-12-20 19:43:47,,0,让他再飞一会，看看这颗子弹到底是不是一颗空包弹.
家润,5,2010-12-25 16:10:02,,0,这片太黑，隐线太深..这个十年中国最成功的商业片..没有之一
老三,5,2010-12-31 00:51:45,,1,算上电影院的那次，三次了.....坐等川话版......
空羽,3,2010-12-20 22:47:56,,0,至于吗
weimoxs,5,2012-05-26 16:44:14,,0,希望姜文的作品，中国杰出独特的导演编剧导出高质量的电影
无为小土匪,5,2012-05-26 17:33:47,,0,姜文好帅啊
小mo茶,3,2012-05-26 15:23:48,,0,吃着火锅，唱着歌，这幸福的小生活~~~~
大锅,3,2010-12-17 16:02:29,,10,这篇评论没有显示在公共的评论区域。(?)------虽然片子差，但是恶心的媒体和媒体人恶心的无度吹捧让片子更差，豆瓣，你这次完败。
路边小成,5,2022-08-26 23:49:32,广东,16,表面的看懂就够了，已经震撼，其他等时间给你答案吧
阿斯顿,3,2011-02-11 18:06:08,,0,3
时以星,5,2010-12-18 23:54:49,,4,姜文亲身翻译了什么叫男人。姜文让我记起了我本该爱上的男人是什么样子的。这么多年了，终于能从姜文身上找回了属于世界本源的男性魅力形象，粗犷、豪迈、气魄、有头脑、有狠劲也有柔情。这种形象这种气场实在失传太久了。可是除了姜文，现在哪里还能找到这样一个男人来爱？关于结尾，越想越好。
胖胖小君君,4,2017-02-16 09:51:23,,5,记得是高二期末考之后班主任在班里放的，因为那次考试班级成绩超好，在等待放假没有作业的时间，电影也很有趣，高中时为数不多的彻底的轻松时间
Smile,3,2012-05-26 14:29:30,,0,都说这片子有深意很好看，是我太naive了么？反正看完无感。
张苑希,4,2016-12-12 22:44:58,,4,姜文真是奇才。
Tan90°,5,2022-07-22 20:19:36,,15,总会出现黑色的勇士，无论晴空，阴霾，驾着革命的白马，行于无人的腐朽，去往掩盖的希望。
Z,1,2010-12-20 04:19:24,,1,比太阳照常升起还要messedup，还是让装逼犯继续欣赏姜文吧
MeANs..,5,2010-12-21 21:28:30,,1,快去影院看吧，难得有部值得你花钱的国产片。
Obtson,4,2010-12-24 01:09:07,,5,姜文屁股底下的椅子都被拿走了，面对全中国遍野的大师，姜文的意思是：你们爱谁谁是，我反正不是。
衫弃,5,2010-12-17 14:59:44,,0,“姜文的问题是限制才华”“全片无尿点”“金枪不倒也是病”，这三句原来说的是这片的缺点。
蟹香,5,2010-12-16 02:32:00,,2,饱满有力。自我致敬又怎么了，人就爱看你姜文自恋！！
大师,3,2010-12-20 18:01:10,,2,不如张国师的三枪。。。三星都给葛大爷。。故事情节站不住。交口太过了。
宅拾叁,5,2010-12-28 18:16:40,,0,完美的姜文，完美的马邦德，完美的电影
狂抽猛送三千下,3,2011-03-07 05:07:34,,0,有那么点意思了....可惜拍摄场景....肉的买了，还差葱花儿么
lukeson,3,2010-12-07 00:24:47,,13,看见了葛大爷很是开心，电影实在太续叨了。。。。
子非鱼,3,2010-12-18 11:52:09,,0,高点太多不及张弛有力
齊楊森,4,2011-01-03 22:09:22,,0,猶如一匹脫韁的野馬。奔流到海不復回。
已注销🇨🇳,5,2012-09-22 20:14:11,,0,姜文真有才，很有想法，而且是演技派，音樂居然是久石讓，很震撼
默鸣,5,2020-12-22 10:38:22,,12,11月赤裸裸的隐喻，土匪，师爷和资本家。如果没有相关铺垫，可能会看得莫名其妙。姜文真是有才。
麦田,3,2010-12-28 23:48:34,,0,挺过瘾，但是符号化的东西过了点，道理讲得有点空。
秉立,5,2012-08-10 19:30:10,,0,展翅高飞。
哼哼哈嘿,5,2012-08-11 01:43:04,,0,唯一一部去电影院看了两遍的电影！
繁星夜航者,3,2012-08-10 21:30:58,,0,成功的商业片
Windsor_温莎,3,2012-08-10 12:27:07,,0,步子迈大了容易扯着蛋。
veronica,5,2012-08-10 20:38:24,,0,中国的唯一一部电影，中国的唯一一个导演
奥特之母爱土豆,5,2012-08-10 03:19:17,,0,blackhumor
山岳不知心底誓,NaN,2012-08-10 11:29:54,,0,大二记忆。。。内涵片。。。
红豆豆,5,2012-08-10 15:58:26,,0,川话版给力！
W.,5,2012-08-10 18:47:43,,0,姜文，牛逼！！
鱼头豆腐汤,5,2012-08-10 19:31:48,,0,第一遍极烂，第二遍极佳。
和缘阁,3,2012-08-10 15:21:22,,0,有点搞笑，不甚感冒。那些搞出一大堆人参哲理的，真TM佩服你们。还是怀念英雄本色那会儿的周润发。
WHEATBERRY,5,2010-12-23 07:34:37,,0,神了
King Sitcome,4,2010-12-22 13:54:32,,0,电影引发的情绪和层次问题实在是有趣而又闹心。打1星有人骂，打5星也有人骂。姜文真挺尿性，把平时惯于潜水的同志都给激起来了，看来观众们都被烂片憋屈坏了，刷刷往外吐槽~~p.s.中国电影的设备和配置太J8次了，本来细腻的东西给表现的那么刻意；本应粗犷的东西给整那么粗糙。
披着人皮的鬼,4,2011-01-07 23:50:34,,1,你可以领着我走但别推着我
几多,4,2012-09-01 22:02:03,,0,挺逗也牛逼了就是不是我的智商状态
mia,1,2010-12-20 01:04:18,,4,273.994个1星2星评论呢？哪去了？谁能告诉我！
自存,4,2012-12-09 16:02:17,,0,姜文真男人真汉子，霸气外露！
