user_name,star,comment_time,geo_ip,vote,short
隆咚锵,5,2007-03-03 02:07:09,,18911,牛就牛在，他让所有演员都达到了巅峰
XAr,5,2008-02-15 00:48:21,,11994,当年我深刻的爱上了梁朝伟同学
熊阿姨,NaN,2007-01-18 17:27:40,,2601,百年不遇的经典
刘小姜,5,2012-09-14 19:42:32,,8537,最后那一下爆头，刘德华和梁朝伟的眼神里都是震惊，他死在电梯里，电梯门来回的开关，我们也从震惊中恢复，觉得残酷，谁说的，好人有好报，那些为民除害的，都死了。会有人惦记着他们吗？把他们视为英雄吗？又有什么用呢，这个社会还不都是恶人当道。
小罗伯特唐寅,5,2017-04-11 13:25:40,,6895,现在看来，无间道一部电梯里挤了三个影帝，这部电梯也算是前无古人后无来者了。
影志,5,2006-02-16 22:18:21,,6639,“出来混，迟早要还的。”别说，这种港片老爸老妈们已经欣赏不了了，就连弟弟一起看都没坚持看完，哎，我说，片子都这么牛逼了，对你们来说却成不了经典，叹息。
momo,4,2016-12-27 22:15:16,,6999,刘嘉玲说：当年拍无间道的时候梁朝伟每天只开工三四个点就回家，拍了二十多天就拍完了，之后就是获奖无数。演戏这种事，不得不承认是有天赋的。
文泽尔,3,2007-09-19 22:39:39,,467,其实这部片子我并没有觉出任何好来，所有人都装着深沉.因此无论怎样都可以继续神展开，总结一下就是：一部大家从头到尾都在努力装着一直装到最后还要装下去的片子.交换角色身份的片子，梁朝伟过得很杯具.其实所有人装着装着连自己的身份都快要忽悠掉了，白的想黑，黑的想白.对了这个有原著么？
曾于里,5,2012-01-18 13:49:18,,4634,怎么形容梁朝伟的分量呢？就我个人来看，影坛少了一个梁朝伟，就等于少了一百个刘德华。
Doublebitch,5,2008-11-24 22:57:04,,3411,港片新旗帜
伍德与夏洛蒂,5,2011-03-16 20:44:47,,3089,港片的里程碑
欠揍的我,5,2020-12-26 11:46:32,,2566,常看常新。我认为无间道里最精彩的设计之一，就是陈永仁从头到尾都没有一丝丝动摇，站在巷道里冲着警司的灵车敬礼那一刻，闪耀着强大又微弱的人性光辉。
同志亦凡人中文站,5,2012-07-20 20:07:49,,2869,一气呵成。梁朝伟的眼神令人揪心。
掀桌超人｜2U4U,4,2006-04-27 17:09:20,,6104,看了美版的，才知道港版有多好看~55555555
巴喆,5,2012-01-01 15:46:15,,2458,重新对香港电影刮目相看，它从哲学的角度深入质问人性，去感受身不由己之下的那种窒息，感受贪婪与自私，体验善恶的痛楚纠结。剧本相当出色，梁朝伟的陈松仁直接神化，所有的角色都可圈可点，没有一出多余的地方，以至多年后看美版的时候仍然不忘旧爱。这是港片的里程碑。9.3
白开水,4,2008-02-11 00:27:01,,3915,“《无间道》拍得相当好，但是再好也已经没有当年港片热气腾腾的生命力了。不知是拍的人变了，还是看的人倦了。《无间道》的前传后续也声势闹猛，它似乎可以打破港片沉沦的僵局。但是，它更像一具艳尸，妆扮得精美绝色，但终究是死物。”网上的这段评论深得我心。
掉线,5,2013-01-21 22:34:57,,1996,卧！槽！居！然！这！么！好！看！（好后悔现在才看这部电影……所有人的演技都太棒了，甚至萧亚轩……）
薇羅尼卡,5,2006-04-26 23:07:44,,1252,经典港片，无间道，如人生~~
琴酒,5,2011-11-14 00:49:42,,916,五星献给黄秋生突然掉下来的那个瞬间。
伊豆,4,2008-12-09 14:47:36,,3857,梁朝伟已经无与伦比了，那忧郁的眼神，欧~~
mon babe,5,2008-11-02 19:07:43,,986,难怪高中时大家那么喜欢。片尾才发现，陈永仁的生日和我一样。
朝暮雪,5,2012-08-12 21:51:30,,639,《无间道》IMDb8.1，《无间道风云》IMDb8.5兼奥斯卡最佳影片？
圓,3,2006-05-01 15:07:03,,145,雷聲太大，只不過是香港電影算好的罷了
xl,5,2021-05-13 23:49:48,,500,很棒。但有个剧情较愚蠢，梁朝伟发现刘德华卧底身份时，为什么走人了？好歹装一装，等身份恢复后再揭穿刘德华啊。
鬼腳七,5,2013-02-28 22:24:29,,535,有意思的是，真的在最后消除掉了好人和坏人的分界线，所以更完整地复制出了江湖和命运意味。
西楼尘,3,2013-08-21 22:49:28,,41,没觉得多么惊艳。
股神看不懂,5,2016-11-01 13:34:04,,744,看了这部片子我爱上了梁朝伟，那忧郁的眼神让人深深的陷了进去，陈永仁的形象深入人心啊，老虎演技真的太好了，当然也离不开其他演员的倾情演义，经典
三十余年如一梦,5,2022-05-08 17:54:51,,358,流里流气的陈冠希在警局长成了一身正气的刘德华，精神机敏的余文乐在黑道混成了忧郁颓废的梁朝伟。
意闲,4,2009-02-28 05:39:29,,2102,看刘德华演戏好累
kt,4,2016-12-28 00:57:16,,1244,开头音响店收据日期是2002年11月28日结尾墓碑上的日期是2002年11月27日无间地狱轮回之苦
顾俏乜,4,2017-05-03 19:15:15,,910,陈永仁的人生好比他上级手里的风筝，当他上级撒手人寰时，他的警察生涯也可说随风而逝。
老鸡｜扶立,4,2008-01-10 16:32:57,,722,我最喜欢是它的色调
美好时光只为你,4,2017-05-03 22:00:34,,553,梁朝伟真是把这个角色演入骨了，经典。
missfaye,5,2005-12-13 23:03:22,,608,剧情写得好！
亵渎电影,4,2011-11-07 21:49:18,,440,重看才觉出经典的味道。
待城,4,2017-01-01 12:46:23,,309,我们都在不断赶路忘记了出路，在失望中追求偶尔的满足，我们都在梦中解脱清醒的苦，流浪在灯火阑珊处，去不到终点回到原点，享受那走不完的路。
summer echo,5,2022-03-13 01:03:35,,360,任意代入一下陈永仁的人生，都觉得是要绝望到死的程度😭
字有節,3,2017-02-07 16:00:15,,33,我始终无法理解，一部除了故事设定还有些新意的典型商业港产警匪片，怎么就成了经典？演员表现也只是本色，并没有什么惊人的突破，更何况刘伟强作为导演实在是有些力弱，影片缺少一种张力，故事进程也太松散了。即使在无间道三部曲中，第二部整体表现也完胜第一部。三星，不能更多。
tavico,4,2010-05-30 00:51:23,,196,8.1/10看完《TheDeparted》再来看这个，觉得像个Mini版。香港版更注重情结，美国版刻画人物上更饱满些。
M能能M,3,2017-03-10 10:45:42,,59,电影史的佳话，无法超越
幕天席地,5,2017-03-10 13:42:12,,572,天台那一场戏是经典，没有能超越的吧。“对不起，我是警察”打动了我幼小的心灵，此生再难忘。
T.V.Zoe ி,3,2010-11-25 12:30:47,,25,就……还行吧没那么那么好看吧
所有团的团长,4,2011-09-20 18:58:52,,169,虽然一开片就告诉了谁是卧底，故事仍然做到了一波三折。细腻的心理描写。经典。
旅途人生,4,2017-03-12 09:15:40,,209,卧底题材的经典影片之一！俗话说自古警匪一家人！敌中有我，我中有敌早已成为警匪对决的常态！卧底的酸甜苦辣人生一部片子道尽所有！曾志伟躲过了警方的追击，躲不过自己人的背叛！黄警官也在会面中遭遇不测！两个卧底身边甚至还有潜伏！甚至有时他们或许也会错位吧！假的身份久了，自己也会信的！
Ocap,4,2015-08-14 00:04:19,,100,后悔先看翻拍。美版慎密、利索，伪正伪邪一目了然，是制作无可挑剔、一拿奥斯卡就过誉的上等警匪片，干净爽口，像可乐。港版漏洞多，平心而论节奏把握、表演不及后浪，但出色之处也恰恰藏在地域帮派差异中，强调宿命，写意江湖，始终暧昧，重人情，轻事理，余味愈品愈烈，如醇酒。→17.5.14，接2二刷。
遇见彩虹🌈,5,2017-10-26 08:52:00,,342,一旦选择了一条道路就只能一直走下去，没有尽头，不能回头。在天台上，警察和罪犯可以达成一致么？警察的身份被永远的删除，罪犯也没有机会做回好人。警察用尽自己的最后一分气力完成着自己的使命，而罪犯也永远的失去了成为好人的资本，活着对他来说本身就是种折磨，就是一条没有尽头的不归路。
yyyzxmm,5,2023-02-03 05:59:19,山东,229,在白色的世界里，我最好的朋友是黄sir，在黑色的世界里，是傻强。一个小时内，两个好朋友都离我而去了。
Morning,4,2012-12-14 05:32:25,,114,陈慧琳拥有秘密，而萧亚轩拥有不真实的过去，好久不见。
俺困,5,2016-12-28 15:47:46,,430,陈永仁的眼神看着都让人觉得心碎。这大概是我看过最棒的港片了。
红豆♥,4,2018-12-13 02:09:47,,111,再看一遍黄秋生那一段还是觉得太心痛了
哪吒男,5,2021-11-14 01:22:47,,107,新千年之初，“身份”是香港人最热衷的命题。《花样年华》问没有爱了，该不该走、《少林足球》讲世道不同了，要不要搏，《无间道》说他站错了队，算不算好人？在新与旧，黑与白的十字路口，每一种选择多少都背叛了历史，“家国情怀”四个字，嬉笑怒骂的香港人喊出来，才真是字字泣血。
妈咪宝贝,5,2016-11-20 23:20:17,,292,21世纪香港最经典片子了
小辣椒,5,2017-03-20 08:07:56,,130,港片巅峰。我爱刘德华，也爱刘建明，
周沐君,5,2020-09-19 18:46:39,,76,才看。真挺好的。片尾梁朝伟演的陈永仁就这么被一个毫无存在感的角色给悄无声息的毙了。毫无挣扎反抗的余地。电梯门一开一合，反复夹着他的腿。令人心碎。
战国客,5,2007-06-25 10:21:06,,206,香港近年来少有的高水准之作，口碑和票房双赢，配得上“经典”二字~~
昵称被占不开心,4,2017-02-18 15:40:25,,128,我想做个好人
甜椒Oli,5,2017-03-26 14:59:20,,109,深夜里也曾挣扎动摇分不清的花海与深渊转身是死是活自己也不知晓但愿在我看不见的地方没有血与悲伤
不良生,5,2016-04-13 09:23:19,,166,永远会在我最喜欢的港片榜单前十名里面。
欣欣向荣,5,2018-03-02 10:29:33,,138,这两个人命运完全不同了，令人唏嘘。年轻时的陈冠希好帅啊，就这样。
曼仔,4,2012-12-27 15:08:35,,94,九十年代香港黑帮/警匪电影传统的巅峰了吧。黄秋生死的时候我还蛮动容的，梁朝伟那段的眼神动人，后面傻强死前的话也让人难过。
TiffanyHsu,5,2022-02-13 20:56:27,,53,我12岁时的片子，30岁终于开始看，不得不说这个剧情放在2022年少了点刺激。并且，岁月还证明了，余文乐和陈冠希老了并不会变成梁朝伟和刘德华，他们都会变成赵本山。
梦梦梦梦,5,2017-03-14 08:31:56,,130,经典的港片，几个演员都是实力派，演技在线，看的过瘾。
圆首的秘书,5,2016-12-05 23:33:53,,53,黄秋生之死真的…绝了。梁朝伟真的…绝了。刘德华的反转真的…绝了。但不知道为什么，总觉得缺点力度，大概是因为设置的复杂程度远比人物性格高，有些不平衡吧。开头有些《边缘人》，但是随后马上弯道超车，两个卧底的复杂程度一下陡升数倍。
石头星,5,2017-03-26 21:10:21,,107,无间道，港片辉煌的返照，香港的涉黑警匪片提升到一个新的高度，但港片总体已失去了生命力，那些趋之若鹜、时常津津乐道的时光一去不返。影片经典，故事好看完整，人际线错综复杂，逻辑合理，梁朝伟对内心世界的演绎简直完美。
shield,4,2017-01-05 18:18:47,,126,真真假假虚虚实实，又有多少无可奈何
小森林,5,2017-04-23 10:18:55,,50,对不起我是警察，梁朝伟好帅演技好棒，这是香港影片的鼎盛时代
尽欢,5,2018-04-08 09:42:27,,63,两人虽然都是卧底，但是陈永仁是一个警察，而刘建明是一个黑社会分子。
薄荷卷卷,5,2022-12-24 13:26:00,福建,48,黑帮老大死了之后的最后20分钟剧情才真正开始高潮迭起，直到最后一幕。👍🏻
651564165cz,4,2018-01-15 08:10:59,,52,经典好看，最爱看港片警匪片黑社会
爱幻想的小孩,4,2015-08-20 09:12:36,,48,只有我觉得没有美版好看吗...黄警官和梁朝伟挂掉时候那任性的配乐，动不动就黑白的闪回，是当观众傻吗。好在所有演员演的都不错，但受不了刘德华那捉急的演技，看着都觉得累。
貌美如花賈志國,5,2020-09-05 16:13:50,,46,梁朝偉比劉德華帥多了吧
、佚,5,2018-03-13 07:37:13,,44,无间道，给经典满分，仁哥不要太帅。
seabisuit,5,2016-10-08 08:03:44,,36,和陈永仁一天生日的我也不爱带表，看过太多遍但百老汇粤语版重看依然感动。港人热衷的身份认同卧底题材走上天台并把该片推上后97时代港片巅峰同时也是衰落的开始，而刘建明生不如死要弃暗投明的心态和因开门而死映照香港以及这帮创作者的走势再合适不过。虽有为续集设置青年和几处硬伤但制作很强大。
(๑⁼̴̀д⁼̴́๑),5,2016-11-07 16:25:04,,31,永垂不朽的经典，或许再也没有一部能够替代他在我心中的地位。梁朝伟和刘德华帅气迷人，演技精湛，一直都是我心中的不老男神。
梦里诗书,5,2015-04-22 17:26:59,,31,警匪题材无疑是香港电影颇善把控的类型，而《无间道》则是该类型中的巅峰之作，它将警于匪的关系予以了一种互换式的呈现，紧凑且不失分寸的叙事架构，孰善孰恶所孕育而出是极佳的悬疑观感，用宿命所渲染无法更替的悲情，人性的深度在此无间得以耐人寻味的攫取。
林探惜,5,2016-03-28 09:07:11,,35,节奏太好，小陈小余小杜正逢胶原蛋白鼎盛时期，下巴都是尖的！伟仔已经帅到我完全忽略他的身高了==
卢鱼鱼er,5,2021-02-06 15:20:30,,38,陈永仁不怕见光却始终活在地下，刘建明黑底洗白受身无间，却必须永远背负黑白两道“一将功成万骨枯”的宿命。权力斗争和博弈之下，掌权者可以一键删除公义和真相、身份和人生，有资格谈论公义，可以选择做个好人。感受到强烈的压抑窒息和身份焦虑，尤其今日看来更像一语成谶。
糖罐子.,4,2018-06-29 14:36:19,,40,港匪经典。「无间道」的出色在于黑暗与光明的双生，一个从未沉沦，却没有了身份;一个纵使向往阳光，却已经踩在黑暗里，即便想拔出脚来，终会带出淤泥。所有的行为必然留下痕迹，所有的生活皆不由己，白驹过隙，回眸刹那，归路无期;受身无间者永远不死，寿长乃无间地狱中之大劫。
Lan~die,4,2020-04-22 08:09:28,,40,香港电影救市之作。这片子的成功一大半来自刘德华：创作了初版剧本；没人投资到处求，亏了就扣自己片酬；片场里半个导演，比如著名的天台戏；全程参与剪辑，思路是多给刷脸请来的人镜头，自己尽量少点镜头。刘这个人太完美主义，做十分说两分，不做到完美宁可不署名，于是一直想当导演却一直没当成导演。林家栋为他不平的则是，作为演员，怎么能这样无私。本来更有机会拿影帝，乃至入围最佳导演的，可惜了。
天才小猫崔然竣,5,2022-02-19 21:22:11,,49,我为什么到2022年才！看！完！帅哥密度高得我晕厥🆘名场面一个接一个碟中谍计中计卧底扮卧底内鬼抓内鬼。你方唱罢我登场真是一出好戏好精彩。当时的电影好敢拍好人通通不得善终反派倒是一将功成万骨枯真是看得我唏嘘不已啊。
暴富的女孩是我,4,2017-03-21 10:53:51,,131,很经典的电影，那段天台戏，虽然现在都被玩坏了，但不得不说是教科书一般的存在。
爱情海,5,2017-04-27 21:45:54,,84,无间道，这么精彩经典的警匪港片，我居然最近才看，人际线错综复杂，逻辑合理，梁朝伟对内心世界与忧郁眼神的演绎简直完美。
４％,4,2021-02-01 17:05:33,,80,陈永仁虽然死了，但他终究恢复了身份，脱离苦海。而刘建明却要隐藏所有秘密，继续伪装扮演一名好警察。“给我一个机会，我以前没得选择，我现在想选择做好人。”有时候人生就是这样，一开始你觉得自己没得选，等你意识到原来以前有得选时，才发现一切都已经变得没得选了。
八贝勒爷,4,2018-04-11 22:52:27,,29,很喜欢的一部电影，第一部印象很深刻，那时觉得都很帅，演的也好，该青涩的青涩，该老辣的老辣，
顾盼,5,2018-04-14 14:55:47,,29,我想做一个好人，我不是一个好人。我想像一个正常人一样生活，我有使命。
柯里昂,5,2015-03-04 18:36:36,,36,十佳
诸葛若见,5,2011-07-01 02:03:29,,24,刘健明与陈永仁在黑社会与警察双重身份中挣扎，两人都忠于职守，可无间炼狱没有轮回，只有永远受苦。2003-03-06
鎮長,5,2017-06-25 21:01:29,,32,我也忘了看過幾遍。華仔當年沒辦法拿到金馬獎也是沒辦法，梁朝偉演技根本是神。因為愛我把這片美版日版都看了一輪，都拼不過原作....
蓝色啄木鸟,5,2017-02-22 12:48:30,,36,歌儿很好听，港片经典！
卡比巴拉的海,4,2017-04-06 15:25:25,,90,香港电影史上永不过时的杰作
柔城,5,2022-12-13 21:37:38,湖北,33,难怪当年封神。干净，简单，明了，回环，如无间道之名，大道至简。
小爱,NaN,2019-10-18 22:28:46,,26,这十几年来在各种场合看梁朝伟在天台用枪指着刘德华无数次，今天终于把正片看了。前几十分钟都没啥感觉，然而，最后二十分钟，我突然理解这片子为啥能有现在的地位了。
思考的猫,5,2011-10-23 15:16:12,,32,8年后再看一遍，深感这部电影无愧香港电影近十年来最辉煌一刻，剧情、节奏、表演，甚至配乐都令人赞叹。
HenriqueZZZ,5,2012-07-06 21:32:40,,26,集合了香港电影工业最强大的部分而成的大片，诞生在港片没落的年代里确是一支强心剂，但也正因如此，它显得那么不合群，像一个老者吐纳着沉重的呼吸，终究马上会被湮没。
思路乐,5,2017-10-21 18:05:40,,20,【A+】演员、导演、剧本、构图、剪辑....这一切的一切，都出乎意料的好，配合的更是惊艳无比，使这部电影达到了“好看”的最高境界。还有，如果真如他们所说，是“香港电影最后的辉煌”的话，那我只能说:香港电影这一仗，打出了最值得为我们所铭记的尊严。
LucyStar,5,2020-12-18 22:22:35,,26,最佳警匪片。梁朝伟这部里面演的比刘德华好。
托尼·王大拿,5,2010-01-23 10:54:55,,13,毋庸置疑的港片救市之作。
倩倩啦啦啦,5,2017-02-11 18:21:25,,15,很过瘾啊！！！香港的经典之作，永不过时！
栗子,5,2021-08-22 23:11:26,,35,前半段还在想就是个普通警匪片怎么成为神片的，直到黄sir死了，后面的剧情真的称得上是神了。最后电梯里的那场戏，全程我都：我去天啊我的妈呀。刘德华真是太有魅力了，不枉是我五岁的偶像。
littletwo,5,2007-07-07 23:24:10,,26,《无间道》三部曲是我最喜欢的电影！
荞麦,4,2012-10-19 23:36:42,,19,现在再看当然简陋。但一个“好主意”真是无敌的！而且难得的是，在“好主意”基础上的细节完成度也不错。
北风其凉,4,2022-12-29 12:40:28,江西,25,重看是祛魅的过程。逻辑问题略多了，警局竟然让当时参与事件有嫌疑的人进行内鬼调查。阿仁电影院擅离职守不会被怀疑是内鬼。刘建明看过那些黑社会成员档案不销毁就算了还在见对手的时候摆在桌子上，阿仁手握刘建明证据又为何匆忙离开警局反而让自己警察档案被删。最大的优点就是重要人物身上都有一种悲伤的宿命感，梁朝伟身上一丝丝玩世不恭又略带疲惫感伤的气质太适合电影了。
思路乐,5,2017-10-21 18:05:40,,20,【A+】演员、导演、剧本、构图、剪辑....这一切的一切，都出乎意料的好，配合的更是惊艳无比，使这部电影达到了“好看”的最高境界。还有，如果真如他们所说，是“香港电影最后的辉煌”的话，那我只能说:香港电影这一仗，打出了最值得为我们所铭记的尊严。
LucyStar,5,2020-12-18 22:22:35,,26,最佳警匪片。梁朝伟这部里面演的比刘德华好。
托尼·王大拿,5,2010-01-23 10:54:55,,13,毋庸置疑的港片救市之作。
倩倩啦啦啦,5,2017-02-11 18:21:25,,15,很过瘾啊！！！香港的经典之作，永不过时！
栗子,5,2021-08-22 23:11:26,,35,前半段还在想就是个普通警匪片怎么成为神片的，直到黄sir死了，后面的剧情真的称得上是神了。最后电梯里的那场戏，全程我都：我去天啊我的妈呀。刘德华真是太有魅力了，不枉是我五岁的偶像。
小爱,NaN,2019-10-18 22:28:46,,26,这十几年来在各种场合看梁朝伟在天台用枪指着刘德华无数次，今天终于把正片看了。前几十分钟都没啥感觉，然而，最后二十分钟，我突然理解这片子为啥能有现在的地位了。
冰红深蓝,4,2015-11-16 22:43:55,,21,故事、摄影、剪辑、表演都无可挑剔。港版美版风格迥异，各有千秋。美版更写实，粗粝直接，港版更浪漫诗意。个人更偏爱美版，人物刻画更胜一筹，结局也更爽快（虽然这一点反倒是港版更现实），港版表现性的元素较多，宿命感突出。（8.5/10）
littletwo,5,2007-07-07 23:24:10,,26,《无间道》三部曲是我最喜欢的电影！
欢乐分裂,4,2013-10-10 21:51:05,,13,按照250单子补标重看；眉尖的忧愁，煎熬的抉择，辗转的失眠，决战的天台和电梯，那一曲沙哑响起，跟随命运逐流；每个角色都极出色（几乎像是一场“本色”演出，几乎就是这些人一直以来包括日后的路线定型），连刘天王也不那么讨厌了，尤其看到杜汶泽当年那么青葱，真是啊啊啊！
花落  思量错,5,2017-03-21 10:39:28,,51,特别经典的警匪片，敌中有我，我中有敌，真真假假的卧底人生，感觉这部片子让所有演员都达到了巅峰。
街,5,2023-02-06 22:41:51,河南,23,还是想说。香港电影为什么总是有那么浓厚的宿命意味。镜头里总是明暗闪烁，像某种宗教的预言
胖胖小君君,4,2017-02-13 11:47:41,,10,为了每个明星的盛世美颜啊，都太帅了啊，简直好看死了😍😍😍
蚂蚁没问题,5,2008-03-11 12:19:58,,11,不管重温多少遍都还是那么喜欢
SUOLON,4,2017-04-18 23:41:32,,14,剧情很好，让人感受到善和恶。很喜欢这种警匪片，情节刺激，有很多缜密的细节值得推敲，一场激烈惊险的卧底故事。
安蓝·怪伯爵𓆝𓆟𓆜,4,2006-06-28 15:43:52,,11,再见警察
徐若风,4,2012-12-15 17:24:01,,12,...
GuessGuess,5,2017-03-30 21:53:29,,21,犯罪与刑法选修课上放的太赞了!!
私享史,4,2022-07-03 02:02:36,,5,上大学的时候同学热情推荐我看《无间道》，我没有看，几年之后把美版《无间道风云》都看了，还是没有看原版。今天看过之后觉得过誉了，作为那个年代香港盛行的小成本小制作小格局小场面警匪片，在节奏的把握和剧作的巧思上还是杜琪峰的银河映像玩得更溜。开场那段两方智斗的平行剪辑实在很精彩。梁朝伟实在是有演戏的天才。本片粗糙欠打磨的样子还是很明显的，在看了大家的充分讨论之后，我确认黄警官竟然不知道换个楼层躲避黑帮是剧作设计上的严重bug。
LEMON,4,2017-05-22 22:40:18,,8,剧情很紧凑，香港警匪片的经典～人在江湖，身不由己
Ada的B计划,3,2018-05-25 20:10:27,,11,编导个人水准使成品充斥着肤浅的表面工夫，废词废戏废镜头，糟糕的配乐与闪回审美，无节制意识。优秀的整体框架经高人改造后终于造就经典
yocofcjx28,5,2017-07-14 09:35:03,,17,一代经典！看到最后心里还是挺不好受的~~~好人不一定有好报。。。但是有时这就是现实不是吗？
伊夏,5,2014-04-18 22:08:08,,5,没有粤语音轨捉急死我了。【2014.04.18】
蓝笔风,5,2016-11-15 22:46:17,,17,优秀至极的群像演技，足以稀释掉了一些执导的不足，梁朝伟与生俱来的银幕魅力和表演让苦役派的刘德华只有叹气的份儿，当然后者的卖力与角色一样足够心酸。MOMA银幕重看。
碧落亦然,4,2008-06-05 11:38:14,,10,道高一尺，魔高一丈？？？虽然里面的感情戏很突兀几个女主角都是为了露一下脸的感觉，但是这部片无论从节奏还是整个剧情都拍得很好，再次看也还是非常有感觉。
Crush⁺,4,2017-05-16 19:42:14,,8,出来混，迟早要还的。
Frankie,3,2021-10-13 13:45:08,,29,逻辑不通顺，黄秋生的死，刘德华的暴露，类似这种关键情节都是刻意为之，故事都讲不好，不明白这片子是怎么担起拯救港片的重任的。
元宝宝,4,2017-07-15 20:10:56,,12,不客气的说，此片可以称为港片里程碑式的作品！
Chrisco,5,2020-09-20 11:55:10,,44,我想和他换因为他真的是好人但我不是
请你吃童话,5,2016-10-09 09:56:59,,7,香港影史上的一大篇章
ᥫ᭡້໌,5,2017-03-10 10:10:25,,13,经典，每个人都是巅峰。
fuck you 👙,5,2017-04-21 12:15:17,,9,很经典的警匪片，梁朝伟与刘德华演绎的很好！
老人家,3,2018-02-08 08:27:25,,24,看了感觉还好吧，都是些老牌演员
我lu不会飞,4,2017-04-27 22:25:24,,6,超赞，喜欢这种题材的
润物,5,2007-03-31 13:57:01,,7,横空出世的无间道，承载了这类影片的太多经典，达到了香港警匪电影的新高峰，也是一座很难被逾越的巅峰。
sharon,4,2017-03-19 22:47:45,,35,我心里港片的巅峰，剧情和立意都格外好。值得一提，曾志伟在里面贡献了他演绎生涯最好的演技
未名树,5,2023-01-22 18:26:46,湖南,25,一个个人物的死亡，不断下坠的电梯，直通向阳光下的无间地狱。
日灼,3,2017-01-02 15:37:55,,7,梁朝伟把文件袋不放好选择摊牌的时候整个剧的智商瞬间被拉低了，很多细节看似合理实际很牵强，情感戏也是突兀的够可以。
UrthónaD'Mors,NaN,2011-09-29 12:36:25,,10,中学一起组织看的真没人觉得蔡琴那首歌是唱给死人的吗
LORENZO 洛伦佐,3,2019-03-03 01:59:55,,28,大概就是无感
寂静时候不欢喜,5,2017-04-26 23:41:36,,9,最喜欢的警匪片，香港警匪电影的巅峰之作，还被国外拿来翻拍。
阿依达,5,2011-03-18 17:21:24,,7,情节牛a，演员牛a，画面牛a，音乐牛a，逻辑牛a，没的说了。史诗一般的电影呐！
阿锦,NaN,2017-09-23 07:32:38,,13,我们都在不断赶路忘记了出路。
不吵的猫,5,2017-03-14 11:46:44,,6,好帅啊呜呜
等一个人,4,2008-12-12 20:57:46,,3,只拍第一部的话就好了
A-sun*,4,2010-10-08 12:12:46,,6,国庆长假终于翻煲了一直没有看全的无间道。陈冠希当时是如此嫩而余文乐的脸也如此青涩。
ᵀ ᴬ ᴺ ᵀ ᴬ ᴺ,4,2020-03-07 00:35:53,,3,好久没看港片，听到熟悉的粤语感慨以前港片多火，演员都是熟悉的面孔好怀念。这么经典的电影怎么才来看，看到后面两个卧底在天台上互斗才想起小时候在电视上看过这个片段。陈冠希→刘德华，余文乐→梁朝伟，不得不说表情都有相似的地方。整部片对梁朝伟印象最深刻，演古惑仔很像烂仔还痞帅痞帅的，做了黄Sir近十年的针三年又三年又三年，只想回去做回警察当个正常人。在一次交易失败后，警匪双方都发现有内鬼，故事开始推进。黄Sir为了保护阿仁自己被害，从楼上掉下来砸中阿仁刚下车的的士上，场面太惨烈。刘sir作为黑帮卧底在警局里却步步高升，当卧底的身份被未婚妻发现时他说只想做个好人。结局还是有点意外，一时分不清刘到底是坏人还是好人，电梯里阿仁被枪杀又一次唏嘘，有反转。还好在女医生的帮助下阿仁警察身份被保留，陈慧琳好漂亮。
流浪小脂,5,2020-02-27 14:35:41,,9,有时候恰恰是为了做个好人，要承担无数秘密的掩瞒、万无一失的算计、天衣无缝的计划，和永远得不到的心安。
吃瓜的小土豆儿,5,2017-06-13 18:33:48,,8,香港电影的巅峰之作，质量不错，导演功力深厚，编剧也很棒，演员演技在线！
神威,4,2013-02-23 00:33:30,,15,台词没有那么有嚼头，略微带出后两部故弄玄虚的先生，最棒一幕在秋生佯装电话闲人，电梯在关闭前一秒被冷笑壮汉生生扯开，秋生缓缓抬首一幕，主题曲是我唱k三大必唱之一
圣墟,4,2016-11-12 22:08:03,,7,当年的一阵风，感染了一代人的青春
一路有你,4,2017-04-12 18:01:10,,6,梁朝伟的确是有魅力的人。
dellizheng,5,2016-09-30 00:14:49,,10,本来不应该做任何评论，但忍不住说，我太喜欢天台的场景——在天台上，香港仿佛无比开阔。
刀叢中的小詩,4,2020-12-13 23:45:06,,9,以前总说，书必冷时才读，电影必冷时再看。《无间道》这一冷冷了十多年，看完是非好坏不及细论，总喜欢蜕去警匪的两身皮囊，放到一个更大的时空里去看：人人都是不自觉的棋子，人人都是来自宇宙的卧底。最后的一声枪响，电梯门开合的一瞬间，生之愕然，命运之惨刻，莫过于此。
荒也,5,2012-02-11 15:40:42,,12,谁是警察，谁是内鬼，谁是好人，谁是卧底。哪怕到了最后大家都没明白。没有子弹的香港警匪片，却有走钢丝般的惊心动魄。剧情完胜！ps：萧亚轩角色的意义是什么？完全多余啊。
Berlinka,5,2019-06-10 23:31:49,,14,重看。还是震撼最后五分钟。一个想做好人的人，害怕一个从来都是好人的人。寿长为身处无间道间永恒的劫难。
曼靑,3,2013-04-28 20:14:48,,10,很多年後我才知道原來第二部昰第一部的前傳。這部片我前前後後不知道在電視上看了多少遍。我還記得梁朝偉對黃秋生說我已經很累了。我不想再打打殺殺了再繼續在黑社會混下去的話可能銅鑼灣下一屆的話事人就是我了。我想做個普普通通的警察我的辦公室一定要面海的那種。還有我這輩子也不想再見你。
Epicentro,3,2022-12-05 13:08:30,美国,6,故事还行拍得是真糙我永远不懂“港片情怀”这四个字
沈昆默,5,2009-08-27 15:38:55,,10,萧亚轩的泪光
Vamei,4,2012-08-28 15:28:31,,14,挺温情，也挺悲情。每个人似乎都被绑架了，无论是警察，还是间谍，还是黑道。
Interstellar-A,5,2023-01-03 23:04:28,北京,6,一部中国电影，还没看，在我心中就已经凭印象有点减分了，但这部属实是惊艳，疯狂打我脸。节奏很快，时长较短，几个紧张的戏份都拍得不错。名场面很多，终于看到出处。主要人物着力刻画，人物关系很有看点，几处意外的剧情发展配上再见…警察的配乐，着实动人，直接泪目。配角也有出彩的点，黑帮小弟几句话也能感动到。黑帮的卧底最后弃暗从明还是缺少铺垫，算是一个缺点
风蚀蘑菇,4,2012-11-10 15:55:28,,5,即使冲着全盛时期的香港全明星卡司，也是值得看的。陈老师阿乐（¯﹃¯）。。。（以下省略花痴一万句）关于立场和自我认知的探讨很有趣。结局真有“一念成佛，一念成魔”的感觉
喻鸣,5,2013-04-07 17:28:43,,3,警匪片里常见的边缘人题材，拍出了新境界。扑朔迷离的人物关系，纠缠错位的命运，紧张无声的心理交锋，几场对手戏百看不厌。三部通看才知其叙事之宏大，线索之纷繁，远非其他电影可比。最赞的是人物纠葛，陈刘黄韩，随便一段都让人悲凉与叹息，比老马的《无间风云》高出不少档次，主角配角戏都亮瞎。
杉爷,5,2015-06-22 19:48:11,,2,一直留到现在才看。感觉像是一道佳肴，听每个人说如何的美味，却只是想象。终于入口的那一天，各种滋味，竟比听来的更无与伦比。最喜欢最后的转身，“我想和他换”，陈冠希余文乐梁朝伟刘德华的四张帅脸，加上配乐，简直了。
绿小野马,5,2015-11-29 23:42:34,,6,剧本太精彩，可惜梁朝伟发现刘德华是卧底后选择逃跑这个情节太不符合逻辑
与山风,3,2022-06-28 07:34:42,,11,这高分，这排名……不至于吧？
少数派的报告,5,2017-06-06 02:40:43,,10,是非黑白，没有绝对的，有时候想当好人很难
过期的秋刀鱼,5,2020-09-12 20:23:32,,12,影片极度冷峻克制，弱化了冲突间的暴力，但那种震撼又从心底里被激发，完全是人物平静表象下的惊涛骇浪。撇开单纯的“兵匪”来讲，无论处于哪个角色的角度，都是一种很“焦灼”的状态，身份得不到认可，不能完全融入到集体之中。人是社会性的，而集体是安全感来源。还有人物的“孤独感”，陈永仁看到前女友带着小孩，会不会想如果他的身份是个警察，现在不会有这份遗憾；如果心理医生相信他说的“我是警察”，也不会回他一句“我也是”。他说了，没有人相信。而刘建明是说的话别人都会信，但是他不敢说。女友问他，“好人做错了事该怎么办”，他推脱这些是写作的人的想法。他在警察局里一步步向上攀爬，也有很多的破案事迹，他想相信自己是个好人，但他知道他的底色是黑的，他想要变好。孤立无援，个人一直都在强行抗争。
私房歌,5,2017-01-21 13:48:28,,3,终于有机会在15年后独自一人重新看完了无间道，新世纪以来港片的里程碑和标杆影片，可惜这样的影片还是太少太少了。
陈某人阝,5,2023-05-19 18:50:57,安徽,33,陈永仁的灵魂在地狱永生，刘建明的身躯在人间受劫。佛曰：“受身无间者永不死，寿长虽无间地狱中之大劫。”
请保持高冷,5,2016-09-13 10:47:32,,14,心碎了
Chicago,5,2023-01-01 00:20:15,广东,10,跨年睇梁生，大年初一依旧睇梁生
品客,5,2008-11-05 22:21:14,,3,经典神作！
DrSheldor,5,2020-07-27 00:54:24,,27,一直觉得如果陈永仁在刘建明办公室发现秘密后，假装没发现，恢复了警察身份后再摊牌，就不会输了
林有狐,5,2019-10-07 16:07:03,,3,庄文强是村上春树的粉丝这个大家都知道了。庄文强在编剧《无间道》时至少向村上君学到了两点。其一是那种双视角的对称结构。其二是那种“从日常到超越”的渐进手法。某种意义上，所谓“无间”，其实就是刘德华和梁朝伟这两个角色的“世界尽头与冷酷仙境”。
不良少女,3,2017-04-27 20:53:55,,6,满满的都是套路呀，真长知识，得杀死多少脑细胞，
who care u,5,2023-05-04 14:10:58,湖南,11,没事就会点开看看，经典就是经典，演员没一个拉胯的。
momo,5,2021-07-15 20:42:55,,13,沉默的真相里面的白宇真的很像无间道里面的梁朝伟！怪不得我看梁朝伟越看越觉得眼熟！梁朝伟和刘德华让我体会到了“手心手背都是肉”的感觉，两边都想战队。全片紧张刺激，名场面甚多，很烧（我的）脑。电影拍摄手法、叙事手段一流。
高詩遠,5,2019-12-28 23:23:02,,1,紧张的气氛塑造得太好了！！警匪双向卧底的决斗让我意犹未尽。但是其中有两位死亡的时候放的那段《再见警察》莫名有点搞笑，也许是因为这个梗已经被玩烂了。
木由,5,2021-02-08 01:33:05,,8,「不守规矩的人，就会像他这样，滚蛋。你们有没有人想和他交换？」「我想跟他换。」
爱吃糖的猫,5,2017-03-31 23:04:54,,3,这个太经典了以前我没得选现在我想做个好人
bird,5,2012-12-07 10:55:04,,2,谁知道永恒的恐怖？
狗富贵,5,2017-05-05 17:59:09,,2,当你选择站在黑暗的地方就没得选了
Microcosm.,5,2022-07-13 20:32:55,,16,两大影帝飙戏，众多配角成名。无间道的黑白错位，是属于梁朝伟和刘德华的时代。
非想,4,2013-10-07 21:04:20,,9,刘德华近朱者赤，梁朝伟近墨者未黑。所谓身受无间地狱者不死而受永劫，即永远不能做真正的自己，用太宰治的话说就是「人间失格」，这点和《色戒》中的王佳芝、易先生都差不多。故事其实并不复杂，但黑白两正邪博弈的过程精准到位很吸引人。
烈焰红唇龙,5,2016-06-15 13:47:48,,5,最后的余光。
象埃雪溪,4,2022-10-10 16:24:57,,4,刘建明一直帮黑恶势力做事，然后靠关系在警局里越爬越高，他虽然说自己想当个好人，但他来路不正，他那点善念是因为长期的警察身份和女友的期待，但实际上他为了自己的位置杀掉韩琛，而且队内黑警对他的提拔，他根本就回不了正路，而陈永仁虽然在黑社会里当了多年的卧底，对自己的身份认可产生了怀疑，但他是站在黑暗里却可以拥有阳光的人。
雷宝珠,3,2018-07-25 22:16:36,,4,本直女不喜欢打打杀杀
千寻亿选,5,2011-01-04 15:11:34,,3,新世纪港片的扛鼎之作，可惜第二年就发生了Sars，对影视业打击太大了
林小虫.,5,2019-03-12 22:16:49,,9,零碎的心窗不是被枪击碎的，而是被那三年的隐忍，三年之后又三年，三年之后又三年的隐忍。挽袖揍人的人不一定是个坏人，高举证件的人不一定是个好人，其实刘建明和陈永仁俩人都是可怜鬼，困阻在现实的目下不得抽身。到最后骄傲地说出我是警察，然而“警察”两字像是发出了尖锐的噪音般嘈杂刺耳，十年来从不敢道出的身份，被一句谁知道无情驳回，所有的泪都在一声声枪响中流失。
ZERO.,5,2023-01-12 17:05:45,黑龙江,3,我超！太好看了！很多片段都有一种没明说但是一切尽在不言中的感觉！and好喜欢这个结局！！！（港版的）
Puff,5,2022-12-31 16:59:44,中国台湾,2,20周年4K修復大銀幕杜比全景聲版｜以前我沒得選，現在我只想做一個好人。你想做一個好人？去跟法官說吧。雙雄對峙，各自站在時代洪流的交會處，一個以暗的身份站在明的位置，一個以明的身份站在暗的位置，好人壞人的界線徹底模糊，只有片中的高端音響以及播放的曲目《被遺忘的時光》能聽出玄外知音。少數能將警匪題材套用佛學哲理的絕非無間道莫屬，「受身無間永遠不死，壽長乃無間地獄中之大劫」，陳永仁的死是時代的不幸，但對他來說絕對是脫離無間地獄的解脫，華仔的存活到了《無間道3》便完全反應了無間地獄之痛，多年後重看仍舊是警匪類型片最高，同時還是簡潔有力的巔峰典範（老馬丁的美版實在差太多），偉仔只要眼神殺就可以斬獲金馬影帝，我是華仔我都忌妒死了，所幸無間道3也讓華仔的痛苦輪迴表演拿了金馬影帝。
李小宅,5,2011-04-19 03:19:09,,0,我是倒着看的。
铎mao猫,5,2018-02-05 10:59:11,,7,先看的美版，制作精良，剧本改得也不错，上等警匪片，就是给人一种冷冰冰的感觉，而港版原版说实话剧作漏洞挺多的，但是多了人情味儿、宿命论等一些禅意，加上所有演员完美的表演，造就了这部影史经典。
断肠人在刷牙,5,2013-11-25 16:32:33,,8,港片里程碑！
刚,5,2019-08-18 14:42:09,,3,好看
HALO未来,5,2008-05-18 14:31:08,,0,港片巅峰三部曲
鱼丸粗面,5,2006-10-21 13:26:37,,0,理清因果头绪
fence2004,5,2010-01-13 22:44:31,,0,三部都值得一看。
Bright Sun,5,2010-01-23 12:00:45,,0,香港至今最经典的好片
Mioko,5,2010-09-17 00:15:40,,0,赞
假水,5,2022-08-22 21:38:07,中国香港,3,20210214许愿让我有机会在影院温习/20220822HKIFF46PE影节过半看完最受震撼的居然还是这部（也或许是目前唯一看完有所震动的👀）买票的时候犹豫已经很熟的片子有没有必要再看一次现在我只后悔当时为什么没直接买马拉松三部曲场呢/只要我在香港苟得够久想在影院体验的片子一定都能看到
已注销🇨🇳,5,2012-11-12 14:16:21,,0,老經典的說
V,4,2022-08-21 01:14:42,,8,无语，前面观感一直很好，到了黄警官死的那一幕，bgm一出来我就立刻出戏。
我不会死的,5,2011-12-11 09:31:33,,0,8.7分
做一件事很难吗,5,2018-03-30 09:35:40,,21,香港警匪片的经典代表作品刘德华帅爆了值得反复看的电影
Lies and lies,2,2008-06-28 22:11:56,,7,以前看的。剧情不算太有智商
章鱼小暖,5,2009-11-16 15:51:03,,0,几乎完美202305069.3
NN,5,2008-04-28 19:27:35,,0,很好很强大
Reynard,5,2008-08-03 22:54:36,,1,中国人的骄傲
lord5180,4,2021-01-18 09:03:40,,5,三星半吧。强烈要求豆瓣可以打半分。有几点没看明白：1.女医生的感情线是什么鬼；2.卧底吸毒还能保持这种状态？3.警察未婚妻就这么没下文？4.卧底在警察办公室居然表现的这么慌乱？看的国语配音，配音实在太差，太出戏。
发条.西.,5,2013-02-07 20:04:16,,2,无间道在电视上看了无数回，这次是我第一遍完完整整从头看到尾，好看！梁朝伟在这部片里的角色形象比他在王家卫所有片子里的角色加起来都帅。
vivien,4,2010-08-04 21:10:48,,0,很成功的港片警察黑帮的故事。。三部曲都蛮赞。。怪不得老美也拿去翻拍还得个Oscar。。呵呵。。
莉莉周,3,2019-06-07 20:24:23,,11,因为BGM，一有死人我就想笑
美女菜kun,4,2017-04-08 15:57:42,,4,港片中警匪片中的经典，不知道何时才能再来一部这样的经典！
我爱德芙,4,2009-09-26 10:39:28,,0,“对不起，我是警察”
虫天子,5,2010-11-03 17:02:55,,1,有的人错在未来，有的人错在过去，有的人错在路上
镜中的Alice,5,2009-01-17 21:34:11,,1,那是近几年来港片的巅峰之作了~~~
璁珑,4,2020-11-03 23:05:56,,7,经典中的经典。但我看时总觉得有些问题不是特别流畅。以及港片男人戏里的女人总是特别累赘去掉她们剧情也不会有太多改变至多是锦上添花。梁朝伟太好没有人会不爱他
茹影随形,4,2017-06-04 16:49:56,,4,这部电影最成功的是不是让一众演员都到达了表演巅峰？
怪猫,5,2012-05-25 16:59:15,,0,对不起，我是警察
不在服务区,5,2014-03-26 20:24:03,,0,主要演员10年后全是巨星这前瞻性
已注销,5,2012-08-12 21:14:08,,0,"男女皆宜(￣▽￣"")"
巽,NaN,2012-02-01 21:58:59,,4,电视在放，我弟要看⋯⋯
披着人皮的鬼,4,2012-01-09 03:28:09,,0,出现的很是时候
俩角形,5,2011-09-19 17:36:49,,0,这就是一个系列的伟大开始。香港电影也是可以做到精致，极致，和内涵的。让国人知道，这样的港片才是港人们的结晶。
王小邪,NaN,2008-02-04 00:31:33,,8,无间道的生活无处不在
Arthur,4,2011-07-29 21:01:19,,0,还是感觉没有美版的好
有心打扰,5,2010-04-19 12:49:53,,1,很难超越的警匪片，剧本、台词、演员、配乐、节奏等等，方方面面做得至臻至善，成为经典不是没有理由的。
哇哇哇哇哇,5,2011-09-11 18:19:04,,0,kkkkkk太棒了有没有居然等到现在才看从大构架到细节太经典了
roootless tree,4,2010-09-16 21:56:44,,0,不管我怎么看都是腐的。黑道BL小说的电影吧。把H等隐藏在屏幕的背后==+。大家都看过。我就不解释了。【香港最基的电影】
大尾巴鱼,5,2011-11-30 19:18:36,,0,初三上学期考完期末全班一起看的，当时没看懂，刘明远还给我讲了半天……
内触妙乐,5,2012-01-19 11:44:14,,1,处处充满伏笔，而且找不到任何破绽.至少需要看3遍才能明白每一个情节，这真让我怀疑剧本到底是不是他们抄的
木柵永樂町,4,2020-10-13 00:35:09,,2,不愧是經典！單從人物設定就非常有張力非常吸引人！
ivy,4,2007-08-28 06:49:26,,0,看过无间道风云以后就觉得还是人家的好...
迦南Canaan,4,2016-05-08 12:25:35,,5,港片巅峰，其实很久之前断断续续看完了，但今天是第一次正序看完。行云流水，剧作也好硬件也好其实还都是基本完成的，出彩是在演员，基本上所有的男演员都极棒。
Tom,5,2014-02-12 17:29:03,,1,我其实应该先看港版的。。。。比美版要紧凑连贯，很抓人
安德烈大叔,4,2013-01-15 22:42:00,,3,久违了
美美哒Cindy,5,2017-01-01 21:02:41,,3,对不起，我是警察，
阿翔需要美少男解毒！,5,2008-11-08 11:30:33,,0,好看。
Crazy Wen,5,2010-03-10 19:25:32,,0,近年港产经典
老羊,5,2017-05-04 12:45:18,,1,没看过无间道的，不算真影迷
celestebook,4,2011-07-20 20:42:45,,0,文艺和商业之间的成功之作
yf747126,4,2006-05-29 21:25:39,,0,我对刘伟强的感觉一向很淡，总觉得他个人风格不够强烈。至于演技，可能是我本身看不怎么出来
MissXtotheO,5,2011-10-03 17:35:33,,0,港片你能找到比它强的吗？
康斯坦丁,4,2010-12-23 12:13:27,,0,喜欢，经典，最重要的香港电影开始低迷很久了。。。
时间,4,2011-08-11 01:02:56,,1,没想象中那么经典，香港电影的叙事技巧依旧生硬，一个好故事拍出来就不对味了，这是因为文化底蕴太差么。
Rachel,5,2010-06-08 02:49:44,,0,大爱
知之,NaN,2007-07-08 22:53:19,,0,知之说好！
29.,5,2008-02-17 03:41:31,,0,我們男勒更喜歡【馬丁】的
面团团,4,2012-06-19 01:10:13,,0,再难见那么多“腕儿”凑在一起好好演电影。
巴巴罗莎蠢猫脸,5,2011-05-19 12:25:34,,0,“让我像你，你像我，怎么会孤独。”0927，陈永仁。
怀山鹿,5,2007-06-13 15:02:09,,0,此类型中，最爱#心中最好港片#看了第五次。mark
Rodge,5,2021-11-13 20:20:33,,57,梁朝伟在办公室发现刘德华是内鬼后，干嘛要一个人走了啊，先恢复警察身份后再揭穿不行么？
~leah dizon~,5,2007-12-21 17:02:53,,0,难以逾越的警匪
mau,5,2007-01-22 11:37:38,,0,近年难得的一部港片
Cheng,5,2012-10-31 13:50:07,,1,对不起，我是逗比
敏敏,NaN,2011-07-04 03:23:37,,0,主题曲真的是百听不厌
lanca,4,2012-02-29 16:30:49,,0,真的比老马那部翻拍的要好啊好么？
普照,4,2020-03-22 00:02:35,,2,其实毛毛糙糙的。但港片就是这样喇。没有觉得好过《黑社会》……｜20221220重刷，很扎实，缺点留白和余味。
Tracy,4,2012-06-18 16:44:31,,0,最特别最有看头的香港警匪片
子非,5,2012-06-18 13:09:07,,0,香港警匪片的经典之作
寂寥月神,5,2012-06-18 18:17:53,,0,香港电影最后的经典！！！
樱桃之远,5,2010-03-09 11:52:34,,0,第一部最好
寒木春华,5,2022-06-26 19:25:29,,1,前后十多年的各自“卧底”生涯，两个演员从青年到中年角色的变化，镜头切换中，人物的成长和分别一下子就出来了。刘德华这个“坏人”角色的游移不定，到最后用他人的牺牲成全了自己的好人角色的转变。好像是自己第一次看梁朝伟年轻时候的电影角色，一副邋遢不羁的样子，竟然让人感受到了魅力。还有更令人动容地莫过于，他由此至终对自己的身份对这份卧底生涯还持有的敬畏和坚持。能够坚定地清楚，自己是谁。
Rice,5,2010-12-06 08:37:41,,0,最棒的香港黑帮电影。。。
潘地曼尼南,4,2011-09-07 13:56:40,,0,来搞基吧~
Sean,4,2007-07-29 18:08:59,,0,就是这一部让我改变了对香港电影的印象，终于上档次啦。
飞船,5,2007-05-03 23:13:46,,0,到底是谁谁又知道谁
不侠与,5,2017-08-13 21:59:10,,4,经典港片的辉煌亦是每个演员最好的状态
Mark,5,2009-07-10 20:11:28,,0,應該是看過的最好的港產片吧
合疾||白痴,5,2008-02-08 21:49:21,,0,背弃原来的路
qianqian,4,2007-12-12 16:59:30,,0,不错
神楽茄子,5,2011-07-05 15:52:30,,0,佛曰：受身无间者永远不死，寿长乃无间地狱中之大劫。另，陈永仁的生日和我一样。+1
哈酷,4,2012-01-25 00:34:46,,0,经典
Adios,4,2012-11-12 22:28:54,,0,编剧很有创意。镜头语言丰富，有内涵。但整个故事经不起细细推敲，不太现实，不如寒战来的真是可信。如果说无间道能代表2000年的香港电影，那可以说和现在香港电影差别蛮大了，那会儿场与场之间喜欢用黑场，叠化来处理，现在都是像好莱坞学习，硬切快切，每场剧情非常紧凑，倒有几分美剧的感觉。
tricky_V,4,2011-04-05 11:33:00,,0,蛮好看的
漂流瓶bb,5,2009-04-14 16:59:18,,0,香港电影的一个里程碑
某小某,5,2007-12-09 18:21:24,,0,香港警匪片登峰造极的作品
肖以默,4,2007-03-24 00:36:21,,0,对不起，我是观众
蝌蚪往人,5,2013-01-13 09:49:51,,3,可以打满分的电影。杰作固然是一百分以上，但是这部可谓是把每一道题都做好了，标准的优等生电影。
Iceland,3,2010-04-23 20:32:12,,0,初中全校去看的，记得当时和瑜珩都想挨着某帅哥坐，最后都未如愿，导致电影都没怎么看
只手撕天,5,2011-07-30 16:07:13,,0,看完之后记住了黄秋生和杜汶泽。
Scorpion,4,2012-04-06 01:41:47,,0,香港电影的经典之作，值得一看再看
octopus,5,2009-06-05 12:12:40,,0,一个时代
丹,NaN,2006-05-30 22:05:55,,0,那时候的经典吧？不会在看了。害怕尤气味。
饭团126,5,2012-05-25 16:14:38,,0,港片的巅峰之作
🧸,4,2014-01-16 16:02:13,,5,很经典的香港警匪片。
复仇者,4,2020-07-08 22:11:36,,3,每當電影有bug時，我都盡力想出理由解釋bug，說服自己，這不是bug。但這部電影有兩段無法找到好的理由說服自己。1.梁朝偉發現劉德華是臥底那一段。2.警司和梁朝偉在大樓得知黑幫來了，之後警司死掉那一段，警司完全可以不死的。
Out Man,5,2007-12-03 21:10:25,,0,可以傲视全球的香港电影。一部拯救性的电影。
饭夫斯基,5,2010-05-20 01:18:19,,2,三年之后又三年，三年之后又三年，人生不也就这么反反复复地于无间地狱之中挣扎着吗？
Reminiscent,5,2011-04-19 09:54:45,,0,ThebestHKoriginalmovieinrecentyears！
Chaouki,5,2007-07-14 15:47:18,,0,总是要还的
开开!,5,2011-02-01 14:42:50,,0,一直说要载来看，结果大半夜江西卫视满足了我。。
马西嘿嘿嘿,5,2010-01-28 21:40:07,,0,补课补课。买凶拍人之后又让我对港片产生了无限的兴趣。
小矮人没有童话,3,2008-07-22 04:08:01,,0,对不起！我是差人！
小驷,4,2009-02-15 22:45:03,,0,不知算不算港片最后的挣扎
兀,5,2012-01-17 19:41:08,,0,对不起，我是警察
瑷珺,4,2017-06-04 12:24:34,,4,用全新的角度诠释了古老的故事，将好人和坏人都作为人来演绎，不用情节框住他们，而让他们在挣扎后抉择，进而推动影片故事的发展。
全力少年eason,5,2010-07-24 14:41:23,,0,牛逼的片子。。。。
嘛哭当拿路哆,3,2008-07-24 03:01:14,,0,最初的感觉很好，但是陈长的续集应该多做考量.
阿美,4,2011-03-27 22:07:02,,0,香港警匪片的里程碑。很有深度。
打少,4,2007-09-11 16:33:41,,0,wonderful
Uu,5,2009-03-14 09:56:26,,1,受身无间者永远不死，寿长乃无间地狱之大劫。爱情只是配料，忠诚和选择的故事。也能让我们落下泪来。
肚腩小胖,2,2010-01-17 11:56:17,,1,不攒
hiphop,5,2006-11-19 15:30:04,,0,香港电影的一座里程碑，无可挑剔的经典
lomo36,3,2007-05-23 16:03:38,,0,港片的一剂伟哥
Castro,5,2011-10-27 19:28:13,,0,港片最后的疯狂。
九°,5,2011-06-15 20:48:37,,0,如果把刘德华换成吴彦祖再把吴和梁的角色互换一下就完美了有木有！！
豆友149131135,5,2018-04-25 18:06:41,,11,香港最经典的警匪悬疑动作片，刘德华饰演的刘健明和梁朝伟饰演的陈永仁，经典形象深入人心。“我以前没得选，现在我想做个好人。”“对不起，我是警察。”“谁知道？”
單行線,5,2007-07-23 05:07:06,,0,香港电影史上永不过时的杰作
yixi,4,2018-05-26 23:48:23,,3,高中时看的，让我对警匪片起了兴趣。港片对警察和卧底刻画很到位。
神游少年欣小欣,4,2008-02-18 03:56:22,,0,香港电影..招牌菜?
忍者神龟,4,2008-09-12 23:45:13,,0,看了才觉得好看
Blue Moon,4,2010-02-07 21:08:43,,0,网上下的，直接把顺序排好了，这是当第二部看的
某人,5,2011-10-10 05:38:00,,0,香港电影史上的经典
stknight,5,2010-04-25 20:05:42,,0,港片的又一个巅峰
你好，地球人,5,2011-12-05 09:50:10,,0,看过最好的香港电影
无歌,4,2008-07-29 02:57:38,,0,这些年低迷的香港电影中偶然让人眼前一亮的作品
Over5,3,2007-03-14 11:27:40,,3,小子，我看你丫敢动一下得！
白月光,4,2011-06-11 02:37:06,,1,梁朝伟好帅，主题曲好听
兒子,5,2008-07-03 12:44:16,,0,道本无间人心有间
悬崖上的龙猫,5,2011-08-04 10:39:05,,1,黑帮中文艺味最浓的
Omega,4,2022-12-12 21:54:39,新加坡,2,环大陆4K重映。反复重看之后还是能挑出许多毛病，比如刻意露骨的桥段设计（郑秀文那个二十八个人格的小说创意我尬得脚趾扣紧，比如泛滥成灾的闪回（煽情二字写在脸上了都。当然如果只是看个两三遍的话，梁朝伟的个人魅力是完全可以掩盖所有缺点的。
易,5,2009-09-07 13:30:13,,0,港片的集大成者
蒋依飏,5,2008-09-27 13:21:46,,0,港片中的佳作中的佳作
狄飞惊,NaN,2010-05-18 21:19:42,,1,萧亚轩和梁朝伟遭遇那幕戏其实挺耐人寻味的，但好像影片后来并没给出解释。
寒塘鹤影,5,2022-12-05 01:17:56,广东,1,名气好大，看得好晚
a little mark,5,2011-06-02 10:05:59,,0,新世纪最佳港片！
Eggplant,5,2010-07-16 18:36:18,,0,没的说的突破
妈渴-瞪啃,5,2011-02-27 12:00:19,,0,摩斯密码毛毛虫虫
猫龟🐌,5,2011-03-31 19:57:37,,0,不必说了港片中的经典
思鄉の風,4,2010-01-02 12:44:18,,0,火热的大一。回家的长途大客上，出来混的，还是要换的，哈
坍塌,4,2013-11-29 01:28:52,,0,佛曰：受身无间者永远不死，寿长乃无间地狱中之大劫.★★★★☆
半透明,5,2009-05-15 22:18:56,,0,文艺黑帮片，香港电影的里程碑。
小嶋さとこ,4,2009-01-17 18:17:19,,0,当年在学校看的~~~高中还挺有人道主义精神的~~~
3❤22,5,2009-12-20 14:22:23,,1,佛曰：“受身无间永远不死，寿长乃无间地狱中之大劫。”
seeme | 北北,4,2010-10-15 23:19:29,,0,【1080P】我喜欢把好东西存到很久很久之后，有条件的时候拿出来慢慢欣赏。这部就是这样。曾经一起存起来的还有黑客帝国，古墓丽影，教父。结果这部悲剧了。
L,5,2009-12-14 15:10:33,,0,經典
邱春娇,5,2011-07-24 08:46:35,,0,港片的巔峰之作。
燕鱼不秃头,4,2022-01-06 01:05:03,,8,经典电影总是精彩得规规矩矩，大约因为后来许多电影的「规矩」都来自于此。最后那个反复开关的电梯门居然成了印象最深刻的地方，难以言说的徒劳感。
杨咩仔,5,2011-04-29 16:38:04,,0,傻强表现不错喔
LoVe,4,2012-03-24 00:20:37,,1,梁朝伟和刘德华都是男主角，但得奖的是前者。刘德华也就凑个热闹，还是片尾那歌唱的好。配乐有点刻意。但是有好的地方，蔡琴的歌虽好或许用的位置不合适，黄sir死的时候那首曲子很不错，以及结尾的苏格兰风笛。我喜欢傻强杜汶泽。我分不清两位主角年轻的时候谁是谁。
海獭,5,2008-06-14 11:18:53,,0,很过瘾，三大影帝飚戏，不是一般壮观。剧情也令人惊喜。
哆啦哆啦,5,2010-05-27 11:31:56,,0,倒不是说有多好，回归后港片淡市中的一个里程碑
jacqie,5,2008-02-07 16:39:50,,0,hk电影的辉煌，也许后无来者。情义、真假，虚幻缥缈，生在这夹缝中，位的只有生存，能支撑的只有信念~
蒜 | BOY A 🌈,4,2008-01-26 21:29:53,,0,2003.8.8vcd海岸
找了很久找不到,5,2009-05-08 02:57:43,,0,一种对话的气体。第三还是第四次看，强弱力量交替的节奏感惊人。
路人贾,5,2010-12-29 16:45:24,,0,这种经典无法超越。
景寻,5,2012-06-22 21:57:57,,0,有些人生，是没法选择的。
雷斯特雷波,4,2012-04-10 13:18:42,,0,单纯的只喜欢无间道第一集
水色恒久,5,2013-12-26 11:46:02,,0,剧情非常出色。虽然影片有一点小问题，但是瑕不掩瑜。
NAHTE,5,2011-07-15 21:22:24,,0,经典
momo,5,2009-10-21 22:02:47,,0,对不起。我是警察。
韩伯愚,5,2016-10-10 16:24:53,,3,至少目前来看，《无间道》仍然可能会是香港警匪电影最后的大师级作品，它在通俗题材中寻找到并表现出的内心孤独和彷徨，以及令人绝望的无尽苦痛，具有鲜活生动且强大猛烈的触动力。《无间道》系列对香港警匪电影的影响如此强大，以致已经束缚住了香港电影寻找更多创作模式的勇气。
Anday,4,2011-06-19 13:02:14,,0,百年不遇的经典
Indecent time,5,2016-08-25 19:14:42,,7,早年看三部曲，更中意第二部，过了几年以后再看第一部，有些细节变得比以前更戳人了，虽然之后的香港电影因为这部彻底走向了“精致化”的不归路，但这也得怪资本家，嘻嘻（再重申：梁朝伟是本直男眼中帅的标杆）
YAAAAAEEEEDIE,5,2011-07-19 23:51:09,,0,其实导演是已经还陈永仁一个公道了。
灰斯基,5,2007-12-07 23:22:40,,0,最好的香港电影
T,5,2010-04-13 10:40:16,,0,黄秋生最坏
小骨,5,2008-10-12 10:41:29,,0,牛x
德川咪咪,5,2017-12-16 10:22:50,,8,太好看了！我是说陈冠希！
PHDD,5,2010-03-28 03:18:32,,0,人死后，灵魂会飞上天，碰到云会变成雨落下，所以没有人会真正去到天堂。
dagongcai,4,2006-07-07 13:16:09,,0,226
Esther GDB,5,2011-01-18 18:33:54,,0,当年非常喜欢的
真空保鲜,5,2011-04-04 21:56:52,,0,97后，香港难得的杰作
有橘,4,2015-10-28 21:02:16,,1,即使放在现在，也会是一部好片的
呆,5,2011-01-19 19:15:37,,0,各方面都觉得不错的电影！
北野海德,5,2008-09-21 22:02:34,,0,我已经看了至少超过10遍了，不知道为何如此迷恋
francisca,4,2008-02-29 15:50:23,,0,goodstory，butandystillsucks
dizzydancer,5,2007-12-23 02:32:10,,0,港片一无间道一大话西游足矣。
TesLa,5,2009-09-29 20:37:34,,0,重温一遍，经典就是经典
fight2010,5,2011-05-11 14:47:56,,0,音乐情节人物各种喜欢~
至誠,5,2022-03-22 18:31:24,,3,哇，绝妙的4k修复！
哼哼的Edge,5,2007-10-03 14:01:56,,0,会不会是香港最经典的警匪电影了？？？
淡定哥走路带风,2,2008-04-12 07:12:15,,1,Youcanmakeyourselfmuchmorematurethanthedemoeveryoudon'texistthough.
今朝,3,2010-12-17 21:55:23,,0,也就那样吧
zonovo,4,2007-03-22 21:51:19,,0,画面很干净
放把火烧了,2,2008-05-11 13:59:47,,0,做作
习习龙卷风,5,2007-05-06 13:17:08,,0,香港电影的顶峰
蓝颜祸水,5,2009-10-02 09:04:55,,0,极具香港特色的片子~剧情很不错~音乐也很好~而且大牌云集~名字起得也有深意
Bob,4,2012-03-19 08:01:23,,0,就因为讨厌刘德华，一直没看，现在看完恨死刘德华了！！！
亲爱的我呀,5,2008-09-08 22:38:05,,0,港片的经典
小子🌈,5,2008-03-09 22:25:38,,0,香港电影的起色
蕊蕊,4,2012-02-07 20:35:51,,0,既生伟何生华啊
贾斯汀,4,2007-08-23 16:46:07,,0,黑白两道
NaSK,5,2010-06-06 03:33:28,,0,香港卧底黑帮警匪片的巅峰
托尔,5,2010-05-03 20:17:39,,2,那个年代最帅的两个人情节如此饱满我怎么才看啊......
冉染染,4,2011-06-02 12:25:04,,0,谍战电影中的经典
kid,5,2009-05-31 23:51:11,,0,香港电影传奇
暴走如来佛,3,2013-02-24 16:32:08,,0,果然没什么印象的片再看也不会觉得好
ck  star,5,2010-01-28 01:54:25,,0,国人骄傲的剧本
香蕉屎⊙,5,2010-03-12 18:31:46,,0,看到一个半小时后还认为是最多4星的程度，毕竟片段看了太多太久，天台一幕更是多到滥，大大降低我对片子的完整观感。看到结尾之处回头想想，全片确实精彩，何况只一个四星也太对不起秋生叔那一摔了
我gay家家慌,4,2009-12-09 15:27:21,,0,没事又拿出来看了一遍最后陈永仁葬礼时萧亚轩带着女儿那几滴泪真是伤透了心！
大海,5,2010-10-25 17:51:02,,0,好看但只限于第一部！！
jerryjili,5,2007-12-14 20:29:51,,0,编剧好。。
黄海,5,2010-02-12 16:46:03,,0,秩序不是事情解决的最佳途径
狐狸牌葡萄,5,2010-02-26 10:06:17,,0,国产电影片的一个里程碑剧本还去美国翻拍了啧啧
aiya风,5,2011-04-03 17:18:43,,0,再见，警察。
Evil freedom,3,2012-10-28 16:59:56,,0,以前断断续续看过很多次，但直到今天才完整地看了一遍，也就那样
☺Ahiba,5,2011-01-05 20:37:26,,0,骗来骗去累不累。
井谷射鲋,5,2009-03-28 19:07:57,,0,港台十年最佳，绝对经典，值得反思。
蒙东蛙王。,5,2011-01-23 21:02:04,,0,香港电影的经典看了不知道多少遍了都
解离,4,2016-06-30 17:00:29,,2,经典啊，看经典不嫌晚~梁朝伟是无敌的……
糯木,3,2012-07-20 16:33:27,,2,过誉了吧，漏洞一大堆，但表演不错（刘德华除外）。
七宝,5,2008-05-08 03:27:01,,0,大爱的老梁。。。
二去,5,2007-06-21 14:48:42,,0,出色的曾志伟很过瘾很享受的片
何小乐,5,2010-02-26 21:48:43,,0,看过无数遍
鉛筆04,4,2008-09-30 03:37:30,,0,三部都看过，不后悔
豆婷,4,2008-01-25 00:09:15,,0,其实已经没什么印象了
nighteye,5,2010-03-03 22:40:27,,0,没有缺陷
肥镜,5,2020-10-25 18:52:10,,5,真是！气！死！我！了！怎么好人就没好报！好伤心……拍的真的太好了，剧情设计也是，巅峰
pksky,4,2007-07-14 15:27:41,,0,港产救世之作
此在,5,2007-09-12 20:29:29,,0,果然很好看啊
洛洛,4,2011-08-30 18:52:53,,0,时代的开创
随风,5,2011-06-07 16:40:35,,0,看了无数遍香港只有这么几部片子了
后厨李师傅,5,2012-05-20 13:00:35,,0,警匪港片争气复燃之作，可惜星火未能燎原，反而导致之后的很多片子钻入俗套每况愈下
Broderick,5,2010-02-11 23:23:10,,0,当年超越英雄的电影
我呼吸的空气,5,2013-08-08 10:45:49,,0,港片经典中的经典。难怪好莱坞要翻拍。
尉迟上九,4,2013-12-07 18:01:19,,3,高点也是终点。
Ms. 团子❧,5,2008-12-29 13:55:13,,0,彻底讨厌刘德华.导演很棒!
M,3,2005-07-03 20:38:58,,0,連我阿媽都搵到反駁0既電影
鸢尾,5,2009-08-28 23:55:26,,0,港片的巔峰，出來混，遲早都要還!
Cobra,5,2011-07-09 02:41:23,,0,很经典的卧底片~
六哥,4,2010-12-31 23:10:42,,0,这个片子出来近10年后我终于看过了。。。延时の人生！！！sammi演的很好啊~
世纪末日卢瑟王,4,2011-02-08 00:57:20,,0,港片低潮期的一针强心剂。引领一个黑帮片小高潮
腥草莓🍓,5,2023-05-02 19:28:58,辽宁,11,白的进了黑，永远白不了了。黑的杀了知情人，变成了白。
子爵91,NaN,2012-05-25 20:18:22,,0,我总觉得，短了点。。。
Bruja,3,2012-05-26 00:05:03,,0,完全没看懂+完全没印象。。。评价就是neutral吧==
liurenjie1024,5,2012-05-25 23:12:17,,0,经典不多说
我是王大鹏啊！,5,2020-09-06 20:23:46,,4,4.5妈耶我居然现在才看无间道（不得不说还有鸡锟的一份功劳（梁朝伟好帅啊啊啊啊啊
薄荷糖,5,2012-06-16 10:27:04,,0,这里的情和义真的让人感动
阅微草堂,5,2012-02-02 22:10:37,,0,片尾曲也是我的最爱
紫松,5,2008-05-01 13:57:23,,0,无间道的第一部还是很不错的。
鹌鹑之丘白桃挞,5,2007-12-28 04:54:23,,0,不看港片，不是好同志
毛球,5,2009-01-14 21:40:45,,0,黄金时代
信仰是一种脆弱,5,2008-10-14 20:33:09,,0,香港黑帮片的里程碑
左岸的回忆,5,2010-10-10 16:54:45,,0,港片经典
LynnS,5,2007-06-10 15:01:25,,0,黑白世界。
Easy,5,2011-03-18 13:26:20,,0,在此之前，我一直在缅怀香港电影
inffun,5,2010-07-17 12:53:46,,0,“对不起，我是警察”
Mr.Hungry,5,2009-03-11 21:33:38,,0,这么有名的电影之前居然没看。刚看了，真的挺棒的
纸片制片只骗人,5,2011-11-27 16:14:26,,0,受身无间永远不死，寿长乃无间地狱中之大劫。
Julia,4,2010-11-11 16:11:01,,0,最好的第一部
光与影,5,2008-03-13 22:02:06,,0,节奏很快，很刺激，很经典，好看的电影
西西弗假面,5,2012-12-03 13:41:59,,0,受身无间永远不死，寿长乃无间地狱中之大劫。
想我说yes,5,2011-08-13 22:35:37,,0,经典香港犯罪电影。
kobie,4,2009-02-23 13:25:30,,0,香港的，也是中国的；商业的，也是热血的。这个系列是中国人对中国电影的一次救赎
仰头看白云,4,2008-08-04 08:59:21,,0,没想到，很好看。演员想当然就很好。主要需要夸下编剧。。。
柳晤首,5,2008-10-09 13:52:01,,0,河蟹版真邪恶
蒙月月丽莎,5,2011-04-21 20:03:25,,0,自无间道以后我就爱上了黑道耽美小说==
Raphael,4,2016-06-20 22:33:16,,1,去不到终点回到原点
猪头妖怪,4,2008-06-12 17:00:06,,2,国产电影中的佼佼者。
进宝,5,2013-07-02 16:37:03,,5,永不过时
Merindigo,4,2012-11-05 03:29:31,,0,终于看过了，还行，没有期待也就不觉得难看。
Rita,5,2009-01-27 22:10:42,,0,港产犯罪片的巅峰
moriarty,4,2010-12-31 11:18:05,,0,为嘛刘德华最后就变好了咧？为嘛最后是医生陈慧琳发现了梁朝伟的身份证明咧？为嘛一点铺垫都没有咧？
sin5409,3,2009-04-26 23:32:40,,0,2002/12/21mkbc
圈圈叉叉圈圈,4,2009-10-07 00:58:05,,0,李伟强才是香港最牛的导演此片号称拯救了香港电影给万马齐喑的香港电影找到了真正的指路明灯
豆瓣酱,5,2007-08-24 14:45:38,,1,重看一遍，一样震撼~~~
⠀ ⠀ ⠀ ⠀ ⠀ 🍉,5,2011-11-16 21:55:14,,0,双线交错的典范
Wayne,5,2007-01-26 03:33:15,,0,經典不多說~
信电影得永生,4,2012-07-16 19:33:37,,0,传奇啊，香港电影复活了一次。
ines,NaN,2009-01-24 00:37:24,,0,比美国版的好多了。。
容貌见附件,5,2011-06-27 11:19:00,,0,真精彩97年后还能拍出这种水平的片子，不易啊
兜兜转转,5,2017-09-14 12:49:46,,3,绝对好看。出来混迟早要还的
孔飞刀,5,2016-04-27 01:12:32,,3,在你每时每刻都要为之前的所作所为无比担忧的时候，就已堕入了无间地狱
三十,5,2010-01-25 12:37:33,,0,港味的极致
贝琪,4,2008-06-23 18:25:00,,0,终于
smileeyes,4,2008-12-23 10:05:59,,0,香港电影最亮的亮点。
颜颜,5,2010-07-13 23:55:23,,0,何谓舒服无间行者这辈子都做不到
RD,5,2008-02-12 22:49:50,,0,那两年，三部曲好像特别茂盛
突然粉碎,5,2010-02-22 15:13:22,,0,初中的最爱
Milet,3,2012-05-03 00:38:28,,0,故事的主题及框架很不错（5分），但遗憾的是塑造角色的力度不够，充斥了太多漏洞百出的情节（-2分）。
RUNE,4,2017-04-23 10:49:10,,2,真真假假，人生如戏。梁朝伟最后那一个回眸真的绝了
du840758507,3,2012-06-18 19:32:55,,0,还行
不要海椒和香菜,3,2012-06-18 20:52:58,,0,看到梁朝伟拿烟灰缸砸脑袋那儿，特爽
乔大路,4,2010-11-28 12:50:39,,0,不愧为警匪谍战片的巅峰之作，后来之片无不从其左右。
糟糕的过客,5,2010-02-17 22:11:32,,0,我是警察，谁知道
chp,5,2012-06-19 14:27:48,,0,香港电影消沉后泛起的惊艳浪花，故事设定出彩，演出到位
RomeScofield,5,2013-02-08 23:54:58,,0,竟然没有打分，10年后看来依然很棒。最后陈永仁不将计就计，过早揭牌不符和一个隐忍了十年的“卧底”直接影响最后的结局，杜汶泽的风格从这里确定。
Lorrita-H,5,2011-04-30 21:29:09,,0,本来对这类影片不感兴趣，一看完第一步把接着的两部都看完了，继续找了很多枪战犯罪类看
Sunman,4,2011-12-02 08:55:22,,0,香港电影警匪题材里的巅峰之作。四星半。
陈牛,5,2007-07-08 17:38:51,,0,9.0/10
near。育妞季。,NaN,2007-10-05 11:38:30,,0,只爱第一部！！！！
闪闪珠珠,4,2010-01-29 12:57:12,,0,香港黑帮电影的里程碑
颜芕,5,2007-12-08 22:59:29,,0,对决
momo,5,2010-06-17 08:56:25,,0,觉得美版把无间道毁了。
咯咯精,5,2015-05-09 23:37:44,,2,刘德华真是帅得嗒嗒滴啊……看完了美版再看港版，是不好意思说“各有千秋”的。
岚羽,5,2008-08-31 12:43:35,,0,经典了已经
白驹在空谷,4,2012-04-30 06:21:16,,0,关于我为什么会看这部电影
漠,NaN,2007-02-05 23:29:23,,0,剪接！剪接！
鸟甲,4,2007-02-10 09:03:27,,0,NewHaven，VCD
奥蒂安斯,5,2013-12-17 20:02:15,,1,因其对彻骨的孤独感的描述而远远超越类型片范畴
Neverever,5,2007-05-07 13:04:29,,0,无间道
神小浩浩,5,2011-02-02 15:55:11,,0,这是我一生都在推荐的电影，这是我一生都在敬仰的作品，他的横空出世，注定让我沉迷……60年后，或许我还会说：“无间道是我最最深爱的电影……”
隐忍黄药师,5,2006-07-12 23:32:28,,0,香港的教父三部曲
良夜正迢迢,5,2008-03-05 20:25:28,,0,黑帮电影颠峰后再无突破
是王帅傅,5,2010-07-25 18:21:20,,0,太精彩了
川总,5,2010-12-30 23:13:37,,2,香港色彩极浓。看完后心里很复杂。却又说不出个所以然。警察，你的名字叫什么？
贝塔先生,4,2007-12-24 23:39:02,,0,剧情比较复杂
Farolito,4,2019-12-27 23:37:10,,1,莫自使眼枯，收汝泪纵横。眼枯即见骨，天地终无情。
盲忙,4,2009-01-10 23:31:03,,0,2018.07.18二刷第一遍看剧情，第二遍看情感，两人仅有的几场对手戏都太精彩，包括没见面的和打电话的两场，配乐也恰到好处，港片最后的荣光。
火星人激光剑,5,2008-11-18 06:39:53,,0,反正就是好看！
村上春晨,5,2010-12-10 16:41:16,,0,竟然才看。。。
般若波罗蜜桃桃,5,2013-04-08 22:58:34,,1,哭到泪崩，从此深入骨髓的爱梁朝伟。
若存,5,2011-09-28 20:59:50,,0,香港警匪，却突破了警匪。改编的奥斯卡，终究少了些中华文化的内敛。
飘，傻儿,5,2010-12-26 21:39:59,,2,为啥梁朝伟总能演的这么好
natapeng,5,2009-05-07 01:10:00,,1,我爱黄秋生，我爱梁朝伟，我爱男人戏……卧底也可以很文艺
蘑菇猫会吐泡,5,2011-10-30 13:09:01,,0,末日晚，重温。依旧经典。
小Q,3,2012-11-25 20:16:22,,0,先看的美版。。。艾西！对不住被翻拍的港版了。。。
火残夜,5,2008-07-10 23:12:03,,0,这是巅峰
空心人,5,2008-04-25 17:40:57,,0,对不起我是差人
Quentin,3,2007-06-24 01:12:40,,3,看过已经忘了
冰点之1234,5,2008-08-09 10:51:17,,0,其实并没有那么喜欢
寒枝雀静,3,2023-03-18 00:49:53,上海,0,Ｄ/当然认可最后两个反转在主题表达上的高度。但整体依然逃不出剧本电影的框架。有这空不如重看《南方车站的聚会》。
岬,4,2020-03-31 21:01:06,,1,意外地纯情。
jessie_金,5,2010-09-15 12:00:29,,0,年少的时光中最深刻的港片回温电影
lorryz,4,2011-06-18 22:08:32,,0,唉。。我先看的无间行者，导致感觉这个像是翻拍的了，呵呵
贝克,4,2011-09-30 23:59:06,,0,好看的
Mambo,5,2010-08-10 22:44:44,,0,第一部还是很不错的
萤火虫子,4,2010-04-25 19:20:21,,0,结局几反转。在人性冲突的刻画上没有想象的深刻，奈何篇幅限制始终有些不够寻味。题外话一句，萌点泛滥，梁朝伟啊梁朝伟。
随心而行,5,2009-10-17 00:53:12,,0,生活其实也是无间道！
≧▽≦蚊米,5,2008-05-08 18:43:00,,0,好看!!!真的
小鱼@苏樱,4,2008-05-23 08:33:08,,0,和mickey在和平看的，我俩一直觉得像播放的盗版碟！总体感觉很好！
这个假了,5,2011-08-01 11:31:13,,0,这部电影拯救了当时的香港电影市场，无论是演员，剧情，还是配乐都配得上经典二字；最精彩的莫过于四人之间的相互博弈以及两位主角各自的心理斗争，最终四人不同的命运是让人唏嘘不已的；我们都在不断赶路却忘记了出路，在失望中追求偶尔的满足，生存永远比命运还残酷，人生不过如此，却又有几人知道？
强尼 走着,5,2009-12-28 01:22:56,,0,经典
塔塔君Minkun,5,2020-02-03 04:32:48,,4,飒爽感多过醍醐味。
nooo,5,2011-03-11 19:38:39,,0,精彩
narcissus,5,2010-03-13 07:55:24,,0,唉，傻强啊……话说梁朝伟适合演搞笑角色
爱比死更冷,5,2011-01-16 21:36:40,,0,到现在才把无间道看了，配乐很牛逼啊！
偏执狂陆小优,4,2011-05-03 20:55:07,,0,我说过我无法遏制自己对香港警匪片的爱好。
狗牙,5,2022-03-18 00:17:07,,7,港版《无间道》和马丁·斯科塞斯的翻拍相比，后者的电影技法明显是更胜一筹的。但马丁拍的是警匪片，而且港版其实拍的是人。这种身份的焦灼放在香港的语境下，更加深刻，更加辛辣。
Dreamer-Echo,5,2009-08-23 21:49:26,,0,没什么好说可谓之完美
龙猫爸爸,4,2007-12-12 04:17:43,,0,香港电影回魂之作
P,4,2012-12-08 21:08:26,,0,萧亚轩你整了多少？
人皮動物,4,2011-06-20 00:11:35,,0,看过
muyouzhi,5,2007-10-25 13:39:48,,0,给香港电影争口气。
Sabrina,5,2015-10-25 18:05:58,,1,黑与白就这样的混沌到一起了。
あい,4,2010-10-08 11:26:46,,0,梁朝伟。。。
松狮牌机器猫,5,2007-09-20 23:32:31,,0,吓到我了
许多熊,5,2018-04-05 22:21:41,,2,补课系列。它是这种片，看的时候无暇考虑无暇顾及故事结构画面演技…就只是看而已。ps想站在梁朝伟的眉毛上一个猛子扎进眼睛里…
ChrisKirk,4,2013-08-02 14:49:05,,1,佛曰：受身无间永远不死，寿长乃无间地狱中之大劫。
W.史密斯,5,2011-08-20 22:41:11,,0,象征着香港电影的复兴片
宁静雪,5,2011-06-21 21:31:40,,0,经典。
孔龙,5,2010-12-06 02:41:44,,0,最爱的系列之一
mikaholic,4,2009-07-01 20:58:45,,0,"""對唔住啊..我系警察..咯"""
鹿鹿紫,5,2008-09-01 18:44:41,,0,prefect香港新时代
HUAICI WANG,5,2008-07-20 08:17:51,,0,这种男人戏是很容易影帝团聚的。警匪片也是香港的特色。但是断层太厉害太明显了。都是这样一群中年人。十年后。要翻拍这部电影。香港有人么。
Adrian,5,2008-04-22 00:32:06,,0,不用多说了吧
一如往昔,NaN,2011-07-24 11:12:34,,0,梁的眼神忧郁迷
疯,5,2008-08-29 22:29:01,,0,斗
未来有限事务所,5,2010-04-05 16:32:44,,0,总觉得故事里有些东西没交代清楚。
多菲角,4,2011-11-07 18:14:24,,0,=。=
Virgohi21,4,2008-04-04 04:36:17,,0,第一个总是最好的。大力影响了之后的香港同类电影。
Aimée,4,2010-10-04 15:58:14,,0,双料
小鱼,4,2011-02-12 20:33:08,,0,梁朝伟很帅
🌋 𝗟𝗼𝘂,4,2012-05-04 14:55:36,,0,一直都冇睇过呢出野，时隔十年先再去睇.可能系后面有太多呢种卧底片了.反而觉得唔新鲜..
诸葛福媛,4,2011-03-18 23:16:49,,0,无间地狱
黑鼻子,5,2011-03-16 22:40:24,,0,十分不好意思地说一句，过去很多年了，直到今天我才真正地完整地看完这部经典之作。
drunkenstain,5,2010-08-08 20:57:10,,0,√
小松悠,4,2017-11-06 22:46:35,,2,“我想跟他换。”
疼痛有益,5,2013-08-24 15:07:06,,0,我只是想做个好人
Katherine,4,2009-09-05 20:02:39,,0,曾经的经典
小油飞,5,2007-10-14 22:11:01,,1,好看的片子啊~美国翻拍的那是什么东西。。
汝阳王府小郡主,5,2012-09-03 18:02:24,,0,最喜欢的港片之一了
Alien,4,2008-12-28 21:37:16,,0,其实不太喜欢此类风格的电影，不过还是不错
欺霜傲雪,4,2011-03-05 22:55:47,,0,经典黑社会题材电影。
Águila,5,2009-04-12 09:32:43,,0,引无数风骚...
windyxp,5,2007-01-15 14:28:13,,0,创意非常精彩，演员表演出深入化，光这部片子给三个影帝都不过分；香港电影的精英意识风格集中地体现。
某J。624,5,2010-07-03 19:55:54,,1,本来陈冠希的片子我就不会让低于四颗星更何况这部无间道
叫什么名字,5,2007-10-16 16:25:46,,0,很经典的
雨哈☮追明天,5,2009-08-25 16:21:17,,3,虽然在看之前已经对很多精彩片段耳濡目染了，但还是哭了，在傻强和黄警官死掉的时候。
西瓜熟了,5,2011-05-20 23:26:44,,0,给力
亦非,4,2008-06-02 22:18:03,,0,刘伟强用尽全力依然缺少杜琪峰的灵气
Kiki,5,2010-11-18 11:51:56,,0,从来不看黑帮片的我，被震撼了.
秦繼,5,2008-03-30 07:04:11,,0,登峰造極
beartt,5,2011-06-13 12:02:40,,0,帅锅太多啦~
Sinlias、 ღ,5,2011-09-21 17:34:32,,0,过了十多年再看一样经典
diledulu,5,2012-10-15 23:52:00,,0,受身无间者永远不死，寿长乃无间地狱中之大劫。
樱小路楠,5,2010-01-01 23:36:45,,0,我怎么一直把它忘了呢。。。
uUah,5,2013-01-10 21:13:59,,0,对不起，我是警察
莱尼圆,4,2009-09-10 02:04:11,,2,影片开创了新的警匪片叙事方式，重心放在了两个卧底由于命运错乱而产生的纠缠上，兼具观赏性和深度。“想做个好人”，“我是警察…谁知道？”，卧底身份与所处环境的尖锐矛盾，人性的复杂和道德边界的模糊，都表现得淋漓尽致。原本能够圆满的结局功亏一篑以致毁灭，梁朝伟陈永仁角色的悲剧性让人无法释然，一开始觉得自己没得选，但意识到原来以前有得选时，才发现一切都变得没得选了。刘德华刘建民角色看起来虽然成功了，但也满是夹着尾巴生活的心酸无奈，“身处无间者永生不死，将遭受永无止境的苦难”，“我们都在不断赶路忘记了出路，在失望中追求偶尔的满足”。精致的剧本遇上杰出的演员，诞生了难得一遇的好电影。美中不足的是，闪回画面配煽情配乐的电视剧手法用得太多太low
尿水遥遥,4,2011-07-02 09:12:41,,0,我看了好几遍。当然梁朝伟是主要原因。。。
安娜,4,2012-06-29 21:56:54,,0,这片成就了我心目中的黄秋生，真奇怪！当然，那时候冠西有小小迷过，曾志伟和刘嘉玲印象深刻，主演倒没什么特别感觉。无间道的好评如潮在我看来有点夸大
逃之夭夭,NaN,2008-02-20 23:27:49,,0,忘不了那句：对不起，我是警察。以及倒下的身影，一开一关的电梯门。还有，落在车顶上的黄秋生......
欢喜陀,3,2019-04-30 03:54:22,,2,无间道还是经不起时间的考验，不论是刘伟强，还是麦兆辉/庄文强，都没有理解林岭东和周润发的争取快乐。如果单从穷街陋巷的角度去看，他们也没能理解为什么说教堂老鼠一贫如洗。点解？因为老鼠即便到了教堂，它还是没有精神世界，因为它在意的只是灯油。拍老鼠要看马丁斯科塞斯怎样拍。
会笑的昨天,5,2016-03-01 18:45:53,,1,无间地狱中五种无间，时无间，永不间断，空无间，空间不会改变，罪罚无间，折磨永不停止，平等无间，无论男女老幼身份地位，没有区别，生死无间，无生无死不会改变。
赤红十三,4,2008-03-19 21:00:22,,0,无间
혜택,4,2012-11-25 10:51:04,,0,受身无间者永远不死，寿长乃无间地狱中之大劫。
Woicon,5,2008-07-05 22:23:41,,0,现在才明白，这部片子是多么难得。
soulboy,5,2011-04-07 22:55:25,,0,我最喜欢的警匪片。
濛濛,5,2008-12-01 23:46:32,,0,走进新时代啊
Gianna,5,2007-12-26 16:15:14,,0,开始喜欢梁朝伟
lcsun,5,2006-10-30 10:35:13,,1,经典啊
暴力卡車,4,2011-02-02 21:23:21,,0,片長過短看起來許多情節都沒鋪陳開削弱了角色的飽滿度和高潮段落的感染力演員的表演也比我想像的呆板很多但這些不足仍然無法掩蓋影片本身所散發的魅力
apupupu,5,2008-06-04 13:17:33,,0,又是三部曲，第一部让我也想流氓一下。。。
MR.Pain,5,2009-09-22 20:59:17,,0,这是三部曲里面最好看的，《警察再见》那一段场景尤其不错！！
走路去纽约,5,2009-01-05 01:44:37,,0,港片一个类型的集大成经典
