user_name,star,comment_time,geo_ip,vote,short
Ridden,5,2009-01-10 11:24:03,,8278,你可以像疯狗那样对周围的一切愤愤不平，你可以诅咒命运，但是等到最后一刻到来之时，你还得平静的放手而去。每个人在某种程度上都对自己有不同的认识，但是我们最后都会去往同一个地方。只是走的路不同罢了。你也有属于你的道路。
mon babe,5,2009-01-06 14:52:35,,6178,有种莫名的伤感。我们总会失去所爱之人，要不，怎么会感到他们有多重要呢。
莫沂,5,2009-01-08 13:01:25,,4780,阿甘正传+大鱼+摩托日记+罗拉快跑+千岁情人+第六感生死恋
荔枝超人,5,2009-01-08 21:07:44,,5026,关于时间关于爱……后40分钟忧伤到令人窒息。
minhe,4,2010-05-20 22:28:38,,7842,你前进，我倒退，我们爱对方整整一个曾经。
眠去,5,2009-01-20 11:42:27,,3729,当他变成一个孩子，他开始迷惑，“我好似已经经历了一生。”他曾经的衰老，曾经的爱恋，曾经的年华，到了某一刻，只能轻轻放手，顺服地走向死亡。
熊阿姨,5,2009-01-18 10:10:14,,3661,“于时间的长廊上你再也不等我”
思阳,3,2009-02-22 13:42:54,,1807,虽然明星众多，也有装逼文艺片的嫌疑，但这部片子实际有点混乱，而且似乎什么都没有说。
西楼尘,5,2013-09-05 00:21:58,,2754,我心目中最优秀的电影，至今无法超越。满满的都是时光的隽永、寂寞的主角和奇特的故事。影片的质感丝丝入扣，如同醇酒回味无穷。这是一个温柔的童话，黛西的女儿在母亲的病房里，读到本杰明写给她的那些不会被寄出的明信片“我想成为你的父亲，我这一生做过的所有事都没有这件有意义。”真是无比心碎。
莫呼洛迦-屁股上的青春在歌唱,5,2009-04-24 01:01:53,,2225,其实也是有感动，感动的点很奇妙。
晨雾鹤影,4,2010-02-15 15:29:24,,2254,我们像婴儿一般来到这个世上，又像婴儿般安详的离去.留下的，也许都在最后与心爱的人眼神交汇那一个瞬间，从眼前飞逝而过的所有故事吧.
张小北,5,2009-01-21 22:39:43,,1800,看了第二遍后，觉得是杰作。好电影就是每次看都会觉得心醉神迷。
红豆♥,4,2012-09-19 22:30:06,,1989,最喜欢黑人妈妈了，她是天生的母亲。TT
同志亦凡人中文站,4,2015-03-28 10:37:04,,1792,时间的玩笑，时间的重量，这惊天动地的化妆...
衣莎贝,3,2009-01-26 04:08:14,,1283,前半部太冗长了，我现在对这些都市童话不大有耐心了。也许我老了
根,5,2016-10-19 13:51:17,,1056,哇被两个女王睡过的男人，简直可以说是Holycock了
Doublebitch,5,2009-02-18 16:16:53,,551,我好像曾经有过一生可我忘记它到底是怎样的了
蚂蚁没问题,5,2009-01-09 14:02:43,,541,逆行的钟和每分钟心跳两千四百下的蜂鸟
大島,4,2018-10-30 11:17:00,,1394,我们每个人都有本杰明梦寐以求的能力：和爱的人一起变老。
艾小柯,4,2009-01-03 16:59:36,,1159,细节成功，但缺乏整体性。
某茶君,4,2009-01-04 07:23:32,,541,和原著相比改动很大啊，甚至都很难说是同一个故事了，不过还是看的出来有菲茨杰拉德的那种享乐主义调调。应该说这是一部各方面技巧都比较纯熟的作品，特别是化妆，太赞了！不过看影片的时候总不自觉的想起<时间旅行者的妻子>，都是包着幻想外壳但实质是纯粹的爱情故事。
恶魔的步调,4,2009-01-14 14:18:54,,426,很好，四平八稳，只是没有惊喜.
流空破刃,5,2011-08-30 23:15:55,,531,细节无比丰满，视觉效果，被雷劈了七次的人，水手，妓女，团聚，分开，年轻，衰老，在路上。两个方向并行前进的中心点，时长结构叙事两段人物线索一整个故事所共同构筑的四平八稳。
沉歌,4,2011-11-06 20:34:07,,389,逆行于时间的洪流中，竟也到达完美的终点
大奇特(Grinch),5,2009-05-19 10:48:53,,344,给5星，大卫芬奇的成人童话拍的那么美，美到极致，芬奇把凯特.布兰切特的美也诠释的淋漓尽致。
不生气,5,2022-09-22 23:51:40,上海,233,Benjamin不用上学不用上班的一生
Pearciac,5,2009-08-03 11:53:47,,292,我喜欢这样错身而过的故事，在秋叶纷飞的小径上老年Daisy对小孩Benjamin那俯身一吻时突然泪流满面。
UrthónaD'Mors,4,2009-01-06 10:30:17,,272,真的很精彩，但我看到些阿甘的影子如果我是奥斯卡，给他们最佳化妆和编剧哈哈，可我不是，不过毕竟把pitt画的那么年轻过有那么苍老过，还有cate那么年轻明艳动人过这一点，最佳化妆还真的应当给他们。最后变成婴儿我真的不是太理解为什么会变婴儿，但是最后的新生还是理解的
徐小花,3,2009-01-31 23:43:41,,698,或许我还没到打五星的年龄.结构，节奏是硬伤～～
影志,3,2009-01-27 19:25:07,,293,“你可以像疯狗一样的对周围的一切愤愤不平，你可以诅咒命运，但是等到最后，你还是得平静的放手而去”。平淡无奇，哎，我又麻木了…
刘康康,4,2012-02-12 01:10:05,,305,虽然他们时间之流的方向是相反的，虽然在溪流交汇前，他跟别的女人上床，她跟别的男人上床，虽然在溪流交汇后，他会遇见别的女人，她会嫁给别的男人，但爱情正是在合适的时间遇上了那个合适的人。“很高兴，我没有在26岁爱上你，那时候我太年轻，而你还太老。”让我们用剩下的一生为那刻的相逢而庆幸。
卡卡,3,2009-03-09 00:00:12,,229,野心比成果大。
囧叔,5,2014-08-06 20:00:13,,159,怎么没人告诉我应该直接从1小时开始看？
Charlie,3,2009-02-21 18:52:59,,215,额...最好半小时才觉得好看。
冰红深蓝,5,2015-06-28 15:04:30,,138,一部探讨人生和时间的电影，感人至深。逆向发育返老还童的设定看似奇幻，实则影响不大，毕竟人与人的交集常常只是一个断面。穿插美国历史毫不刻意，比[阿甘]自然大气。特效和化妆极佳。你可以像疯狗那样对周围的一切愤怒不平，你可以诅咒命运，但是等到最后一刻到来之时，你还得平静的放手。（9.5/10）
亚比煞,5,2009-02-06 10:54:33,,123,他以孩童的样貌告别世界。
TimberNord,5,2012-04-21 14:34:16,,110,我心目中最好的电影，没有之一
掉线,5,2012-12-29 14:19:31,,69,相反的人生，却有着相同的归宿，唯爱永恒。精彩的电影，没想到大卫芬奇也能以情感来打动人，关于爱，关于生命，关于人性，关于你我。主题宏大却拍的十分细腻，用各种小细节表达对人生的探讨，精彩的台词太多了，有深意且不晦涩，故事美好又让人心碎。配乐，画面，表演无一不是上佳，推荐！
顾小山,2,2017-03-08 03:57:55,,70,大卫芬奇堪称伪经典电影之父，他所拍摄的电影受尽伪文艺青年的追捧，布拉德皮特就是他最忠实的裹脚布。空洞的台词无根的故事混乱的逻辑，最后披上神奇的外衣，这就是《本杰明巴顿奇事》了。
尉迟上九,3,2013-12-07 12:01:52,,168,只有我觉得这片子很一般吗？！
狄飞惊,5,2010-08-11 00:30:14,,112,我好像活了一辈子那么长。
南笙,5,2012-10-05 13:27:08,,78,一半的分数应该给化妆师。
Beer爽爽,5,2021-08-08 17:09:56,,68,难以形容的好，难以形容的隽永。最近好喜欢这种娓娓道来的叙事，宏大又不失细节的质感。无论正走反走，人终是要先变大再变小。反正最后谁都要裹上尿布，而惟有爱意可以永恒。
桃桃林林,3,2009-01-04 09:01:04,,104,唉，想象力啊
二丫主张,4,2018-01-22 23:08:50,,270,结尾女主怀抱着变成婴儿的男主以不同的方式走向同样的终点，泪目。
有橘,5,2012-03-30 16:34:10,,67,即使看着你日复一日的年轻下去，看见你变成孩童，看见你变成婴儿，看见你在我怀里渐渐阖目。爱，既是永恒。
巴喆,5,2012-02-17 13:05:56,,54,“生活没有如果，只有一连串互相交错的意外”。出租车撞到黛西那段假设，一连串的巧合同时交集于一起产生意外，说来也是奇闻，人生似乎有很多的巧合就是这样。本杰明后来四处为家，一个人无依无靠，离群索居，尝试各种工作，见证人生百态。突然联想自己，暗自垂泪，也不知道为何。这片子让人有一种隽久的悲凉，也许是孤独吧。人注定是孤独的，不管你有多少朋友。9.1
撒旦的表妹,4,2012-02-12 01:00:28,,228,返老还童原来是这么让人难过的事。
圆首的秘书,5,2013-02-03 02:31:01,,44,从一开始他们就知道命运，所以勇敢。所以他们至死不渝地相爱。
酒鬼一家小迷妹,4,2018-03-28 09:20:12,,117,挺忧伤的，无法陪着爱人看着女儿长大成人，本杰明跟黛西说她无法同时养两个人，事实的确也是如此，最后本杰明小婴儿状安详地在她怀里，看她的一眼仿佛又记起了她一样，挺触动的。不过，虽然两人有着相反的成长过程，至少还是在最适合的时候在一起，也算是美好的回忆了。
欢乐分裂,4,2018-05-12 21:58:53,,79,4.5；重看；在时间长河里奋力回溯的我们，终于在人生的中点被命运胶着，所有的等待只为重逢一刻，在彼此最好的时光触摸到永恒的意义；生命切片倒放，我生君未生君生我已老，弥留微光用尽全力告诉你，我爱你这件事持续到永远；午夜的风荡起窗帘，想到深爱的人们此刻正安睡，晚安本杰明。
薇羅尼卡,4,2009-03-03 22:01:05,,64,在我最美好的时候，遇见了你，便是奇迹。
是灼灼,4,2012-06-07 21:45:26,,46,在时间之河承受溺水之苦。
小敏吃掉小敏,5,2019-05-28 01:28:41,,38,暗示了女人结婚后至少要照顾两个小孩
思路乐,5,2018-02-13 10:00:25,,40,【A】这样的故事太美好了，娓娓道来，好像述说了人生的一切，又好像什么都没说，平淡，却又充满力量。当然，我还挺想知道那个人第七次被闪电击中是什么样子的。
朝暮雪,3,2012-11-17 19:33:38,,93,愿你出走半生，归来仍是少年。
战国客,3,2009-01-21 17:35:42,,87,假，大，空~~
404NotFound,5,2021-03-14 03:18:03,,24,我们总要失去所爱之人不然怎么知道他们对我们来说有多重要
徐若风,5,2012-03-16 19:34:34,,13,【2008年度3强】
九尾黑猫,4,2011-04-26 21:25:10,,68,布兰切特在里面美得惊人！这将是芬奇的作品中我最喜欢的一部。故事本身已经足够强大，细节做得也不错，就是遗憾总觉得还有太多东西没拍出来
沁兒,5,2012-09-16 23:09:08,,32,他们或许是天使和人类的爱情吧——我常担心天堂会不会挤不下，什么年龄去的天堂是否在天堂就保持那样的年龄？现在有了答案——或许在人类世界离开，就到了一个被人们称为“天堂”的空间，带着记忆开始返老还童地逆生长，在天堂长成一个BABY的时候，又一切从零开始返回人间。所以本杰明或许是天使在人间
夏云,2,2009-01-12 13:29:38,,25,技术性完美，但看了后没有任何感觉，因为故事很一般，没有任何epic的感觉。除了agingbackward这一条之外，本杰明的一生根本没有什么出奇或需要让人关心的地方。
原来是西门大嫂,3,2009-02-01 00:46:37,,89,原来是菲茨杰拉德的小说改编哦……好坯子讲了一个烂故事.引用别人的话：这个题材谈爱情实在是有点浪费。
Ocap,4,2014-01-23 13:09:04,,49,4.5。有时候，最现实的哲理需要用最离谱的故事去诠释。17.4.8二刷。喜欢的人会觉得什么都涵盖了，不喜的人会觉得什么都没说，而我只是享受来自它的每一点感觉。纵观整体貌似无果，却又会被一个个细小的局部打动，人生本就如此吧。即便逆生长，即便面对得失的逆流，冷暖聚合，因缘起灭，没什么不同。
石头星,3,2017-04-08 16:16:18,,74,画面和女主都很美；但芬奇这部流水帐似的影片叙述太平了些，全篇没有特别的吸引点和深度，就是中规中矩讲了个倒序故事，节奏还拖沓。可能老美爱童话，只要扯上童话2字貌似关注度就会提高。
托尼·王大拿,4,2013-05-08 13:24:30,,24,大量精彩的细节造就影片精良的整体，却也因此而显得繁复；结构上的伏笔往往会让人有会心一笑或是恍然大悟的感觉，尤其是老者七次被雷劈的闪回，每一次的放置都绝非随性而起；空间和视觉上的把控依然芬奇十足，但是总觉得他和这种心灵鸡汤式成人童话的组合无比诡异，没法触到我预期的段位。
艾晨,5,2018-05-19 23:36:04,,26,2009年6月1日第一次看，给四星，无评语。今天电影院重温，今年的第93部电影，第32部院线，看得泪流满面。“我们命中注定要失去所爱之人，不然我们怎么知道，他们在我们的生命中有多重要？”
bird,5,2014-07-14 22:26:55,,23,从幼到老，或从老到幼，过程，结果一致，同悲同喜。那些老人临终前真像孩子，无声无息望着你。生命在缩小，越想握便消失的愈快。我十八岁，有颗八十岁的心。我们经历太多了，谁在我走前给我念念我的故事，为父亲母亲念念他们的故事。
我是大皮哥,3,2012-08-11 12:20:57,,74,在时间之河里感受溺水之苦。
xxxxx,3,2021-02-14 21:53:06,,48,有点无语，逆生长这么奇妙的设定结果只用来说了个这么无聊的故事，而且年老时和孩童时的设定矛盾了
莉莉丝的四季,5,2022-10-23 20:44:20,浙江,23,“我有没有说过我被闪电击中过7次？”每一次他人生的转折都会有人问这句话，每一次被击中的方式都不一样。不过最后也没有听完那7次经历，那人说活着就是奇迹。要趁年轻多去体验不同的生活，要趁还没老去把想说的话都说了，想做的事都做了。我本以为是个奇幻故事，后来我想着也许是个另类的战争片，再后来我说这是爱情片吧，最后我说也许这是一个亲情片。但其实人生不就是会经历各种事情吗。人的一生，要如蜂鸟震翅。
卜,4,2022-01-21 21:37:52,,51,比这个设定更让人蛋疼的是，居然花了整整两个小时才看到Pitt的帅脸。
临素光,4,2009-01-06 16:19:30,,21,有些人游泳，有些人跳舞，有些人被雷电击中，有些人记得你逆转的时间。
文泽尔,5,2009-01-05 04:50:58,,23,长评：http://movie.douban.com/review/1609710/
海鲜高汤面,4,2017-04-08 19:41:59,,17,平凡的老妇人，不平凡的一生。
zzhehuii,5,2023-08-07 11:19:50,加拿大,25,所有人都有好好说再见但离别仍然伤感结尾把这个电影变成了五星
阿吞,5,2023-04-27 23:33:10,浙江,25,即使时间在身体上正向地流逝，所有的人际交往也都只是一个片段，无法贯穿始终，在某一个中点相遇，然后渐行渐远，这是常态。当周围的一切都在衰颓时，命运的催促显得更加焦急，我清醒地看到生命在流逝，一切离我远去，逆行者因为体会过衰老时的力不从心，更能发觉时间的珍贵，但越是如此，越是感觉无能为力。我想到以前看过的一句话，说为什么喜欢看电影呢？因为在那短短的两小时里，我们可以体验到一种完全不同的人生。这部电影就给我这样的感觉，虽然它有点乱，想讲的东西有些多，但我仍然心动不已。此外，我为伊丽莎白最终成功横渡英吉利海峡感到心潮澎湃，如果让我选择一个人，我想成为她这样的人。
琧婯,3,2012-11-02 03:30:21,,46,这事有啥奇的大卫芬奇现在拍的片子一律又臭又长还有极大装逼和滥情嫌疑
林愈静,4,2012-02-26 23:19:26,,15,2012-02-26；女：当我皮肤变皱，变松，你还会爱我吗？男：当我一脸青春痘，怕黑，尿床，你会依然爱我吗？2022-01-02又看了一遍皮特和布兰切特终于在一起，买了房子装修，那是他们度过的最快乐的时光，小小的黑白电视里是Beatles在唱twistandshout。
昵称被占不开心,4,2017-03-07 12:28:34,,10,返老还童
琴酒,4,2009-03-23 18:04:13,,14,其实我可以算喜欢BradPitt同学的，因为他好像是我第一个知道名字的欧美男演员。最后那个婴儿不堪记忆的负荷，有点让人心酸。第一次看Fincher体现这种大时代跨度时的镜头，画面真的很有张力要把人吸进去，但整个叙述却又平淡。挺好挺好。
谢谢你们的鱼,3,2019-03-05 10:04:43,,35,真的是冗长，工整到不像芬奇的作品，或者说是最缺乏个性的芬奇作品，我理解故事中动人的点，但是有必要整得这么又臭又长又没有重点吗？两个时空的交替也是非常生硬，独白和老年女主角的穿插解说取一即可。很难想象自己看一部芬奇的片子看到昏昏欲睡。
杨大志°,4,2017-05-26 22:58:40,,8,在时间之河里感受溺水之苦，电影的设定很新颖，让人很有感触
顗礼,5,2019-01-26 13:51:17,,26,Nothinglasts……
哪吒男,3,2021-04-26 00:59:52,,15,时光流逝这玩意儿，返不返老，每个人都能感受到痛苦啊！逆时针的钟，声音有啥不一样吗？内流河的流动难道有别样的水花？这本流水账，我不买账。
橙曦羽潞,4,2017-07-10 21:27:10,,12,无论什么肤色，什么体型，人们都是孤独的。但可怕的不是孤独，而是惧怕孤独。其实孤独没什么不好，真的。
一个无情的杀手,5,2016-12-13 01:19:24,,16,我们注定要失去我们所爱之人，不然我们怎么知道，他们对我们来说多么重要。
王xx,NaN,2009-01-15 20:34:51,,25,前半段特别迷人，后半段就弱了。这难道是在变相讲述一个颜控的故事吗？
一只麦麦,4,2010-02-04 21:13:35,,14,我生君已老。
相残燕子楼,3,2021-06-25 13:32:06,,23,我不能原谅“我有苦衷，所以我抛家弃子”的人。
Ono,5,2021-01-06 20:00:33,,24,如果你发现生活和你想象的不一样，我希望你能够有勇气，重新启程。
怨恨之vp,5,2023-08-06 17:13:35,上海,13,我仿佛有过一生，但我却想不起来
某J。624,4,2018-01-28 18:52:02,,8,无论什么肤色什么体型，人都是孤独的，但孤独不可怕，可怕的是惧怕孤独。与其说是童话，不如说是像散文一样的一生。无论我们走上怎样的道路，最终都殊途同归。本杰明一辈子都在做同一件事——letitgo。
曾于里,3,2011-08-09 18:49:30,,26,闷，无高潮
小海,5,2015-03-04 19:22:59,,22,时间流逝人慢慢变老，最大的安慰就是知道前方还有这样的电影和书等着我看。
左胸上的吸盘,3,2009-04-29 17:52:20,,17,谈不上好不好，你看两眼不觉得讨厌，不看也没觉得损失什么，就是平庸吧。另外跟科波拉的那个片子还真挺像，无论故事还是风格。但总归比科波拉那部好一些
人兒大大,5,2021-07-23 02:52:39,,27,相爱大半个世纪，却只有短短几年的交织
小岩菽,5,2009-01-09 09:48:13,,8,如此多的符号线索隐喻深情。淌过Daisy风情万种的脸，永远停留在那青葱片瓦之中。
你看起来很美味,5,2014-05-25 22:39:54,,18,第三遍。看这种电影就特别容易灰心丧气，因为同是学电影的，但是好像无论你怎么拍都无法超越他了。
Hao男哥,3,2022-08-16 00:16:43,,16,看不明白，感觉电影和自以为看懂的人都是在装逼。点赞最多的竟然写着“你前进，我倒退，我们爱对方整整一个曾经”，这就是句屁话。爱对方的曾经？！是人话吗？还点赞？！脑子里缺根弦的人太多，人云亦云。
唐山,NaN,2013-03-24 00:55:14,,10,不错，带有中产阶级特有的悲伤格调，当天堂倒下时，我们只有靠世俗爱来相互支撑，可我们都明白，这份世俗爱不论怎样神话，都无法永恒，所以世俗爱的反面不是忧伤，而是麻木与虚无。一切终将错过，终将逝去，爱不过是时光逆旅中的一场游戏而已。把如此复杂的道理用一个奇特的故事串联起来，有趣。
刀削面的刀,3,2022-02-17 14:52:49,,18,美式男主传记，不用如何付出，不用承担责任，就有好妈妈好老婆好知己好朋友，最重要的是有遗产继承，的一生。
橙曦羽潞,4,2017-07-10 21:27:10,,12,无论什么肤色，什么体型，人们都是孤独的。但可怕的不是孤独，而是惧怕孤独。其实孤独没什么不好，真的。
小海,5,2015-03-04 19:22:59,,22,时间流逝人慢慢变老，最大的安慰就是知道前方还有这样的电影和书等着我看。
一只麦麦,4,2010-02-04 21:13:35,,14,我生君已老。
人兒大大,5,2021-07-23 02:52:39,,27,相爱大半个世纪，却只有短短几年的交织
某J。624,4,2018-01-28 18:52:02,,8,无论什么肤色什么体型，人都是孤独的，但孤独不可怕，可怕的是惧怕孤独。与其说是童话，不如说是像散文一样的一生。无论我们走上怎样的道路，最终都殊途同归。本杰明一辈子都在做同一件事——letitgo。
#已退瓣#亲自,3,2021-12-17 00:00:21,,12,前半段还以为是某种美国梦与基督教的隐喻，没想到后半段变成了一个男人至死是少年的爱情故事。我知道这个电影拍摄和讲故事的手法非常不错，但是真的是厌倦了。比如就问一个问题，这东西性别对换变成一个老妇人到女孩的过程还能拍吗，故事内核还能对上几个，还是说美国梦与白男就是分不开的？？
小岩菽,5,2009-01-09 09:48:13,,8,如此多的符号线索隐喻深情。淌过Daisy风情万种的脸，永远停留在那青葱片瓦之中。
Helium,3,2022-12-08 16:06:51,江苏,11,高级鸡汤片，食之无味
fro🌈t,2,2009-01-26 23:55:18,,6,反感这样的片子
你看起来很美味,5,2014-05-25 22:39:54,,18,第三遍。看这种电影就特别容易灰心丧气，因为同是学电影的，但是好像无论你怎么拍都无法超越他了。
令狐补充,3,2009-01-16 12:36:25,,23,冒犯时间。前半拖沓，后半感伤。
拔剑四顾心茫然,5,2023-08-23 14:40:56,河北,10,我一直在思考，为什么上帝要赋予本杰明这样一种倒转人生？在他的童年时代，同龄人正在嬉戏玩乐的时刻，他与一群行将就木的老人坐在一起，讨论天气与歌剧；好不容易熬到中年，他选择做一名水手在海上漂流，手足无措的情况下卷入战争；最幸福的时刻是与爱人一同度过青壮年，又像交叉线一样分道扬镳，最后忘了自己是谁，忘了人生为何，没有任何回忆的逝去。他的心境与身体永远都是错位的，他最想奔跑的时刻只能呆坐，他最年轻的时候内心已是暮年，亲子不能相认，周遭已无旧友，他是如此孤独，我们都是如此孤独，但孤独并不可怕，可怕的是我们因为害怕孤独而失去了活着的勇气。本杰明的母亲对他说：你永远不知道明天是什么样。所以我们才要活下去，去成为水手、艺术家、钟表匠、芭蕾舞者、莎士比亚，去等待人生中下一次雷击，即使容貌衰老，内心依旧年轻。
dow,2,2021-07-26 03:05:25,,9,不是说一部电影拍得长就是讲人生的
梅林,5,2013-09-16 21:31:58,,11,不需要顺时针的擦肩而过，只需要逆时针的交错相爱。
爱幻想的小孩,5,2014-06-06 20:50:49,,13,每个时刻都很精准的表达了某个时空的某种情绪。不是简单的爱情故事。关于人生，关于死亡。
寒枝雀静,5,2015-11-20 22:26:18,,6,关于时间的东西总是让自己没有控制力……
Muto,5,2019-02-03 23:37:44,,5,宛如童话的《本杰明巴顿奇事》是一本绝好的睡前读物。尽管它对《阿甘正传》有着多处不同程度的模仿，但芬奇依然将菲茨杰拉德的这部短篇故事拍出了独特的味道。一切都源于时光倒流的假设，所以一切如常生长的事物才会在惩罚式的诅咒中显得那么真实而又荒诞。正因历经过足够多的岁月和沧桑，悲喜聚散才会显得如此风轻云淡。正因一切皆是命中注定所以才不会为失去和错过感到惋惜和遗憾。尽管我们身处不同的时间轨道，但每个人的命运无疑都是一场向死而生的旅程。
Obtson,4,2009-03-28 23:39:05,,14,蜂鸟是世界上唯一可以倒退飞翔的鸟
朝阳区陆依萍,5,2013-02-23 21:44:47,,6,故事还行，细节到位，这氛围渲染的。。。啧！！！艺术指导部门功不可没。。。这光打的，带样。。。
嘟嘟熊之父,4,2009-01-30 01:11:53,,4,等待大银幕重看
zitsunari,5,2009-01-10 21:12:30,,6,最后那段加一星
littletwo,5,2009-01-13 22:31:44,,12,宁静，纯和的人生。不觉得很像《阿甘正传》吗？
人间犯困,4,2022-10-22 00:35:39,北京,10,返老还童的点最有趣，两人的两极转换的爱情没觉得多遗憾震撼，很喜欢艺术家船长和游泳夫人
菠萝,4,2012-04-14 00:27:58,,6,我们都有一个共同的终点，只是有时走的路不同
☯️,2,2009-02-21 20:03:11,,18,特么少跟我装！
🌞娘卷卷🌙,NaN,2023-09-10 23:46:02,北京,1,报看啊。男人至死是少年，女人一辈子要当妈。
𝓖𝓻𝓪𝓷𝓷𝔂𝓖𝓸𝓪𝓽,5,2022-08-06 14:25:50,,49,蜂鸟过隙，挂钟倒转，飓风徘徊，导演钟爱的泛黄柔调下的自然主义史诗。旅馆夜谈、中年交点、车祸宿命、给女儿的信等细节处理极佳。“有些人，生来就注定可以悠闲地坐在河边；有些人会被闪电击中；有些人会音乐；有些人是艺术家；有些人是游泳健将；有些人懂纽扣；有些人懂莎士比亚；有些人是妈妈；有些人是舞者……”使本杰明逆行的人生旅途更为丰满的，正是那些按照自然法则来到这世上又匆匆离去的芸芸众生。每个人都着墨不多，每个灵魂的精髓却得以很好的捕捉，用这样的众生相交织出生命与爱的意义，独特而厚重。都是“无为而治”，本杰明·巴顿又不是阿甘那样靠机遇不断改变命运的传奇励志主角，而是相对被动的逆旅者、平静的见证者和温情的感受者——他总是和时间站在一起，和时间一样成为世间最伟大的作者，书写未来的结局。（卓别林）
罗夏,3,2009-07-11 08:43:41,,5,我觉得被高估了
Irgendwann,3,2012-02-15 22:12:11,,8,菲茨杰拉德原作，大卫芬奇导演，蒂尔达和布兰切特两位女王出演，还有皮特这个小白脸儿，揉捏出的东西，该比我们现在看到的要精致。但我只能说，中规中矩，不太出彩儿，我自己只有微小的感动，当年迈的她将襁褓中的他搂在怀里时。我想到了我的远行的安德烈，那将多么具有悲剧美。三星半呗。
Q。,5,2009-01-03 00:32:28,,5,天长地久的可能★★★★★
jiangnian,2,2015-04-11 17:27:06,,8,评为较差多少有点不好意思但谁叫你冗长又无趣
seabisuit,4,2016-06-23 18:56:16,,6,芬奇少见的冲奥片，拍这种格局不如小题材类型片凌厉，有些拖沓和不够大气。大银幕重看拿奖的特效美术化妆确实顶级，因为逆行而对时间成长中的老和童比对很多，重合的中年最美。联想小范宁那时与现在的容貌身材变化真的唏嘘很奇妙，雷劈七次的小电影和车祸叙述的那个剪辑也不错，某些段落被煽的还挺感动。资料馆
BIGD,2,2009-02-16 16:02:08,,7,他的片子总是这样，我憋着气看，等待着爆发，但看着看着我的气泄的荡然无存
Lan~die,4,2009-01-03 15:16:38,,12,“不管你曾被雷击还是尝试过横渡英吉利海峡，无论你是个水手还是个艺术家，是个舞者还是个妈妈，我们都在岁月的河里流淌，我们相遇，别离，目睹着人间一出出的悲喜，然后等待着一只每分钟心跳两千四百下的蜂鸟来带走你的灵魂。这个带着印度神话风格的意象很明媚，一瞬间让死亡不那么可惧。这也让我想起当年年轻英俊，阳光明媚的布拉德皮特在《大河恋》里已有的阐述，生命就像一条静静流淌的河流。而逆流者，其实和我们一样，欣赏着沿途同样的风光。”
血男孩,3,2012-12-31 12:45:22,,6,没有想象中那么好看，但是不得不承认BradPitt太帅了！
阿五,5,2018-02-26 22:06:16,,6,情人是蒂尔达女王，妻子是凯特魔王，本杰明是人生赢家了。
阿尔法,4,2009-03-26 18:12:13,,0,中的爱很表层话
小提奥,3,2019-10-26 10:57:42,,5,我错过了看完后噙着泪打5星的年龄。
独立日,5,2011-02-05 19:50:56,,0,奇幻的
冰山李,5,2009-01-07 10:43:47,,0,9.0；Whenyouareoldandgreyandfullofsleep/Andnoddingbythefire，takedownthisbook...
kindsos,4,2011-01-20 09:03:53,,1,原著菲斯杰拉德。这个片子总差了点儿什么，我找不到，但是就是差着。
X在被人道毁灭,5,2012-09-03 03:47:35,,0,这片我竟然没打分儿。。。。。。傻逼了
Swettile,3,2021-07-13 21:48:59,,8,电影不喜欢，但是我真的太爱那位黑人母亲了
逍遥兽,5,2009-02-01 16:52:00,,6,如此细致美丽
石中剑,4,2009-01-10 14:40:26,,0,1.12
红领巾=卫生巾,4,2011-06-19 21:15:56,,0,有些人，......
MarK,4,2012-05-22 23:30:25,,0,感觉与众不同
clownpei,4,2012-05-22 22:22:20,,0,感动，看了2遍
任小鹿乱撞,5,2012-05-23 16:22:22,,0,别样的人生体会！
豆腐脑,NaN,2012-05-23 13:45:51,,1,看过很多遍的片子。
tofubo,4,2012-05-23 14:27:10,,0,剧本本身就很有趣的一部剧情片，外加可以看到Pitt老年的样子，还值得一看。p.s.片中人物刻意模仿的NewOrleans口音还挺有趣的。
Dark倌,5,2012-05-22 23:27:28,,0,值得重温
不良,NaN,2009-04-09 10:56:35,,4,无聊
ephemeral_Judy,4,2012-05-26 00:25:05,,0,几年前看的。。。当时很有触动
小飞嘀.3ds,5,2009-01-30 16:19:23,,6,人的一生就是一条抛物线，起点和终点只是一个叫法而已，他们是没有区别的。
dreaming,2,2013-12-17 12:32:35,,8,什么乱七八糟的，就像又长又臭的裹脚布。毫无亮点，哪怕是返老还童的设定也成了一个噱头。
追忆,5,2009-02-22 13:18:06,,0,魔幻的题材却能把爱情写的如此真实感人~“我和你在生命的中间相遇”~
灰色堡垒,5,2015-07-11 19:51:15,,7,4.5。看完好像经历了人的一生。“有些人生来就可以悠闲地坐在河边；有些人，会被闪电击中；有些人，会音乐；有些人，是艺术家；有些人，是游泳健将；有些人，懂纽扣；有些人，懂莎士比亚；有些人，是妈妈；有些人，是舞者。”
pulamalama,5,2021-06-12 16:49:54,,24,看到中间的时候觉得人生如果“逆生长”其实还不错，经历过岁月洗涤，又正好身强体健，有无数的精力去完成自己想做的事。可看到最后又觉得是我想错了，因为当你从最一开始就习惯离别，人生的意义就变得虚无，你会更渴望永恒，你会无法与爱的人并肩，你还是会迷茫，会患得患失，虽然你会越活越年轻，但岁月不会真正地放过你，时间的逆行只是强加于人的祈望，走到最后一刻，还是不得不安静地放手归去、
FÉLIN,4,2009-07-30 19:39:55,,0,感人。奇幻
猪大腿,5,2009-03-18 11:54:09,,0,不知道什么时候再看一遍。奥斯卡方面，3/13的命中率实在是。。。
张翔森,4,2022-04-05 01:42:13,,2,还没长大就老了，还没老就长大了，归根结底，每个人都终将死去。
强强,4,2009-02-11 16:13:39,,0,布莱德-皮特皮影戏的木偶
路西雅,3,2023-07-07 00:06:43,美国,9,感觉我等了两个小时等BradPitt变帅打炮。这两个人像是关系很好的炮友，在每个阶段都像是有不同kink的onlyfanscouple@Pathélesfauvettes
hitlike,3,2009-01-11 22:40:08,,0,险些拍成阿甘正传
麻木粮姜,4,2010-01-03 00:19:40,,5,Youcanbeasmadasamaddogatthewaythingswent.Youcouldswear，cursethefates，butwhenitcomestotheend，youhavetoletgo.
wakandawula,5,2011-05-07 21:21:17,,0,美丽的故事
iceman,5,2009-03-02 15:15:03,,0,永恒而极致的孤独……
嘉沐難再續.K,5,2008-12-26 13:10:18,,3,首映看的，還挺感人的。
黑胖砸儿,4,2011-12-18 16:56:16,,1,有些事情是永恒的，也许我们还不懂得如何去珍惜。P.S.小皮真是越老越tmd帅，直追老康啊！
RIC,2,2010-03-18 18:18:13,,2,Pitt在这里还有一丁点演技吗？
麦兜,5,2009-01-11 02:28:36,,0,你可以像疯狗那样对周围的一切愤愤不平，你可以诅咒命运，但是等到了最后一刻，你还是得平静地放手而去。
上野急娃娃🌈,4,2017-02-16 20:12:07,,7,人如果都是生下来就是老人，并且知道具体年龄，之后的人生做减法，一出世就知道还有多久死，彼此也知道在一个人身上应该放持续多长的感情，想想也很带感啊。精华集中在后三分一。这个故事并不足以拍一部超过两个半小时的电影，观影过程感到各种冗长拖拉，再精炼简洁些，表达出来的效果可能会更好。
七月,5,2011-05-30 17:27:05,,1,我們總會有交點
msazhou,3,2010-11-16 14:26:35,,0,这样何尝不是一个悲剧类
夏日,4,2009-01-03 00:18:21,,1,又一部阿甘正传，学的挺像。
摇滚玄奘,4,2010-11-22 19:45:53,,0,Anamazingstory，awonderfulstory.
高压电,3,2011-03-09 23:53:53,,0,芬奇作品里的最爱，法国医院的相见戏最棒，正是我们生命的偶然…
天涯·明月·风,5,2010-07-11 02:42:30,,0,精彩的一生，让人思考。
Nightwing,5,2009-06-14 13:34:05,,3,10年后，JuliaOrmond将西伯利亚的寒冷和岁月留痕悄然带进了DavidFincher的传奇之作。人们说两个人的命运只偶尔交汇这么一次也是幸运，可这部片子呈现给我们，势必无限远离的两条射线会在另一条自定的轨道上如何永久的交汇甚至合而为一。update:翘首企盼到的CC版本锦上添花，长达三小时的花絮本身就是幕后一桩奇事。(reprise<->2009-02-17)
Seamoon,4,2009-01-15 19:31:04,,0,三星半。我想我更喜欢菲茨杰拉德的版本。那个更讽刺，也更戏谑。
Whisper,4,2010-04-11 13:02:58,,0,想起以前的一个科幻小说演绎得不错化妆不错
kalcium,5,2009-01-16 22:44:20,,1,跟阿甘像?跟你妈还像呢...
我爱大猪宝儿,5,2011-09-12 21:27:51,,0,时间是把杀猪刀~~好的剧本决定一切~~
suki_1001,5,2009-02-08 13:25:06,,0,Benjamin..
pigayou,5,2009-12-08 23:15:36,,1,人生的交叉点只有一个瞬间
找凹的凸,5,2009-12-22 22:51:25,,0,这是一个很美的故事。
芒果,4,2012-02-16 19:13:18,,0,虽然不喜欢凯特布兰切特，不过不得不承认她的演技实在很赞。也许一个逆着时间生存的人更能珍惜生活吧。Youneverknowwhat'scomingforyou.
GOGO Dr.Gore,3,2009-01-02 22:59:31,,0,难道是米国和欧洲的JQ史？
泼墨造马追姑娘,5,2010-05-09 11:25:10,,1,怎么样的爱情才算令人羡慕，让人感到温馨。也许就是曾经拥有，互相包容，理解吧。不长久但令人动容。
無主,5,2011-12-03 15:18:23,,0,活。
太阳的倒影,4,2009-01-11 01:03:31,,1,有点大师味道了
17950,5,2009-01-29 21:42:31,,1,本杰明最后心老人不老的变年轻了反而与普通的年轻人没什么不同！？这个故事讲得虽然不简单但太直白了反而没什么回味的地方。
TORO VAN DARKO,4,2009-01-31 07:14:29,,2,回味无穷~
戕茕,4,2009-03-13 22:37:57,,0,变得年轻是什么感觉。。
M2,5,2012-02-12 09:32:48,,0,Howtimeflies
Frank,4,2009-01-12 22:46:36,,0,皮特有那么性感么？凯特·布兰切特真漂亮！挺好看的很大卫很芬奇
阿朽,4,2009-01-19 17:31:47,,0,这种类型的电影，有感触，但给不到五星。
小柒゜,4,2012-05-21 21:39:35,,0,悲催又喜感的一生。来自本杰明。巴顿奇事。想做什么就好好去做吧！
皓宇,5,2011-10-05 20:51:20,,0,你做这个梦么？儿时我做过的。影像化的幻想，让人着迷。
唐大克。,3,2009-05-30 22:56:23,,6,对不起，如此深邃的电影让我四次几近昏睡。
小子墨哥,4,2011-12-30 20:57:11,,0,演员特效妆很到位!
蓝人,5,2010-05-26 17:06:01,,1,对终极关怀的另一角度的解读。
了不起的克莱德,5,2011-09-20 23:20:09,,1,看完了就得了内伤。。。
伊蒂克,4,2009-05-16 03:45:36,,0,WillyoustilllovemewhenIhaveacne?WhenIwetthebed?WhenI'mafraidofwhat'sunderthestair?
Lisaaaaaa,4,2011-06-08 20:13:46,,0,故事蛮特别主要是看我的皮特
陈凭轩,4,2015-01-25 08:33:09,,6,六年前看的时候就一直在骂娘，心说你这跟菲茨杰拉德有半毛钱关系吗？这次重看才觉得，如果撇开小说原型，也不失为是一部杰作。越长大，越对互文性的方方面面宽容起来。
髦髦,5,2012-07-09 09:16:46,,0,我有没有告诉过你，我放雷电不小心劈中了你7次
游牧人·芳汀,4,2010-10-24 17:47:00,,3,好美的电影，每一个画面都是一幅画。芭蕾名伶凯特布兰切特实在是惊艳，气质女王啊
时生,4,2010-01-01 06:29:18,,1,前面太啰嗦，后面有点儿意思，不过到后来觉得像《阿甘正传》。
狼大疯,5,2008-12-31 15:41:20,,1,pitt年轻到十八九岁时候的样子看得我心都碎了
Max,3,2009-01-09 01:56:30,,0,　　8.5/1024，031votesTop250:#63★美国电影学院十佳影片★洛杉矶影评人协会最佳配乐第二名★华盛顿影评人协会最佳艺术指导★国家评论协会奖年度十佳、最佳导演、改编剧本★《时代》年度十佳NO.6★《纽约邮报》年度十佳NO.5
小月月Yoly,5,2011-07-20 17:25:03,,0,最后太感人了
隔岸之雨,NaN,2012-02-14 09:30:49,,0,我想看看一辈子的爱情…原来是这个样子的…哪怕我们只有那么短暂的美好可以重叠在一起···
cxdx,5,2012-06-18 10:04:23,,1,故事很神奇。节奏慢了点。
没头脑总不高兴,NaN,2012-06-18 09:40:43,,0,女主角的高颧骨始终是我一块心病……但结尾确实很美好(┬＿┬)
芙蕖,NaN,2012-06-18 11:10:23,,0,生命的逆旅。
matchbox,3,2009-01-06 21:30:41,,1,07威尼斯最佳男演员
Tia,4,2009-04-02 15:42:59,,0,到底和时尼的肖像是个撒子渊源。
菠菜逛基辅,4,2009-09-15 01:06:38,,1,电影倒叙的方式结合浪漫爱情故事让人温馨唏嘘不已
prost,5,2009-01-18 18:31:45,,0,Benjamin...We’remeanttolosethepeoplewelove.Howelsewouldweknowhowimportanttheyaretous.
苏苏,5,2010-01-13 19:56:55,,0,大爱~大爱~
燕子坞主人,4,2016-10-24 23:27:01,,3,我们命中注定要失去所爱的人，不然怎么知道他们在我们生命中有多重要。
风雨骑老师,4,2010-10-31 19:16:02,,0,画面美
nikki,4,2010-08-22 15:00:26,,0,时间的流逝是多么美丽又伤感的事情，最后十五分钟流泪。P.S：从开始就想起了时间旅行的妻子一书
任染,4,2011-08-16 00:47:18,,0,大卫难得拍水片
AGPの黄昏,3,2011-01-23 15:28:00,,1,可以不看
春山,4,2017-01-19 07:06:50,,1,电影看着是享受的，毕竟，几位女神，皮特又那么帅。只是觉得太刻意。#魔王声音听着就想让人高潮。谢谢艾晨小哥哥赠票，比心。(*¯︶¯*)2018.05.12。@上影城
Yew,3,2009-12-24 00:54:00,,3,一块包装精美新颖的名牌肥皂
卡卡洛特,5,2011-01-22 17:07:39,,0,大师的
维维,5,2009-01-29 12:08:55,,0,冲着13项奥斯卡提名就得五颗星
蓼蓝,3,2009-02-25 15:41:24,,0,死在情人怀里
Panda的影音,4,2012-02-09 08:04:01,,0,有种难以形容的感动涌上心头！
qmsap,4,2009-08-25 15:40:38,,0,结尾让人在平静中得到震撼
v蜂蜜,4,2009-01-09 19:11:36,,0,感觉前面不怎么样后面不错
坐在海底支着下巴的鱼,4,2009-01-28 22:42:08,,1,难于言说的故事
小儿勾,4,2009-01-06 20:48:08,,0,天天在一起的内段|念写给女儿的明信片儿
◆Hardcore,NaN,2013-02-19 11:41:24,,7,这设定根本不合理啊，如果他小时候是（老人的面容，儿童的身体，儿童的心智－最开始一样不会说话）的话，老了之后应该是（儿童的面容，老人的身体，老人的心智），就算是老年痴呆了，那也不该变回儿童身吧？
Irreversing,NaN,2012-02-12 01:06:16,,0,09年看的时候还在和某ex山盟海誓，第二次看感觉完全变了，五星作
Charlene,5,2009-05-30 21:51:08,,0,感觉很好。KATE扮演的芭蕾女气质太好了！
林 寶兒,5,2009-02-22 13:22:45,,0,很不错
abandon,5,2009-01-04 21:20:07,,0,看了一点我给了四颗星看完了我给了五颗星悠长的音乐舒缓的心情年轻时的本杰明多清澈啊化装很神奇
茄汁沙丁鱼,4,2009-01-24 04:51:25,,0,呼，终于有四星电影出现了。
阿卜,5,2010-05-08 02:53:42,,0,这电影对我触动其实挺大的。
一然的海岛,4,2009-12-13 13:45:35,,0,好片子，故事很棒
Dita,5,2009-01-09 22:23:37,,0,无比的美。美到心碎。
l.m.,5,2009-01-23 00:14:33,,0,的确很有BigFish的feel.但這部明顯題材有趣很多.敍事也好很多.感染力也強很多.生命啊時間啊人生啊.
锴,5,2009-01-10 16:40:49,,1,beautifulstorybeatles恣意地唱着小屋的生活是又最令人向往的一段
DANTE,5,2011-03-20 13:32:08,,0,奇特的人生之逆旅。
锡罐头,5,2009-02-03 13:49:43,,0,每个人都是生命的传奇
CC,5,2009-06-13 17:09:51,,0,人生啊
anniepanda,5,2009-02-25 09:29:57,,3,当华美的叶片落尽生命的脉络才历历可见
楚恻,5,2009-01-17 23:04:04,,0,有些感动有些无奈
介意,5,2013-07-26 18:37:44,,1,#476|後來把書看了才驚歎于芬奇的選材能力。
斯慕奇,4,2009-01-12 00:55:08,,0,DavidFincher怎么会拍这么奥斯卡的片子。。。
旭,5,2009-01-07 01:18:54,,0,twistandshout
Chris  一切由无聊开始,4,2009-01-04 23:21:25,,0,拍得不是特别好，但是选题很好，并且把它完整铺陈开。中间看得很感人。
查无此人,4,2009-09-16 11:02:54,,0,芬奇的爱情片同样让人惊喜
marsemigrant,4,2012-04-30 23:58:28,,0,大好人生被浪费了。。。
xiaonanhappy,3,2009-09-21 18:06:32,,1,创意超级牛逼，皮特延续杯具。
【守破離】,3,2009-06-20 15:20:01,,1,Themakeupandthecomputergraphicstoadd+erasewrinklesbotheredmeimmensely.
ginger,4,2009-01-11 23:27:25,,0,构思不错加一个星吧~~
Kyiv,4,2009-03-14 01:12:45,,1,很华丽的篇章，如果没有阿甘，它应该获奖最佳影片，即使如此，我觉得也比百万富翁好一些。
嘴客,4,2009-08-02 01:54:05,,0,设定很好，编剧音乐美术都很完美，但是不能Shock
Answer蒋,4,2011-12-28 16:57:28,,1,在最幸福的时候放手，在最美丽的时候结束，生命犹如樱花一样在最美丽的时候离枝入土
不羁肉球,5,2012-02-18 20:57:43,,0,那个父亲爱我如生命
煮竹,5,2009-01-12 10:15:40,,0,太好看了！我哭了好久～pitt一定能拿小金人
二表兄,5,2009-01-03 21:57:39,,0,分奇你是我偶像
乔小囧,5,2016-09-08 21:30:26,,1,漫长岁月，谁与谁也只能相陪一段时间。唯有爱与记忆，跨越时空。
momo,5,2016-11-01 01:26:50,,5,情节新颖，结局悲伤女主演技好，皮特颜值在线
D I D A,5,2010-02-02 15:00:42,,0,难以言喻，只有怀揣
Don't Panic!,4,2009-08-25 22:38:44,,0,没想到大卫芬奇也可以拍这样的片儿
高梵,5,2012-01-03 03:29:39,,0,好电影无需多言
ys,4,2010-01-06 12:23:32,,0,一开始看得我睡着快了。后来也发现其实这样和爱的人度过完整的一生也很完美了。
苍海王子,4,2012-08-11 02:29:22,,0,希望越大，失望越大。有题材和体裁的创新，但是讲道理啰嗦且不清楚，过程中有些许赘余拖沓。而且没有表现出外表和真实年龄的强烈对比（原来想着这个事整个电影的重点）。但是总体来说还是能比较吸引人。不错~
Clairliu,4,2012-03-16 02:58:29,,0,someonedanse
Vince♫,5,2009-03-01 00:01:04,,1,作真正的自我，从现在开始
L I M O,4,2009-01-20 22:43:39,,0,年齡交錯。
U 兔,5,2009-01-28 00:15:17,,2,让我忽然意识到睡前能对一个爱的人问晚安事件多么幸福的事情～
小易甫,3,2009-01-13 23:47:21,,1,我原本以为自己过分期待了它，但这是个奇异的故事，于是最后那一节终于被感动.
lotus,4,2009-04-14 23:40:28,,0,高潮很感人
麦茬,5,2009-10-25 17:59:59,,0,09年看过最棒的电影之一。
spawn4,5,2011-05-27 21:32:17,,0,又是阿甘和大鱼类型的电影，还是好看的。
=_=秋叶,4,2011-01-20 15:11:19,,0,大学时在教室大家一起看的，感动的地方好多
一片云,4,2009-01-20 20:09:22,,0,重点不是怎么长大，而是如何生活。
其艾拉,5,2009-04-18 16:27:41,,0,没有六颗星
下雨不愁,5,2011-05-09 16:00:43,,0,goodnight，benjamin
yuanhan,3,2011-01-21 17:23:43,,0,题材很奇特。另外我想说的是，BradPitt和LeonardoDicarprio，虽然是两大帅哥，但我也喜欢他们挑片子的口味。
我的化学罗曼史,4,2011-09-03 12:07:28,,0,我觉得他对妈妈的情感，表达的不怎么充分
LizLee,5,2011-10-06 23:46:52,,0,我们都希望这样啊。
Andy,3,2009-02-25 18:14:09,,0,台词很好。化妆很棒
中雪君,4,2009-02-18 10:01:59,,0,传记向，还算可以，只是不知为什么不够感动，难道是不自觉的和阿甘比较了么？
伊卡洛斯,5,2009-12-01 17:18:55,,3,老天爷总是不断地提醒我，让我知道自己还活着，有多幸运
Top♛Ace,4,2009-01-31 00:52:20,,0,另一版本的阿甘正传
小酣,4,2012-08-22 23:07:56,,0,还行。
楚翰彻,4,2016-10-28 23:52:08,,1,虽然改编自菲茨杰拉德的原著，但两者的风格实则非常迥异，原著聚焦的是人的现实困境，本片则把人生描绘为一场玄妙瑰丽的旅程，相比主线故事的主旋律，几个细节其实更能表达这种迷人的神秘，而对于芬奇本人而言，不得不说是一种风格上成功突破。
大脸,5,2009-01-10 20:46:38,,0,台词虽然说教了些..但毋庸置疑。超级好片一部
小小白药不能停,5,2011-05-14 13:41:10,,1,NMB，这个我绝对标记过……哪个狗日的删了我的评论！！！！！！！！！！！！！！！！
肖恩恩恩恩肖,4,2017-10-15 01:49:08,,6,非常精良非常好看，质感唯美，但是匠气真重啊。明明很美却总觉得距离打动人还差一点，大概是缺少生活质感吧。
小biu~,4,2011-02-15 19:45:25,,0,人生若真如此真是悲哀趁我们还活着轰轰烈烈的爱
四点水小西,5,2011-01-28 16:59:45,,0,一辈子
bing。,4,2009-02-13 02:57:09,,0,角度太牛逼。这样儿的电影再有了牛逼的男女主，它怎么会不牛逼呢。
如果茶知道,4,2009-01-12 19:31:43,,0,Goodnightdaisy...
ly莉,4,2009-06-15 04:12:08,,0,很浪漫的，音乐也好听。BradPitt靠化妆变最嫩时真的超帅！原来人越变越年轻真的不是什么好事呢。不太赞同海报，表现不出什么嘛!--2009-6-14
lizzycoucou,4,2009-05-10 02:59:57,,0,我们家凯特布兰切特
任晓雯,4,2009-01-24 23:00:35,,5,神奇的化妆术，尤其是BRADPITT变成teenage时的那个造型。
大猫团团,4,2009-01-08 01:15:51,,0,不错，但没有之前期望的那么好。CATE早就我的爱了。
ABCD的D,5,2010-04-15 07:25:33,,0,半夜看会从四星半升到五星。重口味，我喜欢TildaSwinton＝＝bbb
忏聒,4,2009-10-01 14:44:57,,0,低的故事
luc1en,4,2009-06-28 13:31:18,,0,原来越活越少和越活越老全然没有区别
榌舞の~雪児,5,2011-03-20 14:17:54,,0,实在太TMD有创意了
一條魚佔滿了河,4,2010-01-05 00:16:04,,0,我相信，當時間過去，我們總會有一段適當的時間狠狠愛。
叉叉小箭猪,5,2009-12-06 07:04:09,,1,Fincher一下子就达到了这个风格的顶峰
最烦装逼,5,2009-02-22 18:21:20,,0,好剧本。2019/01/30：重温。
姬气猫,4,2014-03-20 19:54:34,,1,前半部冗长乏味后半部比较精彩大概是因为皮特越变越帅的缘故
疯狂的二狗,3,2012-03-27 04:54:59,,0,多好的题材啊
我觉得我们有病,5,2011-08-04 13:23:01,,2,一点也不冗长.不过要是你觉得你的命太长的话就另当别论了.
MIA,4,2012-10-26 23:43:46,,0,开头有点太缓慢
灰小姨,5,2012-05-25 22:29:43,,0,好看，真心佩服。
普莉恩皮察雅,5,2013-07-16 12:50:29,,0,我们每个人都是某人一生的至爱。无论你是否离开，是否爱上别人，是否越长越年轻。　　
geek,NaN,2011-09-23 22:44:10,,0,化妆技术一流的好莱坞
多多,4,2009-01-18 21:14:56,,0,特技很棒，其他只能算是中规中距，没有出彩。
此君,4,2012-05-25 18:10:27,,0,最美的相遇，最好的结局
疾走,5,2009-01-24 13:37:55,,0,BaseonstorybyF.ScottFitzgerald.
ButtMan,4,2009-06-01 00:31:31,,0,摄影太美了
喻鸣,5,2011-11-20 17:44:14,,4,两艘逆行的船，于最美好的时光交汇，却没有渐行渐远。
小忌廉,4,2011-08-16 00:29:27,,0,嘿我跟你说过我被闪电P中了七次么
ling,5,2011-10-29 06:41:53,,0,T_T
minyee13,4,2009-01-18 00:25:31,,0,虽说剧情还是有些小BUG不过这大大的宿命论以及三段落的说理主题都算落到了蘑菇的小宇宙中~~09年第一部眼前一亮的电影
Scarlett,5,2020-02-10 19:09:57,,1,重看一遍。不是所有的相遇，都有幸相伴一生。把每一次离别，当做下一次重逢的契机，等待。
想退休的她,3,2012-11-18 15:33:47,,0,违背自然的悲哀，但是逆生长也挺好玩的
蔡鸟,4,2009-01-26 15:55:45,,0,F.ScottFitzgerald
sLhaha,5,2009-01-10 20:59:35,,1,后半部分很精彩
稻子不想睡,5,2012-05-25 22:48:41,,0,很平静地看完这电影。大二英语视听说课外教又播了片段。
芹泽虾饺菌,3,2008-12-30 15:38:31,,0,这对BG我的确爱，但拍得好没电。这俩的南方口音好囧rz。芬奇，快给老子把型转回来，想看爱情故事俺也不找你丫，快拍阴暗面吧~~
锋,5,2010-05-20 00:11:07,,0,两条不同的时间交错在一起的爱~~不断的告诉你爱情是有时间的
lying,5,2009-01-11 20:00:49,,0,绿色奇迹类型片，身体与心灵反向行走
菠萝蜜个隆冬强,5,2012-03-13 11:13:55,,0,本杰明：常规意义上，我是从终点回到了起点、所以我的一生注定了不同。麦可克拉克：你可以像疯狗一样抓狂、或者用脏话辱骂命运之神、到了最后、还是得放下。万物都会消逝、真的让人可惜、如果没有那场车祸、黛丝会回到本杰明的身边吗?我们年轻时可以什么都不在乎、年老的时候却愚蠢的悲叹着一切
大病出浴,3,2009-03-13 20:54:57,,0,只喜欢中间一段
흫_흫,3,2009-07-09 05:43:58,,1,有意义的事再晚去做还是有意义的你能从现在开始改变也可以一成不变我希望你能活出最精彩的自己我希望你能见识到令你惊奇的事物我希望你能体验未曾体验过的情感我希望你能遇见一些想法不同的人我希望你为你自己的人生感到骄傲如果你发现自己还没有做到我希望你有勇气重头再来
Moriarty,4,2012-02-25 22:21:30,,0,我在最美好的时间遇见了你此生足矣奇幻的故事失去爱人的伤感
瓜。相信这个世界很变态。,4,2009-01-31 23:26:23,,1,只能说拍得比较聪明。
周鱼,5,2009-01-10 18:02:16,,2,其实不喜欢这样的桥段大卫也不善于驾驭这样的题材节奏感很不好主要是前面太拖了但撞车一段帆船一段很好然后是渐入佳境这个结尾实在是太太太有力度了。。。念念不忘5星水准
scofieldd,4,2010-09-09 22:23:31,,1,感动吗？其实也不是那么感动，大卫·芬奇这次向主流进行了妥协，把他的棱角全部都磨平，没有黑暗的氛围，没有高速的对白，没有犀利的剪辑（除了车祸那一段），只剩下细水长流的脉脉温情。
#烧光光#,5,2009-01-08 19:53:48,,0,一开年就看到好片
李小宅,3,2012-02-13 14:54:42,,0,我发现这竟然是菲茨杰拉德的小说！！！！
旧书君,5,2009-01-10 17:32:21,,1,难以置信这是DavidFincher的作品，如此平淡却如此动人，对于“溯生人”一生真实的展现，融入时代，又深入了生与死。时间和生命是一对互咬尾巴的蛇。小金人的化妆奖，本杰明是铁定拿得下来的。见评。
平日,5,2009-02-05 22:46:40,,0,IthoughtI'dcomehereandsweepyouoffyourfeetorsomething.
你好阿唐,5,2011-03-05 15:02:15,,0,在生命交汇处，我们相爱。
六VONNIE,4,2009-05-02 14:13:52,,0,不是我的菜但是我喜欢那些明信片上的字。
盗盗~,5,2011-05-03 16:51:27,,0,说多了也是多余。。。
pinkjar,5,2009-01-29 17:47:15,,0,1.29总有人离开的，就那么回事。
pu~,3,2009-06-28 23:00:47,,0,凯特好漂亮哦。。。最后本杰明回到十多二十岁的时候最后一次和凯特做完，凯特穿衣服的背影太伤感了。
左啾啾,5,2009-03-16 23:11:31,,0,感动啊。。
安狄,5,2011-01-21 03:00:07,,0,孤独不可怕，可怕的是惧怕孤独。生命倒叙，一人独行。
我真不是大雁,5,2010-08-09 09:00:32,,0,真好看，音乐很好听但配的优点不尽如人意。
亢龙无悔,5,2009-05-31 09:44:45,,0,前面比较慢，到后面真是精彩，看得出这个故事的创意，人物情感的细腻，非常有味道的故事
汽车大师,3,2009-05-08 21:22:23,,2,只喜欢前三分之一的儿时部分和最后的老年时光，的确是太太太太太像阿甘了，真服了这个ericroth
漏查的小土,5,2013-01-06 14:24:24,,0,有些事命中注定，去躲避，去抗争，到头来唯有平静接受；没有什么天长地久，愿爱是永恒。
肥壮壮,4,2011-05-26 19:27:52,,0,没有想象的好，有些片段和一些台词很不错，但整体感觉稍微差一些。过于四平八稳了点，也许原作小说不错，有机会可以找来读一读。
庹博雅,3,2010-10-14 22:47:06,,0,交错而过的生命
Zeroclan,5,2011-11-08 00:00:27,,0,我们的身边有太多值得珍惜，活着，不只是为了自己！
你是要笑死我么,4,2012-06-18 13:24:55,,0,年轻的外表下藏着颗苍老的心。矛盾的存在本就是门艺术。
谢笑薇,4,2012-06-18 15:11:10,,0,我印象中最深的是老男人最后变成婴儿躺在老女人的怀中，他们慢慢老去……既没有相逢恨早，也没有想逢恨晚，世上有的，就只是爱。“从心所欲不逾矩”！
咖啡与橙,3,2012-06-18 15:52:04,,0,只能说导演的风格和影片阴沉的基调我不大喜欢吧要是我拍就拍成明朗轻松的调调最后可以煽情一下
胖胖,5,2009-05-05 10:33:02,,0,颠倒的人生体验充满奇幻色彩。老妇牵着呀呀学步的孩童令人动容。
小牛魔王,5,2009-05-25 16:38:54,,0,凝重悲凉
冬贝与9-13刺青,5,2010-02-06 01:35:55,,0,一正一负LOLI大叔大妈和正太的故事
米姐起飞,4,2014-02-07 21:06:24,,3,等待重看
莫云轩,4,2009-04-30 21:36:03,,1,逆着时光追溯
死咗,5,2010-03-10 18:55:06,,0,非常動人，講述了很多人生所要面對的境況和一顆孤獨溫柔的心。
棉,5,2012-09-03 09:43:31,,0,虽然长达2小时40多分钟，可是却不会觉得乏味，我果然在艺术电影中得到了完美的升华！！PS：cate怎么那么完美~！
沉默支撐我,5,2011-01-20 22:23:53,,0,记得看的那时候我跟我家麦兜最后哭够呛~
赵麻花,5,2010-09-03 15:35:57,,0,人生确实具有两面性啊~
桃花,4,2009-01-18 01:45:05,,1,我总觉得这本杰明逆向发育的身材变化和心理成长处理并不是那么合理妥帖。
彩色笔收藏家,5,2022-03-05 11:44:11,,3,非常奇妙的倒转人生，当一个人从年老倒回出生，拖着年迈的身躯却其实是刚出生的宝宝，难产去世的母亲，抛弃他的父亲，老人院工作收养他就毫无违和感的养母，那些早已看透人生的老人，本杰明经历过老去因此他更勇于敢于尝试特别的事，情窦初开的时候却是一副老人模样，遇到了喜欢的daisy却选择了出海，在船上遇到了伊丽莎白然后她不告而别。当本杰明和黛丝再次重逢，已经是不同轨道的两个人，他们相爱、分手、重聚、生子、再次分开。特殊的人生才会有更深刻的领悟
西决,5,2011-02-23 02:42:37,,0,假如你的生命是逆时针~
十个斗的眼窝浅,4,2010-04-12 16:39:56,,0,三个小时，的确有点长。我们命中注定要失去所爱之人，不然我们怎么知道，他们在我们生命中有多重要！！！
撒么而,4,2009-01-05 13:01:47,,0,执子之手，与子偕老。
至尊寶『x_x』,5,2009-03-27 01:29:49,,0,遭不住了!!!~喜欢/
积木,5,2009-02-19 12:49:41,,0,全篇娓娓道来~~台词美得让人落泪~~
何倩彤,NaN,2009-02-19 23:26:56,,2,19-2-200911:50ambc
博为,5,2009-01-11 20:35:24,,0,不管齿轮是否装反坚持下去
null,4,2009-04-08 21:20:42,,0,一流的化妆术，拍成电视剧短剧会更好。
swan,3,2009-02-12 13:23:22,,0,意义何在？又：居然有JuliaOrmond，真是此一时，彼一时~
Parodinal-KOH,5,2011-05-30 22:09:25,,0,anotherangletoobserve
lydia,4,2012-01-12 22:59:52,,0,我们奋力向前划，逆流向上的小舟，不停地倒退，进入过去
Sean,5,2009-02-01 21:30:51,,0,感动何需煽情
ningbokai,4,2009-09-26 00:18:42,,0,看完不知将这片归为哪类~
南條艾草,4,2009-05-20 23:12:47,,0,不错，不过欠回味~~
哈卡,4,2009-01-10 17:07:14,,0,有些地方砸的也不是特别准！
闪电虫洞机,4,2012-02-27 22:31:02,,0,皮特哥哥好帅看完后呼出深深一口气唉
美女菜kun,3,2017-05-26 23:30:09,,2,皮特好帅！不光看脸，剧情也不错，人物的设定一开始就很吸引人。
KillerQueen,3,2009-02-07 00:55:33,,1,为什么是bradpitt!!!
白菜小姐牧羊曲,3,2022-08-11 23:38:31,,4,最打动我的居然是mama，不变的只有mama的爱
八尺仔,5,2012-06-18 23:35:03,,0,故事好，化妆师也很厉害。看过之后，人生的得失都很淡了~
我不认识你,4,2012-11-10 21:00:18,,0,有一段相遇的日子就好了
小耳朵图吗,4,2009-01-07 18:48:41,,0,、很多人应该都猜到了结局，就是猜不到这么好的过程吧。
Mioko,4,2010-09-11 19:49:38,,0,不错
骑士的蒙太奇,5,2012-02-12 14:43:33,,0,只要想想这个场面：“一个曾经和你热烈的生活，做爱的男人，在你有生之年变成了一个痴呆的少年又变成了一个需要照顾的幼儿，变成婴儿后临死的一瞬认出了自己爱了一生的女人——那个眼神无比坚定。”影片前半段像《阿甘正传》，后半段浓浓的忧伤使人窒息
攸宁陶陶,5,2011-01-25 19:06:21,,0,时光不管是往前还是往后，那些可记忆的，弥足珍惜的始终存在着，且到生命的最后一刻。
乐天,5,2010-06-13 02:23:58,,0,每次看了之后都感动得落泪。
。,5,2009-07-12 18:47:12,,1,splendid
息为,5,2009-01-14 20:51:53,,0,请抽开时间。
弗拉季米尔,4,2012-09-03 16:05:51,,0,对女主月下黑灯瞎火的舞蹈怀有深深的印象~！
水仙,4,2009-09-27 18:52:10,,0,Youcanbeasmadasamaddogatthewaythingswent.Youcouldswear，cursethefates.Butwhenitcomestotheend，youhavetoletgo.
Arrhyth,4,2009-07-25 10:54:05,,0,所有有关穿越的电影，都有各种各样的逻辑问题。造物主对时空的安排，不是人类能轻易改动并完美阐释的。ps:cateblanchett实在太丑了-，-
Apocrypha,3,2009-01-28 23:25:50,,0,奥尔良的飓风带走了一位特立独行、毫不怜悯的导演，真不敢相信这部治愈系电影是大卫·芬奇拍的！
风月四,5,2009-02-03 22:28:05,,0,爱终将战胜时间!
小狮子,3,2010-02-17 14:53:15,,0,创意不错，拍的一般。
私房歌,4,2011-08-23 09:21:43,,0,你可以像疯狗那样对周围的一切愤愤不平，你可以诅咒命运，但是等到最后一刻到来之时，你还得平静的放手而去。每个人在某种程度上都对自己有不同的认识，但是我们最后都会去往同一个地方。只是走的路不同罢了。你也有属于你的道路。
ich,5,2009-01-24 16:27:12,,0,好吧。我喜欢那个絮絮叨叨的段落。有朝一日，披床被单，坐在海边。
井戒,5,2009-01-09 21:00:55,,0,有些人总想着变年轻。但似乎并不如我们想象
Wuiia.,4,2009-11-07 08:19:42,,0,劈了就劈了，爬起来我继续过。
有多远走多远,3,2009-01-25 19:06:40,,0,很失望！DaiveFincher的锐气都去哪里了？
蛮吉,4,2009-03-22 12:23:28,,0,美国
古时月,4,2010-09-04 23:46:54,,0,真科幻
旺财sindy,3,2009-02-09 16:34:06,,0,题材比较新颖，大卫芬奇总喜欢更灵动的故事。只是觉得稍微有点拖沓了，而且刚出生时老者那部分更好，呵呵～
罗弘霉素,5,2010-07-29 21:39:10,,4,五次遇见，七次雷劈
臭臭,4,2009-01-01 23:40:27,,0,中后段太美了，太美了……美的让人落泪。没想到芬奇也能拍这样的片子，唉～唏嘘～
夏雨荷,4,2009-12-11 07:17:03,,0,在敦刻尔克
Cherry Chi,5,2010-09-24 15:05:32,,0,你好吗，我很好
absolutmilk,5,2009-09-13 16:37:25,,0,我还以为会是奥斯卡最佳影片的
不理不理佐卫门,4,2009-01-20 09:43:39,,0,老奶奶的女儿都本杰明的日记中间发现有部分缺页，还以为会有悬念留到最后揭晓涅～
东呆,4,2009-05-19 18:37:41,,0,还可以吧，为什么本杰明小时候和将死时都不会说话
偶然香芋,5,2012-10-20 23:02:15,,0,觉得时间过得好快啊，还沉浸在这样一个奇幻的故事中，非常的完美纯熟，化妆技术太赞了！
Summerpie,4,2009-04-03 20:24:20,,0,1.特效，尤其是化妆很神话2.Ilovecuriousstory3.Cate相当有气质4.车祸时的假设性叙述，给女儿的明信片，5岁的本，结尾那几句话和被水冲刷的时钟5.2个半小时太长了，中间太拖沓
啸如,5,2011-07-24 10:18:24,,1,“君生我未生，我生君已老”还有什么比这更悲伤的
蓝骑士,5,2012-03-13 00:13:49,,0,这个故事是用早开的睡莲上那颗尚未从夜色中醒转的晨露写成的。
翁妞妞。,5,2009-03-28 15:03:23,,0,其实很悲情，非常非常的悲情。
临暗,3,2010-03-11 12:32:05,,0,皮特太帅啦
豆醬￼,5,2010-03-19 10:02:57,,0,如果我的生命是倒着的。。。。。
Mathias Laurids,5,2009-02-24 16:51:16,,0,有时候我希望自己不总是这么爱上，可是，我依然能在眼泪中看到希望！
小敏仔,3,2012-09-04 05:29:11,,3,不过是生生错过，又不得避免年少无知。
corrinne,5,2010-06-26 08:18:28,,0,如何让我遇见你，在我最美丽的时候
师兄在家,5,2011-06-22 12:55:33,,0,人生的倒计时
北北,5,2009-01-23 13:47:04,,0,Weareeachtheloveofsomeone’slife
豆友2533629,5,2014-08-12 23:46:34,,5,年轻的时候总想老成世故，老的时候希望返璞归真。世故是社会给你枷锁，你要社会的认同。归真是你看穿规矩人生，要回自己。有些人变老，有些人最后还是那么年轻
Salomé,4,2012-09-03 14:20:40,,0,刚开始真的有点恐怖
itrek,4,2009-04-19 23:30:15,,0,2009-04-19.7
Ying,5,2009-01-06 18:25:32,,6,一千次的人生
无相,3,2010-01-28 18:04:06,,1,没办法投入进去的一个片子，我猜我和BradPitt、CateBlanchett都气场不合。但是我多么羡慕他俩在电影里能够重回20岁啊，即使他们也残忍的看到了自己80岁的样子。凯特的20岁ps过了，看起来像是蜡像假人。比起来整个片子里最喜欢的居然还是白雪魔后。
kaqiman,5,2010-06-21 23:23:22,,0,他和她一个逐渐老去一个越来越年轻还好在命运的中间地带他们相遇过一场转瞬即逝却凝成永恒世间万物在你要离开时的时候是否相信唯有爱是永恒
K,5,2012-01-23 01:24:47,,0,你们在人生最美妙的年华拥有了彼此。那么往后的错过也就没有遗憾了吧
二丫,5,2009-01-16 11:43:30,,1,故事很有新意。觉得本杰明会越活越年轻就是那个瞎子钟表师下的咒语。。。中间讲黛西出车祸那一段很想双面情人的剧情，任何一秒都有可能改变人的一生。。。
发条饺子,4,2009-06-12 09:13:09,,0,人生的大智慧：态度决定一切
野人泰,4,2009-01-04 22:31:44,,0,人生的容量總都是一致的...沒有任何人能戰勝時間...宿命之下不斷新的循環...
|,5,2009-05-01 22:00:17,,1,生死童话
Alexander,5,2009-09-07 23:53:36,,0,!shock
还没想好叫什么,NaN,2011-10-30 15:06:46,,0,Pitt我爱你Fincher我也爱你
朵拉和朵拉,5,2009-05-24 22:11:36,,0,Ilovethisstory.
树木夕凉,4,2009-01-18 22:33:52,,0,爱、死亡与孤独.虽然是新瓶装旧酒，不过拍的很富诗意的美感，片中好多次黎明时分的场景，那种时刻若是醒着，该是美好又份外孤独的一个时段，像一首抒情诗.
elly的小hui儿,4,2009-04-03 00:27:02,,0,不知道，只是难过，但是没哭。
杯麵,5,2010-12-28 12:54:36,,0,就故事来说就不可以不看了，每次看完都哭。看完这剧才喜欢上BradPitt，帅爆~
eel,4,2009-05-05 20:05:21,,0,看着看着就想起阿甘了
Connie,4,2009-01-04 17:02:19,,0,justaparadox
零,4,2010-04-26 22:26:08,,0,本杰明，我们命中注定要失去所爱之人，不然我们怎么会知道他们在我们生命中有多重要？Benjamin...We’remeanttolosethepeoplewelove.Howelsewouldweknowhowimportanttheyare
钻石也疯狂,5,2011-08-08 01:47:03,,0,你可以像疯狗那样对周围的一切愤愤不平，你可以诅咒命运，但是等到最后一刻到来之时，你还得平静的放手而去
安静不安静？,5,2012-02-01 20:40:42,,0,从另一个路数去看待生死得失太好的剧本了
莫依兒,5,2009-01-08 16:58:00,,0,差點因為被片長嚇到而錯過一部好片...布萊德·彼特少年時期真是花美男啊...
潇洒小姐Molly,5,2010-01-16 02:33:09,,0,在好好看一次
Morgan,4,2012-11-10 22:48:13,,0,我们这辈子最好的事，就是与你相爱，就是看着你老去将我们的故事铭记，就是看着你慢慢变成孩童告诉你我们曾经相爱。
大佑,3,2009-05-18 09:56:52,,0,所有一切..真能倒流就好了。
竹或子,4,2009-01-26 18:09:01,,0,老子看得泪水滂沱！
苏格兰风笛,5,2010-01-20 18:20:24,,0,或许只有美国有这样的奇思妙想，中国电影导演的思路已经被世俗下去了。
A.J,5,2009-01-31 17:47:14,,0,开得越绚烂，凋落的越凄惨。
Aubrey,3,2010-07-14 21:11:32,,0,面对一只疯狗的最好办法是不理会它，让它在那乱吠吧，总会有人过去收拾它，或者它自己累了也会停下来。
ztlpoppy,5,2009-01-17 04:08:03,,0,人的一生是梭子形的。最浪漫的事情是和你一起慢慢变老。但是人生若只如初见。我愿意弱小的你死在我怀抱里
Reynard,4,2009-01-23 21:50:50,,0,我一直很欣赏大卫芬奇的电影，但是这部电影有不少让人不满意的地方。比如片头和片尾都用纽扣作装饰，但影片中纽扣隐含的寓意并不能明显地代表男主人公，此外，“返老还童”对于剧情来说，也是味同嚼蜡的噱头，没有给影片带来太多趣味性，也没有在思想上有什么特别之处，结尾在爱情的表达上，也仅仅是靠
暗地花朵,5,2012-09-02 15:31:04,,0,男的太帅了女的太美了
扣,NaN,2010-02-27 11:31:12,,0,BUTTONS
果大真,5,2010-03-05 02:10:56,,0,我喜欢结局
六一成清明,4,2010-11-29 22:47:38,,0,在我这儿只有两个女优担得上女王二字，其一为天海佑希，其二为凯特布兰切特
Porc au Prince,5,2012-02-29 22:52:41,,0,喜欢一切以时间为主题的电影。本杰明到底代表什么呢？是越来越老的妻子无法拥有的青春吗？还是只是一个小小的愿望呢？被水淹没的钟、在暴风雨中的蜂鸟。。。
老芸子,4,2010-11-23 16:29:44,,0,色调很美丽。有一点缓慢，有不少爱。
一颗橡树果,4,2010-12-25 08:52:18,,0,没感觉
vii07,5,2012-04-06 20:09:27,,1,石头，不要太在乎外表的东西了，那些都不重要。Youcanbemadasamaddogatthewaythingswent.YoucanswearandcursetheFates.Butwhenitcomestoend，youhavetoletgo.
饺,5,2009-08-04 22:32:42,,0,我终于知道本杰明巴顿综合症啥意思了某人还真能还原17岁嗷嗷><
想想想想,5,2012-09-03 02:31:13,,0,后半段太棒了，所以中间布拉德皮特耍帅那一段耗掉的耐心也都回来了。
宅子路,3,2014-04-07 21:33:36,,0,皮特扮老人能不能不这么好笑！！
vivien,3,2010-07-30 17:57:26,,0,还不错吧。。故事本身蛮有创新点。。两大演员表演也有看点。。
realwsad,3,2021-07-28 22:10:17,,11,说实话，整部片子靠一个新点子。
RocKid,5,2009-01-06 18:10:36,,0,Whatamiraculousjourney!
双木临峰,5,2011-08-12 10:59:15,,0,擦肩而过的爱情
幸福超市总经理,4,2010-04-01 00:40:25,,0,电影神话
放开那个西红柿,5,2012-01-30 15:14:18,,0,时间可真够长的。
strelizia,4,2013-02-18 21:55:25,,0,正生长，和逆生长，过程有所区别，结局都是一样的
莜麦,5,2009-04-28 14:24:04,,0,我愿在最美的时候与你相遇，不迟也不早。
波澄酒,4,2011-09-06 23:55:19,,0,Cate是我的女神无疑。故事线描述的非常精彩，循序渐进且节奏妥当。很难说有什么理由为何没有五星，一代虐恋本应荡气回肠，深情父女本应催人泪下。但总觉得没戳死我的点，所以微有遗憾罢了。
せつちゃん,3,2012-03-31 20:18:25,,1,pitt的文艺片
陌生人,4,2010-03-31 22:03:45,,1,返老还童
way,4,2009-02-05 03:09:09,,0,一个温暖人心的好故事
76.X,4,2010-03-09 21:38:18,,0,倒着生长其实跟正常生长没啥区别
PAND4,5,2011-10-22 02:49:44,,0,Goodnight，Benjamin.==<>==Goodnight，Daisy!
狄恭至,4,2012-09-14 07:48:38,,0,此刻已经开始工作了，昨晚零点临睡前看这部电影，可惜没看完，会继续看，真的不错。《---不知道这段话是何时写的，今天2014年11月15日，再看此片中一段演绎黛西车祸的时间推演片段，依旧很有感觉。
AP,4,2009-04-18 16:37:24,,0,比较新奇
燕仰,4,2009-07-28 08:58:39,,1,多年以后重新再看，对于美国南方的感觉真的是太不一样了……人生有那么多值得尝试的事情，有许许多多不一样的道路，以及，像多年以前一样，片尾的人生走马灯，一生爱过之人的闪回，尤其是黑人妈妈，依然让人潸然泪下。一切终究都归于如初生般的纯粹。
Miles,5,2009-01-03 18:31:12,,0,今年最感人的电影
深层次空间,5,2011-01-01 22:40:09,,0,电影开始和结束和电影主题密切相关。看完电影后，感觉很悲伤。本杰明的爱情太伟大了
FUNNI,5,2009-07-02 11:08:02,,0,太喜欢这个电影了
包子,4,2010-09-05 18:28:51,,0,越看到后面越感动
披着人皮的鬼,4,2012-01-09 03:37:38,,0,其实反过来想也是件挺美好的事
"Printf(""紅"")",4,2009-01-11 13:41:37,,0,倒退的人生最后注定只是错过，晚安，本杰明.
viking,5,2009-01-06 10:31:51,,0,一生的故事
语然小语,5,2012-03-01 22:29:05,,0,返老还童，人生不容易啊
～呼吸～,5,2012-09-05 10:24:22,,1,最美好的爱情莫过于天时地利人和
yukainju,4,2010-03-02 21:35:05,,0,最后老父搀着小孩的那场太让人感动了~
C°,4,2009-07-08 00:32:40,,1,等待是一生最初的苍老
路人Eita,4,2010-12-10 22:37:14,,4,在时光中逆流而行，才会懂得顺流是平庸而幸福。孤独的人终究长眠于孤独里，衰老与青春颠倒，若时钟的指针能够退行，那就要相信，死去的人会再回来，任何一个人生节点都能成为新的起始点。
正义必胜,5,2009-01-12 19:49:30,,1,爱她，然后被爱
舜,5,2009-08-23 20:47:20,,0,爱情
喃 大 丢.ai,5,2009-01-08 16:15:34,,0,大卫.芬奇从来就没让人失望过
俩角形,5,2011-09-20 15:34:50,,0,晚安，黛西。
Glicoo,5,2009-04-18 08:38:16,,2,看了这部电影我的心恢复了平静~很治愈
邢肉肉,5,2010-05-27 09:02:07,,0,台词比手法好
元秀Lydia,4,2009-01-18 12:29:02,,0,是哲学，也是童话
卷阿黁,5,2009-01-23 20:26:13,,0,返老还童
下辈子再努力吧,5,2011-06-04 20:15:11,,1,猎奇
却,4,2010-06-14 22:58:32,,0,生命是一个环
遇@心,5,2009-05-02 23:55:51,,1,生老病死中，只要遇见那么几个重要的人足矣。
ehelvn,3,2011-10-29 02:46:28,,0,他越长越小，爬上屋顶的时候......
Utopia,5,2009-06-01 21:08:37,,0,2009.6.1
butterswong,2,2011-04-06 13:05:50,,0,一星给原著，一星给CB
轻疯侠9号,3,2009-05-08 10:23:45,,0,Youcanbeasmadasamaddogatthewaythingswent.Youcouldswear，cursethefates，butwhenitcomestotheend，youhavetoletgo.
蕉,5,2009-01-08 13:59:45,,0,一首老歌，一架旧琴，一杯陈茶，一个..永不褪色的BenjaminButton
vampire,5,2009-01-29 11:56:28,,0,哭了。。。。
Ms. Brightside,4,2010-05-16 17:00:46,,0,逻辑有待商榷~
韦恩斯坦_李,NaN,2009-02-21 05:04:46,,0,很奇特的电影，小时候也有过类似想法，如果人倒着长会怎样。。
寓意,4,2010-08-23 20:07:42,,0,就是太长了点，看到皮特越来越年轻和美貌，还是很爽的事情。
王呆呆,5,2009-01-10 11:50:02,,0,晚安，本杰明。
栀子英,5,2009-01-23 18:49:01,,0,电影的人生实在太精彩，有点像亦舒的《天若有情》
unundercooled,NaN,2009-02-02 05:30:38,,0,还行
gldnfld,5,2012-09-03 13:52:40,,0,Somepeoplewereborntositbyariver.Somegetstruckbylightning.Somehaveanearformusic.Someareartists.Someswim.Someknowbuttons.SomeknowShakespeare.Somearemothers.Andsomepeopledance.
陈薪而,5,2009-02-02 21:56:06,,0,CB真美丽！
吴盎盎,5,2012-08-20 18:25:04,,0,看的时候好多表达不出的感触，现在只剩：Pitt好帅~~~
空谷幽兰徐小宝,3,2009-01-10 01:01:58,,0,实在没有期待中的那么精彩
Oo龙芽oo,3,2013-04-08 21:14:02,,0,有点阿甘的意思
司岱朴,4,2009-01-04 23:08:40,,0,09年1月4日
Emancipate,4,2012-11-04 23:08:34,,0,也许经典台词很多，但让我感动的是143分钟。
Marcela,4,2009-01-25 16:10:29,,0,时间这个东西。
夏小暖,5,2009-02-27 11:58:23,,1,好片，叙事手法真不错
思惟凝胶,5,2009-02-08 12:32:00,,0,返老还童，一样又不一样的人生。
海棠一生,4,2012-02-12 11:43:12,,0,慢慢得到，慢慢失去。无喜无忧。
###疼,4,2010-10-10 23:17:11,,0,DavidFincher都市童话
榜上有名猫,5,2016-11-22 23:20:30,,1,奇幻逆生长之旅，孤独的隔阂源，除了人生路途，还有心龄变化。
晨晨的五月天空,4,2009-02-03 23:05:15,,0,眼神也不再
Square,3,2011-02-22 22:02:51,,0,有点闷..
Paradox,3,2013-01-14 09:07:01,,2,影片的结尾很好地复制了菲茨杰拉德原著的意境。但全片节奏拖沓，有一种幽幽的自我怜惜感荡漾其中，史诗感不是靠拖延产生的，很多导演似乎一拍题材凝重，主题宏大的电影就喜欢拖节奏，拉片长，近几年好莱坞大佬们一个个都有此倾向。
=……=车梨,3,2009-09-05 19:01:35,,0,题材很新鲜~但内容可以深刻点。。。
"●,",5,2010-10-10 01:20:20,,0,题材另类，故事动人
⸜( ˙-˙ )⸝,5,2009-05-30 18:09:57,,1,很神奇的爱情故事或者说很了不起的人生
水彩游侠,3,2009-04-14 09:47:24,,0,当她照顾变成孩子的他，很感人，但是挺别扭
人民私仆凹凸曼,4,2010-09-01 23:07:21,,0,童话，天意弄人啊
吃咸梅干變超人,5,2009-02-27 20:13:04,,0,我需要好好想一下..p.s.BradPitt怎么还是那么帅~
花簇桑,2,2009-04-14 15:10:13,,0,好无聊的电影……都没耐性看完
RD,5,2009-03-12 18:11:53,,0,爱情片中的爱情片，人生之外的人生
慢点儿,4,2009-02-21 20:03:31,,0,51
Mr.Mc,5,2009-01-26 19:48:24,,0,Peoplesaidtimewillcometohealmywood.Maybeormaybenot.Timeiscruelbecauseitwouldmakeanythingfadeaway，evenlove.
阿翔需要美少男解毒！,5,2009-02-28 19:46:54,,0,太好看！
Crazy Wen,5,2010-03-09 18:14:03,,0,最奇妙的人生与爱情~感人深深地。。
紅茶包,5,2009-01-23 06:21:16,,0,哭到不行。。。。。。。。。。
paradise,4,2009-07-12 20:56:55,,0,这海报照的，让我想起哥哥的异度空间
蓝雨笛,4,2012-01-04 19:50:48,,0,奇幻人生旅程，感慨颇多
朱熠,4,2009-01-28 14:05:48,,0,四星半
自燃，风月同天,5,2012-07-16 21:55:46,,0,生命真的是一种奇遇啊~
德拉库拉拉,4,2009-02-01 13:56:34,,0,2009-2-113:56:088/8.4(47204)#93老妆倒没什么，反正再逼真也觉得是假的（所有电影给我的感觉都是如此），年轻的真是太惊艳了，完全像ps出来的（其实也算是），特别是布兰切特，以前一直觉得麻麻地，这次完全被她的气质打败了
wintery,3,2009-02-27 14:18:16,,0,除了视觉造型真的一般
llxx8023,4,2009-01-08 08:03:59,,0,有些人就在河边出生长大，有些人被闪电击中过，有些人对音乐有着非凡的天赋，有些人是艺术家，有些人游泳，有些人懂得纽扣，有些人知道莎士比亚，而有些人是母亲，也有些人......能够跳舞.晚安，本杰明.
Tekki,5,2011-01-20 20:11:39,,0,牛X的化妆
flyingzorro,5,2009-01-05 21:00:06,,0,在生命的中间我们走到一起是最幸福的事情!
脆,4,2012-05-04 00:00:01,,0,真爱无敌。
鱼进锅,3,2009-09-02 16:58:41,,0,要重看
牛奶盒子烂掉了,4,2009-08-08 23:04:21,,0,我就说最开始的皮特是用电脑做的。
淡定哥走路带风,4,2009-02-11 05:51:22,,0,原来我们已经慢慢开始变老，直到我们都已经步入那扇门~~~~~~
赵叉叉|她是最好，没有之一,5,2009-01-07 20:05:22,,0,如果生命从80岁开始往回走
Better in Time,5,2009-10-12 04:12:16,,0,大爱
Hao,3,2009-01-02 19:10:40,,0,女神Cate！~~
matchredbean,5,2010-02-07 00:55:51,,0,Ilikethisonebetterthanslum-dog
猫猫eko,4,2009-05-07 14:13:44,,0,1.跟奶牛在一起。2.在车里。3.遛狗。4.在栏杆旁边。被雷劈了7次的人……看到伊丽莎白出场时就猜到年轻的巴顿是布拉德皮特演的。真帅！我爱你也爱你的皱纹。神仙都羡慕的那段航海生活。
Carla,5,2009-02-12 16:13:57,,0,有些人，就在河边出生长大；有些人，被闪电击中过；有些人，对音乐有着非凡的天赋；有些人是艺术家；有些人游戏；有些人懂得纽扣；有些人，知道莎士比亚；有些人是母亲；有些人…..能够跳舞。时间在最后一刻回轮，音乐停止，像潮水般涌现，一幕幕划过。铭记着时刻的见证，最后一行热泪就这此迎眶而出。
冉笛,3,2009-06-08 16:45:45,,1,布拉德皮特演的很成功，眼神动人
Timeparty,3,2012-01-26 14:03:55,,0,原来是叫本杰明富兰克林来自菲茨杰莱德
Merov Mugatu!,5,2009-01-04 14:46:29,,0,大卫分奇越来越有大师风范了，布赖p越来越淡定了，最后水到渠成的催人泪下
桑离,2,2009-05-16 22:15:54,,1,我想睡了
绿马猴,3,2013-02-10 00:41:38,,0,只有最后10几分钟觉得不错。前面太拖沓，而且时间线和逻辑感觉有些牵强
水皮牛寺,4,2009-12-08 16:08:08,,0,件事无论太晚，或者对我来说太早，都不会阻拦你成为你想成为的那个人。这个过程没有时间的期限，只要你想，随时都可以开始。要改变或者保留原状都无所谓，做事本不应该有所束缚。我们可以办好这件事却也可以把它搞砸，但我希望最终你能成为你想成为的那个人。我希望你有时候能驻足于这个令你感到惊叹的
英明不神武,4,2012-07-15 17:36:42,,0,1、我们命中注定要失去最爱的人，不然怎么明白他们在我们心中有多重要！2、DidIevertellyouIwasstruckbylightningseventimes？
Rachel,5,2010-05-19 07:03:15,,0,大爱之一
残小雪,5,2017-04-19 20:51:59,,3,台词可给120分。不怕你骄傲。
不跑的云云,5,2009-07-28 10:21:12,,0,一切都是注定，一切也都可能发生。
猫语猫寻,4,2009-12-19 16:56:50,,0,相遇在生命的中点……
Covfefe,5,2022-03-10 18:29:33,,9,奇幻却并不觉得是奇幻，更像是写实。看完之后一种无言的落寞感，觉得不像是奇幻中的事情了。
Rui,5,2012-02-11 01:46:35,,0,交点。。。
勾勒温暖的轮廓,5,2012-06-19 22:43:12,,0,＂不顺心的时候，你可以象疯狗那样疯狂，你可以破口大骂，诅咒命运，但到头来，还是得放手...＂二人在人生的中点相遇，即使无法相伴到老，也是一种幸运。
ach,5,2010-05-23 16:29:33,,0,如果光阴倒着走
Jupiter,5,2009-05-10 03:58:49,,0,我喜欢的有一点超现实的纯爱
皮皮牙子,3,2011-07-20 20:02:30,,0,到了最后一刻突然很感人芬奇少有的温情南方口音+拗样子很烦有地方的灯光和TSN中一模一样
